{
 "Object_Radius": 106.62180931146155,
 "Object_Shape": "disc",
 "Workspace_Density": 0.5,
 "Workspace_Height": 1000,
 "Workspace_Width": 1000,
 "number_of_objects": 14,
 "point_list": [
  [
   554.502121204909,
   111.88668168392002
  ],
  [
   575.1126969304256,
   462.97209447660606
  ],
  [
   890.11331831608,
   667.6812958456935
  ],
  [
   702.0359254016497,
   277.77833282831097
  ],
  [
   869.129611308747,
   111.88668168392002
  ],
  [
   121.46630960409199,
   518.2432568050838
  ],
  [
   651.8206604215719,
   890.11331831608
  ],
  [
   207.57067110370897,
   890.11331831608
  ],
  [
   372.6948519884538,
   372.3606120363784
  ],
  [
   429.65577300872127,
   890.11331831608
  ],
  [
   658.6088560002089,
   668.4276791114771
  ],
  [
   418.73860643648777,
   659.286573126082
  ],
  [
   890.11331831608,
   890.11331831608
  ],
  [
   890.11331831608,
   444.5186903725279
  ]
 ]
}