{
 "Object_Radius": 106.62180931146155,
 "Object_Shape": "disc",
 "Workspace_Density": 0.5,
 "Workspace_Height": 1000,
 "Workspace_Width": 1000,
 "number_of_objects": 14,
 "point_list": [
  [
   539.2849914157763,
   334.047296529698
  ],
  [
   302.55685597505095,
   890.11331831608
  ],
  [
   111.88668168392002,
   302.00009912110306
  ],
  [
   890.11331831608,
   758.9440328464316
  ],
  [
   111.88668168392002,
   523.7743975745876
  ],
  [
   226.15079892472076,
   111.88668168392002
  ],
  [
   293.7109107666312,
   650.8387168158655
  ],
  [
   890.11331831608,
   143.18649975831778
  ],
  [
   512.6134507044774,
   580.7015923702334
  ],
  [
   784.7796391769749,
   545.1793616679311
  ],
  [
   448.19545875673214,
   111.88668168392002
  ],
  [
   762.0723914238321,
   324.5715522379986
  ],
  [
   670.4737605565551,
   111.88668168392002
  ],
  [
   321.98319983921044,
   390.3554841519691
  ]
 ]
}