{
 "Object_Radius": 106.62180931146155,
 "Object_Shape": "disc",
 "Workspace_Density": 0.5,
 "Workspace_Height": 1000,
 "Workspace_Width": 1000,
 "number_of_objects": 14,
 "point_list": [
  [
   111.88668168392002,
   211.11077698453778
  ],
  [
   796.0935892631148,
   312.7708597607043
  ],
  [
   589.76747578,
   137.08255244871052
  ],
  [
   488.7093716028489,
   584.1019108385578
  ],
  [
   890.11331831608,
   626.4420795662213
  ],
  [
   329.1624219548873,
   267.0873576510825
  ],
  [
   364.2719971986292,
   767.6805035016546
  ],
  [
   178.82192624117516,
   890.11331831608
  ],
  [
   566.0798927499311,
   890.11331831608
  ],
  [
   580.8013264064151,
   365.9936580294075
  ],
  [
   111.88668168392002,
   663.209004055054
  ],
  [
   890.11331831608,
   890.11331831608
  ],
  [
   680.6792004189857,
   699.5812839622043
  ],
  [
   890.11331831608,
   111.88668168392002
  ]
 ]
}