{
 "Object_Radius": 106.62180931146155,
 "Object_Shape": "disc",
 "Workspace_Density": 0.5,
 "Workspace_Height": 1000,
 "Workspace_Width": 1000,
 "number_of_objects": 14,
 "point_list": [
  [
   111.88668168392002,
   890.11331831608
  ],
  [
   890.11331831608,
   663.2278820585186
  ],
  [
   111.88668168392002,
   666.3754291220243
  ],
  [
   392.99310746523525,
   627.4639511792927
  ],
  [
   315.7133546054656,
   282.931664138652
  ],
  [
   111.88668168392002,
   111.88668168392002
  ],
  [
   111.88668168392002,
   400.8095311333894
  ],
  [
   890.11331831608,
   111.88668168392002
  ],
  [
   459.72916649783394,
   890.11331831608
  ],
  [
   890.11331831608,
   428.1014843677242
  ],
  [
   719.5093718260753,
   254.82907337673453
  ],
  [
   607.3887794687589,
   446.8173784659331
  ],
  [
   467.2815415414882,
   111.88668168392002
  ],
  [
   890.11331831608,
   890.11331831608
  ]
 ]
}