{
 "Object_Radius": 106.62180931146155,
 "Object_Shape": "disc",
 "Workspace_Density": 0.5,
 "Workspace_Height": 1000,
 "Workspace_Width": 1000,
 "number_of_objects": 14,
 "point_list": [
  [
   631.7923259948838,
   890.11331831608
  ],
  [
   111.88668168392002,
   890.11331831608
  ],
  [
   355.1017538492293,
   111.88668168392002
  ],
  [
   111.88668168392002,
   111.88668168392002
  ],
  [
   559.3804159010197,
   588.4583335695761
  ],
  [
   890.11331831608,
   596.1428490675245
  ],
  [
   404.5408937910944,
   890.11331831608
  ],
  [
   338.1900549468003,
   671.6975761180587
  ],
  [
   111.88668168392002,
   668.339954941818
  ],
  [
   673.606043478034,
   111.88668168392002
  ],
  [
   488.5816659521784,
   370.7154513029433
  ],
  [
   890.11331831608,
   258.704283298412
  ],
  [
   111.88668168392002,
   343.5123488843235
  ],
  [
   890.11331831608,
   889.0903613449029
  ]
 ]
}