{
 "Object_Radius": 30.157201754605374,
 "Object_Shape": "disc",
 "Workspace_Density": 0.2,
 "Workspace_Height": 1000,
 "Workspace_Width": 1000,
 "number_of_objects": 70,
 "point_list": [
  [
   534.0871735277154,
   401.4681533202199
  ],
  [
   72.56332148502304,
   261.5060666243541
  ],
  [
   842.6410939919683,
   918.9663181386496
  ],
  [
   41.41861800354174,
   626.8591110833424
  ],
  [
   556.3421722234004,
   232.96935366839156
  ],
  [
   439.5411497331227,
   72.03908626750089
  ],
  [
   601.1683712131531,
   432.1519562695852
  ],
  [
   488.01177737620884,
   736.9017724802306
  ],
  [
   502.478007348264,
   497.147501542615
  ],
  [
   668.4834827710033,
   483.9392461926877
  ],
  [
   969.6365101752104,
   235.36931830003817
  ],
  [
   112.44407601476229,
   574.8794559134748
  ],
  [
   32.36348982478959,
   727.588020951743
  ],
  [
   32.36348982478959,
   75.71026995384878
  ],
  [
   860.8561091324685,
   312.0750027431335
  ],
  [
   390.7593096747712,
   32.36348982478959
  ],
  [
   956.9876563667182,
   173.93035768141766
  ],
  [
   613.9393642050386,
   772.489345858805
  ],
  [
   172.37021211161053,
   680.4215068727492
  ],
  [
   319.79112469442197,
   662.0475279934067
  ],
  [
   166.63140561923052,
   268.6406173925727
  ],
  [
   861.9667994020017,
   150.62125084565093
  ],
  [
   536.8069953364043,
   777.4858094534748
  ],
  [
   359.5681691727296,
   510.3361022961961
  ],
  [
   676.628052695754,
   768.4670129484304
  ],
  [
   592.5900526004747,
   308.08357402763784
  ],
  [
   707.1591428929655,
   534.4751858596665
  ],
  [
   218.7431799544271,
   320.13012620116933
  ],
  [
   91.8893187150534,
   199.62257685637573
  ],
  [
   561.0556469755336,
   710.242349799316
  ],
  [
   494.3629058724198,
   969.6365101752104
  ],
  [
   448.13153594887,
   364.21577772112664
  ],
  [
   924.9366286202288,
   95.39425034510474
  ],
  [
   282.81247904355587,
   381.8438840192968
  ],
  [
   778.378228719968,
   900.7157924277692
  ],
  [
   349.95833980515084,
   819.1001507352543
  ],
  [
   167.39566099369517,
   433.1321206454184
  ],
  [
   674.5464070184653,
   868.2373030823713
  ],
  [
   969.6365101752104,
   709.602660897767
  ],
  [
   629.7142051319667,
   968.9710176280954
  ],
  [
   969.6365101752104,
   329.8049162665708
  ],
  [
   580.3613453010055,
   850.5390121961182
  ],
  [
   423.65906417784026,
   133.9863481985256
  ],
  [
   775.1561456556188,
   714.087550895143
  ],
  [
   969.6365101752104,
   828.9596195624665
  ],
  [
   365.12464513196005,
   434.7147479573881
  ],
  [
   246.52763446189223,
   79.39208442447254
  ],
  [
   447.399658225887,
   825.2451181458466
  ],
  [
   764.0843972463128,
   493.9359111492701
  ],
  [
   722.2432788491492,
   969.6365101752104
  ],
  [
   32.36348982478959,
   386.5116746143845
  ],
  [
   456.5929167581247,
   620.0939171684345
  ],
  [
   549.3511629907385,
   623.5846177261103
  ],
  [
   298.37924687750973,
   233.99664892028525
  ],
  [
   660.8093035283781,
   68.6104472196824
  ],
  [
   235.66109223998333,
   460.1051587562842
  ],
  [
   823.3025977186032,
   661.1886851955672
  ],
  [
   819.0466560531454,
   204.42792755638737
  ],
  [
   491.13479866110544,
   107.71496852174499
  ],
  [
   792.3892599443603,
   373.0153181024419
  ],
  [
   661.9495036138699,
   259.9262053299774
  ],
  [
   189.99755410893954,
   894.5268955405402
  ],
  [
   645.1834376890295,
   171.1125023108019
  ],
  [
   32.36348982478959,
   543.0546587321072
  ],
  [
   61.31445271231444,
   900.3828524069738
  ],
  [
   265.6694131007984,
   146.99702114508432
  ],
  [
   262.0547041567337,
   763.2377363725893
  ],
  [
   927.5106681459406,
   281.87096913830885
  ],
  [
   829.5249773484112,
   427.314908872901
  ],
  [
   592.8056180665965,
   916.0086759895372
  ]
 ]
}