{
 "Object_Radius": 30.157201754605374,
 "Object_Shape": "disc",
 "Workspace_Density": 0.2,
 "Workspace_Height": 1000,
 "Workspace_Width": 1000,
 "number_of_objects": 70,
 "point_list": [
  [
   840.1283348630974,
   756.740076397434
  ],
  [
   32.36348982478959,
   914.100358666676
  ],
  [
   792.0618721475123,
   444.8221749624125
  ],
  [
   255.00382052556316,
   568.8211248889086
  ],
  [
   841.5602615102513,
   642.1737389928461
  ],
  [
   771.5543462324283,
   864.8273209636353
  ],
  [
   233.0752828872218,
   920.1774662528727
  ],
  [
   814.3720876595019,
   139.9411286612335
  ],
  [
   567.6413542389507,
   969.6365101752104
  ],
  [
   569.6853519612356,
   60.99659557140169
  ],
  [
   107.28230052462861,
   877.8550272336414
  ],
  [
   774.084840147052,
   604.9815179143952
  ],
  [
   554.876252674486,
   497.5071224119767
  ],
  [
   377.17473814111344,
   470.3081319202035
  ],
  [
   117.58009340443962,
   69.34989718891595
  ],
  [
   730.8310541879121,
   916.9461260833106
  ],
  [
   573.472798903786,
   435.4366693447058
  ],
  [
   32.36348982478959,
   240.9446083098641
  ],
  [
   453.5498639342038,
   234.4337200503969
  ],
  [
   491.4690511532481,
   969.6365101752104
  ],
  [
   561.9425093127214,
   155.57824628771488
  ],
  [
   689.1594002331001,
   680.1495019855273
  ],
  [
   125.02547699111793,
   358.45340789285666
  ],
  [
   719.1622739203741,
   88.3469865558076
  ],
  [
   904.3097658597073,
   845.2531913733384
  ],
  [
   83.66585509189261,
   684.5286170591327
  ],
  [
   626.1639400462604,
   534.9679096352955
  ],
  [
   376.2394827140712,
   272.1992789254379
  ],
  [
   252.2560375271283,
   652.9248999679594
  ],
  [
   859.8589420804338,
   578.5871865303053
  ],
  [
   608.1049737118525,
   820.7709021344848
  ],
  [
   479.4081007581217,
   362.90441752224024
  ],
  [
   284.3609831877769,
   247.0117122283052
  ],
  [
   690.8112915908154,
   32.36348982478959
  ],
  [
   513.5973285658665,
   257.5018324883667
  ],
  [
   32.36348982478959,
   170.73387536347735
  ],
  [
   452.2993053567486,
   561.7810814687489
  ],
  [
   32.36348982478959,
   104.50771735585236
  ],
  [
   32.36348982478959,
   352.10250433588755
  ],
  [
   209.81012765384665,
   401.6139327964159
  ],
  [
   471.3317328291698,
   669.326893438126
  ],
  [
   445.158887631803,
   94.18059485991014
  ],
  [
   530.6103128103799,
   326.6689836188475
  ],
  [
   222.40699939062912,
   143.93271748446813
  ],
  [
   748.8338900473188,
   147.99904952758195
  ],
  [
   32.36348982478959,
   720.956891675893
  ],
  [
   263.42577972493154,
   470.64945271372574
  ],
  [
   430.7684855226409,
   833.0381021516329
  ],
  [
   819.1692412622461,
   379.80153916154234
  ],
  [
   89.33147561609053,
   267.20566577732393
  ],
  [
   630.3833851606917,
   969.6365101752104
  ],
  [
   186.50395512034612,
   843.3807065821986
  ],
  [
   686.4868160301469,
   820.7970899601866
  ],
  [
   688.639829379287,
   525.6394083802517
  ],
  [
   702.98459776297,
   447.55437502049534
  ],
  [
   905.2996233060874,
   943.6929624893979
  ],
  [
   236.43848422739296,
   326.0687650919367
  ],
  [
   494.7744653255041,
   423.72923261042627
  ],
  [
   349.73357803677794,
   147.5072156303523
  ],
  [
   118.43506054644438,
   514.0590421237009
  ],
  [
   589.5829586945689,
   881.0261537743847
  ],
  [
   338.5324565832084,
   801.3997604842405
  ],
  [
   969.6365101752104,
   969.6365101752104
  ],
  [
   925.5219831646111,
   154.9509238036454
  ],
  [
   969.6365101752104,
   733.0664541417885
  ],
  [
   868.9798926285313,
   212.5303041074884
  ],
  [
   440.65956076314785,
   313.1038628462367
  ],
  [
   969.6365101752104,
   488.65747819740835
  ],
  [
   161.75876251793827,
   123.49205134338948
  ],
  [
   847.460618638457,
   969.6365101752104
  ]
 ]
}