{
 "Object_Radius": 30.157201754605374,
 "Object_Shape": "disc",
 "Workspace_Density": 0.2,
 "Workspace_Height": 1000,
 "Workspace_Width": 1000,
 "number_of_objects": 70,
 "point_list": [
  [
   969.6365101752104,
   474.96097339008793
  ],
  [
   32.36348982478959,
   491.20804701081715
  ],
  [
   109.94316771139489,
   385.5669405850459
  ],
  [
   196.18617264438348,
   675.6254266469809
  ],
  [
   159.73521211489683,
   499.9688732078518
  ],
  [
   784.4938459935006,
   550.1758748593443
  ],
  [
   659.3308727412855,
   923.1179273871796
  ],
  [
   799.6910238292562,
   486.11094342540736
  ],
  [
   237.85360465162668,
   563.479130295001
  ],
  [
   465.0885878769727,
   677.8428392802842
  ],
  [
   873.5554892191556,
   872.0255612769946
  ],
  [
   253.29857344436124,
   346.0660309634305
  ],
  [
   32.36348982478959,
   945.4812099760976
  ],
  [
   694.1392941649069,
   468.7692048822685
  ],
  [
   73.1567586333378,
   298.62573685356625
  ],
  [
   94.88449777215328,
   549.4621805021654
  ],
  [
   572.6041912977995,
   291.2011063989736
  ],
  [
   119.74876301473243,
   86.33715742574223
  ],
  [
   179.5116357545309,
   871.0391165156527
  ],
  [
   32.36348982478959,
   423.81887367847264
  ],
  [
   217.87623555477532,
   143.38846663681537
  ],
  [
   581.4947248667477,
   173.85326845601526
  ],
  [
   598.1046594459128,
   544.0140717926786
  ],
  [
   425.65840421600984,
   814.321136759325
  ],
  [
   475.2133576680989,
   37.08009735335479
  ],
  [
   248.0002644413346,
   969.6365101752104
  ],
  [
   317.6289773223921,
   577.0013384978407
  ],
  [
   109.7252727992818,
   448.9813941108399
  ],
  [
   628.9657235993857,
   774.8035369075715
  ],
  [
   483.60128429204354,
   614.5222287895792
  ],
  [
   53.2913963778743,
   358.63647471157304
  ],
  [
   86.82849587601265,
   32.36348982478959
  ],
  [
   139.77340640684977,
   924.3463020107982
  ],
  [
   969.6365101752104,
   636.5571444076181
  ],
  [
   760.0360515462443,
   163.6729956541037
  ],
  [
   860.8556709661627,
   749.8432629745611
  ],
  [
   856.1386885519712,
   115.95556993778888
  ],
  [
   32.36348982478959,
   250.52428690062285
  ],
  [
   134.3805902581542,
   640.1415091481346
  ],
  [
   501.3359581425774,
   138.85685410679895
  ],
  [
   848.8136032019829,
   342.60498363453996
  ],
  [
   910.6581205038208,
   57.43021590700891
  ],
  [
   783.298721635034,
   709.4586716217244
  ],
  [
   123.59787002179314,
   703.7099661029985
  ],
  [
   853.1568488606734,
   32.36348982478959
  ],
  [
   378.9050815705965,
   417.002912509827
  ],
  [
   422.84281550359515,
   909.6825441274432
  ],
  [
   969.6365101752104,
   969.6365101752104
  ],
  [
   324.2255856013085,
   168.11339596005058
  ],
  [
   37.761314729527335,
   763.0211492405122
  ],
  [
   100.27261921741068,
   166.48209232822575
  ],
  [
   288.5477374380583,
   271.2836531524683
  ],
  [
   109.11859250784985,
   812.3118769287488
  ],
  [
   231.43001046079604,
   500.9602027666008
  ],
  [
   655.1897219564441,
   840.332497674614
  ],
  [
   645.125553327748,
   171.95778780599414
  ],
  [
   386.78417929133434,
   32.36348982478959
  ],
  [
   531.0637782990425,
   667.9859664231051
  ],
  [
   663.1017838624232,
   526.9540139966354
  ],
  [
   32.36348982478959,
   554.9385542139828
  ],
  [
   659.0672958891254,
   648.7389381595187
  ],
  [
   682.8246705264482,
   371.42453237231445
  ],
  [
   889.6087335884764,
   969.6365101752104
  ],
  [
   313.49226677871974,
   39.769978425221076
  ],
  [
   791.400482218413,
   290.20803499318214
  ],
  [
   32.36348982478959,
   121.1774787156863
  ],
  [
   969.6365101752104,
   32.36348982478959
  ],
  [
   530.7809010825769,
   946.7265293758622
  ],
  [
   787.1233188908174,
   86.83370095921651
  ],
  [
   198.73316262221616,
   437.6654126404257
  ]
 ]
}