{
 "Object_Radius": 30.157201754605374,
 "Object_Shape": "disc",
 "Workspace_Density": 0.2,
 "Workspace_Height": 1000,
 "Workspace_Width": 1000,
 "number_of_objects": 70,
 "point_list": [
  [
   790.1113057576981,
   794.0033052727042
  ],
  [
   264.1120378428321,
   764.6596791396868
  ],
  [
   882.4777484248175,
   912.1408244675282
  ],
  [
   469.545643841622,
   389.952263203416
  ],
  [
   413.76843182000874,
   558.872581142962
  ],
  [
   807.2954763908939,
   479.8296177444435
  ],
  [
   584.3609423423337,
   560.9527615373947
  ],
  [
   32.36348982478959,
   412.819782253265
  ],
  [
   969.6365101752104,
   111.8331994443652
  ],
  [
   946.2975267591596,
   914.6859613200669
  ],
  [
   880.6231367524219,
   237.19588535664738
  ],
  [
   863.21919138939,
   520.5055114180466
  ],
  [
   872.359877803803,
   843.0156236492388
  ],
  [
   219.14683834536092,
   531.2612487064686
  ],
  [
   673.5061062664378,
   939.1650026888815
  ],
  [
   303.98684888725836,
   153.68045666183247
  ],
  [
   655.4756013978842,
   74.31083674327732
  ],
  [
   560.4409375840532,
   178.79336499613262
  ],
  [
   62.47166740973275,
   843.9036625934232
  ],
  [
   718.9730539282242,
   134.35217168334412
  ],
  [
   810.0583684925809,
   948.5222817318698
  ],
  [
   574.0383612408405,
   800.277054105214
  ],
  [
   376.6403567229693,
   857.3016329909732
  ],
  [
   969.6365101752104,
   674.7412326107047
  ],
  [
   579.7632817289045,
   939.8112439174205
  ],
  [
   183.33535796872323,
   787.2372902091513
  ],
  [
   780.3982579590463,
   222.59179863210733
  ],
  [
   385.8807979100776,
   640.2170149075238
  ],
  [
   676.2672533197913,
   275.9354692388145
  ],
  [
   926.2234545320307,
   329.7902119271922
  ],
  [
   312.2310134197053,
   917.4512629051914
  ],
  [
   872.216925533713,
   693.6735085111316
  ],
  [
   590.9415898544901,
   638.6232701601803
  ],
  [
   696.329808639411,
   455.8460760015993
  ],
  [
   786.6693616487239,
   669.9788462294628
  ],
  [
   533.9864667922568,
   895.7696326319259
  ],
  [
   788.476827147921,
   303.3662586607411
  ],
  [
   254.9809250514707,
   884.88969503592
  ],
  [
   690.722899193804,
   631.2716844663224
  ],
  [
   763.0844188300564,
   867.2671599673333
  ],
  [
   307.676592681695,
   487.4287741056019
  ],
  [
   210.01154983224387,
   93.42161449391737
  ],
  [
   645.671415494417,
   516.1408463752227
  ],
  [
   195.63870737726413,
   32.36348982478959
  ],
  [
   877.1036240759772,
   70.0837288430024
  ],
  [
   127.67778044335576,
   969.6365101752104
  ],
  [
   277.16409878224033,
   96.82204391284868
  ],
  [
   474.27716054655343,
   32.36348982478959
  ],
  [
   969.6365101752104,
   610.9819253460446
  ],
  [
   114.20039767230975,
   307.10996082011525
  ],
  [
   723.1889364699467,
   750.2637655804516
  ],
  [
   453.9331442919815,
   969.6365101752104
  ],
  [
   286.0377432027128,
   636.7476347321024
  ],
  [
   680.6805635177611,
   387.66127666403474
  ],
  [
   643.3969164645091,
   711.0454976478715
  ],
  [
   761.6599578291758,
   361.33081184031386
  ],
  [
   453.8799189383917,
   510.4938316167446
  ],
  [
   853.7451076656023,
   319.55394802438997
  ],
  [
   150.55646238085495,
   253.59120855437268
  ],
  [
   370.1785951912879,
   32.36348982478959
  ],
  [
   583.5359409184398,
   426.17303444273745
  ],
  [
   450.20061197870916,
   90.63515176134301
  ],
  [
   297.1278219946684,
   552.1061935634128
  ],
  [
   969.6365101752104,
   758.2963794842284
  ],
  [
   849.0057090125158,
   753.50458585008
  ],
  [
   706.9227595016583,
   330.6797034357538
  ],
  [
   758.8301307496614,
   432.1422169310042
  ],
  [
   512.213143781363,
   557.9588216747222
  ],
  [
   226.56018009298762,
   681.0127004722603
  ],
  [
   184.2193254275161,
   634.617843976297
  ]
 ]
}