{
 "Object_Radius": 30.157201754605374,
 "Object_Shape": "disc",
 "Workspace_Density": 0.2,
 "Workspace_Height": 1000,
 "Workspace_Width": 1000,
 "number_of_objects": 70,
 "point_list": [
  [
   386.05281885912876,
   219.7993814282201
  ],
  [
   908.5914797130348,
   855.2729388832464
  ],
  [
   136.2311935491246,
   362.15983501503985
  ],
  [
   735.1687349737651,
   374.53340625590647
  ],
  [
   504.772771534371,
   314.0541646881322
  ],
  [
   202.5808793147388,
   32.36348982478959
  ],
  [
   647.948820756481,
   559.6153818052006
  ],
  [
   175.99529839017768,
   969.6365101752104
  ],
  [
   870.1292416429422,
   601.4560235823095
  ],
  [
   49.77428234682222,
   260.63860779403353
  ],
  [
   827.3413823603837,
   161.5457320983051
  ],
  [
   868.823993066577,
   537.5917377015885
  ],
  [
   470.2697177654709,
   366.50615226915386
  ],
  [
   573.3426119117908,
   719.585695269537
  ],
  [
   969.6365101752104,
   241.08403302453095
  ],
  [
   597.3843229401034,
   192.78536077274745
  ],
  [
   201.45757477770695,
   792.4014637588822
  ],
  [
   406.159249421425,
   969.6365101752104
  ],
  [
   263.0216950355601,
   195.80878098289742
  ],
  [
   577.7762893679147,
   274.3967951456428
  ],
  [
   212.5627279466888,
   496.30355441972677
  ],
  [
   843.0371804096768,
   47.830756565486105
  ],
  [
   969.6365101752104,
   748.6336830780205
  ],
  [
   650.6201200260564,
   283.21115902461025
  ],
  [
   328.1549757594917,
   262.6483005921397
  ],
  [
   366.71888501259275,
   471.15191126810964
  ],
  [
   340.6765598794188,
   969.6365101752104
  ],
  [
   320.8333558397851,
   112.84968828043208
  ],
  [
   281.8879887073134,
   502.5293284889644
  ],
  [
   184.2062606826069,
   132.8108627569239
  ],
  [
   466.7873404737984,
   828.0582820761493
  ],
  [
   847.0943593844229,
   711.3272939950409
  ],
  [
   842.7692962900624,
   337.4479347233005
  ],
  [
   142.7706329697851,
   755.2349994548513
  ],
  [
   678.2717469030871,
   969.6365101752104
  ],
  [
   370.1064872300286,
   32.36348982478959
  ],
  [
   523.3446778851603,
   402.1153109193293
  ],
  [
   865.5060851449538,
   918.3742588723985
  ],
  [
   411.29881235566177,
   401.44240696109523
  ],
  [
   926.66994669999,
   32.36348982478959
  ],
  [
   135.29474754045577,
   470.6547819920658
  ],
  [
   826.0791236495716,
   398.04406819755127
  ],
  [
   113.5228526350541,
   172.6862535944793
  ],
  [
   658.9699367414016,
   828.9962468693959
  ],
  [
   379.4766223648355,
   821.2046479025088
  ],
  [
   505.2589269687997,
   541.6546721957573
  ],
  [
   589.3589551709323,
   518.3686446464432
  ],
  [
   434.82406706579906,
   462.2974372050691
  ],
  [
   776.7773131648247,
   740.3369987581386
  ],
  [
   744.5461366276908,
   436.5554791614429
  ],
  [
   387.8664515293891,
   533.4285425935009
  ],
  [
   969.6365101752104,
   428.51383205060125
  ],
  [
   150.97256389658887,
   231.25850564300464
  ],
  [
   673.395425246582,
   363.40859401370165
  ],
  [
   43.09291297127258,
   830.9472544164687
  ],
  [
   522.627334869196,
   465.6228950518729
  ],
  [
   834.0331990788164,
   270.77301378699343
  ],
  [
   44.479671475064706,
   954.8897329297014
  ],
  [
   57.25625212621188,
   42.948036766866096
  ],
  [
   411.1640568472647,
   128.87124365306192
  ],
  [
   709.0719271838999,
   488.2920457719841
  ],
  [
   791.4509293233529,
   643.2440695147475
  ],
  [
   703.046526896265,
   149.9738046346506
  ],
  [
   341.0186189320188,
   326.06900996683044
  ],
  [
   762.4686215842239,
   174.22766614404057
  ],
  [
   598.9147128043392,
   355.16146835838884
  ],
  [
   940.0861835961952,
   570.2848964096385
  ],
  [
   615.4791735735726,
   415.6888984137326
  ],
  [
   251.38048916854544,
   414.8763778884356
  ],
  [
   763.6477441218797,
   937.2045341712002
  ]
 ]
}