{
 "Object_Radius": 30.157201754605374,
 "Object_Shape": "disc",
 "Workspace_Density": 0.2,
 "Workspace_Height": 1000,
 "Workspace_Width": 1000,
 "number_of_objects": 70,
 "point_list": [
  [
   706.8825675702312,
   298.5279909525685
  ],
  [
   886.1809747333734,
   524.1381930296413
  ],
  [
   174.16209325930475,
   382.9362262843701
  ],
  [
   640.1489639224483,
   32.36348982478959
  ],
  [
   369.66619503703066,
   822.0344901904436
  ],
  [
   672.8308169771002,
   727.9362406894033
  ],
  [
   269.73380510678004,
   453.36161831040533
  ],
  [
   515.5131426845688,
   452.00977424733134
  ],
  [
   714.8518477748655,
   681.0854541129008
  ],
  [
   831.8590434717777,
   894.0376922146419
  ],
  [
   251.53155313155096,
   761.4893368934105
  ],
  [
   836.0845725563768,
   32.36348982478959
  ],
  [
   423.10762070031615,
   402.4455958615457
  ],
  [
   831.162663949458,
   371.7234088906506
  ],
  [
   159.80040293722274,
   804.7319703781166
  ],
  [
   485.1775364209052,
   969.6365101752104
  ],
  [
   619.3202099346266,
   209.7309701470765
  ],
  [
   103.33101068771744,
   57.49716760161117
  ],
  [
   305.9823788946304,
   826.0945990160476
  ],
  [
   577.06087536509,
   517.3847617735571
  ],
  [
   549.8310856207447,
   816.8946727709739
  ],
  [
   230.85601525823256,
   82.42710416135712
  ],
  [
   248.4356677638871,
   900.8024219749813
  ],
  [
   939.5093536493551,
   94.1246726069839
  ],
  [
   932.619980397096,
   586.737779363481
  ],
  [
   111.60909365661287,
   468.88118723711614
  ],
  [
   950.4743433156727,
   32.36348982478959
  ],
  [
   36.21490218660406,
   486.26232409448545
  ],
  [
   706.3882256536983,
   32.36348982478959
  ],
  [
   725.4402422850673,
   969.6365101752104
  ],
  [
   149.35982935763334,
   531.1500815953418
  ],
  [
   651.0322251863439,
   494.85833244723864
  ],
  [
   696.3190097361794,
   862.2295058070941
  ],
  [
   268.26594996880954,
   167.72366734403332
  ],
  [
   969.6365101752104,
   902.7028103044962
  ],
  [
   413.1739382805212,
   559.5867829287585
  ],
  [
   580.8462566896463,
   118.54246159510917
  ],
  [
   44.20123103657147,
   695.3487882871663
  ],
  [
   536.6353513244104,
   32.36348982478959
  ],
  [
   76.37852847176252,
   561.3648822554748
  ],
  [
   32.36348982478959,
   336.50276915912644
  ],
  [
   494.3437480394223,
   895.3797352971787
  ],
  [
   868.7379516810557,
   124.19449726715048
  ],
  [
   435.29155731807833,
   858.5567357358482
  ],
  [
   805.6517357256829,
   564.8750521326895
  ],
  [
   145.17037810156032,
   186.79271557773814
  ],
  [
   764.7357674516821,
   801.8306794170693
  ],
  [
   344.1208042003483,
   235.1317747874005
  ],
  [
   258.45247807788775,
   969.6365101752104
  ],
  [
   969.6365101752104,
   969.6365101752104
  ],
  [
   944.3101335581972,
   776.1790371086432
  ],
  [
   430.11773526550365,
   193.9341400599499
  ],
  [
   908.6885633692806,
   928.59102257464
  ],
  [
   362.3711321408185,
   479.58922928675565
  ],
  [
   171.9807400529816,
   969.6365101752104
  ],
  [
   444.1062851609723,
   301.4515027193652
  ],
  [
   315.5787574327532,
   663.4270291150217
  ],
  [
   670.1744716385901,
   88.27774173724836
  ],
  [
   133.01075638513404,
   600.2408286072738
  ],
  [
   734.1168369048846,
   594.4180337434512
  ],
  [
   498.7028952674901,
   607.1975429941992
  ],
  [
   754.9454273561819,
   339.04702923884804
  ],
  [
   948.8850749249006,
   345.15285270525544
  ],
  [
   880.389451053032,
   793.6833609863966
  ],
  [
   498.2211959694471,
   672.9148042190341
  ],
  [
   273.1723659882275,
   616.4660238159612
  ],
  [
   695.2136057204826,
   236.75235629202518
  ],
  [
   382.39749040311216,
   640.4309404862158
  ],
  [
   764.0105735856098,
   163.06569589366916
  ],
  [
   606.7841411671857,
   660.561202637214
  ]
 ]
}