{
 "Object_Radius": 30.157201754605374,
 "Object_Shape": "disc",
 "Workspace_Density": 0.2,
 "Workspace_Height": 1000,
 "Workspace_Width": 1000,
 "number_of_objects": 70,
 "point_list": [
  [
   347.33224791140134,
   188.75612890658883
  ],
  [
   258.9519307408185,
   912.3690772170207
  ],
  [
   785.2859506871138,
   851.48117703397
  ],
  [
   102.59596552309951,
   358.27627915904304
  ],
  [
   32.36348982478959,
   644.0688365380036
  ],
  [
   600.7621174466962,
   716.1386516285692
  ],
  [
   860.4724910535791,
   609.9419141556904
  ],
  [
   369.31018313135945,
   959.8347499838266
  ],
  [
   157.59595877431408,
   888.4279954906706
  ],
  [
   969.6365101752104,
   143.38572680988526
  ],
  [
   513.9140954603351,
   242.87726984571555
  ],
  [
   594.7227199300587,
   275.2838201175929
  ],
  [
   562.7676180489833,
   550.2624297728128
  ],
  [
   880.9484649888101,
   65.16774193470643
  ],
  [
   287.3458660822549,
   115.7320786570678
  ],
  [
   32.36348982478959,
   124.95285402721375
  ],
  [
   881.9694646438253,
   840.6635777307486
  ],
  [
   632.3449341487697,
   551.172693997278
  ],
  [
   235.02014473397202,
   346.725848612065
  ],
  [
   494.1187669234863,
   746.6073995783904
  ],
  [
   283.9794264285116,
   701.8688394441995
  ],
  [
   597.1661212874603,
   377.7008361751487
  ],
  [
   285.6331521927328,
   551.8166628655064
  ],
  [
   491.59073592775894,
   400.5767000002236
  ],
  [
   848.0228154653166,
   441.8812477743964
  ],
  [
   809.7387686550128,
   768.1125843208337
  ],
  [
   969.6365101752104,
   354.69754870298607
  ],
  [
   495.24288810671,
   89.2602272930196
  ],
  [
   767.0608416403131,
   465.29064765826365
  ],
  [
   205.28166203970216,
   415.20046102819026
  ],
  [
   827.4519884164816,
   32.36348982478959
  ],
  [
   235.06803326954878,
   744.669736938262
  ],
  [
   969.6365101752104,
   560.9599330968017
  ],
  [
   788.7863461590991,
   185.10943281676617
  ],
  [
   650.5038265377552,
   240.17453127155352
  ],
  [
   384.8046415594086,
   94.05047374865137
  ],
  [
   737.7459686499733,
   358.98183542908674
  ],
  [
   969.6365101752104,
   291.9705690540473
  ],
  [
   532.8077176536319,
   673.3986914255803
  ],
  [
   404.68557151307976,
   648.8366933734513
  ],
  [
   331.874533823524,
   653.9232667939146
  ],
  [
   764.7202197997655,
   32.36348982478959
  ],
  [
   934.4291152209089,
   32.36348982478959
  ],
  [
   614.556794310716,
   858.3512332392718
  ],
  [
   284.62666053603766,
   969.6365101752104
  ],
  [
   32.36348982478959,
   923.7614563738342
  ],
  [
   200.40180058049316,
   946.3242780546715
  ],
  [
   325.9055453510777,
   311.297206116258
  ],
  [
   462.2023169658818,
   623.4977344897176
  ],
  [
   468.78918622698677,
   32.36348982478959
  ],
  [
   131.87588664280244,
   179.3132242366766
  ],
  [
   801.0285297369288,
   666.421611107263
  ],
  [
   884.0240550929401,
   963.9505556738922
  ],
  [
   853.3866280265045,
   203.3787713142213
  ],
  [
   376.2965183697229,
   368.5019448348286
  ],
  [
   416.65410087217765,
   885.3553450821246
  ],
  [
   969.6365101752104,
   874.0365909312158
  ],
  [
   328.51064873792404,
   248.5946535885853
  ],
  [
   818.1881211562668,
   905.5617788961652
  ],
  [
   545.4153940376451,
   314.068728799362
  ],
  [
   335.9035043522464,
   866.3994649126321
  ],
  [
   222.8257028921267,
   476.5553230661528
  ],
  [
   229.39701714081096,
   581.892099278919
  ],
  [
   190.59473024417053,
   208.0164986940248
  ],
  [
   91.30154289924273,
   429.5852178741715
  ],
  [
   343.2700889434037,
   32.36348982478959
  ],
  [
   760.0170469462863,
   276.7916828739498
  ],
  [
   969.6365101752104,
   226.3651685064293
  ],
  [
   933.9298169201114,
   430.76184071717284
  ],
  [
   911.2404679059667,
   268.95050672858486
  ]
 ]
}