{
 "Object_Radius": 30.157201754605374,
 "Object_Shape": "disc",
 "Workspace_Density": 0.2,
 "Workspace_Height": 1000,
 "Workspace_Width": 1000,
 "number_of_objects": 70,
 "point_list": [
  [
   326.6260836818509,
   465.2736802378348
  ],
  [
   926.7581829075729,
   89.92344584812346
  ],
  [
   547.4123196965631,
   747.4448642215666
  ],
  [
   499.6081956499031,
   638.2057315782805
  ],
  [
   702.1190082625376,
   233.54924070063547
  ],
  [
   82.23982052620713,
   346.5056388475843
  ],
  [
   420.33649067100765,
   528.3641390680294
  ],
  [
   409.029348528278,
   75.35044974475102
  ],
  [
   660.8380411254348,
   939.4797544143753
  ],
  [
   65.23970078292585,
   253.62747898897086
  ],
  [
   293.38496897071064,
   910.296251163322
  ],
  [
   589.5729938292515,
   600.740933614571
  ],
  [
   132.63636228493303,
   147.44705933099812
  ],
  [
   211.91482138976036,
   600.5245560861782
  ],
  [
   934.4859484498436,
   871.4993135698688
  ],
  [
   546.7255800158981,
   179.95002116061494
  ],
  [
   54.215416281238824,
   570.6975623709159
  ],
  [
   626.8886206674952,
   523.2294976456603
  ],
  [
   365.45355063196325,
   789.6054090652082
  ],
  [
   608.6469113482441,
   166.0394598461035
  ],
  [
   587.1300415015567,
   393.83770731334033
  ],
  [
   693.6576273744537,
   121.84769224362553
  ],
  [
   206.8158578717307,
   126.35215542283872
  ],
  [
   826.9254953847485,
   969.6365101752104
  ],
  [
   652.6441518053018,
   777.8225444474501
  ],
  [
   75.44191027878057,
   918.5678230919591
  ],
  [
   721.3729496712363,
   473.6769241519763
  ],
  [
   812.0975527252746,
   335.1241216558898
  ],
  [
   229.23429866364222,
   424.8948996334624
  ],
  [
   74.33607508874626,
   408.83723212648516
  ],
  [
   306.54457875014873,
   387.311281278135
  ],
  [
   695.130810874204,
   51.50736000093769
  ],
  [
   137.19696513764694,
   410.3341096975314
  ],
  [
   949.4361391382109,
   343.87397644861375
  ],
  [
   88.38545464125147,
   93.50287705740135
  ],
  [
   730.253587451935,
   582.7987247199248
  ],
  [
   585.08559224438,
   258.5308208007876
  ],
  [
   513.6087777186732,
   802.8614728531404
  ],
  [
   193.5462592436776,
   307.16718048269416
  ],
  [
   901.2625310610273,
   548.4340916671212
  ],
  [
   371.0775714492381,
   154.0121890849124
  ],
  [
   491.51932747172054,
   263.8455093413724
  ],
  [
   99.62824981614298,
   737.59919072198
  ],
  [
   827.9977264619635,
   172.04746807056617
  ],
  [
   325.935273258805,
   564.8047510379954
  ],
  [
   458.45151256946184,
   150.07895667885109
  ],
  [
   889.5733389579951,
   722.6525118115514
  ],
  [
   784.0666966737881,
   615.3929869458877
  ],
  [
   783.3171486966194,
   128.00461800100993
  ],
  [
   289.30898734368435,
   249.0380384897468
  ],
  [
   379.83030375435555,
   412.6573394759788
  ],
  [
   139.40717551079862,
   46.77936746686506
  ],
  [
   969.6365101752104,
   155.50457792361496
  ],
  [
   568.0040948433112,
   483.2373266049754
  ],
  [
   68.75674210376536,
   644.1566125203134
  ],
  [
   765.9289453645467,
   415.2426682421067
  ],
  [
   248.54558304680907,
   809.8875598059752
  ],
  [
   950.0838959128331,
   407.72262610601956
  ],
  [
   110.32820330432347,
   800.1283320568552
  ],
  [
   315.9139005610986,
   850.1746995395226
  ],
  [
   259.71701201374907,
   969.6365101752104
  ],
  [
   442.0382847717049,
   362.8107955422538
  ],
  [
   884.9372312793963,
   198.36411660130892
  ],
  [
   305.8328476219168,
   101.13885756755835
  ],
  [
   488.80827041160245,
   930.5744885383803
  ],
  [
   636.7605475438171,
   297.0991924523574
  ],
  [
   969.6365101752104,
   32.82968944539766
  ],
  [
   608.6670250994555,
   729.3009004937528
  ],
  [
   934.1754147265392,
   495.0263343258353
  ],
  [
   718.8996888070462,
   882.9081602812438
  ]
 ]
}