{
 "Object_Radius": 30.157201754605374,
 "Object_Shape": "disc",
 "Workspace_Density": 0.2,
 "Workspace_Height": 1000,
 "Workspace_Width": 1000,
 "number_of_objects": 70,
 "point_list": [
  [
   192.1507021667648,
   43.796087186873606
  ],
  [
   467.98763921620406,
   214.35893695866386
  ],
  [
   787.5727637095558,
   562.6892676661116
  ],
  [
   785.0021412535489,
   857.3663792119968
  ],
  [
   955.4368910430367,
   384.4387977812246
  ],
  [
   842.2112266452656,
   664.9527973946957
  ],
  [
   419.47329874442323,
   748.3426142659014
  ],
  [
   969.6365101752104,
   850.3451937830185
  ],
  [
   204.11608323067577,
   668.3207282858604
  ],
  [
   572.4036017947233,
   272.94247549080234
  ],
  [
   32.36348982478959,
   657.5826915334337
  ],
  [
   620.6801644494026,
   417.65710290232795
  ],
  [
   475.38971798585874,
   35.06557199213778
  ],
  [
   830.4246002645799,
   217.17317237479935
  ],
  [
   296.3741810599075,
   32.36348982478959
  ],
  [
   769.4445068193555,
   303.32996252593017
  ],
  [
   262.2656322132768,
   386.3630803184726
  ],
  [
   260.6610146677737,
   263.3881846961173
  ],
  [
   267.2571037700731,
   448.960642984316
  ],
  [
   156.2802881378113,
   119.73487830362576
  ],
  [
   887.1081711330532,
   520.5950487639085
  ],
  [
   94.56199867778818,
   969.6365101752104
  ],
  [
   736.6573448798871,
   625.0448399151451
  ],
  [
   411.92691696134347,
   90.93211089109448
  ],
  [
   762.0199622487281,
   395.5372918247728
  ],
  [
   373.88554152739357,
   191.2177777137139
  ],
  [
   545.6666200855046,
   90.13733695031722
  ],
  [
   70.47988036959198,
   911.1746923813413
  ],
  [
   32.36348982478959,
   850.9161662945093
  ],
  [
   741.6560958295952,
   754.2157673290179
  ],
  [
   604.1702673687372,
   797.3531845244181
  ],
  [
   32.36348982478959,
   135.88282494546633
  ],
  [
   346.4991523562836,
   74.15301622137349
  ],
  [
   467.91832165463285,
   804.9365197436327
  ],
  [
   703.1326272577144,
   480.6081459825931
  ],
  [
   32.36348982478959,
   727.6262184096656
  ],
  [
   567.243002549953,
   573.196899497068
  ],
  [
   555.0162878793643,
   721.9084359131283
  ],
  [
   193.29308117285748,
   175.88088729986669
  ],
  [
   132.96177392585457,
   413.41320234067865
  ],
  [
   817.1097500393678,
   438.7415001892178
  ],
  [
   464.74791940694155,
   516.8786030297338
  ],
  [
   415.39406985000085,
   605.9077951910413
  ],
  [
   155.59041615887324,
   955.1170106716036
  ],
  [
   313.47580904121185,
   597.7319167720958
  ],
  [
   47.87123429833684,
   332.363331942794
  ],
  [
   277.3775043795364,
   323.88547017608744
  ],
  [
   905.307872198876,
   784.8632920091015
  ],
  [
   142.9055304133315,
   874.304420510371
  ],
  [
   253.31721458584826,
   731.2456332508344
  ],
  [
   32.36348982478959,
   459.62491979891945
  ],
  [
   286.93472283733945,
   508.7151706864387
  ],
  [
   615.1075359610721,
   900.2534206702967
  ],
  [
   691.3398938367314,
   942.2909396968462
  ],
  [
   484.48589352330083,
   376.572424506109
  ],
  [
   736.1467734481888,
   817.4727280936669
  ],
  [
   322.14899034770986,
   244.89236493825507
  ],
  [
   677.4942599041643,
   697.282057872043
  ],
  [
   113.24496441506804,
   332.5124881988622
  ],
  [
   969.6365101752104,
   546.5569433090906
  ],
  [
   569.5616479931057,
   640.87458339652
  ],
  [
   137.3632931554788,
   733.451094413975
  ],
  [
   529.4745679946735,
   227.14766458613823
  ],
  [
   249.5407623872688,
   587.6423633026628
  ],
  [
   418.19103136214983,
   418.02392065017636
  ],
  [
   32.36348982478959,
   961.5112734483588
  ],
  [
   152.54567708178666,
   263.8561073769371
  ],
  [
   276.01223133574473,
   668.3431632604211
  ],
  [
   667.4281531710211,
   326.79144924388436
  ],
  [
   893.3050020180785,
   947.9121614844619
  ]
 ]
}