{
 "Object_Radius": 31.295607270217072,
 "Object_Shape": "disc",
 "Workspace_Density": 0.4,
 "Workspace_Height": 1000,
 "Workspace_Width": 1000,
 "number_of_objects": 130,
 "point_list": [
  [
   302.80362029369013,
   774.8997230589745
  ],
  [
   559.8156709043614,
   35.42516799723878
  ],
  [
   98.55982077237158,
   750.5514854873162
  ],
  [
   209.3209026443653,
   502.1903498780497
  ],
  [
   943.359097017255,
   503.8309356339778
  ],
  [
   184.3088063077597,
   135.72723948663855
  ],
  [
   649.4417095171494,
   306.4926670184233
  ],
  [
   892.5355808896848,
   642.368827499209
  ],
  [
   581.8052557937614,
   331.9276259022921
  ],
  [
   627.5832141261493,
   814.9200984935676
  ],
  [
   35.42516799723878,
   310.0865389144511
  ],
  [
   46.162774601655144,
   683.9923026185614
  ],
  [
   346.09797395348295,
   35.42516799723878
  ],
  [
   519.0745162392121,
   187.81122065761224
  ],
  [
   669.8795888892129,
   935.0617714645298
  ],
  [
   140.59159165049968,
   507.3233463955017
  ],
  [
   650.0195816306906,
   564.0220937398645
  ],
  [
   210.9758330102752,
   729.2512876895389
  ],
  [
   420.5449428568147,
   709.4500933292629
  ],
  [
   372.14462298958296,
   758.9007237601019
  ],
  [
   529.3112872736505,
   469.3984920299476
  ],
  [
   251.41498253829505,
   966.5748320027612
  ],
  [
   911.1735267381539,
   70.74452657338051
  ],
  [
   236.22018440341677,
   826.4359805069049
  ],
  [
   966.5748320027612,
   648.9860160870198
  ],
  [
   35.42516799723878,
   791.5274731267742
  ],
  [
   353.82701282214657,
   236.9327473124814
  ],
  [
   488.46292359772457,
   35.42516799723878
  ],
  [
   872.8029127843848,
   139.4133119576021
  ],
  [
   956.9190605877076,
   431.694528435902
  ],
  [
   840.2411193652856,
   443.5084274161748
  ],
  [
   527.1836373536972,
   966.5748320027612
  ],
  [
   146.80621159907346,
   35.42516799723878
  ],
  [
   760.212363548643,
   565.8323786607313
  ],
  [
   643.17767158068,
   103.6729760872027
  ],
  [
   305.25921485958355,
   552.828419648829
  ],
  [
   742.0085384025335,
   201.20472789283323
  ],
  [
   441.69930677966585,
   774.9846828550341
  ],
  [
   810.7139812786098,
   96.65909759905959
  ],
  [
   320.5676475292874,
   966.5748320027612
  ],
  [
   85.91958925677018,
   839.113175908675
  ],
  [
   432.39024528902155,
   230.97860597843484
  ],
  [
   556.2592588556442,
   802.5735634769113
  ],
  [
   268.455303725796,
   35.42516799723878
  ],
  [
   835.0261756005581,
   587.6880872305778
  ],
  [
   661.5174451565606,
   189.62155946352365
  ],
  [
   506.34171198875646,
   102.61741530212163
  ],
  [
   458.3258665897009,
   966.5748320027612
  ],
  [
   148.0113431758653,
   432.32161258295895
  ],
  [
   802.919348587256,
   511.44664279607935
  ],
  [
   225.30590261497048,
   572.7616813721047
  ],
  [
   751.2942991243885,
   883.3989751986027
  ],
  [
   747.5535132952875,
   61.93990440346853
  ],
  [
   551.3162405302367,
   576.2226661056521
  ],
  [
   481.6487992407886,
   406.3965995615221
  ],
  [
   499.20047036890134,
   681.0240251345376
  ],
  [
   251.81635217065053,
   337.7952713729846
  ],
  [
   410.63753608984894,
   640.9414917060845
  ],
  [
   271.4011586118866,
   257.1408790997118
  ],
  [
   480.37937617414315,
   901.3298653345162
  ],
  [
   676.4167823293936,
   684.2590461413499
  ],
  [
   844.8625533235005,
   35.42516799723878
  ],
  [
   796.0444935606372,
   817.9018061717086
  ],
  [
   810.0626831365338,
   177.2095206153227
  ],
  [
   461.05716640635245,
   592.9089797704233
  ],
  [
   285.0444342810785,
   486.57286597740665
  ],
  [
   966.5748320027612,
   362.8868544629783
  ],
  [
   509.00697132042484,
   750.7056557327842
  ],
  [
   389.4754010432431,
   966.5748320027612
  ],
  [
   966.5748320027612,
   116.1359674438851
  ],
  [
   543.6533518122957,
   871.4036840783558
  ],
  [
   455.3304434121621,
   159.52072007697404
  ],
  [
   901.1358391892818,
   301.0153600033097
  ],
  [
   681.4551110716247,
   861.4618436810571
  ],
  [
   783.268871112082,
   678.2509728527901
  ],
  [
   712.4233950550285,
   423.1991740409961
  ],
  [
   172.90274584441508,
   365.07751821331067
  ],
  [
   410.6658436433277,
   881.0843602488999
  ],
  [
   858.0286952527348,
   723.9822719157403
  ],
  [
   966.5748320027612,
   275.1259970047548
  ],
  [
   439.809449586202,
   315.0475853946689
  ],
  [
   608.1422897608865,
   898.2364380545547
  ],
  [
   516.2707641072975,
   310.4578569387703
  ],
  [
   871.6801960669171,
   520.9910949995245
  ],
  [
   181.71665729700797,
   913.8937124387129
  ],
  [
   947.5347984247711,
   572.607830313313
  ],
  [
   629.8317741658835,
   35.42516799723878
  ],
  [
   864.7855021990773,
   840.3082249435505
  ],
  [
   184.95046495160605,
   275.300018603456
  ],
  [
   223.47753018563085,
   430.6300668490529
  ],
  [
   468.5012071322901,
   524.2366520865907
  ],
  [
   161.01729842538074,
   838.9354666619581
  ],
  [
   366.31709156554075,
   331.5852708948247
  ],
  [
   378.70947660670635,
   159.09248109977827
  ],
  [
   794.1112198880592,
   340.1738195241785
  ],
  [
   35.42516799723878,
   152.00060584209564
  ],
  [
   35.42516799723878,
   599.562986039386
  ],
  [
   279.7216271487063,
   709.4040672347602
  ],
  [
   135.4257858802707,
   217.97649208085937
  ],
  [
   303.82128966333494,
   863.9653866615413
  ],
  [
   602.6886144971437,
   456.00948956489657
  ],
  [
   363.1266477943937,
   828.5602646017982
  ],
  [
   888.1813070397741,
   213.21562858516143
  ],
  [
   83.679976970324,
   467.3447197456388
  ],
  [
   732.9279896261215,
   497.94756943672945
  ],
  [
   221.05618977739155,
   205.12651057812928
  ],
  [
   870.37443620783,
   371.53701791570296
  ],
  [
   966.5748320027612,
   194.51654972245348
  ],
  [
   236.97562810852259,
   648.5005969416824
  ],
  [
   99.86512928571402,
   563.1031879869859
  ],
  [
   354.8529506261338,
   600.5873793804999
  ],
  [
   107.9266420708775,
   154.85311469288752
  ],
  [
   701.5163461769031,
   611.8028676867054
  ],
  [
   326.2451626674724,
   113.39566022054377
  ],
  [
   134.67466064085855,
   627.1775082412005
  ],
  [
   695.1067785732415,
   253.78528306708145
  ],
  [
   304.3001912773533,
   394.4187366593235
  ],
  [
   120.33447315901724,
   949.3846267611182
  ],
  [
   596.2520278269133,
   966.5748320027612
  ],
  [
   354.99480955057436,
   465.1427997356372
  ],
  [
   35.42516799723878,
   227.81930598802356
  ],
  [
   145.9982738680217,
   698.3554508623585
  ],
  [
   957.233281133725,
   738.6843438157362
  ],
  [
   35.42516799723878,
   525.7031846797541
  ],
  [
   61.72815362699602,
   389.33013781073436
  ],
  [
   809.3145702506565,
   966.5748320027612
  ],
  [
   35.42516799723878,
   66.54036514139474
  ],
  [
   402.8381196311348,
   414.75724764928543
  ],
  [
   479.57613142758527,
   832.4842024035778
  ],
  [
   664.9481723453999,
   485.4053403004741
  ]
 ]
}