{
 "Object_Radius": 31.295607270217072,
 "Object_Shape": "disc",
 "Workspace_Density": 0.4,
 "Workspace_Height": 1000,
 "Workspace_Width": 1000,
 "number_of_objects": 130,
 "point_list": [
  [
   770.8903661135428,
   704.544154520844
  ],
  [
   657.4655238579305,
   966.5748320027612
  ],
  [
   297.9880332171363,
   35.42516799723878
  ],
  [
   193.89150060873138,
   899.2163602950732
  ],
  [
   446.7864560948666,
   658.3858769921286
  ],
  [
   464.9388680137224,
   364.33974221282085
  ],
  [
   786.6939826206974,
   883.0381880724599
  ],
  [
   342.04017255452237,
   966.5748320027612
  ],
  [
   316.0073544274666,
   237.48604626156967
  ],
  [
   851.398541808197,
   456.1781386920363
  ],
  [
   463.98046895859727,
   35.42516799723878
  ],
  [
   234.59479462326777,
   145.70831383701113
  ],
  [
   870.703836718731,
   35.42516799723878
  ],
  [
   484.13610217668105,
   497.3036617783123
  ],
  [
   354.8200768180138,
   701.4281456683208
  ],
  [
   438.36525296901806,
   99.33320229004751
  ],
  [
   418.88360405576145,
   731.3495047829989
  ],
  [
   410.6001375131174,
   595.1609305797126
  ],
  [
   770.9575530036017,
   572.2696990187115
  ],
  [
   315.6776128862128,
   436.5680426678609
  ],
  [
   35.42516799723878,
   584.3954976169543
  ],
  [
   659.6982414213301,
   91.16635556256055
  ],
  [
   534.3045200666606,
   293.99841564365227
  ],
  [
   927.6212386134142,
   694.5168336789184
  ],
  [
   835.5705409527807,
   363.8819350168208
  ],
  [
   701.1193892032524,
   676.8439110612304
  ],
  [
   599.0161783626061,
   321.778203059883
  ],
  [
   890.8232198791254,
   254.539270781225
  ],
  [
   569.1092700303849,
   186.2100037742832
  ],
  [
   650.481044298706,
   174.64640424677802
  ],
  [
   311.2829518819361,
   159.79881374832308
  ],
  [
   448.86881066395256,
   167.3776289310727
  ],
  [
   223.14472686005374,
   35.42516799723878
  ],
  [
   678.9854127886247,
   779.9384348320721
  ],
  [
   730.1966477788297,
   232.87529664398494
  ],
  [
   966.5748320027612,
   966.5748320027612
  ],
  [
   240.80178464719546,
   377.291857346282
  ],
  [
   733.6738123392787,
   164.04520171408612
  ],
  [
   539.2893065834303,
   369.96812846668377
  ],
  [
   374.7725945207572,
   35.42516799723878
  ],
  [
   966.5748320027612,
   461.25373892122957
  ],
  [
   887.3211516091965,
   104.01208314895807
  ],
  [
   175.74290371905215,
   230.11598224068038
  ],
  [
   418.08519032335136,
   520.16372326094
  ],
  [
   917.1778774474897,
   322.2164602550935
  ],
  [
   833.1206648757618,
   830.7999091231574
  ],
  [
   966.5748320027612,
   133.92788352318038
  ],
  [
   35.42516799723878,
   670.3835459577864
  ],
  [
   585.0363973117728,
   639.4424621777673
  ],
  [
   35.42516799723878,
   195.65514912269808
  ],
  [
   280.55657218149076,
   903.4851567846275
  ],
  [
   348.11559003004703,
   625.1626564084627
  ],
  [
   966.5748320027612,
   763.8053434199929
  ],
  [
   165.20617642827588,
   652.3830316002578
  ],
  [
   731.5179344065917,
   91.88325932558223
  ],
  [
   110.30422672598326,
   568.6313967609586
  ],
  [
   769.6665283470164,
   490.41867198819557
  ],
  [
   35.42516799723878,
   966.5748320027612
  ],
  [
   35.42516799723878,
   504.6404337495903
  ],
  [
   395.5976515659347,
   359.5072023560508
  ],
  [
   895.5344741792107,
   403.33242486260855
  ],
  [
   461.760611860082,
   273.235697392124
  ],
  [
   481.4517568303478,
   568.8158060809443
  ],
  [
   627.7598645305359,
   473.9211372821335
  ],
  [
   966.5748320027612,
   637.6046376966465
  ],
  [
   246.81074372342997,
   232.05557682243375
  ],
  [
   642.1480293112028,
   718.1863971808391
  ],
  [
   182.00766958534683,
   735.0806362298604
  ],
  [
   390.6271125974931,
   441.0327740298126
  ],
  [
   850.2206686530285,
   196.1981811702236
  ],
  [
   677.1110031695077,
   894.4726377934747
  ],
  [
   542.221555178769,
   534.8615977243069
  ],
  [
   805.2268760655596,
   126.44667936690331
  ],
  [
   502.3904368250498,
   827.0183589843451
  ],
  [
   612.9737041185105,
   542.4893162718992
  ],
  [
   633.549135624588,
   840.9735947990339
  ],
  [
   784.896302291321,
   288.16080691253836
  ],
  [
   110.02617526130554,
   486.33026674690973
  ],
  [
   874.2505412457489,
   738.246282945636
  ],
  [
   685.7981950189817,
   315.70405537780033
  ],
  [
   174.85955289569813,
   966.5748320027612
  ],
  [
   54.238347903734066,
   843.305173833101
  ],
  [
   75.93560306057924,
   121.35354130987398
  ],
  [
   53.00193733882774,
   35.42516799723878
  ],
  [
   730.1843239934581,
   966.5748320027612
  ],
  [
   382.1637675484359,
   291.787809127054
  ],
  [
   217.4078752472747,
   309.2810409750058
  ],
  [
   35.42516799723878,
   321.81016792692634
  ],
  [
   561.9818469572875,
   443.1608168419067
  ],
  [
   236.66148553857693,
   626.6267897209436
  ],
  [
   249.01242770061378,
   966.5748320027612
  ],
  [
   187.7754032292025,
   444.76887241433644
  ],
  [
   326.0758372656832,
   367.9705384447827
  ],
  [
   122.74267713214178,
   811.7688230364346
  ],
  [
   966.5748320027612,
   896.8406707283433
  ],
  [
   335.74775982108565,
   862.0857174620197
  ],
  [
   966.5748320027612,
   262.824304688413
  ],
  [
   790.091097693387,
   638.4184558486327
  ],
  [
   459.5743211450228,
   432.9824149806693
  ],
  [
   660.5618960097377,
   247.66906883746023
  ],
  [
   151.5323188507284,
   35.42516799723878
  ],
  [
   509.0625930999752,
   699.1691483676072
  ],
  [
   827.2836857991563,
   532.0936868928349
  ],
  [
   728.3288880779322,
   392.6088230876221
  ],
  [
   515.203573459731,
   131.5622516690121
  ],
  [
   103.9571304981216,
   896.3472260469176
  ],
  [
   404.5938616176362,
   892.5075324002472
  ],
  [
   543.5039781766086,
   66.49924034566858
  ],
  [
   499.84454191553095,
   213.7397111533355
  ],
  [
   448.66449186092035,
   966.5748320027612
  ],
  [
   799.6598856104273,
   35.42516799723878
  ],
  [
   699.1508624453793,
   476.61704266490074
  ],
  [
   224.58988322001088,
   830.5989474874793
  ],
  [
   518.0182711864279,
   966.5748320027612
  ],
  [
   101.02967801373231,
   268.0473694398385
  ],
  [
   926.1987313942519,
   189.73950817787897
  ],
  [
   303.89741127147664,
   760.355823751458
  ],
  [
   650.1565501825307,
   379.32889778586394
  ],
  [
   588.194847960004,
   966.5748320027612
  ],
  [
   125.98243315473185,
   169.8992456258894
  ],
  [
   97.56889890922959,
   638.3826807845458
  ],
  [
   378.91889253382897,
   209.35764857517196
  ],
  [
   515.4180219886771,
   629.4019905109104
  ],
  [
   349.3660536421142,
   539.3264757682392
  ],
  [
   809.9428831797388,
   763.7762091971855
  ],
  [
   276.8817008882111,
   494.57829594587406
  ],
  [
   35.42516799723878,
   755.0246826825484
  ],
  [
   945.5599543368388,
   830.100466462297
  ],
  [
   104.7975637814636,
   966.5748320027612
  ],
  [
   966.5748320027612,
   382.8287542944955
  ]
 ]
}