{
 "Object_Radius": 31.295607270217072,
 "Object_Shape": "disc",
 "Workspace_Density": 0.4,
 "Workspace_Height": 1000,
 "Workspace_Width": 1000,
 "number_of_objects": 130,
 "point_list": [
  [
   613.6953691720732,
   599.6738290816219
  ],
  [
   535.1860658723344,
   173.44223622960763
  ],
  [
   647.8714536306251,
   387.943644541182
  ],
  [
   35.42516799723878,
   891.4580515044986
  ],
  [
   147.09274376856467,
   670.2858410457281
  ],
  [
   100.49407544578597,
   614.9665427411733
  ],
  [
   812.0295909544544,
   966.5748320027612
  ],
  [
   876.4924653671025,
   778.5301366771636
  ],
  [
   227.45479517222776,
   661.7152746864299
  ],
  [
   896.8405156261402,
   710.7426553854085
  ],
  [
   790.9877129604705,
   605.8629040233471
  ],
  [
   786.267462774094,
   356.9886016780239
  ],
  [
   844.6198919168886,
   656.6972610086531
  ],
  [
   966.5748320027612,
   448.7802911808227
  ],
  [
   950.9936995517345,
   867.8339776597945
  ],
  [
   712.0503229949011,
   942.4994128082881
  ],
  [
   966.5748320027612,
   800.769577940794
  ],
  [
   733.8184792589768,
   665.185428523792
  ],
  [
   966.5748320027612,
   659.3664598849059
  ],
  [
   504.56177853336055,
   966.5748320027612
  ],
  [
   101.23485933599883,
   542.3693958078303
  ],
  [
   591.5019058835953,
   750.2170956021316
  ],
  [
   764.9659085275769,
   530.695991940773
  ],
  [
   170.0852023133933,
   541.9123575666259
  ],
  [
   35.42516799723878,
   583.2281245885421
  ],
  [
   841.0084286648739,
   35.42516799723878
  ],
  [
   510.68257851099264,
   346.59424584027136
  ],
  [
   854.2661999941764,
   372.1516813137459
  ],
  [
   966.5748320027612,
   35.42516799723878
  ],
  [
   573.8500030157328,
   943.7724472592494
  ],
  [
   902.9795021518427,
   617.4852518775175
  ],
  [
   253.26519890479753,
   238.76050637715548
  ],
  [
   339.5599717904875,
   431.1614732078288
  ],
  [
   666.3420803724916,
   644.6537885717391
  ],
  [
   330.25557759119465,
   963.0433405245
  ],
  [
   572.3261804198357,
   393.51743049319623
  ],
  [
   72.80500181390838,
   46.884238275288396
  ],
  [
   864.0623383687251,
   921.4699188619061
  ],
  [
   605.6442118498123,
   158.27331878685584
  ],
  [
   469.07019814337895,
   475.6392064283994
  ],
  [
   157.03170186207998,
   471.23896599254584
  ],
  [
   116.4115733042522,
   331.4404212452682
  ],
  [
   645.0746542193799,
   312.5858255158451
  ],
  [
   298.03937124709563,
   502.9054215551908
  ],
  [
   41.81736863916838,
   731.3865300710399
  ],
  [
   766.5001611823011,
   865.6330262382844
  ],
  [
   802.0121839685913,
   785.1157003468228
  ],
  [
   828.3760184564405,
   495.9820775542013
  ],
  [
   205.7344324249064,
   886.3506487772962
  ],
  [
   331.2533919742201,
   859.0596200032955
  ],
  [
   615.6649934927121,
   449.28805243346636
  ],
  [
   162.78782024866837,
   240.1481803014383
  ],
  [
   445.6751649300925,
   614.5223718329604
  ],
  [
   618.5540634834127,
   857.2497589915691
  ],
  [
   226.13345618034361,
   467.26510706038766
  ],
  [
   92.96929382969886,
   245.9739058204171
  ],
  [
   249.33614444706916,
   376.25759831447243
  ],
  [
   696.3376682834283,
   506.66003878482695
  ],
  [
   35.42516799723878,
   425.62619746160846
  ],
  [
   801.708104570541,
   713.4135073027095
  ],
  [
   35.42516799723878,
   514.2548986330046
  ],
  [
   543.926370094658,
   880.0425711105744
  ],
  [
   601.8945355463601,
   669.0598958402426
  ],
  [
   35.42516799723878,
   653.6184150336676
  ],
  [
   774.4886540454246,
   287.5631671702132
  ],
  [
   966.5748320027612,
   517.7678659751618
  ],
  [
   851.0976348426607,
   570.8324381906949
  ],
  [
   88.19243670857863,
   470.0043289660481
  ],
  [
   412.7619505894171,
   35.42516799723878
  ],
  [
   111.88692893662426,
   400.3595535449187
  ],
  [
   674.6363948138215,
   717.9450620739613
  ],
  [
   398.04258260834183,
   467.5803790499291
  ],
  [
   289.43872911554956,
   621.9543445755478
  ],
  [
   556.0583516445373,
   35.42516799723878
  ],
  [
   678.5347990156421,
   210.14865118316106
  ],
  [
   443.41907688343997,
   758.0915784634695
  ],
  [
   112.63971831852363,
   814.0749654740223
  ],
  [
   898.6018863067251,
   319.4624587423774
  ],
  [
   35.42516799723878,
   190.31650423161867
  ],
  [
   597.1276668138388,
   528.167783640684
  ],
  [
   958.0119594917263,
   378.69086801718606
  ],
  [
   715.3047490426616,
   579.7835545679941
  ],
  [
   35.42516799723878,
   286.1106540745318
  ],
  [
   202.1591228996017,
   798.2740786777056
  ],
  [
   357.72950267436863,
   612.8464985422759
  ],
  [
   525.7132684055221,
   528.3542964481334
  ],
  [
   966.5748320027612,
   731.8663824846533
  ],
  [
   35.42516799723878,
   966.5748320027612
  ],
  [
   755.260085533302,
   220.17115229938221
  ],
  [
   538.5478579388275,
   628.1503024074851
  ],
  [
   651.3251560530231,
   35.42516799723878
  ],
  [
   780.8755914815185,
   78.65304091617126
  ],
  [
   850.501419942764,
   113.7378496369605
  ],
  [
   811.0789322386905,
   425.7985112354658
  ],
  [
   308.8708174137895,
   35.42516799723878
  ],
  [
   131.82716353972145,
   966.5748320027612
  ],
  [
   432.18181453207626,
   395.9597826224662
  ],
  [
   525.0165003112596,
   731.8808921648147
  ],
  [
   431.5330831859169,
   547.1389633386749
  ],
  [
   695.3648629320962,
   861.942066914426
  ],
  [
   646.8129172332153,
   966.5748320027612
  ],
  [
   533.458703275352,
   450.3773216547845
  ],
  [
   868.9613420548606,
   852.2064848127196
  ],
  [
   648.3235326340206,
   104.24470762153771
  ],
  [
   206.22469098390917,
   185.93545701110378
  ],
  [
   315.8306868397841,
   210.01857188355538
  ],
  [
   812.8503849592634,
   175.54096326763903
  ],
  [
   966.5748320027612,
   307.2206333764604
  ],
  [
   845.6579977842895,
   275.41429845783597
  ],
  [
   380.66324790402894,
   296.2362260869512
  ],
  [
   430.0741042228421,
   174.3154519160166
  ],
  [
   743.5274161031095,
   151.2339690292885
  ],
  [
   205.37877254729386,
   966.5748320027612
  ],
  [
   453.55865170931804,
   306.52345815270206
  ],
  [
   576.0283868555425,
   321.1325205237762
  ],
  [
   368.3191294319489,
   712.111906316127
  ],
  [
   479.3077919759677,
   227.8784836434633
  ],
  [
   238.84187322151445,
   538.2208333311622
  ],
  [
   703.4142921958869,
   275.2157306437545
  ],
  [
   966.5748320027612,
   588.089939978115
  ],
  [
   400.27719915732473,
   816.9615113028837
  ],
  [
   181.7149581627103,
   609.8325901774472
  ],
  [
   246.06755185768293,
   307.4484250605509
  ],
  [
   661.6175240462599,
   792.5204418996212
  ],
  [
   192.93029151320061,
   725.6170529242096
  ],
  [
   35.42516799723878,
   356.69665250065924
  ],
  [
   396.85118612781594,
   105.67032964768616
  ],
  [
   363.1231542126799,
   539.2689522697935
  ],
  [
   465.76033867291585,
   683.573986024625
  ],
  [
   184.6428907099687,
   406.47796989495487
  ]
 ]
}