{
 "Object_Radius": 31.295607270217072,
 "Object_Shape": "disc",
 "Workspace_Density": 0.4,
 "Workspace_Height": 1000,
 "Workspace_Width": 1000,
 "number_of_objects": 130,
 "point_list": [
  [
   35.42516799723878,
   670.9070290271064
  ],
  [
   142.91513239179804,
   167.17293127577207
  ],
  [
   375.40345714609344,
   966.5748320027612
  ],
  [
   634.1173583258798,
   431.7917443218089
  ],
  [
   860.5321921949239,
   437.256891634693
  ],
  [
   643.3466051539076,
   523.7776566799116
  ],
  [
   464.264451410784,
   753.718359685546
  ],
  [
   359.2037609056495,
   102.63890206970528
  ],
  [
   272.04071403741125,
   892.980335139891
  ],
  [
   95.29267782396191,
   217.04337397507405
  ],
  [
   966.5748320027612,
   195.18522476233372
  ],
  [
   837.38080548614,
   369.3059854580432
  ],
  [
   469.2980051487635,
   683.4642110810588
  ],
  [
   569.8071540483096,
   885.3958619648939
  ],
  [
   426.9212625526699,
   391.17494390221714
  ],
  [
   491.1829865397319,
   231.04824920328238
  ],
  [
   701.2846003439884,
   467.4490889101272
  ],
  [
   700.6029056965915,
   279.1045608240256
  ],
  [
   574.4278832897215,
   737.5972396308238
  ],
  [
   900.0285797763122,
   337.47131560668544
  ],
  [
   502.1418605676888,
   401.65688561863806
  ],
  [
   775.1480663437295,
   169.0450160636013
  ],
  [
   449.2862071784422,
   170.17705275182738
  ],
  [
   895.5412770517855,
   750.2347168987861
  ],
  [
   137.43594984876128,
   731.2243432068645
  ],
  [
   783.8330854717829,
   793.231744638361
  ],
  [
   684.3935803952056,
   150.9802320258696
  ],
  [
   947.2780386959959,
   799.4100982154858
  ],
  [
   733.2850837784065,
   930.7590271936101
  ],
  [
   966.5748320027612,
   483.22852640593965
  ],
  [
   35.42516799723878,
   361.9681664368009
  ],
  [
   122.74198748800677,
   361.0629617131066
  ],
  [
   348.7499461760598,
   470.4340660635412
  ],
  [
   679.1409369532674,
   77.24930759899696
  ],
  [
   952.9356924092322,
   619.6389632272152
  ],
  [
   367.5194764826465,
   294.71387358528034
  ],
  [
   404.48630460032655,
   231.58710579407997
  ],
  [
   252.1164403981583,
   820.3726243183405
  ],
  [
   940.4219288962508,
   871.1692299145427
  ],
  [
   547.9805341322793,
   35.42516799723878
  ],
  [
   293.36829097328797,
   966.5748320027612
  ],
  [
   877.0993743033026,
   908.0657404682476
  ],
  [
   119.09418227306539,
   966.5748320027612
  ],
  [
   362.71712000077355,
   783.9990981141763
  ],
  [
   856.6954391987276,
   109.73975448377514
  ],
  [
   373.7896373491331,
   169.9269124992127
  ],
  [
   638.5723894743511,
   246.65899639868894
  ],
  [
   42.72088854583941,
   597.9448284081972
  ],
  [
   137.96216446738362,
   659.3470985451677
  ],
  [
   705.446445571295,
   864.1233721794135
  ],
  [
   605.2194205888569,
   81.98171249160619
  ],
  [
   732.6427489849749,
   653.5621233873356
  ],
  [
   844.9631897114089,
   189.2214300096716
  ],
  [
   280.9194021821143,
   686.4342182449973
  ],
  [
   649.6169832672625,
   733.025228522451
  ],
  [
   560.8402008717139,
   445.78034967336384
  ],
  [
   300.37775193770887,
   595.7658832510942
  ],
  [
   845.7142016849984,
   293.1396306354696
  ],
  [
   567.5692959603014,
   809.1217930013594
  ],
  [
   740.4917638725068,
   403.63656270646067
  ],
  [
   897.6909894101617,
   497.2118921227944
  ],
  [
   540.2643788064037,
   168.56444088725374
  ],
  [
   307.6279155170411,
   57.028596370913874
  ],
  [
   533.1981268087728,
   513.4708674797249
  ],
  [
   966.5748320027612,
   359.5248043705626
  ],
  [
   555.7694149966054,
   966.5748320027612
  ],
  [
   753.1836995800074,
   587.1017221425592
  ],
  [
   35.42516799723878,
   740.4749185713792
  ],
  [
   641.8397768707692,
   944.1295102034973
  ],
  [
   254.6934660334121,
   514.2474048345871
  ],
  [
   943.7577545643968,
   966.5748320027612
  ],
  [
   765.5184976282047,
   100.84461936955176
  ],
  [
   610.6246929873229,
   183.2958728505003
  ],
  [
   168.68537533695624,
   596.5001398443384
  ],
  [
   579.958636201492,
   568.6427386099182
  ],
  [
   347.3014427110484,
   715.0906141949075
  ],
  [
   289.5990615067225,
   757.5499089866069
  ],
  [
   35.42516799723878,
   137.0032111790911
  ],
  [
   117.68696808976361,
   850.4164990642474
  ],
  [
   173.3751148462269,
   35.42516799723878
  ],
  [
   884.3540137678225,
   652.4566392333392
  ],
  [
   287.63934210452646,
   287.3510452927823
  ],
  [
   892.7959960486954,
   239.4917942063189
  ],
  [
   572.1348573488236,
   264.78490053564235
  ],
  [
   35.42516799723878,
   920.584018732146
  ],
  [
   442.0176977658985,
   506.9235303539274
  ],
  [
   811.517292212909,
   676.2244315674496
  ],
  [
   282.289535118034,
   137.738536609549
  ],
  [
   720.540606257286,
   212.78649558095518
  ],
  [
   634.1726449628464,
   664.2661436793264
  ],
  [
   966.5748320027612,
   705.6721968571536
  ],
  [
   966.5748320027612,
   35.42516799723878
  ],
  [
   788.1263627577525,
   35.42516799723878
  ],
  [
   757.2351035347639,
   517.4030972253612
  ],
  [
   629.6914680602025,
   355.671943500192
  ],
  [
   181.02656002312833,
   527.7927271971371
  ],
  [
   399.1897689095084,
   35.42516799723878
  ],
  [
   908.0835004586065,
   156.84757807943993
  ],
  [
   789.3734452797189,
   455.33785175673745
  ],
  [
   129.82898103434826,
   472.75705967754544
  ],
  [
   535.017033502405,
   647.6099415426811
  ],
  [
   106.00977363862202,
   293.8982880023238
  ],
  [
   698.1427491895317,
   347.93866102326353
  ],
  [
   959.6252014272281,
   266.66336484173087
  ],
  [
   774.7708435388264,
   327.4071297603613
  ],
  [
   718.5906214811758,
   721.3589661398578
  ],
  [
   376.9442844760086,
   884.4925433204127
  ],
  [
   104.67511862840881,
   556.1254109721123
  ],
  [
   35.42516799723878,
   823.9758506967165
  ],
  [
   673.4441996803264,
   590.5903654968464
  ],
  [
   35.42516799723878,
   35.42516799723878
  ],
  [
   199.58135356111384,
   124.53106463267068
  ],
  [
   425.3963889106976,
   822.5087242143107
  ],
  [
   455.9330252726837,
   966.5748320027612
  ],
  [
   104.44698072886612,
   35.42516799723878
  ],
  [
   206.2032319389062,
   734.6050833752917
  ],
  [
   966.5748320027612,
   112.78850046585465
  ],
  [
   181.02421744510008,
   880.2132887899454
  ],
  [
   931.7690303447306,
   422.3404535145847
  ],
  [
   242.25321350434336,
   35.42516799723878
  ],
  [
   187.96919885754605,
   429.28656896556066
  ],
  [
   487.8147453736367,
   873.8712061347345
  ],
  [
   807.0142820334476,
   947.7591658514879
  ],
  [
   835.258245584057,
   852.4583681603929
  ],
  [
   35.42516799723878,
   263.8384144628167
  ],
  [
   222.37566104005379,
   966.5748320027612
  ],
  [
   815.2787387531517,
   556.8128912037214
  ],
  [
   91.7258343190906,
   783.5501863058759
  ],
  [
   217.53263729268113,
   344.1166326396484
  ],
  [
   238.10876530657532,
   192.3299836770797
  ]
 ]
}