{
 "Object_Radius": 31.295607270217072,
 "Object_Shape": "disc",
 "Workspace_Density": 0.4,
 "Workspace_Height": 1000,
 "Workspace_Width": 1000,
 "number_of_objects": 130,
 "point_list": [
  [
   635.4513786006075,
   966.5748320027612
  ],
  [
   341.6618005785391,
   570.2755887623129
  ],
  [
   419.7375407845633,
   857.6688258701754
  ],
  [
   426.0762775597463,
   966.5748320027612
  ],
  [
   381.3474094016046,
   438.13797441985355
  ],
  [
   618.7437025523411,
   414.6648741370321
  ],
  [
   754.3899177914889,
   549.7247642152911
  ],
  [
   857.9954782305105,
   552.2778479129424
  ],
  [
   330.7490379395731,
   365.2831294355926
  ],
  [
   162.74768919931162,
   885.2535262997844
  ],
  [
   880.2269218976287,
   43.7492214781342
  ],
  [
   740.7112562914551,
   143.30750835527584
  ],
  [
   500.84254267091615,
   743.7060309672702
  ],
  [
   199.86557547501098,
   103.16609266365901
  ],
  [
   704.689578952217,
   966.5748320027612
  ],
  [
   405.3027783431265,
   209.85440588944059
  ],
  [
   373.77538787523815,
   40.80385598858682
  ],
  [
   467.474870276021,
   804.8133232050978
  ],
  [
   404.35074846086746,
   605.6440873827289
  ],
  [
   282.20152527234586,
   835.0931818318815
  ],
  [
   696.3353980965014,
   600.4931441193113
  ],
  [
   605.378830036736,
   899.2208970016266
  ],
  [
   35.42516799723878,
   872.6934061453932
  ],
  [
   495.94509200351314,
   966.5748320027612
  ],
  [
   270.6722966855266,
   425.7139067746046
  ],
  [
   764.7591776927153,
   898.777341259526
  ],
  [
   263.1819369646478,
   748.8936094138799
  ],
  [
   385.92819592057293,
   322.9686432380452
  ],
  [
   193.07194058881484,
   966.5748320027612
  ],
  [
   555.9429873682849,
   302.13228515433434
  ],
  [
   109.76228127017451,
   602.3351038717802
  ],
  [
   181.0800791572065,
   415.2591665788109
  ],
  [
   633.6817692374777,
   523.7636069686574
  ],
  [
   155.46271089078402,
   548.1608879933754
  ],
  [
   235.1257043312097,
   612.9945138945942
  ],
  [
   966.5748320027612,
   360.4494324069893
  ],
  [
   731.21534995128,
   838.6417402702334
  ],
  [
   477.10585866461565,
   336.9368796098016
  ],
  [
   805.4646128811999,
   597.8734776832628
  ],
  [
   141.57855603411573,
   473.77263467493896
  ],
  [
   966.5748320027612,
   966.5748320027612
  ],
  [
   468.04413709937006,
   105.05047278002259
  ],
  [
   269.65486342367933,
   673.0473736145755
  ],
  [
   828.8453751749491,
   777.3641712850371
  ],
  [
   467.5474995427859,
   459.9595084606782
  ],
  [
   335.9147977968202,
   125.87032899210422
  ],
  [
   927.754672385295,
   558.2080538472812
  ],
  [
   821.3668182183302,
   208.3526027624834
  ],
  [
   665.6676768087863,
   863.6172445942376
  ],
  [
   455.2295370271194,
   532.6598154566653
  ],
  [
   505.1928081772094,
   253.74573722383562
  ],
  [
   356.4751917138714,
   825.9560639068503
  ],
  [
   162.47723043382695,
   241.90372815595111
  ],
  [
   35.42516799723878,
   267.0910937783422
  ],
  [
   664.7803454010152,
   665.3751824290331
  ],
  [
   35.42516799723878,
   417.72133488421866
  ],
  [
   35.42516799723878,
   186.47460762478903
  ],
  [
   534.3942833361857,
   836.1166159595605
  ],
  [
   735.5818091376451,
   35.42516799723878
  ],
  [
   97.99047202534295,
   216.9367186641779
  ],
  [
   776.7537106657902,
   966.5748320027612
  ],
  [
   190.77855700809462,
   693.1345321419485
  ],
  [
   35.42516799723878,
   681.2735241384862
  ],
  [
   109.46572919337403,
   294.3869349786961
  ],
  [
   966.5748320027612,
   880.3166595501716
  ],
  [
   35.42516799723878,
   106.83383015301365
  ],
  [
   503.6524670855931,
   184.42743915702604
  ],
  [
   49.952650354830666,
   336.27037562638054
  ],
  [
   35.42516799723878,
   803.810524644754
  ],
  [
   364.6053667259907,
   505.0003012258677
  ],
  [
   103.18535387689168,
   405.164643970188
  ],
  [
   35.42516799723878,
   35.42516799723878
  ],
  [
   966.5748320027612,
   221.45329151175343
  ],
  [
   803.26322346574,
   841.54249296997
  ],
  [
   35.42516799723878,
   536.0597205168225
  ],
  [
   734.0744407164782,
   674.9857547351529
  ],
  [
   106.14813739218914,
   35.42516799723878
  ],
  [
   493.1610667555305,
   894.2524775128653
  ],
  [
   222.40831228605694,
   207.66916387407662
  ],
  [
   437.3826213645943,
   274.9053420420042
  ],
  [
   96.70177745269966,
   909.6169346843251
  ],
  [
   843.442468297178,
   897.5767277252935
  ],
  [
   562.2278572228273,
   372.88870181256283
  ],
  [
   331.4697971306392,
   639.0727273859741
  ],
  [
   943.7295092716532,
   812.7662953853728
  ],
  [
   71.98308705493976,
   476.37854525755836
  ],
  [
   633.2395471662162,
   59.57683410928933
  ],
  [
   589.4568607634708,
   239.73055735556696
  ],
  [
   720.8166019338045,
   770.5102236768225
  ],
  [
   346.3942779772365,
   746.4790999639807
  ],
  [
   512.6767073173378,
   655.8926937828027
  ],
  [
   605.8186159288152,
   821.763693789162
  ],
  [
   277.26529566968196,
   164.95182887754868
  ],
  [
   212.25618608143918,
   833.6546991033481
  ],
  [
   966.5748320027612,
   625.6595080302359
  ],
  [
   966.5748320027612,
   430.2639616754395
  ],
  [
   565.4769494231064,
   42.59607926314608
  ],
  [
   175.9224564731829,
   761.9146129552586
  ],
  [
   151.44851816477572,
   350.89688062094433
  ],
  [
   333.0208894809939,
   953.7663864168412
  ],
  [
   674.5656086284184,
   114.66309590046308
  ],
  [
   438.5230640692248,
   397.48053705488496
  ],
  [
   966.5748320027612,
   718.0738273222288
  ],
  [
   269.9676665009434,
   917.395331597955
  ],
  [
   885.2376177831577,
   345.22279060805175
  ],
  [
   846.3168250914048,
   966.5748320027612
  ],
  [
   176.59053781023275,
   35.42516799723878
  ],
  [
   823.9111044830905,
   708.5349990323751
  ],
  [
   966.5748320027612,
   499.5403031563852
  ],
  [
   875.1197758287761,
   836.3723042528798
  ],
  [
   503.07212118551763,
   583.4317482307682
  ],
  [
   966.5748320027612,
   47.68232159820196
  ],
  [
   245.56123774933062,
   336.7948006043562
  ],
  [
   892.4076302069212,
   150.9162959145369
  ],
  [
   587.4904728456371,
   659.5234275808502
  ],
  [
   294.40190609118196,
   508.15116280317625
  ],
  [
   611.3115719274849,
   594.8513605704175
  ],
  [
   858.7092473499125,
   645.6231964809778
  ],
  [
   219.92745914075428,
   472.3317089273752
  ],
  [
   40.39183717690163,
   609.9027872246969
  ],
  [
   897.6602981811008,
   222.4163794739483
  ],
  [
   966.5748320027612,
   290.52135526009096
  ],
  [
   429.43443416303177,
   740.2144812457776
  ],
  [
   691.6894807574591,
   254.80377405890712
  ],
  [
   571.7748089347639,
   732.40573311439
  ],
  [
   494.48050969788676,
   35.42516799723878
  ],
  [
   224.76582103392886,
   543.9735613527616
  ],
  [
   897.1047272842886,
   421.439577061915
  ],
  [
   564.8721956296233,
   966.5748320027612
  ],
  [
   660.1517807961194,
   737.950233122848
  ]
 ]
}