{
 "Object_Radius": 25.2313252202016,
 "Object_Shape": "disc",
 "Workspace_Density": 0.2,
 "Workspace_Height": 1000,
 "Workspace_Width": 1000,
 "number_of_objects": 100,
 "point_list": [
  [
   743.3294060254226,
   171.24200440458682
  ],
  [
   399.9448290414579,
   263.9699145120448
  ],
  [
   616.5106354708051,
   550.2530598538809
  ],
  [
   855.0123958630626,
   448.5571693056706
  ],
  [
   50.36673934738345,
   697.6221129684053
  ],
  [
   956.7522035448502,
   974.7594217709903
  ],
  [
   202.21620218558664,
   855.1098682082684
  ],
  [
   809.6612060608969,
   818.3743126827261
  ],
  [
   467.88301536634805,
   27.240578229009667
  ],
  [
   862.9621735018735,
   964.4177598794694
  ],
  [
   974.7594217709903,
   833.1642534815924
  ],
  [
   106.76831464575287,
   653.7091042104761
  ],
  [
   75.07823063401919,
   319.91790537392075
  ],
  [
   627.1078150911945,
   82.45700524041142
  ],
  [
   349.64693926579326,
   533.8092451690644
  ],
  [
   974.7594217709903,
   539.8193730159172
  ],
  [
   400.8866614092651,
   468.0031808136384
  ],
  [
   117.19152861113702,
   790.2484735641394
  ],
  [
   656.741972039673,
   417.94920759703564
  ],
  [
   755.8019972337039,
   549.705561891826
  ],
  [
   690.5317244986302,
   27.240578229009667
  ],
  [
   378.7128841159726,
   705.0154447259137
  ],
  [
   820.426648582136,
   33.834219517206236
  ],
  [
   757.1656302749997,
   974.7594217709903
  ],
  [
   55.0738167784565,
   635.0827556362799
  ],
  [
   74.02001974529355,
   76.5467519877951
  ],
  [
   462.16557341691134,
   275.8103075776376
  ],
  [
   323.6012958537488,
   770.0382270000899
  ],
  [
   487.7489167900184,
   522.9360618823696
  ],
  [
   409.90966148702273,
   799.6402659088325
  ],
  [
   686.8350240408201,
   79.59732114217442
  ],
  [
   635.2333073833745,
   816.3447692737946
  ],
  [
   107.44135668759891,
   214.1616383620264
  ],
  [
   902.7826385466501,
   727.9335887469965
  ],
  [
   304.4043385566643,
   685.1517345510937
  ],
  [
   527.1297848111429,
   242.98598550574457
  ],
  [
   738.2191273872693,
   229.25998581634664
  ],
  [
   343.29327884068795,
   41.781696936019316
  ],
  [
   417.8881884133924,
   415.09521781602444
  ],
  [
   526.1017953574769,
   27.240578229009667
  ],
  [
   974.7594217709903,
   675.3534669483688
  ],
  [
   180.4698627327217,
   717.7794106802778
  ],
  [
   614.443241913717,
   218.31009457340045
  ],
  [
   723.6530490348556,
   906.0896416346036
  ],
  [
   230.75168678404566,
   906.1770533443507
  ],
  [
   27.240578229009667,
   818.6770376081033
  ],
  [
   165.88883975690268,
   127.78513820536087
  ],
  [
   416.1900599110444,
   649.4339684971475
  ],
  [
   512.5195020419558,
   422.62391534240606
  ],
  [
   250.38093318897182,
   727.8358682535714
  ],
  [
   212.32940549419433,
   258.07658744346764
  ],
  [
   802.9267481755046,
   150.5250115488499
  ],
  [
   860.6063393548038,
   878.6631721381792
  ],
  [
   855.4157073224452,
   99.08433098013634
  ],
  [
   174.00463476205462,
   27.240578229009667
  ],
  [
   948.0149696070966,
   227.25438215317172
  ],
  [
   609.1722794893062,
   709.5886748437196
  ],
  [
   782.6620820245026,
   604.9523937476295
  ],
  [
   811.2378547132778,
   974.7594217709903
  ],
  [
   27.240578229009667,
   482.8035870225771
  ],
  [
   667.9940763299907,
   325.488128561901
  ],
  [
   736.9610875716226,
   500.7229955581289
  ],
  [
   974.7594217709903,
   925.4516839684311
  ],
  [
   272.0328332870343,
   939.7736283145824
  ],
  [
   375.18487229736155,
   760.2592996421238
  ],
  [
   972.8852524824936,
   618.9398178923689
  ],
  [
   902.4465119445559,
   839.832310422047
  ],
  [
   548.3058458004596,
   186.86209118940138
  ],
  [
   355.5827433268022,
   894.336454804364
  ],
  [
   513.4263390341049,
   737.6552555083097
  ],
  [
   837.9602479042529,
   684.6491788616414
  ],
  [
   205.4561147781803,
   93.21483811688618
  ],
  [
   204.20416746360652,
   166.51780367315564
  ],
  [
   473.26530570752016,
   183.5274692297529
  ],
  [
   896.1661673813825,
   146.86428791445744
  ],
  [
   27.240578229009667,
   872.2259808682977
  ],
  [
   909.4336714916941,
   450.1038934615868
  ],
  [
   597.1484344863032,
   394.81172592772725
  ],
  [
   147.9037778785955,
   853.8894097752943
  ],
  [
   676.5154489313552,
   535.4532208245363
  ],
  [
   435.77752356547774,
   69.22752509002925
  ],
  [
   763.0988608231553,
   744.2954724891507
  ],
  [
   719.9476853543867,
   302.4517398444232
  ],
  [
   114.13469017011546,
   571.5426584203237
  ],
  [
   180.35517793067214,
   307.51134490145137
  ],
  [
   702.7568785586809,
   581.018145993334
  ],
  [
   700.3536570266014,
   649.3247263567827
  ],
  [
   798.3591910353977,
   95.75291377849382
  ],
  [
   752.9867617438755,
   649.3251920458719
  ],
  [
   351.03443323657416,
   171.29494442181775
  ],
  [
   62.63022402022171,
   974.7594217709903
  ],
  [
   818.9935570494977,
   523.6120336385552
  ],
  [
   725.5526468130712,
   449.49682281685824
  ],
  [
   111.60788742242923,
   127.61007303806906
  ],
  [
   110.4907845853447,
   900.3128633213838
  ],
  [
   278.78769016734907,
   180.00317108942215
  ],
  [
   161.31479907161582,
   514.3958161791306
  ],
  [
   661.7717636973051,
   713.298109544769
  ],
  [
   27.240578229009667,
   428.5937743289841
  ],
  [
   27.240578229009667,
   27.240578229009667
  ]
 ]
}