{
 "Object_Radius": 25.2313252202016,
 "Object_Shape": "disc",
 "Workspace_Density": 0.2,
 "Workspace_Height": 1000,
 "Workspace_Width": 1000,
 "number_of_objects": 100,
 "point_list": [
  [
   86.73320595989327,
   285.6139316556817
  ],
  [
   239.3884604774396,
   74.01937689178374
  ],
  [
   172.50873112460312,
   357.61202660718163
  ],
  [
   139.03641215860222,
   582.7212397468379
  ],
  [
   238.6852766117521,
   604.9014880672615
  ],
  [
   621.4015246403927,
   390.26223319008614
  ],
  [
   608.2010062481909,
   557.0298105874912
  ],
  [
   262.98205123048257,
   822.4690299311875
  ],
  [
   691.7432299362001,
   846.0900039836189
  ],
  [
   387.55892386582724,
   605.4562175206531
  ],
  [
   840.6350315518812,
   491.956002222136
  ],
  [
   801.3259237415305,
   682.1514831892482
  ],
  [
   726.9531126326914,
   250.71473162436186
  ],
  [
   130.97315764920995,
   445.204714966829
  ],
  [
   207.44329153712528,
   725.8129136171863
  ],
  [
   27.240578229009667,
   535.6223029624181
  ],
  [
   940.9011015520828,
   847.1967213371081
  ],
  [
   121.06047052833968,
   531.5816664913078
  ],
  [
   835.689869041929,
   90.01971458802768
  ],
  [
   327.69269617942007,
   594.3536703691784
  ],
  [
   613.9525556297127,
   27.240578229009667
  ],
  [
   853.8559578918824,
   680.0338816522934
  ],
  [
   498.07801919587246,
   279.1266419311144
  ],
  [
   398.3063587117846,
   502.0779682029464
  ],
  [
   421.833165083437,
   253.33378369366469
  ],
  [
   440.1321157922898,
   735.0317536544037
  ],
  [
   314.0003099379393,
   299.13136513532294
  ],
  [
   27.240578229009667,
   135.48063685869226
  ],
  [
   974.7594217709903,
   745.0909230577632
  ],
  [
   680.8403411186881,
   932.0073890742622
  ],
  [
   824.8570202015543,
   785.2045227786253
  ],
  [
   31.977275443623608,
   188.7047875464175
  ],
  [
   535.7856310461294,
   416.8302326643737
  ],
  [
   974.7594217709903,
   27.240578229009667
  ],
  [
   651.6972072547608,
   880.8569102472602
  ],
  [
   750.8178654050968,
   845.9029429431143
  ],
  [
   478.1957872042858,
   381.22699024379057
  ],
  [
   649.1258171868694,
   675.0183294640785
  ],
  [
   87.60400978320072,
   878.6490677908141
  ],
  [
   561.7634933813735,
   762.086435654331
  ],
  [
   471.6363965039138,
   506.88892159775395
  ],
  [
   236.3849441949593,
   421.30155596789456
  ],
  [
   182.94487857234915,
   427.34461421203173
  ],
  [
   279.9724299090363,
   572.502698564568
  ],
  [
   94.5112032175595,
   769.8301813372193
  ],
  [
   529.3232258400395,
   116.94162646299866
  ],
  [
   763.0017290423365,
   789.4737789986453
  ],
  [
   961.7919328610092,
   211.65779419078189
  ],
  [
   229.50555938090693,
   974.7594217709903
  ],
  [
   898.5178355952538,
   762.8101528346941
  ],
  [
   161.0241218121793,
   660.9810815626647
  ],
  [
   391.9900525371789,
   85.64132619274822
  ],
  [
   373.65772305475866,
   714.9003521876527
  ],
  [
   427.8336546458425,
   190.53580230738078
  ],
  [
   128.80115568300693,
   911.6188757056032
  ],
  [
   520.6867269339167,
   196.16312719446105
  ],
  [
   713.6320513397137,
   617.3238074317369
  ],
  [
   106.08922129450349,
   624.3466218147563
  ],
  [
   879.0611262686305,
   386.5921524613476
  ],
  [
   788.9882155842737,
   438.83408357812203
  ],
  [
   780.8445906578426,
   935.7464841917349
  ],
  [
   78.14380921654738,
   420.5143035532132
  ],
  [
   370.32862443530456,
   452.72354394486104
  ],
  [
   238.4674461294917,
   223.14685764672245
  ],
  [
   97.80920026353861,
   338.0776238705449
  ],
  [
   827.6104812657687,
   553.6284198569236
  ],
  [
   574.9393577271501,
   837.9839750705322
  ],
  [
   661.1576066582561,
   603.0478004216574
  ],
  [
   709.555178429645,
   794.8379851850559
  ],
  [
   182.4910631436397,
   232.5581716630269
  ],
  [
   594.0530726029093,
   608.917157857515
  ],
  [
   974.7594217709903,
   655.2633192848488
  ],
  [
   449.22876057201955,
   962.4868982874451
  ],
  [
   729.275805644016,
   911.189822969781
  ],
  [
   476.09152839504054,
   27.240578229009667
  ],
  [
   277.80208623058195,
   454.38544506946954
  ],
  [
   143.21947351834567,
   70.1673682029862
  ],
  [
   754.7276073241842,
   582.5265862515438
  ],
  [
   880.9358198892351,
   272.2124172898017
  ],
  [
   623.4556099258574,
   110.41505752234958
  ],
  [
   27.240578229009667,
   971.3088767580414
  ],
  [
   27.240578229009667,
   406.9911804757726
  ],
  [
   604.6130566859157,
   284.8078531950631
  ],
  [
   501.7015254747685,
   948.9513138736635
  ],
  [
   82.27666352908591,
   232.9068634134289
  ],
  [
   109.58832461896148,
   714.3445673411572
  ],
  [
   224.9987651171301,
   483.52642654503046
  ],
  [
   290.5710934276557,
   674.3745350117557
  ],
  [
   382.44508701488263,
   552.259176381437
  ],
  [
   822.5890342848296,
   874.1525621287602
  ],
  [
   52.8737562831354,
   62.322145708546216
  ],
  [
   624.8104961893862,
   203.93931655111209
  ],
  [
   748.1382544256288,
   524.7019503319876
  ],
  [
   266.95710400884474,
   349.4733228452699
  ],
  [
   276.59714331566795,
   948.8986189287999
  ],
  [
   332.7135877242191,
   164.48911485448153
  ],
  [
   588.2033749802744,
   972.6230123718395
  ],
  [
   186.09359701608724,
   607.3741294073681
  ],
  [
   238.7247946113179,
   682.512905960005
  ],
  [
   529.7134368756094,
   605.2540742100957
  ]
 ]
}