{
 "Object_Radius": 25.2313252202016,
 "Object_Shape": "disc",
 "Workspace_Density": 0.2,
 "Workspace_Height": 1000,
 "Workspace_Width": 1000,
 "number_of_objects": 100,
 "point_list": [
  [
   700.2699349932685,
   206.15116134507966
  ],
  [
   257.2163063351814,
   632.3556534065498
  ],
  [
   312.0310393264812,
   484.95141619339466
  ],
  [
   94.48005196350229,
   489.0115091754832
  ],
  [
   922.4836065162428,
   815.5787567960352
  ],
  [
   195.1598268015331,
   71.47701334658596
  ],
  [
   828.7775447355405,
   259.5151842294439
  ],
  [
   519.9857690505239,
   746.2519039746802
  ],
  [
   897.228748559009,
   111.70440114944083
  ],
  [
   236.02961018446655,
   301.5086608617533
  ],
  [
   521.4197662362102,
   206.27413859106142
  ],
  [
   431.2877404879142,
   757.8970098528345
  ],
  [
   480.22887514202756,
   812.3003001254227
  ],
  [
   413.3053989374088,
   198.1158442221124
  ],
  [
   882.4005605869718,
   168.03382325855094
  ],
  [
   819.5011104951631,
   917.5821400171297
  ],
  [
   47.27913472707912,
   556.3619769501184
  ],
  [
   573.5526003694018,
   617.9711231314382
  ],
  [
   725.2851635127188,
   334.1703863188832
  ],
  [
   789.7902761837234,
   481.9788026354152
  ],
  [
   682.0959038827735,
   974.7594217709903
  ],
  [
   783.3360115734225,
   381.4746652462546
  ],
  [
   921.4409943069678,
   365.6029936711753
  ],
  [
   219.8953488106088,
   249.02770050162607
  ],
  [
   848.4353316002561,
   800.5873492741757
  ],
  [
   974.7594217709903,
   922.2782705560822
  ],
  [
   57.192961042755954,
   95.08132158469506
  ],
  [
   67.75435769645355,
   974.7594217709903
  ],
  [
   471.5147386770248,
   720.6348120134173
  ],
  [
   780.6107979314013,
   70.30937468772858
  ],
  [
   878.332606585314,
   880.1295414721282
  ],
  [
   109.05071343766312,
   565.7975757584185
  ],
  [
   589.8330024202315,
   671.3535966765021
  ],
  [
   715.3242157349772,
   27.240578229009667
  ],
  [
   251.6314072697284,
   974.7594217709903
  ],
  [
   359.45510718151513,
   202.93241601289637
  ],
  [
   276.3480714091171,
   121.73250858586448
  ],
  [
   786.7772742055303,
   327.49952909310935
  ],
  [
   418.3684242843467,
   301.46730083497374
  ],
  [
   642.8042856864688,
   528.7102010812175
  ],
  [
   641.2801281679281,
   831.737246073733
  ],
  [
   775.8669741028514,
   612.7589483171078
  ],
  [
   488.6117024328958,
   78.86305872636389
  ],
  [
   879.0086484633865,
   751.8023938086193
  ],
  [
   431.01772483972485,
   122.69401970770582
  ],
  [
   865.8745011155606,
   632.3893934329844
  ],
  [
   466.5823285436961,
   198.3571825434263
  ],
  [
   411.00906736197373,
   671.8940099403857
  ],
  [
   533.6642523758558,
   656.489112122608
  ],
  [
   132.60823769039413,
   634.9927472281515
  ],
  [
   555.3416692299326,
   839.9093063093127
  ],
  [
   912.6065059434412,
   974.7594217709903
  ],
  [
   783.7772097836253,
   160.87745733091697
  ],
  [
   769.4457057736781,
   433.3115612907185
  ],
  [
   175.21780109503393,
   158.68079750283226
  ],
  [
   528.3660947529156,
   381.59477797494924
  ],
  [
   765.7629915866368,
   279.00207897898997
  ],
  [
   157.5259743602997,
   249.3354892510771
  ],
  [
   565.0736394715495,
   563.7105183346514
  ],
  [
   635.8880298094039,
   728.4956473645799
  ],
  [
   71.28417542579213,
   314.2618935532987
  ],
  [
   374.9203968520532,
   126.91112135858842
  ],
  [
   853.4193750409809,
   968.1241350287564
  ],
  [
   81.03991487583959,
   395.7465672496689
  ],
  [
   942.7388956738989,
   154.94725703267866
  ],
  [
   701.3842923928174,
   812.5423120302157
  ],
  [
   305.3929150935541,
   667.8010015527663
  ],
  [
   459.1072154295984,
   866.3788191306878
  ],
  [
   928.8816153028639,
   896.0994424503173
  ],
  [
   108.95003821601901,
   27.240578229009667
  ],
  [
   633.5959214402558,
   168.19725339144927
  ],
  [
   840.093747554726,
   67.70845843198359
  ],
  [
   565.4665998506412,
   718.5315845036125
  ],
  [
   503.5439413777998,
   27.240578229009667
  ],
  [
   160.5398596648452,
   858.3605697299702
  ],
  [
   677.6085033283542,
   260.2849718300213
  ],
  [
   611.151905809683,
   879.1243316094502
  ],
  [
   946.8274399204711,
   231.21425147936557
  ],
  [
   77.21009764692424,
   723.9685978253749
  ],
  [
   406.4706464770188,
   432.7442149842018
  ],
  [
   237.71412958290028,
   825.0772934875564
  ],
  [
   198.8266873459671,
   464.8369862138028
  ],
  [
   480.3367792610486,
   652.4423753659099
  ],
  [
   153.0890943398461,
   416.7783548185765
  ],
  [
   825.3611178938355,
   855.5924498261995
  ],
  [
   560.1064482940583,
   911.7441131007197
  ],
  [
   974.7594217709903,
   792.2122578012663
  ],
  [
   108.6661139627472,
   273.3308008365999
  ],
  [
   372.366337535466,
   268.21824652400795
  ],
  [
   595.0615598193767,
   27.240578229009667
  ],
  [
   219.2801871346345,
   930.7608970592106
  ],
  [
   157.41090295242992,
   681.7721590508595
  ],
  [
   974.7594217709903,
   383.8395473814064
  ],
  [
   974.7594217709903,
   974.7594217709903
  ],
  [
   294.07733854811346,
   902.1285453780058
  ],
  [
   556.2909242115404,
   144.02862019429477
  ],
  [
   231.8890541402913,
   878.7412427051934
  ],
  [
   656.9802012039588,
   780.7046847686605
  ],
  [
   840.8741667786543,
   501.16419607821314
  ],
  [
   473.148722124909,
   277.41306589685587
  ]
 ]
}