{
 "Object_Radius": 25.2313252202016,
 "Object_Shape": "disc",
 "Workspace_Density": 0.2,
 "Workspace_Height": 1000,
 "Workspace_Width": 1000,
 "number_of_objects": 100,
 "point_list": [
  [
   437.4686578384643,
   920.0937290446741
  ],
  [
   391.2538139516004,
   105.01197628784419
  ],
  [
   553.7322852305518,
   705.8108625396809
  ],
  [
   98.32725347198262,
   173.74951337505783
  ],
  [
   785.097332856222,
   27.240578229009667
  ],
  [
   650.4912123339259,
   27.240578229009667
  ],
  [
   387.7515659310856,
   451.97301902024975
  ],
  [
   158.90464006231412,
   840.5008897288193
  ],
  [
   890.3297321782808,
   546.9401851657675
  ],
  [
   399.6148396320393,
   721.0089658784166
  ],
  [
   718.4871699269335,
   510.0868683621255
  ],
  [
   729.0241669738859,
   235.69296635787197
  ],
  [
   435.8090674476103,
   601.3177215784929
  ],
  [
   389.29406395734026,
   290.5004440222222
  ],
  [
   649.9520578652059,
   454.55672110875355
  ],
  [
   852.6760743396878,
   367.47055819875624
  ],
  [
   971.0334766667648,
   51.990706513209695
  ],
  [
   106.0379841590452,
   655.9915352278434
  ],
  [
   624.0102445532141,
   743.237819315632
  ],
  [
   441.5613921856617,
   134.345998951249
  ],
  [
   572.493519633932,
   358.3504799325319
  ],
  [
   380.06127234529464,
   919.6731009983839
  ],
  [
   949.3413113630384,
   741.3911996255443
  ],
  [
   209.90011433437917,
   779.7950311123171
  ],
  [
   857.2413708458957,
   247.44591852502384
  ],
  [
   532.9783258057836,
   574.4397056309047
  ],
  [
   55.8924624379595,
   437.0719059591947
  ],
  [
   883.8087528711267,
   322.8437055415339
  ],
  [
   867.2455702479347,
   938.6728342686255
  ],
  [
   63.14159173374543,
   215.90793140963103
  ],
  [
   300.3423332997801,
   671.7930681614563
  ],
  [
   360.2996660698482,
   222.01356375129265
  ],
  [
   273.6360426160621,
   170.44127811042097
  ],
  [
   628.2715263294558,
   290.6940220793279
  ],
  [
   527.2389552349841,
   454.5384886142665
  ],
  [
   279.3208682698167,
   864.5502466641807
  ],
  [
   626.6934635644291,
   857.8829221611992
  ],
  [
   705.4507878646325,
   587.6144400276198
  ],
  [
   435.43834821678877,
   682.5002121893014
  ],
  [
   519.2150261002735,
   245.82243402958483
  ],
  [
   904.8403541221223,
   200.63409657146033
  ],
  [
   674.4914231156041,
   352.5915990073759
  ],
  [
   648.3296485280063,
   228.01390883893646
  ],
  [
   974.7594217709903,
   497.40808207493745
  ],
  [
   419.88585621594814,
   337.0144840333183
  ],
  [
   348.65923124203545,
   602.8986568618038
  ],
  [
   542.6765961012471,
   762.9029531996367
  ],
  [
   819.2778692616989,
   907.0677044699821
  ],
  [
   696.7825571725891,
   410.7454589145504
  ],
  [
   604.1932567623905,
   541.1386335131559
  ],
  [
   832.1899906165374,
   134.78081910426675
  ],
  [
   968.0355143868713,
   362.89413722081497
  ],
  [
   407.3756348241158,
   972.1563129185108
  ],
  [
   27.240578229009667,
   603.2957527627345
  ],
  [
   319.4960821397748,
   27.240578229009667
  ],
  [
   50.051603455847484,
   518.3741479151822
  ],
  [
   358.4711962093406,
   754.3952021700973
  ],
  [
   578.2515844372804,
   833.2877789528188
  ],
  [
   27.240578229009667,
   27.240578229009667
  ],
  [
   120.73587444891064,
   251.82197204239054
  ],
  [
   706.6951321730905,
   310.03203572995915
  ],
  [
   207.07493938884443,
   355.07346827342496
  ],
  [
   253.62269564287277,
   740.9074788689891
  ],
  [
   222.1172265992814,
   119.6974559222487
  ],
  [
   608.066180696365,
   960.5732193484419
  ],
  [
   937.6234248890715,
   839.7420992994714
  ],
  [
   238.51039970895002,
   27.240578229009667
  ],
  [
   322.0234468917009,
   80.33937623948736
  ],
  [
   84.2651927054403,
   787.6027198371959
  ],
  [
   895.9817896226443,
   609.187041970304
  ],
  [
   98.06137506088555,
   27.240578229009667
  ],
  [
   115.64844683011921,
   500.98598155605487
  ],
  [
   780.1846591441233,
   870.7665152925796
  ],
  [
   974.7594217709903,
   944.5405573029449
  ],
  [
   932.7579755395977,
   119.92417175483449
  ],
  [
   939.5601174610906,
   242.63669681749383
  ],
  [
   493.70340554523887,
   855.6830049927851
  ],
  [
   476.77348329821143,
   638.3352758230037
  ],
  [
   56.243223662500434,
   70.97978020695805
  ],
  [
   168.79080545881482,
   315.7170473468453
  ],
  [
   803.3488867448178,
   974.7594217709903
  ],
  [
   859.92669515047,
   847.8378496414665
  ],
  [
   183.4995679171898,
   493.53700726387206
  ],
  [
   153.77055965019784,
   135.39705374622827
  ],
  [
   315.5793245269334,
   814.2846457909772
  ],
  [
   463.5007087951758,
   255.18230214862393
  ],
  [
   931.8320962684764,
   974.7594217709903
  ],
  [
   702.8740892331499,
   906.2578517864154
  ],
  [
   27.240578229009667,
   929.9688328624329
  ],
  [
   247.3917384626724,
   816.900729169758
  ],
  [
   285.44929838053133,
   585.1349747134259
  ],
  [
   197.1358280487968,
   441.669156559318
  ],
  [
   682.0229389576318,
   809.1955685156172
  ],
  [
   185.83846046872338,
   179.61009460956424
  ],
  [
   455.0856965263518,
   50.08830375740758
  ],
  [
   553.431854531461,
   974.7594217709903
  ],
  [
   514.729902264475,
   515.3236379385122
  ],
  [
   693.7089854344765,
   710.0468633330793
  ],
  [
   171.20655702028105,
   232.12486086316943
  ],
  [
   401.5567391375691,
   504.0815779885025
  ]
 ]
}