{
 "Object_Radius": 56.41895835477563,
 "Object_Shape": "disc",
 "Workspace_Density": 0.4,
 "Workspace_Height": 1000,
 "Workspace_Width": 1000,
 "number_of_objects": 40,
 "point_list": [
  [
   694.2971656552679,
   916.3280390798386
  ],
  [
   422.6018189868669,
   904.7306852427872
  ],
  [
   824.6299990826556,
   308.065278967487
  ],
  [
   59.67571668896666,
   521.9863174133009
  ],
  [
   159.37958207170678,
   764.7732071141411
  ],
  [
   694.5141058260916,
   564.7869494381569
  ],
  [
   136.51838355651168,
   432.8061411273712
  ],
  [
   418.410437246875,
   413.52607288465026
  ],
  [
   129.6011646781715,
   934.622342489416
  ],
  [
   590.7028955313571,
   860.3959765503939
  ],
  [
   470.739081900456,
   524.1998116826965
  ],
  [
   933.6193224357427,
   647.5199721161155
  ],
  [
   473.414801379518,
   116.09852630116194
  ],
  [
   334.4776425812131,
   290.51216865195386
  ],
  [
   718.4946726913618,
   427.662032426318
  ],
  [
   851.8789488259793,
   427.9786728993869
  ],
  [
   838.2036773532706,
   568.6327695897368
  ],
  [
   598.1060498574296,
   695.228900163933
  ],
  [
   59.67571668896666,
   640.4280169716467
  ],
  [
   933.0660904281624,
   937.9100086260065
  ],
  [
   59.67571668896666,
   179.0110227163498
  ],
  [
   109.08046001050835,
   68.33428530601225
  ],
  [
   381.4761779495916,
   639.7742168666871
  ],
  [
   544.832933653259,
   279.1259501526767
  ],
  [
   436.8631230532462,
   233.14904290837632
  ],
  [
   316.2764278558022,
   777.3746455647772
  ],
  [
   287.2663688492615,
   523.5160697992465
  ],
  [
   622.0652483956535,
   188.02831065199445
  ],
  [
   80.02886426566431,
   300.52770782106154
  ],
  [
   942.3242833110334,
   59.67571668896666
  ],
  [
   309.68668912883754,
   74.33706261930413
  ],
  [
   767.7324250156117,
   201.01639619228402
  ],
  [
   942.3242833110334,
   293.7855525036193
  ],
  [
   806.4737304994333,
   845.1265943350821
  ],
  [
   608.1316525994132,
   380.0310931551727
  ],
  [
   209.15925735202256,
   174.5313326261775
  ],
  [
   698.4234996506412,
   59.67571668896666
  ],
  [
   833.4089803978183,
   103.6924805418364
  ],
  [
   199.41953150563262,
   333.58402507191846
  ],
  [
   703.9845883085557,
   763.1875818090194
  ]
 ]
}