{
 "Object_Radius": 56.41895835477563,
 "Object_Shape": "disc",
 "Workspace_Density": 0.4,
 "Workspace_Height": 1000,
 "Workspace_Width": 1000,
 "number_of_objects": 40,
 "point_list": [
  [
   282.8731131113397,
   821.3019078847464
  ],
  [
   59.67571668896666,
   294.39067338829756
  ],
  [
   432.56480282989287,
   59.67571668896666
  ],
  [
   181.56679781255843,
   59.67571668896666
  ],
  [
   626.9327849227525,
   59.67571668896666
  ],
  [
   872.4081521753257,
   142.7016521484631
  ],
  [
   383.16330974663555,
   942.3242833110334
  ],
  [
   250.09545504119572,
   942.3242833110334
  ],
  [
   711.3876960050026,
   528.8950389528136
  ],
  [
   698.0097746122113,
   650.2930464928725
  ],
  [
   59.67571668896666,
   59.67571668896666
  ],
  [
   942.3242833110334,
   740.8171257872083
  ],
  [
   306.625351015135,
   634.5052477255734
  ],
  [
   709.5194008115537,
   411.5584903685658
  ],
  [
   921.855548914813,
   942.3242833110334
  ],
  [
   59.67571668896666,
   177.02781914800096
  ],
  [
   938.3099214838154,
   611.9652511102988
  ],
  [
   488.35874652494294,
   731.4444091604961
  ],
  [
   568.396201297395,
   230.32699014065506
  ],
  [
   59.67571668896666,
   529.1003599607491
  ],
  [
   942.3242833110334,
   353.31643765060073
  ],
  [
   660.6151090020212,
   770.1545413028501
  ],
  [
   244.00038448851578,
   449.8419310077568
  ],
  [
   844.1749451232808,
   519.3658832558357
  ],
  [
   59.67571668896666,
   880.4012432915456
  ],
  [
   59.67571668896666,
   735.8996942514716
  ],
  [
   197.03365216057253,
   337.8037711169597
  ],
  [
   353.5291404803319,
   512.7342613943456
  ],
  [
   540.8024049382875,
   847.0085317289064
  ],
  [
   586.1151303402145,
   540.8605547076836
  ],
  [
   480.07239274222815,
   591.8214823713582
  ],
  [
   323.1326810488069,
   244.63555632774595
  ],
  [
   303.10312945881856,
   59.67571668896666
  ],
  [
   129.03044047718708,
   633.8950462734123
  ],
  [
   221.47918417475617,
   172.61450942766714
  ],
  [
   484.29229405955647,
   440.43891875114
  ],
  [
   800.8885308735265,
   709.2273398272383
  ],
  [
   59.67571668896666,
   411.74460382734713
  ],
  [
   780.9104293651427,
   942.3242833110334
  ],
  [
   821.051990676701,
   353.0943443449284
  ]
 ]
}