{
 "Object_Radius": 56.41895835477563,
 "Object_Shape": "disc",
 "Workspace_Density": 0.4,
 "Workspace_Height": 1000,
 "Workspace_Width": 1000,
 "number_of_objects": 40,
 "point_list": [
  [
   147.63448647298654,
   931.7884565355872
  ],
  [
   836.935420243449,
   698.4540089833641
  ],
  [
   881.8369774417555,
   59.67571668896666
  ],
  [
   264.6630665050325,
   942.3242833110334
  ],
  [
   912.6358041480804,
   572.7579522462693
  ],
  [
   473.8953219721883,
   368.5113218296655
  ],
  [
   616.7352227050349,
   942.3242833110334
  ],
  [
   689.4550163350456,
   757.5009986047834
  ],
  [
   522.7504382595585,
   59.67571668896666
  ],
  [
   481.45691422527113,
   237.1093754168891
  ],
  [
   405.39784345149843,
   59.67571668896666
  ],
  [
   762.9842616017421,
   59.67571668896666
  ],
  [
   59.67571668896666,
   96.37222165667461
  ],
  [
   184.4960181008422,
   380.3817154906489
  ],
  [
   837.9815740649453,
   887.2417042431077
  ],
  [
   288.044197788352,
   59.67571668896666
  ],
  [
   714.6935928860053,
   422.8556758568138
  ],
  [
   638.0361569275152,
   645.786029549576
  ],
  [
   122.67415367288164,
   218.3174719418713
  ],
  [
   519.4675170425228,
   584.1241632812615
  ],
  [
   499.3836609232745,
   942.3242833110334
  ],
  [
   382.0322276431734,
   942.3242833110334
  ],
  [
   840.974488100538,
   455.2542546226738
  ],
  [
   180.10405438610522,
   114.88961145994527
  ],
  [
   239.2173513879358,
   244.6156940387936
  ],
  [
   341.913825563784,
   168.40313660730232
  ],
  [
   59.67571668896666,
   419.1477770714595
  ],
  [
   680.7274883385915,
   184.63176406423156
  ],
  [
   66.52700162629598,
   736.4389106816301
  ],
  [
   628.5314640703488,
   309.27472960872444
  ],
  [
   82.19296741222001,
   609.184803579299
  ],
  [
   59.67571668896666,
   853.9486501157996
  ],
  [
   640.1022460654497,
   59.67571668896666
  ],
  [
   296.126714864664,
   773.8572268681941
  ],
  [
   703.1576105191054,
   543.7893245964312
  ],
  [
   178.67617043714014,
   791.3366393940746
  ],
  [
   734.1832628284722,
   942.3242833110334
  ],
  [
   150.1801387747798,
   512.06230739533
  ],
  [
   459.41128224976774,
   781.6018220467142
  ],
  [
   942.3242833110334,
   942.3242833110334
  ]
 ]
}