{
 "Object_Radius": 56.41895835477563,
 "Object_Shape": "disc",
 "Workspace_Density": 0.4,
 "Workspace_Height": 1000,
 "Workspace_Width": 1000,
 "number_of_objects": 40,
 "point_list": [
  [
   59.67571668896666,
   59.67571668896666
  ],
  [
   574.648549146734,
   144.3662500372034
  ],
  [
   80.2390991057405,
   601.6716520107198
  ],
  [
   489.7995091415804,
   366.6876515508156
  ],
  [
   650.581173315942,
   597.8972070457628
  ],
  [
   469.40886056361353,
   762.3098226818319
  ],
  [
   847.9916399230646,
   606.9644781512062
  ],
  [
   493.3588748567753,
   59.67571668896666
  ],
  [
   59.67571668896666,
   182.89202915982116
  ],
  [
   643.8728234053801,
   738.6489420188436
  ],
  [
   942.3242833110334,
   502.54843560988127
  ],
  [
   942.3242833110334,
   278.0741100477398
  ],
  [
   409.7262301865157,
   656.3058774328175
  ],
  [
   119.21125200784032,
   287.3130640749913
  ],
  [
   493.80379722828843,
   924.7443522420324
  ],
  [
   942.3242833110334,
   59.67571668896666
  ],
  [
   735.3862757568915,
   150.44989665517235
  ],
  [
   352.10924309570174,
   59.67571668896666
  ],
  [
   676.4001892596422,
   459.765206240399
  ],
  [
   942.3242833110334,
   793.4938201123304
  ],
  [
   326.9769363804285,
   555.390279983254
  ],
  [
   59.67571668896666,
   469.60121521667395
  ],
  [
   563.4593049595029,
   513.9988096818846
  ],
  [
   526.2412410568023,
   642.0502283109643
  ],
  [
   360.3898071691681,
   194.16066250689974
  ],
  [
   617.9222156568009,
   357.75257651022275
  ],
  [
   553.3067053863825,
   259.7897234698647
  ],
  [
   658.7337260185651,
   59.67571668896666
  ],
  [
   185.37667732494964,
   942.3242833110334
  ],
  [
   59.67571668896666,
   942.3242833110334
  ],
  [
   311.4101157159624,
   793.6474830307594
  ],
  [
   942.3242833110334,
   942.3242833110334
  ],
  [
   874.3527398525958,
   380.87713169273
  ],
  [
   120.52938935481616,
   806.148174652636
  ],
  [
   785.508262982975,
   503.7500672390952
  ],
  [
   205.2845113297547,
   571.0043931604171
  ],
  [
   244.54441356008084,
   688.047934564557
  ],
  [
   762.9704651415966,
   687.8732153041924
  ],
  [
   821.765265731016,
   59.67571668896666
  ],
  [
   303.7389168444964,
   918.5025309697392
  ]
 ]
}