{
 "Object_Radius": 48.860251190292,
 "Object_Shape": "disc",
 "Workspace_Density": 0.6,
 "Workspace_Height": 1000,
 "Workspace_Width": 1000,
 "number_of_objects": 80,
 "point_list": [
  [
   807.8755267391919,
   359.4725850215137
  ],
  [
   950.1853387620963,
   51.81466123790368
  ],
  [
   482.7038438282409,
   733.0346410647435
  ],
  [
   770.2017999951687,
   529.6973386736134
  ],
  [
   358.79720826987807,
   367.6786707186262
  ],
  [
   599.6884917041092,
   535.0585086882733
  ],
  [
   255.59724794504427,
   552.0083977293265
  ],
  [
   339.91365897178133,
   51.81466123790368
  ],
  [
   451.09035410955045,
   950.1853387620963
  ],
  [
   66.50996823571573,
   51.81466123790368
  ],
  [
   543.2136622574035,
   51.81466123790368
  ],
  [
   865.4118537774028,
   566.9650472148903
  ],
  [
   950.1853387620963,
   950.1853387620963
  ],
  [
   221.96604583337722,
   391.5287249325107
  ],
  [
   441.5787453864299,
   51.81466123790368
  ],
  [
   150.54091224321982,
   569.032254042224
  ],
  [
   746.4721890765992,
   51.81466123790368
  ],
  [
   438.73978776071306,
   576.92405066501
  ],
  [
   833.8558443539076,
   155.29485917681973
  ],
  [
   505.49783952061694,
   496.85683403005544
  ],
  [
   950.1575562228669,
   739.0867433083561
  ],
  [
   769.83495301285,
   264.0747509605759
  ],
  [
   950.1853385508582,
   841.7503838596605
  ],
  [
   750.5473838744532,
   950.1853387620963
  ],
  [
   51.81466123790368,
   378.14262054547436
  ],
  [
   381.2983087560115,
   740.7611294951602
  ],
  [
   842.9239995414989,
   845.3053738160175
  ],
  [
   936.0082207884963,
   360.0974127306328
  ],
  [
   650.7283785316797,
   950.1853387620963
  ],
  [
   446.0805752512266,
   294.25757172583656
  ],
  [
   583.579804830865,
   719.8918393971516
  ],
  [
   51.81466123790368,
   153.34957746771676
  ],
  [
   405.9707607667468,
   475.46920129182837
  ],
  [
   238.18245238918053,
   786.2669879665065
  ],
  [
   133.3102159346139,
   771.4229563266982
  ],
  [
   732.9090872393293,
   842.8420978094883
  ],
  [
   341.30526907766983,
   609.7751758344676
  ],
  [
   550.9093542283246,
   950.1853387620963
  ],
  [
   845.4948814320171,
   461.2318252458725
  ],
  [
   140.67899165948216,
   328.7007717438407
  ],
  [
   656.3008848050707,
   303.9159659162409
  ],
  [
   850.3663675699072,
   950.1853387620963
  ],
  [
   51.81466123790368,
   847.7787547225857
  ],
  [
   848.2007030363164,
   51.81466123790368
  ],
  [
   338.34260156525926,
   268.1270817452733
  ],
  [
   320.49942584942244,
   849.9514056963429
  ],
  [
   51.81466123790368,
   484.1205169731209
  ],
  [
   303.4383313859817,
   453.607728579994
  ],
  [
   684.4717466697086,
   591.2186438779872
  ],
  [
   51.81466123790368,
   601.631695190148
  ],
  [
   950.1853385508582,
   187.05449141114048
  ],
  [
   682.8882365275937,
   698.2582642248378
  ],
  [
   351.2714200217419,
   950.1853387620963
  ],
  [
   950.173675687414,
   627.9324854119299
  ],
  [
   704.8576463448453,
   432.0184980546715
  ],
  [
   51.81466123790368,
   707.6560310228739
  ],
  [
   422.99451114888234,
   834.913166633863
  ],
  [
   864.8076531595709,
   683.2967743398824
  ],
  [
   565.7859943541524,
   165.4257454652103
  ],
  [
   629.3209997727494,
   825.3191803420698
  ],
  [
   946.9719411332362,
   498.00727920725615
  ],
  [
   676.2099041487119,
   197.6662078380996
  ],
  [
   513.1203552160357,
   380.60981086213195
  ],
  [
   537.1089820335612,
   615.7084022591238
  ],
  [
   72.54941539177925,
   252.98229232406365
  ],
  [
   644.8429185645077,
   51.81466123790368
  ],
  [
   153.5692805778141,
   115.83781684693727
  ],
  [
   194.29275866301037,
   213.33432012795092
  ],
  [
   877.9908867893581,
   269.66584292468195
  ],
  [
   525.5414981053582,
   831.70061533463
  ],
  [
   341.51288034797307,
   165.36245448858347
  ],
  [
   238.2598492063109,
   51.81466123790368
  ],
  [
   289.14484684650455,
   697.3211296394329
  ],
  [
   785.5322293655574,
   751.113564839848
  ],
  [
   189.14485139306035,
   679.0814515947404
  ],
  [
   153.07957953227836,
   466.43626488748635
  ],
  [
   151.6336101334309,
   950.1853387620963
  ],
  [
   770.5683152547145,
   645.2512148390334
  ],
  [
   51.81466123790368,
   950.1853387620963
  ],
  [
   251.45252520576972,
   950.1853387620963
  ]
 ]
}