{
 "Object_Radius": 48.860251190292,
 "Object_Shape": "disc",
 "Workspace_Density": 0.6,
 "Workspace_Height": 1000,
 "Workspace_Width": 1000,
 "number_of_objects": 80,
 "point_list": [
  [
   686.5042528746789,
   510.6005497029975
  ],
  [
   394.13400341564045,
   235.23640911386207
  ],
  [
   462.0550925972826,
   430.49397896232216
  ],
  [
   729.9663314568028,
   261.37120781820715
  ],
  [
   564.9999518856565,
   801.3489762764515
  ],
  [
   779.601566242558,
   552.6182160366715
  ],
  [
   754.1905299716673,
   153.43301769050078
  ],
  [
   594.0239857941136,
   947.8554727770835
  ],
  [
   465.3604442967475,
   535.3873726820555
  ],
  [
   333.512457985616,
   152.98598830506768
  ],
  [
   559.9789722403947,
   51.81466123790368
  ],
  [
   270.2597143963822,
   647.1476727595606
  ],
  [
   566.6096105985276,
   676.9960467120306
  ],
  [
   51.81466123790368,
   943.4021597532819
  ],
  [
   167.20046065483854,
   658.1459219028447
  ],
  [
   562.9003901355368,
   399.1280057032288
  ],
  [
   51.81466123790368,
   718.3090168815638
  ],
  [
   950.1851145742608,
   51.81466123790368
  ],
  [
   907.0743163602468,
   950.1852632444206
  ],
  [
   653.9913486573744,
   193.86916347839292
  ],
  [
   659.8174608158191,
   848.3362587832733
  ],
  [
   71.41057418746881,
   841.1685149260682
  ],
  [
   565.3715788463637,
   509.3076611411479
  ],
  [
   468.04250448724457,
   642.7932318426718
  ],
  [
   458.33631158468364,
   51.81466123790368
  ],
  [
   794.2394723070889,
   751.7877992858106
  ],
  [
   746.7233267066695,
   51.81466123790368
  ],
  [
   246.50159676750164,
   454.09501135608434
  ],
  [
   460.31244324015216,
   157.36103164546356
  ],
  [
   62.372448157306536,
   304.32916220860665
  ],
  [
   848.4087954155915,
   51.81466123790368
  ],
  [
   277.9847088574533,
   950.1853387557867
  ],
  [
   143.82905606847353,
   158.58840801803728
  ],
  [
   653.3571860842283,
   92.12246936272314
  ],
  [
   698.3443582497849,
   950.1794258379891
  ],
  [
   917.2553384439125,
   590.0763152985531
  ],
  [
   872.5688408292148,
   681.7677153837184
  ],
  [
   684.5701734807076,
   733.2901621272536
  ],
  [
   193.47142385322053,
   367.1452631017592
  ],
  [
   337.8474852910614,
   834.8758463419651
  ],
  [
   444.7795067525007,
   847.8131014025535
  ],
  [
   950.1852774245376,
   377.51492305544133
  ],
  [
   632.943859032811,
   312.7160832716888
  ],
  [
   51.81466123790368,
   51.81466123790368
  ],
  [
   476.79502216108966,
   747.5911141978889
  ],
  [
   752.5077866061649,
   360.46944309501436
  ],
  [
   950.1509200430403,
   154.13125720553128
  ],
  [
   380.1002253449073,
   949.6627571250463
  ],
  [
   356.7050771405987,
   51.81466123790368
  ],
  [
   768.2487797924065,
   853.3122651240602
  ],
  [
   266.9866949975787,
   748.8364245570309
  ],
  [
   894.2623101504279,
   792.1980880271257
  ],
  [
   165.91004465709253,
   266.97899504779224
  ],
  [
   856.9895841478674,
   307.83508966652954
  ],
  [
   482.6751203373973,
   949.4585051984263
  ],
  [
   90.8864879398525,
   403.1153766233749
  ],
  [
   179.55562368817715,
   549.5665465566158
  ],
  [
   524.2728067034747,
   301.65003845347036
  ],
  [
   239.85148079727006,
   194.9981199878525
  ],
  [
   255.0733063816762,
   51.81466123790368
  ],
  [
   67.9589764323194,
   616.219756076786
  ],
  [
   331.10087612988343,
   377.85004080126396
  ],
  [
   552.4235416950778,
   200.30360172248143
  ],
  [
   663.8301969817257,
   411.21460609821276
  ],
  [
   653.1902600476122,
   610.7949233530013
  ],
  [
   753.8135155972024,
   656.1917253296639
  ],
  [
   153.44398855573687,
   51.81466123790368
  ],
  [
   423.4867692651171,
   333.4921785031649
  ],
  [
   148.45785143444502,
   767.0630979263973
  ],
  [
   368.15743334294416,
   728.3643807620131
  ],
  [
   800.8552672834535,
   950.1516748489443
  ],
  [
   282.7397172091336,
   288.14795040183594
  ],
  [
   290.3662493765279,
   546.6736141709931
  ],
  [
   866.3881624204871,
   493.7334949861793
  ],
  [
   371.9932008246835,
   607.8875240507145
  ],
  [
   367.78572156630105,
   472.9834991677574
  ],
  [
   172.00925059558236,
   950.1853380250371
  ],
  [
   221.0531723427396,
   848.3122939043584
  ],
  [
   846.3432744456668,
   196.76411503278888
  ],
  [
   51.81466123790368,
   202.79684524142456
  ]
 ]
}