{
 "Object_Radius": 48.860251190292,
 "Object_Shape": "disc",
 "Workspace_Density": 0.6,
 "Workspace_Height": 1000,
 "Workspace_Width": 1000,
 "number_of_objects": 80,
 "point_list": [
  [
   367.6301853490091,
   155.11040868485156
  ],
  [
   51.81466123790368,
   719.3641567812084
  ],
  [
   950.1727587674806,
   288.5779242655218
  ],
  [
   51.81466123790368,
   490.34311924434184
  ],
  [
   688.0105124875129,
   929.1560027521867
  ],
  [
   328.9633014003141,
   575.0636139004324
  ],
  [
   648.9145437114383,
   830.3511322969396
  ],
  [
   534.237102236556,
   558.7894954680839
  ],
  [
   51.81466123790368,
   51.81466123790368
  ],
  [
   950.1853374892677,
   700.4228596160169
  ],
  [
   296.8084064790273,
   404.4358703119146
  ],
  [
   261.194599885367,
   950.1853386271167
  ],
  [
   854.2536825234783,
   153.29793288407905
  ],
  [
   754.2863249321102,
   171.60479325922677
  ],
  [
   154.67520639220143,
   51.81466123790368
  ],
  [
   336.16328933543434,
   676.448066072412
  ],
  [
   364.7142294107414,
   796.044750703756
  ],
  [
   52.57301941306551,
   155.8312687562238
  ],
  [
   91.68005813155955,
   383.7843180203692
  ],
  [
   530.8118900903435,
   745.1206342898839
  ],
  [
   597.5523616238655,
   639.5977212419884
  ],
  [
   861.1243130139532,
   342.3160369936612
  ],
  [
   950.1853231281668,
   51.81466123790368
  ],
  [
   430.68618433693536,
   570.959249945067
  ],
  [
   99.96837362983977,
   622.6649637119439
  ],
  [
   604.604567394699,
   484.42900608570756
  ],
  [
   368.8473899373307,
   950.1853374892677
  ],
  [
   152.84423974303476,
   534.7665693787072
  ],
  [
   685.9116017545869,
   587.4141135549143
  ],
  [
   440.56652316579135,
   685.9858573199929
  ],
  [
   698.5886274463885,
   336.921120283584
  ],
  [
   51.81466123790368,
   287.5905502836729
  ],
  [
   251.96754430795914,
   508.26079371645625
  ],
  [
   161.1583822255626,
   706.7147250794792
  ],
  [
   838.1403936087876,
   615.0652237757156
  ],
  [
   599.5143726105418,
   314.1953750849468
  ],
  [
   798.7879200804292,
   950.1787192211841
  ],
  [
   718.7257833295322,
   488.7414601576731
  ],
  [
   848.5500385704495,
   51.81466123790368
  ],
  [
   472.44825287884925,
   950.1853374892677
  ],
  [
   791.0464363695875,
   266.9607620552296
  ],
  [
   51.81466123790368,
   836.1602834434996
  ],
  [
   676.4109310362969,
   237.49651812737181
  ],
  [
   308.5499572436154,
   284.9711512128223
  ],
  [
   396.7680815756046,
   336.7319002981819
  ],
  [
   592.1325438965014,
   51.81466123790368
  ],
  [
   950.1853386109565,
   496.20481639650995
  ],
  [
   855.588785125696,
   847.2327603793706
  ],
  [
   190.58713739020013,
   315.34926280383064
  ],
  [
   51.81466123790368,
   950.1508062610382
  ],
  [
   185.16985632060005,
   431.20863759763165
  ],
  [
   257.77586456404566,
   51.81466123790368
  ],
  [
   665.465864730377,
   122.2128270358357
  ],
  [
   435.63556879646256,
   230.99393219674582
  ],
  [
   528.096953841188,
   850.7013637379438
  ],
  [
   752.8118408000273,
   678.479386347548
  ],
  [
   497.14930525437745,
   311.9046632666695
  ],
  [
   587.7855199358942,
   187.7566018037672
  ],
  [
   145.15918949097664,
   212.31999594890726
  ],
  [
   578.9974703279282,
   950.1662958117299
  ],
  [
   227.1516808379198,
   627.709570088943
  ],
  [
   255.56655016876593,
   747.488795602717
  ],
  [
   912.6826256241426,
   950.185336754165
  ],
  [
   461.38783422596384,
   51.81466123790368
  ],
  [
   745.2632373420612,
   51.81466123790368
  ],
  [
   835.7836667298587,
   741.3273261665928
  ],
  [
   950.183516835154,
   808.9312841557921
  ],
  [
   950.1853374892677,
   598.7320720809852
  ],
  [
   494.2630995531715,
   147.9798379509646
  ],
  [
   223.97762175555158,
   846.4833040731526
  ],
  [
   777.6295648725098,
   402.4654666348588
  ],
  [
   950.180637877827,
   186.94604494143073
  ],
  [
   359.75663146092984,
   51.81466123790368
  ],
  [
   376.08654816268364,
   483.4335993914417
  ],
  [
   950.1840961963293,
   391.29775556518854
  ],
  [
   541.3742150465177,
   404.4117552290887
  ],
  [
   844.7515521924681,
   479.2051663964747
  ],
  [
   753.3632523012624,
   825.2360293863949
  ],
  [
   653.3233574702094,
   728.7973339865077
  ],
  [
   264.1870566955117,
   175.216359722418
  ]
 ]
}