{
 "Object_Radius": 48.860251190292,
 "Object_Shape": "disc",
 "Workspace_Density": 0.6,
 "Workspace_Height": 1000,
 "Workspace_Width": 1000,
 "number_of_objects": 80,
 "point_list": [
  [
   950.1586264175335,
   315.24739689684355
  ],
  [
   471.08255941060673,
   752.4398693052929
  ],
  [
   584.4465593563384,
   766.5359388206693
  ],
  [
   51.81466123790368,
   435.5404435488128
  ],
  [
   464.2677610437615,
   293.6321066302394
  ],
  [
   275.70675901751986,
   51.81466123790368
  ],
  [
   250.67021084434936,
   553.5614731784085
  ],
  [
   51.81466123790368,
   51.81466123790368
  ],
  [
   315.02612011830905,
   847.2176544156748
  ],
  [
   864.9132291051616,
   950.185338745536
  ],
  [
   418.68843016167284,
   840.7657767622026
  ],
  [
   310.27243783156644,
   260.22082592316315
  ],
  [
   747.4395130811195,
   525.9328517900525
  ],
  [
   51.81466123790368,
   655.7872563680176
  ],
  [
   400.47125419609046,
   212.44225987567418
  ],
  [
   158.91072779152518,
   153.77571375070232
  ],
  [
   752.589230863959,
   786.1299053095979
  ],
  [
   950.0074667768331,
   791.9349663820911
  ],
  [
   772.5303425589825,
   421.11070554893314
  ],
  [
   657.4867853901621,
   843.0687767181179
  ],
  [
   356.3254892189884,
   749.3829811948085
  ],
  [
   848.0834516312751,
   566.476406550531
  ],
  [
   950.0515709008382,
   553.748510802619
  ],
  [
   333.1299940577716,
   479.446977071092
  ],
  [
   771.8879261216649,
   183.7010942635837
  ],
  [
   634.4400229922899,
   352.71428889605653
  ],
  [
   950.1853371599736,
   655.4139604683858
  ],
  [
   864.6398858926979,
   465.94869041159194
  ],
  [
   950.0258986723416,
   207.7507563818674
  ],
  [
   661.6525429823436,
   950.1853387553685
  ],
  [
   535.175670018006,
   491.7705979094332
  ],
  [
   81.0396145966057,
   280.3499099828542
  ],
  [
   199.5022210479101,
   250.36000439148847
  ],
  [
   232.08142589872742,
   443.23662739956507
  ],
  [
   839.7770339549975,
   846.9857348307976
  ],
  [
   872.091963457535,
   725.1380806905421
  ],
  [
   875.193094296718,
   138.6537252269463
  ],
  [
   652.6637052638281,
   151.76309566031944
  ],
  [
   153.4469881343632,
   950.185338754506
  ],
  [
   522.3983144440651,
   852.4722273978986
  ],
  [
   140.50230756660198,
   491.94386467251223
  ],
  [
   255.1185253601969,
   950.1853387479282
  ],
  [
   603.8330682780291,
   51.81466123790368
  ],
  [
   356.74793427842997,
   950.1853387605036
  ],
  [
   458.37753415269094,
   950.1853387586891
  ],
  [
   157.54436412397706,
   635.0483275847666
  ],
  [
   51.81466123790368,
   173.84246178173672
  ],
  [
   51.81466123790368,
   950.183505043247
  ],
  [
   303.93265843254636,
   152.12465164014785
  ],
  [
   643.6319525302534,
   457.15878917267474
  ],
  [
   412.5200918429293,
   662.8087472049709
  ],
  [
   814.2802185231463,
   51.81466123790368
  ],
  [
   860.8033117982295,
   364.3797938577559
  ],
  [
   153.55219450217672,
   741.9052444589653
  ],
  [
   763.2834294001184,
   950.1853387544184
  ],
  [
   173.82884157854923,
   51.81466123790368
  ],
  [
   207.88596354202397,
   839.1549736983916
  ],
  [
   97.9445251612517,
   859.4716856843747
  ],
  [
   581.2997744209074,
   258.17077309773407
  ],
  [
   687.0367731092487,
   248.0092218288365
  ],
  [
   560.0216138173813,
   950.1853387565174
  ],
  [
   701.9096635944281,
   619.4275372030758
  ],
  [
   950.1840412106521,
   893.569308375034
  ],
  [
   51.81466123790368,
   765.9641894628203
  ],
  [
   796.0582744457068,
   657.6998589977843
  ],
  [
   595.8128266869704,
   576.069219018774
  ],
  [
   466.6981169619978,
   570.3193790340603
  ],
  [
   252.6323860558805,
   718.3648283215945
  ],
  [
   488.1559325803234,
   397.1571837799874
  ],
  [
   707.9411265748881,
   51.81466123790368
  ],
  [
   129.90660309065854,
   370.2209115405065
  ],
  [
   497.3540853796724,
   51.81466123790368
  ],
  [
   493.85495916920434,
   160.97299954636796
  ],
  [
   770.1686215677579,
   315.70111995236823
  ],
  [
   389.2408727146048,
   51.81466123790368
  ],
  [
   246.22996193273795,
   341.88789194089003
  ],
  [
   535.0816183338712,
   665.4872101798804
  ],
  [
   51.81466123790368,
   549.8946304830183
  ],
  [
   948.9330514753635,
   51.81466123790368
  ],
  [
   674.4064837355822,
   719.2524199803295
  ]
 ]
}