{
 "Object_Radius": 48.860251190292,
 "Object_Shape": "disc",
 "Workspace_Density": 0.6,
 "Workspace_Height": 1000,
 "Workspace_Width": 1000,
 "number_of_objects": 80,
 "point_list": [
  [
   627.6765435645964,
   451.4333333404719
  ],
  [
   465.7512255308808,
   729.5650698692
  ],
  [
   367.3804109702835,
   950.0966910347504
  ],
  [
   659.0363966552311,
   204.7214033106033
  ],
  [
   163.35058512198665,
   585.3910870959755
  ],
  [
   767.9768297574738,
   749.4707901813191
  ],
  [
   664.0323647811075,
   760.6311738259061
  ],
  [
   564.1171521173072,
   664.4227500999214
  ],
  [
   217.69244091073026,
   145.24709592326485
  ],
  [
   316.57032836973127,
   182.51780485619898
  ],
  [
   868.1951464125422,
   631.3377136050086
  ],
  [
   51.81466123790368,
   318.40914353152584
  ],
  [
   858.6348836048933,
   266.46770227849834
  ],
  [
   229.73580889647474,
   508.1051894988052
  ],
  [
   168.52625016740495,
   234.20098513894138
  ],
  [
   481.36936525447334,
   70.05334934635847
  ],
  [
   549.0075972539588,
   533.5516321528646
  ],
  [
   889.4610153654897,
   365.51481244967607
  ],
  [
   654.0517429250597,
   861.9469198592541
  ],
  [
   220.54284429735242,
   857.089780310911
  ],
  [
   273.7165301536839,
   379.12559751002493
  ],
  [
   947.7975987099235,
   948.3860763990509
  ],
  [
   541.2349559394657,
   869.4390266092817
  ],
  [
   468.16937280353363,
   461.0887191386563
  ],
  [
   471.2714248014598,
   950.1852913799984
  ],
  [
   810.4331922731128,
   51.81466123790368
  ],
  [
   858.8212749101001,
   859.4589543145203
  ],
  [
   89.91685820301406,
   703.3972075675757
  ],
  [
   747.1762503590767,
   134.01440152009147
  ],
  [
   326.72391014607683,
   477.45564078662284
  ],
  [
   389.85315137863347,
   661.0553020556106
  ],
  [
   950.1820431121911,
   814.3786458854707
  ],
  [
   145.63651938753435,
   788.399464847866
  ],
  [
   710.8164240562895,
   950.0873463125845
  ],
  [
   392.1057264905215,
   555.9973151467196
  ],
  [
   171.67506239723247,
   51.81466123790368
  ],
  [
   653.3186932015207,
   554.4578580867881
  ],
  [
   756.0944507813831,
   859.1013349048079
  ],
  [
   767.2785060703395,
   645.8963202986946
  ],
  [
   559.5370786936647,
   769.0994966211034
  ],
  [
   51.81466123790368,
   51.81466123790368
  ],
  [
   813.0239420032201,
   950.1850183155435
  ],
  [
   950.1823324321467,
   215.5696428016646
  ],
  [
   357.23756120213676,
   758.9653392981694
  ],
  [
   598.1633564640404,
   101.48563366720062
  ],
  [
   925.32709616454,
   715.5932396340436
  ],
  [
   257.6923096479931,
   727.8057674142398
  ],
  [
   950.1851029585779,
   51.81466123790368
  ],
  [
   365.87229888065536,
   292.91852851959675
  ],
  [
   545.1268284285088,
   189.71504433764417
  ],
  [
   265.9764359806483,
   274.2264761061665
  ],
  [
   835.848972902743,
   452.4795869433645
  ],
  [
   51.81466123790368,
   420.0991090696184
  ],
  [
   687.0473588544256,
   51.81466123790368
  ],
  [
   326.01497913995246,
   856.4714496504324
  ],
  [
   414.57595778422956,
   148.30189667391843
  ],
  [
   165.7160605563613,
   336.52620750806227
  ],
  [
   51.81466123790368,
   216.6853911616885
  ],
  [
   855.3153553510089,
   145.09660408242942
  ],
  [
   738.4823747777874,
   420.8706196894664
  ],
  [
   261.387733587855,
   950.1853387620963
  ],
  [
   586.1105044147286,
   284.0899564161261
  ],
  [
   155.8184066748893,
   437.9288241661928
  ],
  [
   437.23843154749505,
   841.2448778902738
  ],
  [
   273.34597335820047,
   51.81466123790368
  ],
  [
   89.19644426555524,
   514.6753739965958
  ],
  [
   115.09467072845149,
   922.3722969634675
  ],
  [
   385.5633239524875,
   394.5916295127316
  ],
  [
   458.8177123585978,
   246.71622664434568
  ],
  [
   602.9976625081429,
   950.1851569578876
  ],
  [
   478.9797919289492,
   608.7374328544713
  ],
  [
   804.8105854748694,
   551.4439085244188
  ],
  [
   375.23952919874125,
   51.81466123790368
  ],
  [
   666.0395243775524,
   657.6088149482798
  ],
  [
   113.44954776848067,
   135.4227375534758
  ],
  [
   761.296059951385,
   235.71938992966918
  ],
  [
   535.1842965433624,
   378.4291120384295
  ],
  [
   694.0059961268353,
   322.09361380376544
  ],
  [
   51.81466123790368,
   609.1800362247444
  ],
  [
   51.81466123790368,
   830.6565000670867
  ]
 ]
}