{
 "Object_Radius": 48.860251190292,
 "Object_Shape": "disc",
 "Workspace_Density": 0.6,
 "Workspace_Height": 1000,
 "Workspace_Width": 1000,
 "number_of_objects": 80,
 "point_list": [
  [
   463.8447598762259,
   848.7329120687787
  ],
  [
   127.06286863099025,
   189.13406674658285
  ],
  [
   391.27255894318904,
   550.4812020855189
  ],
  [
   514.388629157776,
   486.16634535298317
  ],
  [
   112.82951831742174,
   304.6045072529617
  ],
  [
   742.8490094645585,
   51.81466123790368
  ],
  [
   337.5725068533694,
   231.92506213184902
  ],
  [
   306.0988574474483,
   472.1484904489083
  ],
  [
   312.9464645642571,
   744.5782902047121
  ],
  [
   360.47587798540457,
   130.47815215920747
  ],
  [
   651.2341993287658,
   848.4452373038605
  ],
  [
   650.7283445753799,
   950.1853387620963
  ],
  [
   756.0949311856052,
   471.6322126075563
  ],
  [
   651.8322223415315,
   746.7735700739313
  ],
  [
   451.09048581002185,
   950.1853387620963
  ],
  [
   435.0153525128628,
   333.9156781129894
  ],
  [
   850.3663202674271,
   950.1853387620963
  ],
  [
   751.6189718572763,
   832.4803929654647
  ],
  [
   847.8006211159231,
   265.62579588001984
  ],
  [
   950.1853387620963,
   356.71371933953986
  ],
  [
   123.08078787421357,
   51.81466123790368
  ],
  [
   151.6336123294145,
   950.1853387620963
  ],
  [
   504.20033062800434,
   597.4104462321961
  ],
  [
   161.68127254920333,
   787.5015735550155
  ],
  [
   580.0168743713132,
   291.39051986972385
  ],
  [
   511.6848613900351,
   700.6109854443714
  ],
  [
   251.4525629582143,
   950.1853387620963
  ],
  [
   51.81466123790368,
   950.1853387620963
  ],
  [
   51.81466123790368,
   610.3119860607479
  ],
  [
   160.6805663576365,
   491.0051765213055
  ],
  [
   658.313307851152,
   110.34145395627957
  ],
  [
   655.9855257736954,
   365.06159393479544
  ],
  [
   552.606228649397,
   796.5038083896181
  ],
  [
   51.81466123790368,
   741.0688301851762
  ],
  [
   332.08806018196964,
   346.57703009196524
  ],
  [
   51.81466123790368,
   843.6788360968377
  ],
  [
   950.1853386163483,
   562.3565684014659
  ],
  [
   767.3502331032391,
   337.90431557678414
  ],
  [
   240.86467949675267,
   51.81466123790368
  ],
  [
   744.8323274776983,
   692.2674984078961
  ],
  [
   856.427720078267,
   497.82769176736576
  ],
  [
   801.1625520688175,
   583.1170827479546
  ],
  [
   950.1853384021505,
   51.81466123790368
  ],
  [
   214.4813595730625,
   268.0879282456344
  ],
  [
   597.526489538082,
   554.0245324285988
  ],
  [
   855.5601161398744,
   393.7905183620632
  ],
  [
   725.9438018976747,
   244.0708242047056
  ],
  [
   949.8596054355244,
   769.0299536497798
  ],
  [
   51.81466123790368,
   390.6140184332582
  ],
  [
   834.0209353048614,
   157.38721286430416
  ],
  [
   950.1853387620963,
   153.44531300258188
  ],
  [
   848.7516173459849,
   672.9157604559094
  ],
  [
   897.3660255778092,
   858.5382731490776
  ],
  [
   654.1828860404711,
   468.23806086416243
  ],
  [
   252.06921260713727,
   845.382946193267
  ],
  [
   235.9271778590041,
   562.941420752181
  ],
  [
   499.97182197590985,
   134.4406324759559
  ],
  [
   315.2610174789314,
   642.4379129502206
  ],
  [
   227.01918177051718,
   373.9213637518694
  ],
  [
   750.5473165599357,
   950.1853387620963
  ],
  [
   438.159961272299,
   51.81466123790368
  ],
  [
   950.1853385923894,
   665.0641271711938
  ],
  [
   562.7284692085905,
   51.81466123790368
  ],
  [
   540.6132691674353,
   385.7224109046345
  ],
  [
   588.730397420406,
   187.98777295477177
  ],
  [
   550.9094134313865,
   950.1853387620963
  ],
  [
   51.81466123790368,
   492.8452265259714
  ],
  [
   835.7551303847935,
   774.8582614287668
  ],
  [
   950.1850840764688,
   458.358863039993
  ],
  [
   698.5540982337122,
   597.4443369933127
  ],
  [
   607.7289201055976,
   655.1958132178191
  ],
  [
   457.32989560495145,
   232.38866195256057
  ],
  [
   422.9987342190604,
   435.768422092944
  ],
  [
   355.6826542902619,
   845.6173210350162
  ],
  [
   351.27152731951315,
   950.1853387620963
  ],
  [
   950.1853387620963,
   950.1853387620963
  ],
  [
   950.1853359802368,
   255.07641321978534
  ],
  [
   417.89436637371784,
   753.6990625828321
  ],
  [
   416.8185457165509,
   649.5879003796917
  ],
  [
   844.8405190966362,
   51.81466123790368
  ]
 ]
}