{
 "Object_Radius": 56.41895835477563,
 "Object_Shape": "disc",
 "Workspace_Density": 0.2,
 "Workspace_Height": 1000,
 "Workspace_Width": 1000,
 "number_of_objects": 20,
 "point_list": [
  [
   604.55889781405,
   106.90659754601607
  ],
  [
   841.298552481778,
   518.3320438592846
  ],
  [
   304.9660177669374,
   515.8899494150804
  ],
  [
   608.6864239400696,
   571.2532019576995
  ],
  [
   452.1785618579992,
   356.9124791454714
  ],
  [
   234.13259349386476,
   394.21187248163693
  ],
  [
   930.68609645816,
   420.0624340934568
  ],
  [
   942.3242833110334,
   59.67571668896666
  ],
  [
   453.99555858424986,
   168.18878734600173
  ],
  [
   410.67463116019064,
   618.8069662375921
  ],
  [
   827.162974643217,
   82.24188398755221
  ],
  [
   656.2785812939755,
   452.5240429104156
  ],
  [
   942.3242833110334,
   239.38719943226027
  ],
  [
   59.67571668896666,
   942.3242833110334
  ],
  [
   807.21415195643,
   207.30780033503362
  ],
  [
   843.6810956693289,
   327.18520545707025
  ],
  [
   712.0015340099653,
   59.67571668896666
  ],
  [
   492.5639148525628,
   498.49279878127504
  ],
  [
   375.90235122572756,
   900.8673685213217
  ],
  [
   151.7275495553847,
   546.4727492759266
  ]
 ]
}