{
 "Object_Radius": 56.41895835477563,
 "Object_Shape": "disc",
 "Workspace_Density": 0.2,
 "Workspace_Height": 1000,
 "Workspace_Width": 1000,
 "number_of_objects": 20,
 "point_list": [
  [
   942.3242833110334,
   305.78914980599137
  ],
  [
   819.6588471474812,
   185.66453941788095
  ],
  [
   636.1175472893066,
   451.5418751747652
  ],
  [
   786.4054355395544,
   507.4970130225497
  ],
  [
   485.2223931382422,
   704.1018789592571
  ],
  [
   611.3694443837944,
   163.10222955530185
  ],
  [
   481.554389393231,
   334.9620049313574
  ],
  [
   454.9693018077155,
   205.1496082294528
  ],
  [
   760.9770927953164,
   726.4667492351426
  ],
  [
   547.6994873062797,
   822.2437844748956
  ],
  [
   637.1543690554284,
   716.5034911385554
  ],
  [
   826.6078683831172,
   390.4844063614243
  ],
  [
   315.2245114224754,
   223.48193053776077
  ],
  [
   852.8937076204744,
   942.3242833110334
  ],
  [
   239.11144683807183,
   806.9261896011628
  ],
  [
   324.64081954486403,
   723.1443389211486
  ],
  [
   735.5422859748247,
   942.3242833110334
  ],
  [
   124.42002880270027,
   499.3542720311048
  ],
  [
   90.6943747606247,
   315.17208070839484
  ],
  [
   343.56070723358306,
   942.3242833110334
  ]
 ]
}