{
 "Object_Radius": 56.41895835477563,
 "Object_Shape": "disc",
 "Workspace_Density": 0.2,
 "Workspace_Height": 1000,
 "Workspace_Width": 1000,
 "number_of_objects": 20,
 "point_list": [
  [
   930.0754261526216,
   523.288162950275
  ],
  [
   467.8591139105448,
   610.8553662826462
  ],
  [
   59.67571668896666,
   824.9728616626005
  ],
  [
   852.1123846755826,
   852.8516463798873
  ],
  [
   245.00769144322632,
   567.3332452359242
  ],
  [
   942.3242833110334,
   325.6460394037117
  ],
  [
   311.47449979657983,
   411.7246157814302
  ],
  [
   59.67571668896666,
   441.47498004226816
  ],
  [
   543.9446099086637,
   898.3640426142764
  ],
  [
   320.15648839367947,
   59.67571668896666
  ],
  [
   289.8231934158627,
   865.5074395127616
  ],
  [
   380.95660836692895,
   508.0325923548487
  ],
  [
   432.9607959757252,
   768.7654449236793
  ],
  [
   942.3242833110334,
   59.67571668896666
  ],
  [
   593.6979243968158,
   700.5283534226699
  ],
  [
   942.3242833110334,
   942.3242833110334
  ],
  [
   146.26984257132548,
   652.6291060570383
  ],
  [
   573.3247638082905,
   59.67571668896666
  ],
  [
   478.8587378126683,
   153.9813539048804
  ],
  [
   59.67571668896666,
   942.3242833110334
  ]
 ]
}