{
 "Object_Radius": 56.41895835477563,
 "Object_Shape": "disc",
 "Workspace_Density": 0.2,
 "Workspace_Height": 1000,
 "Workspace_Width": 1000,
 "number_of_objects": 20,
 "point_list": [
  [
   258.34338940943235,
   744.8417996689217
  ],
  [
   163.639219684315,
   270.0508322999147
  ],
  [
   59.67571668896666,
   59.67571668896666
  ],
  [
   577.6220658654951,
   386.6603106946485
  ],
  [
   942.3242833110334,
   213.1707679194441
  ],
  [
   437.4776668302328,
   59.67571668896666
  ],
  [
   794.0723515033022,
   460.70207253370717
  ],
  [
   350.1945412576649,
   932.0073441921365
  ],
  [
   665.1501343121063,
   656.692822023878
  ],
  [
   686.157684372058,
   286.70292884205253
  ],
  [
   114.1797222476182,
   163.6019870309176
  ],
  [
   216.36453860668325,
   59.67571668896666
  ],
  [
   895.8847531667573,
   530.637312292904
  ],
  [
   490.0584389320593,
   299.23328862074396
  ],
  [
   59.67571668896666,
   816.066705461656
  ],
  [
   117.11645504761026,
   620.9302987809533
  ],
  [
   653.601988992196,
   518.8641064731802
  ],
  [
   313.5168167448299,
   410.41158874284145
  ],
  [
   626.595072743297,
   182.63157417637416
  ],
  [
   176.2187413461977,
   459.46151630192554
  ]
 ]
}