{
 "Object_Radius": 56.41895835477563,
 "Object_Shape": "disc",
 "Workspace_Density": 0.2,
 "Workspace_Height": 1000,
 "Workspace_Width": 1000,
 "number_of_objects": 20,
 "point_list": [
  [
   478.57126104987066,
   231.414766125717
  ],
  [
   546.6665074484994,
   836.6949195404362
  ],
  [
   942.3242833110334,
   120.38722695867176
  ],
  [
   126.74700558857124,
   422.6010049772317
  ],
  [
   168.71229118188091,
   79.03316855127085
  ],
  [
   716.0420727909399,
   686.2122477385453
  ],
  [
   126.8090670815244,
   628.8502302505148
  ],
  [
   60.92048608875411,
   280.95333923686115
  ],
  [
   166.41435779246916,
   838.456912507188
  ],
  [
   234.00016770847483,
   511.1688852606256
  ],
  [
   942.3242833110334,
   364.6713740412837
  ],
  [
   655.9787488179232,
   381.98115196790366
  ],
  [
   373.2723426983666,
   546.8538785999594
  ],
  [
   63.206238227499306,
   530.2295614109684
  ],
  [
   942.3242833110334,
   507.8120309953209
  ],
  [
   527.3280499320791,
   580.338693366938
  ],
  [
   275.19783918815114,
   245.26838871347687
  ],
  [
   581.6360460075275,
   172.47392087313307
  ],
  [
   436.64566377798707,
   59.67571668896666
  ],
  [
   306.59172343872143,
   109.31759235087901
  ]
 ]
}