{
 "Object_Radius": 56.41895835477563,
 "Object_Shape": "disc",
 "Workspace_Density": 0.2,
 "Workspace_Height": 1000,
 "Workspace_Width": 1000,
 "number_of_objects": 20,
 "point_list": [
  [
   306.8606606423028,
   840.9690416158512
  ],
  [
   166.95752502320016,
   508.00422767171847
  ],
  [
   598.499310997119,
   676.5360303657832
  ],
  [
   900.3439293411707,
   290.89194867912823
  ],
  [
   942.3242833110334,
   576.529450356279
  ],
  [
   434.482511644697,
   780.5485929320552
  ],
  [
   397.3196486057464,
   210.22892627322358
  ],
  [
   766.4960993885917,
   424.26979267825715
  ],
  [
   251.5179409783137,
   59.67571668896666
  ],
  [
   519.5811266374644,
   59.67571668896666
  ],
  [
   926.6046861027165,
   878.5405668255224
  ],
  [
   613.288018093632,
   408.74901945678005
  ],
  [
   686.9537307399131,
   942.3242833110334
  ],
  [
   247.206934698306,
   257.4792875167385
  ],
  [
   669.7097348996025,
   227.75937615873667
  ],
  [
   830.0195563829907,
   660.5409939293096
  ],
  [
   143.2484751107947,
   195.03440196146266
  ],
  [
   569.5195999558698,
   942.3242833110334
  ],
  [
   926.1792574533728,
   460.29393812809496
  ],
  [
   59.67571668896666,
   808.4683697722527
  ]
 ]
}