{
 "Object_Radius": 39.89422804014327,
 "Object_Shape": "disc",
 "Workspace_Density": 0.4,
 "Workspace_Height": 1000,
 "Workspace_Width": 1000,
 "number_of_objects": 80,
 "point_list": [
  [
   183.10667308058368,
   527.6660166870058
  ],
  [
   271.1484485538981,
   42.489997161749
  ],
  [
   259.77475857631754,
   684.0829876131145
  ],
  [
   563.9751035145285,
   306.2331552764831
  ],
  [
   129.44112574167133,
   959.510002838251
  ],
  [
   951.3703724910188,
   959.510002838251
  ],
  [
   318.0679181621717,
   272.3938970635806
  ],
  [
   704.6208186221222,
   381.6318498014699
  ],
  [
   357.6430190250948,
   42.489997161749
  ],
  [
   959.510002838251,
   347.48274111683526
  ],
  [
   959.510002838251,
   870.6455642248337
  ],
  [
   328.58993034047205,
   902.3981570283748
  ],
  [
   959.510002838251,
   92.27890881976636
  ],
  [
   184.2319880836623,
   42.489997161749
  ],
  [
   680.4803706304966,
   462.5886791335663
  ],
  [
   363.81216688320313,
   806.17854065933
  ],
  [
   42.489997161749,
   386.91926274989095
  ],
  [
   600.1229841116611,
   483.7805838956557
  ],
  [
   457.87606481003223,
   42.489997161749
  ],
  [
   212.05100898124942,
   192.36605566094534
  ],
  [
   96.90204094442157,
   42.489997161749
  ],
  [
   255.00105813764435,
   768.6046303798125
  ],
  [
   444.20984731067233,
   426.8188760392106
  ],
  [
   677.7381723636063,
   289.6568797483089
  ],
  [
   470.133873124299,
   959.510002838251
  ],
  [
   537.3890031272537,
   856.3969088693618
  ],
  [
   885.0171362283193,
   389.78535671814456
  ],
  [
   882.6796573056757,
   305.8894249173329
  ],
  [
   458.986796891472,
   814.6514185196072
  ],
  [
   918.5433774998675,
   747.6457992784935
  ],
  [
   545.8702793002628,
   116.24354192183408
  ],
  [
   527.4793118229246,
   438.5854895288927
  ],
  [
   959.510002838251,
   434.2048649295235
  ],
  [
   346.84945592609415,
   627.8399412395802
  ],
  [
   651.7346483369112,
   594.2541238968718
  ],
  [
   74.6761748265903,
   300.999475685758
  ],
  [
   361.76066499604184,
   478.51802713797196
  ],
  [
   239.3034774067239,
   401.6982310197928
  ],
  [
   591.422862168888,
   959.510002838251
  ],
  [
   555.4237727459957,
   553.7659541109239
  ],
  [
   333.43105541278635,
   727.1807306890645
  ],
  [
   742.182989562129,
   767.9454040576583
  ],
  [
   907.800532052175,
   662.5488772266601
  ],
  [
   169.51580594503292,
   778.7650339163378
  ],
  [
   608.9859203682328,
   666.4496910838976
  ],
  [
   835.0765066228992,
   230.79944219178753
  ],
  [
   465.0600239204358,
   545.4089413593827
  ],
  [
   384.2556825712032,
   209.79413192513465
  ],
  [
   887.2751408878557,
   828.1317427397586
  ],
  [
   245.87991594505516,
   916.8776328489614
  ],
  [
   455.4844342547666,
   289.6677386009592
  ],
  [
   578.1495367480671,
   776.9079052238818
  ],
  [
   499.7509405416384,
   735.7249725905655
  ],
  [
   595.7622279716647,
   42.489997161749
  ],
  [
   836.838531611163,
   479.30074255310984
  ],
  [
   959.510002838251,
   251.36137195108637
  ],
  [
   822.5009336128697,
   570.5607555964002
  ],
  [
   42.489997161749,
   137.2435810923588
  ],
  [
   843.2413551447163,
   42.489997161749
  ],
  [
   147.4092878869135,
   256.6160483719011
  ],
  [
   86.70024547098832,
   798.6038737084419
  ],
  [
   512.1311781605302,
   629.99515096207
  ],
  [
   883.5530334844027,
   911.2330391095793
  ],
  [
   123.05630641623696,
   161.62388058268508
  ],
  [
   42.489997161749,
   553.8193561125797
  ],
  [
   673.9911547624625,
   815.5386127149097
  ],
  [
   226.09959872008983,
   282.95078842401466
  ],
  [
   632.4544971584055,
   887.3845260582959
  ],
  [
   878.1440997210709,
   119.22920162901644
  ],
  [
   825.4305554878237,
   772.1838706599342
  ],
  [
   633.0783147284326,
   129.43281148851986
  ],
  [
   262.4985449666081,
   599.7835556876518
  ],
  [
   42.489997161749,
   940.6131827772057
  ],
  [
   791.6262582955925,
   873.7508883182996
  ],
  [
   656.9017898324508,
   734.2244822015188
  ],
  [
   773.6367858395705,
   90.32445712453773
  ],
  [
   170.50701817961203,
   351.13724102377154
  ],
  [
   100.73335189874827,
   492.7787281688204
  ],
  [
   959.510002838251,
   597.4553570333693
  ],
  [
   791.0178033516363,
   369.3577903270888
  ]
 ]
}