{
 "Object_Radius": 39.89422804014327,
 "Object_Shape": "disc",
 "Workspace_Density": 0.4,
 "Workspace_Height": 1000,
 "Workspace_Width": 1000,
 "number_of_objects": 80,
 "point_list": [
  [
   166.5515990633912,
   862.0407515072767
  ],
  [
   665.8504142166464,
   295.50158144741664
  ],
  [
   136.3735876108152,
   423.3574607435293
  ],
  [
   219.03499592025645,
   777.9939183854576
  ],
  [
   441.22989417415636,
   642.954597890098
  ],
  [
   540.7329824131053,
   790.4178216456601
  ],
  [
   959.510002838251,
   959.510002838251
  ],
  [
   429.9150325276041,
   199.291528524553
  ],
  [
   604.3999256111829,
   959.510002838251
  ],
  [
   311.0104852057562,
   169.119616100924
  ],
  [
   42.489997161749,
   886.6456689090691
  ],
  [
   278.01008696595045,
   959.510002838251
  ],
  [
   835.4635525610348,
   707.4211401181896
  ],
  [
   959.510002838251,
   488.20996402316854
  ],
  [
   426.96260219253094,
   282.503082929738
  ],
  [
   959.510002838251,
   124.03660873194279
  ],
  [
   534.3921595656185,
   399.7780015807009
  ],
  [
   542.1098950222034,
   634.8502925503542
  ],
  [
   89.01836745122083,
   555.0956617944781
  ],
  [
   535.5823478905131,
   220.8633774899223
  ],
  [
   689.8060884877266,
   545.2484903729634
  ],
  [
   183.24998144361422,
   245.51176516662613
  ],
  [
   959.510002838251,
   571.3100275854747
  ],
  [
   800.8036289742021,
   188.08110114666889
  ],
  [
   323.05546869483305,
   618.4843895232802
  ],
  [
   531.0505590025789,
   500.9527641314944
  ],
  [
   42.489997161749,
   344.6585719364357
  ],
  [
   389.8469540936632,
   565.2503441308537
  ],
  [
   61.386311209444976,
   54.77252804543104
  ],
  [
   231.32080234649206,
   42.489997161749
  ],
  [
   784.7930118304927,
   959.510002838251
  ],
  [
   659.5947090493078,
   95.5222504608681
  ],
  [
   652.4966593202493,
   728.006748639882
  ],
  [
   511.26730484569885,
   712.0228158453621
  ],
  [
   875.2602885696467,
   406.3741476190754
  ],
  [
   917.9207576074992,
   643.2091024430367
  ],
  [
   959.510002838251,
   277.8754629738275
  ],
  [
   828.7623528680324,
   42.89708619171174
  ],
  [
   876.4888262303134,
   504.8129872868663
  ],
  [
   875.1224615772808,
   959.510002838251
  ],
  [
   959.510002838251,
   803.0747188815467
  ],
  [
   749.1605929619601,
   818.5187509055543
  ],
  [
   293.56092205336114,
   337.2347991581201
  ],
  [
   316.0252328084368,
   254.05962520078012
  ],
  [
   959.510002838251,
   715.0791392924035
  ],
  [
   501.6746865118698,
   144.9846194534419
  ],
  [
   715.7534012055122,
   219.6673777932415
  ],
  [
   469.971430117528,
   959.510002838251
  ],
  [
   261.9268228130202,
   876.4215760206749
  ],
  [
   582.8680465488509,
   295.3057479760036
  ],
  [
   878.2282638278015,
   780.4061531325848
  ],
  [
   447.7820695683855,
   799.7706097159871
  ],
  [
   339.20325517197995,
   411.51931761080357
  ],
  [
   147.81161772073477,
   42.489997161749
  ],
  [
   591.3367956327858,
   42.489997161749
  ],
  [
   444.7216787204034,
   483.12836712847604
  ],
  [
   384.41333885652085,
   42.489997161749
  ],
  [
   500.7673055072579,
   320.4911020594494
  ],
  [
   582.5109206553478,
   126.2430744111647
  ],
  [
   804.8478377528662,
   460.9269088561142
  ],
  [
   83.53561177858577,
   959.510002838251
  ],
  [
   377.99551406936916,
   959.510002838251
  ],
  [
   757.7468847254883,
   596.2564412800441
  ],
  [
   742.3141331939092,
   108.33230728559388
  ],
  [
   342.12285865264704,
   798.8457369166741
  ],
  [
   42.489997161749,
   749.267126390816
  ],
  [
   423.86739898161215,
   116.01979913983901
  ],
  [
   473.6360059017017,
   42.489997161749
  ],
  [
   135.75634077954456,
   749.2852372686611
  ],
  [
   878.5702609233368,
   319.43522009024247
  ],
  [
   304.53493391871757,
   486.9198855051029
  ],
  [
   836.8143773685292,
   622.9402577962406
  ],
  [
   443.1507440387516,
   382.51517464035004
  ],
  [
   194.37920754455925,
   688.5673180243206
  ],
  [
   311.738056222788,
   82.71077191397413
  ],
  [
   872.3833129783663,
   120.7173696237643
  ],
  [
   86.33518247647328,
   677.105896741222
  ],
  [
   89.17194197149942,
   817.9573874639663
  ],
  [
   959.510002838251,
   396.73934016234955
  ],
  [
   639.4015265089192,
   186.68429497505886
  ]
 ]
}