{
 "Object_Radius": 39.89422804014327,
 "Object_Shape": "disc",
 "Workspace_Density": 0.4,
 "Workspace_Height": 1000,
 "Workspace_Width": 1000,
 "number_of_objects": 80,
 "point_list": [
  [
   42.489997161749,
   126.0878145601677
  ],
  [
   449.1884492939542,
   233.74309393600024
  ],
  [
   42.489997161749,
   527.0301982012977
  ],
  [
   305.5947007420171,
   959.510002838251
  ],
  [
   445.7443288512419,
   42.489997161749
  ],
  [
   721.5763580141809,
   801.3894716793894
  ],
  [
   376.8254031535925,
   290.5819233289759
  ],
  [
   83.25709582965057,
   340.4099501383062
  ],
  [
   153.6670724968611,
   863.1772867722455
  ],
  [
   539.917109701299,
   42.489997161749
  ],
  [
   959.510002838251,
   584.1631465984885
  ],
  [
   635.9804037378855,
   561.6199477398849
  ],
  [
   718.8253667604082,
   92.36626993449165
  ],
  [
   78.31311049810132,
   662.5924527573851
  ],
  [
   959.510002838251,
   325.52852373091645
  ],
  [
   342.57911310529323,
   162.50058509095166
  ],
  [
   309.96297908236636,
   411.54300407954435
  ],
  [
   255.30088519377364,
   827.1172237112435
  ],
  [
   682.6630458659633,
   959.510002838251
  ],
  [
   42.489997161749,
   879.3445011306685
  ],
  [
   880.5826838513078,
   42.489997161749
  ],
  [
   949.2917104941536,
   409.32229030555055
  ],
  [
   930.3511960269307,
   662.0448564226507
  ],
  [
   531.9567762511409,
   553.9748844514543
  ],
  [
   42.489997161749,
   424.5759456892494
  ],
  [
   795.9262281588494,
   763.6041442719956
  ],
  [
   789.8350418055949,
   42.489997161749
  ],
  [
   571.6703159902186,
   648.4841049227063
  ],
  [
   959.510002838251,
   68.33806221062015
  ],
  [
   959.510002838251,
   223.22741243342028
  ],
  [
   563.5890341590241,
   743.2247238000341
  ],
  [
   656.5331864178834,
   644.9525562372035
  ],
  [
   632.5730945360318,
   367.1435421221759
  ],
  [
   775.7094950839281,
   452.7240675531385
  ],
  [
   434.1672966591914,
   561.7311185080237
  ],
  [
   959.510002838251,
   775.4408003013026
  ],
  [
   359.8645510886616,
   74.44896053356906
  ],
  [
   42.489997161749,
   42.489997161749
  ],
  [
   929.6331372829233,
   145.81260535424454
  ],
  [
   112.65056391740833,
   945.61452527393
  ],
  [
   782.4288271681535,
   166.97953408853886
  ],
  [
   959.510002838251,
   959.510002838251
  ],
  [
   851.846955898572,
   416.38742572592713
  ],
  [
   874.9875312373676,
   217.32614326873244
  ],
  [
   42.489997161749,
   746.9461383385488
  ],
  [
   152.25274964733464,
   710.6378511078465
  ],
  [
   850.7898656254592,
   119.93891167042955
  ],
  [
   959.510002838251,
   491.67084534969797
  ],
  [
   162.0464394074118,
   469.61317959680576
  ],
  [
   708.9243543860495,
   401.4031822487501
  ],
  [
   338.6526719931798,
   812.5114492705167
  ],
  [
   466.0603416077723,
   318.4714256938194
  ],
  [
   652.0267558117038,
   728.2762574323356
  ],
  [
   810.8667752191484,
   634.9546014308796
  ],
  [
   492.34268150318763,
   929.1698497300376
  ],
  [
   117.38194419981212,
   80.60076657481467
  ],
  [
   247.28520813474967,
   127.23415045800164
  ],
  [
   131.47167738282477,
   549.1461294041236
  ],
  [
   443.02689492854984,
   738.330028264735
  ],
  [
   897.2017158657402,
   882.1120527448339
  ],
  [
   351.2996315488482,
   721.5851226683978
  ],
  [
   875.9762631744596,
   499.4935320135472
  ],
  [
   871.0675771786359,
   312.60555920798805
  ],
  [
   702.8527366234821,
   236.2286544684544
  ],
  [
   595.6907896078279,
   223.96169760839175
  ],
  [
   315.23111137500774,
   639.6357217220711
  ],
  [
   576.0075217371184,
   304.57727016600484
  ],
  [
   864.109521227365,
   959.510002838251
  ],
  [
   775.2171976058592,
   959.510002838251
  ],
  [
   561.6983108946908,
   466.7155883902352
  ],
  [
   288.1575529993051,
   331.47620815085014
  ],
  [
   442.5157836194365,
   651.4282919068664
  ],
  [
   681.2941831960516,
   874.4056459238077
  ],
  [
   629.9893142893584,
   808.6321897221991
  ],
  [
   734.969492942192,
   678.2229761668453
  ],
  [
   859.7926699596787,
   710.3017007336663
  ],
  [
   228.15583198013056,
   906.2533893957533
  ],
  [
   782.3873804507306,
   871.4611687687174
  ],
  [
   577.1296799265024,
   881.997289000867
  ],
  [
   264.8611029117831,
   485.52643749010684
  ]
 ]
}