{
 "Object_Radius": 39.89422804014327,
 "Object_Shape": "disc",
 "Workspace_Density": 0.4,
 "Workspace_Height": 1000,
 "Workspace_Width": 1000,
 "number_of_objects": 80,
 "point_list": [
  [
   524.0178971917967,
   528.5935795130795
  ],
  [
   832.4669565639006,
   532.9507545766514
  ],
  [
   817.8098504786633,
   356.19061434469995
  ],
  [
   669.4963455788885,
   671.681836282246
  ],
  [
   441.12298037220546,
   517.3356051937757
  ],
  [
   413.59013570208305,
   432.8775056785006
  ],
  [
   417.31264457590237,
   871.8714317975724
  ],
  [
   46.13186297480254,
   42.489997161749
  ],
  [
   836.5426784566041,
   242.6737351249905
  ],
  [
   127.43101768770313,
   220.32435709884496
  ],
  [
   879.3544233811091,
   931.3933361956604
  ],
  [
   283.46696898906214,
   116.0206468589193
  ],
  [
   626.006812999543,
   208.2351481063647
  ],
  [
   365.2447835569454,
   131.86777666875398
  ],
  [
   350.1176037579963,
   555.2764242325688
  ],
  [
   959.510002838251,
   616.4482977716187
  ],
  [
   298.2330607281728,
   834.9317430782968
  ],
  [
   210.35571417153807,
   74.1239738781181
  ],
  [
   42.489997161749,
   797.1440089921625
  ],
  [
   959.510002838251,
   873.8760230299026
  ],
  [
   833.2683401581091,
   861.5300584480549
  ],
  [
   191.23084134272509,
   373.62785172692514
  ],
  [
   634.365535920121,
   291.8476240179018
  ],
  [
   762.0968347399729,
   292.7367790189895
  ],
  [
   635.092593237042,
   561.8795333536642
  ],
  [
   450.0512434758788,
   88.06477923852727
  ],
  [
   78.32810835472814,
   494.5622991963413
  ],
  [
   617.8104225899477,
   124.25295616872879
  ],
  [
   188.79078981391135,
   287.36150548840726
  ],
  [
   557.4567143547303,
   638.1074188558796
  ],
  [
   726.8812313768917,
   146.9304047053583
  ],
  [
   341.5348268626382,
   906.5369305437757
  ],
  [
   536.9536769780841,
   330.2216170302491
  ],
  [
   750.2504015631926,
   404.3715135034919
  ],
  [
   193.95110421486547,
   959.510002838251
  ],
  [
   794.5076951797646,
   97.51879665740364
  ],
  [
   492.5519656868005,
   404.8898661542468
  ],
  [
   490.63385192447646,
   959.510002838251
  ],
  [
   332.7488218470578,
   459.60940921650223
  ],
  [
   569.1048503779209,
   804.9217053465424
  ],
  [
   632.3579998779364,
   477.66173641921677
  ],
  [
   959.510002838251,
   959.510002838251
  ],
  [
   122.8083233915096,
   734.5121913918748
  ],
  [
   753.5725374305315,
   674.2490751441399
  ],
  [
   566.5377535815469,
   42.489997161749
  ],
  [
   807.3311505848491,
   758.0163642457968
  ],
  [
   571.8977433782205,
   721.375703713041
  ],
  [
   576.0909676238895,
   416.1740511139282
  ],
  [
   289.67788114356034,
   351.7033963344852
  ],
  [
   889.4997151959776,
   314.40256509031457
  ],
  [
   405.0154217287542,
   789.7206362746164
  ],
  [
   42.489997161749,
   699.1422726887496
  ],
  [
   818.6295450397403,
   617.6434112546847
  ],
  [
   109.88208481708794,
   959.510002838251
  ],
  [
   715.9176727817954,
   480.3750324006263
  ],
  [
   233.12233284666002,
   217.05677184638517
  ],
  [
   383.5210144851072,
   708.9547919470415
  ],
  [
   223.05156237713652,
   561.1598437655658
  ],
  [
   205.8430251585274,
   731.5928702268112
  ],
  [
   215.56096181760364,
   462.03276566987904
  ],
  [
   491.8763806358494,
   835.3643725064559
  ],
  [
   169.8056507001063,
   148.2452662349643
  ],
  [
   277.15529642426424,
   959.510002838251
  ],
  [
   470.9512520601457,
   723.8476634683557
  ],
  [
   869.4285508923463,
   159.11277043480686
  ],
  [
   707.8997249715945,
   228.2998812694526
  ],
  [
   355.7776769904043,
   223.30577771915702
  ],
  [
   430.3688536563637,
   602.2230306628683
  ],
  [
   959.510002838251,
   269.85597844860325
  ],
  [
   550.7422258983127,
   901.5762038183329
  ],
  [
   316.1519507311025,
   631.9666722911311
  ],
  [
   374.36422519882285,
   358.4796713179334
  ],
  [
   44.691983240080695,
   389.9641847260744
  ],
  [
   677.9382087285865,
   363.22055907081807
  ],
  [
   230.07235418906362,
   649.9754972710487
  ],
  [
   151.6598671134103,
   616.3115988182933
  ],
  [
   645.2212267384648,
   764.2796509724567
  ],
  [
   406.85982277917276,
   959.510002838251
  ],
  [
   64.73508190763815,
   616.2214256635527
  ],
  [
   107.51907639201683,
   332.22371806481
  ]
 ]
}