{
 "Object_Radius": 39.89422804014327,
 "Object_Shape": "disc",
 "Workspace_Density": 0.4,
 "Workspace_Height": 1000,
 "Workspace_Width": 1000,
 "number_of_objects": 80,
 "point_list": [
  [
   485.39546304739764,
   621.1722987328528
  ],
  [
   498.6359104342924,
   389.4260954690469
  ],
  [
   275.90597402013117,
   351.7572654095988
  ],
  [
   126.39919003695313,
   959.510002838251
  ],
  [
   299.4751384010019,
   560.3325726860486
  ],
  [
   458.0298619463999,
   542.8345357759964
  ],
  [
   197.40947753249176,
   717.4505768488473
  ],
  [
   421.5089094428447,
   772.3123265444021
  ],
  [
   321.382773306603,
   477.9326421069108
  ],
  [
   837.8738005869737,
   423.15285608835893
  ],
  [
   778.2569626845241,
   163.94590739024534
  ],
  [
   45.68631005087764,
   76.83975047919493
  ],
  [
   399.5443647468726,
   42.489997161749
  ],
  [
   438.6802512460715,
   331.60265032276175
  ],
  [
   155.448112926494,
   399.3437333637272
  ],
  [
   42.489997161749,
   683.8376944767548
  ],
  [
   164.7718038044272,
   215.2164027582331
  ],
  [
   761.0661725072869,
   785.9260603319035
  ],
  [
   239.42433672189813,
   499.19161347618655
  ],
  [
   406.91717205092044,
   477.4402701531964
  ],
  [
   42.489997161749,
   939.060270009049
  ],
  [
   959.510002838251,
   764.4284530458676
  ],
  [
   384.69432297450516,
   396.16601842155455
  ],
  [
   795.901913390718,
   678.5721947326376
  ],
  [
   330.58953844268126,
   918.1460032875178
  ],
  [
   677.2525698127592,
   163.5564455986688
  ],
  [
   711.8500501008161,
   684.1933398161611
  ],
  [
   788.925440824763,
   523.4901164073572
  ],
  [
   340.64590620970586,
   695.4613766241825
  ],
  [
   567.0275966795137,
   636.0682661405781
  ],
  [
   154.25490174451886,
   874.599149221167
  ],
  [
   426.24289365748865,
   215.1648174054197
  ],
  [
   549.3508798249036,
   141.39774867678966
  ],
  [
   664.5776949825835,
   834.3030483079291
  ],
  [
   211.73073998590047,
   812.864303912108
  ],
  [
   235.8450508439647,
   152.11048002668156
  ],
  [
   42.489997161749,
   160.2521674701062
  ],
  [
   303.27508544083713,
   770.684655815172
  ],
  [
   959.510002838251,
   458.01169736979034
  ],
  [
   578.7132093730854,
   42.489997161749
  ],
  [
   636.5099815160394,
   743.6768915283185
  ],
  [
   643.2866985918961,
   959.510002838251
  ],
  [
   795.0113516581198,
   934.3306079714824
  ],
  [
   645.2391019510267,
   578.722646955357
  ],
  [
   741.1006261771123,
   308.84120845477105
  ],
  [
   157.97695962000435,
   482.44128651507333
  ],
  [
   42.489997161749,
   600.8506530956278
  ],
  [
   806.6895827484267,
   42.489997161749
  ],
  [
   726.2351510876113,
   96.5003879199711
  ],
  [
   538.2090347681984,
   816.0545083016501
  ],
  [
   730.8664369670927,
   392.8299788911895
  ],
  [
   125.19990534203977,
   676.4598384362484
  ],
  [
   656.0798584842948,
   243.7898280342099
  ],
  [
   910.8807033474782,
   831.6983604810075
  ],
  [
   278.9503521538164,
   42.489997161749
  ],
  [
   890.7270630305758,
   959.510002838251
  ],
  [
   402.6181489504498,
   133.52546969226358
  ],
  [
   119.29952920816862,
   295.14380212574326
  ],
  [
   523.0483730410575,
   715.5305272495096
  ],
  [
   420.61292823528396,
   673.0283064367381
  ],
  [
   492.95395271284144,
   266.5824250595203
  ],
  [
   321.2408275914318,
   115.57579542051022
  ],
  [
   523.2764969956413,
   487.65305072530293
  ],
  [
   564.2895427169117,
   325.70276487369733
  ],
  [
   959.510002838251,
   912.5664942040141
  ],
  [
   240.42178230282866,
   928.8907720259278
  ],
  [
   360.5448919018708,
   302.90537573980765
  ],
  [
   42.489997161749,
   850.8718570052475
  ],
  [
   662.1627151557333,
   42.489997161749
  ],
  [
   885.9153081766716,
   512.1989931923904
  ],
  [
   330.9349954658804,
   209.14635285539921
  ],
  [
   879.2494496092899,
   667.5092083837212
  ],
  [
   481.1967110206153,
   72.55126723039533
  ],
  [
   832.2700126162051,
   858.3982043792975
  ],
  [
   275.33430205054344,
   644.0736782936616
  ],
  [
   169.51034775986662,
   42.489997161749
  ],
  [
   60.399025610647946,
   446.53295645493444
  ],
  [
   42.489997161749,
   245.30636164029525
  ],
  [
   95.156787423054,
   536.6798363799909
  ],
  [
   622.055243134716,
   453.36011315193844
  ]
 ]
}