{
 "Object_Radius": 39.89422804014327,
 "Object_Shape": "disc",
 "Workspace_Density": 0.4,
 "Workspace_Height": 1000,
 "Workspace_Width": 1000,
 "number_of_objects": 80,
 "point_list": [
  [
   326.5889141264352,
   356.29797210611036
  ],
  [
   398.4601745049088,
   312.43129283219514
  ],
  [
   959.510002838251,
   123.6354329003783
  ],
  [
   189.08930193058103,
   200.60161557190662
  ],
  [
   547.6966089984704,
   406.9933223970751
  ],
  [
   111.35440940492155,
   326.45345000629186
  ],
  [
   493.50723656394285,
   959.510002838251
  ],
  [
   42.489997161749,
   757.8890824834821
  ],
  [
   257.2100483548909,
   664.6881270806377
  ],
  [
   304.0410350076838,
   42.489997161749
  ],
  [
   382.2581329535885,
   191.58763630375515
  ],
  [
   622.0357853084765,
   341.52412758533734
  ],
  [
   128.55220592607094,
   43.99886211754321
  ],
  [
   271.6006105894897,
   959.510002838251
  ],
  [
   410.9442856342962,
   42.489997161749
  ],
  [
   134.86683302565035,
   867.4498268383226
  ],
  [
   911.3477187448236,
   606.2554205581939
  ],
  [
   248.10030906260786,
   120.59947777402674
  ],
  [
   42.489997161749,
   128.56214461055373
  ],
  [
   642.0859963527886,
   872.2043409316892
  ],
  [
   191.73908024369277,
   528.3286579470447
  ],
  [
   136.32558438153086,
   458.5154012837554
  ],
  [
   602.8553426710434,
   798.6621419064044
  ],
  [
   630.5867569881763,
   160.45800979669167
  ],
  [
   424.5683067571808,
   913.1959669249746
  ],
  [
   838.1342869110412,
   217.36999580123745
  ],
  [
   400.1449000413128,
   596.4474555749139
  ],
  [
   367.4569120368149,
   679.4391670135536
  ],
  [
   928.2236279746363,
   206.7343176415089
  ],
  [
   914.1656409870645,
   689.1879056822244
  ],
  [
   576.5520598594777,
   719.812288502172
  ],
  [
   547.5801136271199,
   136.107234940651
  ],
  [
   42.489997161749,
   480.8203203231722
  ],
  [
   959.510002838251,
   535.9176073200931
  ],
  [
   705.7533203835171,
   327.48635614186037
  ],
  [
   334.6166569850729,
   122.58085265858135
  ],
  [
   840.8196542260886,
   557.1165035010924
  ],
  [
   721.129397402511,
   813.8551913858408
  ],
  [
   136.71896941023286,
   751.0398045782906
  ],
  [
   719.5355362052726,
   902.0082064599383
  ],
  [
   959.510002838251,
   758.6830686685493
  ],
  [
   802.1786401066416,
   894.3608816646555
  ],
  [
   875.9729985258002,
   370.87448706877154
  ],
  [
   504.37690376467845,
   42.489997161749
  ],
  [
   881.6430392332185,
   870.4185572880219
  ],
  [
   244.27511919458158,
   428.8291165688335
  ],
  [
   959.510002838251,
   841.740785245408
  ],
  [
   700.4476273419333,
   625.5278199367194
  ],
  [
   161.8221321489788,
   122.20292507494648
  ],
  [
   315.11132768469986,
   249.11032629203547
  ],
  [
   363.23868767964717,
   830.1788624410995
  ],
  [
   229.41610502357358,
   276.231953686674
  ],
  [
   324.02514850593417,
   464.15475164968797
  ],
  [
   501.5843556769045,
   222.6442427613693
  ],
  [
   506.7422022492329,
   769.612091164091
  ],
  [
   959.510002838251,
   396.9047609800911
  ],
  [
   247.71601985998583,
   777.2087226028431
  ],
  [
   558.8874196785338,
   876.9976944621143
  ],
  [
   659.5042306818995,
   959.510002838251
  ],
  [
   600.8284188429695,
   45.03314452987277
  ],
  [
   794.7662456557713,
   485.891638426141
  ],
  [
   42.489997161749,
   42.489997161749
  ],
  [
   778.65260063254,
   280.88369732282075
  ],
  [
   42.489997161749,
   216.4405524069053
  ],
  [
   885.116052524762,
   288.1184008809021
  ],
  [
   106.71318221944814,
   547.0900629284516
  ],
  [
   759.8733429558505,
   699.6975679605832
  ],
  [
   576.487300653726,
   959.510002838251
  ],
  [
   744.7047868976537,
   404.167003495672
  ],
  [
   480.1101750419168,
   850.9242365179604
  ],
  [
   465.8411095473076,
   385.03512522604694
  ],
  [
   408.92443388589487,
   447.59412680428267
  ],
  [
   355.45403115197047,
   959.510002838251
  ],
  [
   959.510002838251,
   959.510002838251
  ],
  [
   783.5537816954691,
   619.3675065892905
  ],
  [
   690.9064947469831,
   97.184762185499
  ],
  [
   420.75200087158987,
   760.4209333038076
  ],
  [
   878.138650923055,
   459.40511509813064
  ],
  [
   738.1581888252332,
   547.8228819876254
  ],
  [
   869.4809710774701,
   959.510002838251
  ]
 ]
}