{
 "Object_Radius": 46.06588659617807,
 "Object_Shape": "disc",
 "Workspace_Density": 0.6,
 "Workspace_Height": 1000,
 "Workspace_Width": 1000,
 "number_of_objects": 90,
 "point_list": [
  [
   230.6898089621298,
   855.2115757346643
  ],
  [
   152.91611081869132,
   679.2198148494471
  ],
  [
   48.90852206002519,
   82.0915314834224
  ],
  [
   146.49408796511884,
   781.4510621094632
  ],
  [
   285.0247204544074,
   305.37446509953827
  ],
  [
   529.530063139872,
   953.0914779306548
  ],
  [
   269.4916824619374,
   584.0354837249777
  ],
  [
   549.710076637353,
   274.2870071639955
  ],
  [
   815.8940041103031,
   652.0850301731696
  ],
  [
   237.46857913216223,
   390.3615077767617
  ],
  [
   623.8022094703383,
   828.6812869689032
  ],
  [
   953.0851667144483,
   48.90852206002519
  ],
  [
   804.0908148558347,
   130.36827029135665
  ],
  [
   953.0914779366851,
   560.2005474731325
  ],
  [
   336.830130481308,
   953.0914779280499
  ],
  [
   853.3418724095817,
   363.2094131330876
  ],
  [
   327.9748009691907,
   431.23057770149666
  ],
  [
   427.24816333016065,
   602.4864441353025
  ],
  [
   495.5004385292421,
   406.2221104050719
  ],
  [
   859.1465410844945,
   866.5474236413822
  ],
  [
   953.0914779284262,
   952.9129188285312
  ],
  [
   953.0914778750802,
   166.02069389280388
  ],
  [
   356.4430447806398,
   238.80102641258657
  ],
  [
   624.1696763818724,
   48.90852206002519
  ],
  [
   782.3922843114516,
   434.88844827368627
  ],
  [
   953.0914779375739,
   656.0281332895026
  ],
  [
   531.5081108859051,
   750.3023342078858
  ],
  [
   351.03588402678145,
   703.3985811264233
  ],
  [
   677.5933554389509,
   447.253651723304
  ],
  [
   453.6185669391071,
   274.83519854700745
  ],
  [
   953.0914778750802,
   464.3703423790212
  ],
  [
   753.5129641084484,
   48.90852206002519
  ],
  [
   255.2429248449665,
   680.3173461174598
  ],
  [
   359.86142823438786,
   844.916410247003
  ],
  [
   589.3639041439322,
   510.3557027695317
  ],
  [
   505.421564599733,
   658.0016737165654
  ],
  [
   724.9369574151793,
   356.10646659134915
  ],
  [
   288.29226720380734,
   777.5214251409296
  ],
  [
   750.7395466584384,
   525.7589268349091
  ],
  [
   226.3842254745451,
   491.39454333176985
  ],
  [
   310.06955615147143,
   48.90852206002519
  ],
  [
   626.2139865534256,
   216.32228589341162
  ],
  [
   625.8805310334242,
   953.0914779250427
  ],
  [
   204.044887041439,
   230.7749538261034
  ],
  [
   167.59403031362416,
   574.9149178098991
  ],
  [
   164.25329239260128,
   318.8611242771183
  ],
  [
   723.6201650128809,
   214.81887818848253
  ],
  [
   520.8221026618437,
   856.0513354157807
  ],
  [
   48.90852206002519,
   418.96302666443273
  ],
  [
   849.3780731315453,
   743.2548294855127
  ],
  [
   372.85004485980187,
   128.74677340988524
  ],
  [
   632.0610935787346,
   328.1251305890402
  ],
  [
   769.4907882407975,
   832.7237573703105
  ],
  [
   953.0914779369967,
   751.8504611779215
  ],
  [
   856.9547744295564,
   48.90852206002519
  ],
  [
   953.0914778750802,
   262.0288674431255
  ],
  [
   790.3903505666517,
   283.7494457663375
  ],
  [
   139.33358448047971,
   48.90852206002519
  ],
  [
   48.90852206002519,
   953.0914779354773
  ],
  [
   721.899363938688,
   953.0914779280499
  ],
  [
   598.596864593272,
   630.7141644373614
  ],
  [
   48.90852206002519,
   813.9365151713255
  ],
  [
   384.33825124185756,
   343.6998524382586
  ],
  [
   100.48318741626429,
   506.51898114546435
  ],
  [
   706.057536783029,
   614.3418109792323
  ],
  [
   433.57098224434503,
   953.0914779306548
  ],
  [
   240.54299656001083,
   953.0914779280499
  ],
  [
   953.0914778750802,
   364.34106816627104
  ],
  [
   655.3662453058963,
   729.6867409803026
  ],
  [
   48.90852206002519,
   704.9947462454988
  ],
  [
   48.90852206002519,
   591.044901385833
  ],
  [
   48.90852206002519,
   317.6846804628945
  ],
  [
   753.7362727510958,
   734.8153286346095
  ],
  [
   480.27654426034695,
   503.10250647039936
  ],
  [
   427.4315945583665,
   48.90852206002519
  ],
  [
   573.6003575732695,
   131.2343807000497
  ],
  [
   953.0914779387947,
   847.6701774701246
  ],
  [
   469.55500820823517,
   165.17044651875162
  ],
  [
   352.93431545265827,
   532.2565995448002
  ],
  [
   48.90852206002519,
   220.40743390029752
  ],
  [
   689.1402326501234,
   120.13921103521439
  ],
  [
   848.6100036289245,
   505.2933225117221
  ],
  [
   859.9575660312273,
   211.83439900709078
  ],
  [
   145.55980259492313,
   419.197546046619
  ],
  [
   151.27793773242908,
   149.41638984144763
  ],
  [
   524.4683409319223,
   48.90852206002519
  ],
  [
   281.5895130959161,
   162.53157548570718
  ],
  [
   426.9314037778863,
   775.3589404852324
  ],
  [
   817.9629921124235,
   953.0903012703618
  ],
  [
   144.725566164376,
   953.0914779399748
  ]
 ]
}