{
 "Object_Radius": 46.06588659617807,
 "Object_Shape": "disc",
 "Workspace_Density": 0.6,
 "Workspace_Height": 1000,
 "Workspace_Width": 1000,
 "number_of_objects": 90,
 "point_list": [
  [
   755.5932884091013,
   244.7907461380881
  ],
  [
   855.78790497303,
   614.6538955380631
  ],
  [
   170.89758587122552,
   274.36556541663987
  ],
  [
   754.1115637480256,
   461.42277214719377
  ],
  [
   48.90852206002519,
   833.8924702700859
  ],
  [
   953.0914659460317,
   848.7086459618502
  ],
  [
   145.54284307085194,
   48.90852206002519
  ],
  [
   389.7915814536683,
   557.0244594538841
  ],
  [
   715.1056890997917,
   48.90852206002519
  ],
  [
   140.4306039121223,
   509.26719845104316
  ],
  [
   666.2360580204111,
   298.39095854527807
  ],
  [
   525.9142924937512,
   337.44093333066115
  ],
  [
   456.8556523315599,
   455.3639462085005
  ],
  [
   904.3012172293912,
   439.5288742332226
  ],
  [
   423.05092706664294,
   48.90852206002519
  ],
  [
   678.0956082174993,
   947.5825231770285
  ],
  [
   344.67695798872177,
   744.7416632482879
  ],
  [
   852.640431480426,
   258.7334381622827
  ],
  [
   145.12035087393082,
   776.1783647101034
  ],
  [
   48.90852206002519,
   953.0403518229792
  ],
  [
   48.90852206002519,
   347.68268764162116
  ],
  [
   651.7350433471488,
   471.65882297865954
  ],
  [
   519.0535058962417,
   48.90852206002519
  ],
  [
   616.052004063126,
   576.2695035083058
  ],
  [
   778.107045574116,
   953.0914171485218
  ],
  [
   390.1849320421852,
   953.0914779383727
  ],
  [
   778.0544185908742,
   820.2904834618251
  ],
  [
   150.32746352319225,
   413.9527464007958
  ],
  [
   727.4894694466897,
   591.936133721865
  ],
  [
   107.852335340186,
   159.81584998195885
  ],
  [
   302.1583276651877,
   355.28329277763453
  ],
  [
   390.84894224538397,
   200.3893785286105
  ],
  [
   48.90852206002519,
   249.76680719945278
  ],
  [
   612.3821509393676,
   378.83691616182625
  ],
  [
   854.9453640301839,
   355.30877505230427
  ],
  [
   953.0901865717011,
   523.594214929503
  ],
  [
   581.8468604976802,
   953.091477934557
  ],
  [
   575.8401623805745,
   141.97636333491664
  ],
  [
   574.4866263263422,
   247.01913963945364
  ],
  [
   294.36782104359725,
   953.0914779383727
  ],
  [
   953.0914778876679,
   953.0914779399748
  ],
  [
   301.7140496679349,
   157.43797702932793
  ],
  [
   953.0914779399748,
   357.05784515077033
  ],
  [
   953.0914705889646,
   48.90852206002519
  ],
  [
   517.2240133689924,
   545.603044289947
  ],
  [
   232.56746241134672,
   575.5499206518236
  ],
  [
   471.4320211870711,
   763.0135322562148
  ],
  [
   48.90852206002519,
   447.81230804366317
  ],
  [
   48.90852206002519,
   738.0678835423666
  ],
  [
   408.009721272825,
   837.5825201036541
  ],
  [
   952.9681485873772,
   260.6251293673028
  ],
  [
   48.90852206002519,
   48.90852206002519
  ],
  [
   953.0914179297773,
   622.9224427329797
  ],
  [
   349.3952505010723,
   470.1041226706377
  ],
  [
   360.37718892176144,
   648.8857593310177
  ],
  [
   847.7840018318593,
   517.0882744746822
  ],
  [
   757.0159446735216,
   342.11793684066066
  ],
  [
   859.3391411330899,
   138.40846837678518
  ],
  [
   866.7199898437262,
   911.6077976634552
  ],
  [
   215.2742891066595,
   849.7991786380954
  ],
  [
   616.6643647086798,
   48.90852206002519
  ],
  [
   326.72518872416515,
   48.90852206002519
  ],
  [
   952.9979620742334,
   721.0762259345848
  ],
  [
   562.8632157399012,
   721.247185394256
  ],
  [
   953.0495615959836,
   160.5201453544851
  ],
  [
   697.904490687122,
   750.4929557632394
  ],
  [
   282.4531681111664,
   255.41662103559685
  ],
  [
   236.98927527392104,
   479.834290109941
  ],
  [
   553.7806473467374,
   456.5464999145502
  ],
  [
   48.90852206002519,
   546.3595816885353
  ],
  [
   388.96338665072767,
   308.1265215458788
  ],
  [
   821.4509298359369,
   48.90852206002519
  ],
  [
   486.01154090593263,
   953.091477934556
  ],
  [
   311.41737325703224,
   857.119360595659
  ],
  [
   236.20765101406505,
   80.5771628931475
  ],
  [
   138.94318888524765,
   605.2687325508757
  ],
  [
   249.64621039670462,
   759.9326629133739
  ],
  [
   663.9583727455645,
   847.8231812970066
  ],
  [
   205.8416706338622,
   185.11687094863044
  ],
  [
   48.90852206002519,
   642.2095713807918
  ],
  [
   458.49748716415047,
   644.3354899359732
  ],
  [
   215.38268624765007,
   670.031616118744
  ],
  [
   127.18174682049876,
   889.1573601941808
  ],
  [
   739.5953150473814,
   145.49709103380098
  ],
  [
   864.7813848966102,
   776.7211954201478
  ],
  [
   658.3552807241655,
   199.78395749331148
  ],
  [
   540.7255268704532,
   858.6399322320312
  ],
  [
   472.79712872383163,
   133.23432707415415
  ],
  [
   478.11378084089955,
   251.0580262631716
  ],
  [
   198.5507237639647,
   953.0914779399748
  ]
 ]
}