{
 "Object_Radius": 46.06588659617807,
 "Object_Shape": "disc",
 "Workspace_Density": 0.6,
 "Workspace_Height": 1000,
 "Workspace_Width": 1000,
 "number_of_objects": 90,
 "point_list": [
  [
   492.9105615165353,
   853.9885894677778
  ],
  [
   48.90852206002519,
   353.6253435268363
  ],
  [
   271.61633939361,
   261.98347065648454
  ],
  [
   781.4060564324448,
   284.9149691978618
  ],
  [
   160.26905588617868,
   631.1422484953285
  ],
  [
   472.8390394901354,
   48.90852206002519
  ],
  [
   48.90852206002519,
   658.9332794982573
  ],
  [
   953.0914524481967,
   837.1469030433765
  ],
  [
   608.9449814532948,
   694.1714886087916
  ],
  [
   808.9129125269181,
   480.35168961077414
  ],
  [
   886.9273174551973,
   48.90852206002519
  ],
  [
   668.5047418208127,
   144.82078714228336
  ],
  [
   161.93348614456528,
   324.52472137314834
  ],
  [
   840.4999952285164,
   191.06714414578593
  ],
  [
   572.7064506114947,
   360.485728960883
  ],
  [
   290.99603412202345,
   146.365505767604
  ],
  [
   864.0519866667331,
   562.3053551715805
  ],
  [
   691.9034485975303,
   354.3018990612536
  ],
  [
   251.10642565473538,
   368.35200659323664
  ],
  [
   239.40675318609146,
   569.9351709572945
  ],
  [
   259.76096987840435,
   476.2895502451354
  ],
  [
   48.90852206002519,
   257.76871641382485
  ],
  [
   953.0790908741607,
   356.7958273244061
  ],
  [
   357.30330821145935,
   218.6262243498571
  ],
  [
   952.7022736786115,
   119.61970117711206
  ],
  [
   719.1060386886826,
   446.3471880233753
  ],
  [
   161.52072435835774,
   420.50655837725657
  ],
  [
   261.61014725925133,
   859.5818567974549
  ],
  [
   953.0914779013411,
   628.0063316028563
  ],
  [
   568.3803389495005,
   146.07674770244128
  ],
  [
   881.7807666568855,
   287.97197075187984
  ],
  [
   719.9491526016809,
   953.0914779385686
  ],
  [
   144.74231188727305,
   953.0914779367533
  ],
  [
   345.8095484116009,
   729.7374444802041
  ],
  [
   696.074875382892,
   734.0376860735203
  ],
  [
   48.90852206002519,
   48.90852206002519
  ],
  [
   432.25572137365486,
   953.0914779305061
  ],
  [
   141.18560339020203,
   227.5044135347083
  ],
  [
   361.0351058342016,
   48.90852206002519
  ],
  [
   48.90852206002519,
   953.0914779341257
  ],
  [
   624.1154790017945,
   953.0914779314336
  ],
  [
   523.538264779971,
   630.524640009511
  ],
  [
   145.36363287451803,
   48.90852206002519
  ],
  [
   48.90852206002519,
   754.9220489862562
  ],
  [
   523.627307916993,
   443.7023029522178
  ],
  [
   259.50667393427136,
   48.90852206002519
  ],
  [
   586.4200262636842,
   246.85716360635624
  ],
  [
   620.2812185055031,
   468.23548982747064
  ],
  [
   427.6535871294262,
   444.83342788299836
  ],
  [
   953.0751246739029,
   725.7122099709429
  ],
  [
   48.90852206002519,
   158.632070855312
  ],
  [
   394.68682266331984,
   826.7850608838748
  ],
  [
   335.8531761425822,
   415.9470422917639
  ],
  [
   244.49695346626137,
   725.1364894069067
  ],
  [
   327.06977651099214,
   627.7894419777385
  ],
  [
   345.89951779390236,
   528.5999389913957
  ],
  [
   855.5558383256517,
   658.7939569577561
  ],
  [
   752.7971817084955,
   643.3747372895835
  ],
  [
   818.6797995296682,
   378.80473560302806
  ],
  [
   194.03865150519533,
   144.9326868506209
  ],
  [
   952.9147464965815,
   218.64777084417815
  ],
  [
   788.1776858645817,
   885.8174273242961
  ],
  [
   784.8386939461735,
   55.74340063432603
  ],
  [
   380.1205644312143,
   322.43839091241085
  ],
  [
   856.6689901456258,
   953.0906785409175
  ],
  [
   685.2610284895326,
   48.90852206002519
  ],
  [
   953.0272976073805,
   953.0914779247462
  ],
  [
   502.83277030640744,
   756.2956079300144
  ],
  [
   48.90852206002519,
   554.4221543350023
  ],
  [
   489.81345511931664,
   303.8284242173741
  ],
  [
   573.1576017823423,
   48.90852206002519
  ],
  [
   952.9930186167079,
   524.4001271330375
  ],
  [
   48.90852206002519,
   452.0635545912083
  ],
  [
   707.5972292384329,
   556.3383379898149
  ],
  [
   905.3893890253888,
   440.7610941553405
  ],
  [
   457.6387236148596,
   558.2173398401744
  ],
  [
   48.90852206002519,
   854.7036711579098
  ],
  [
   149.38763935489064,
   523.8300105590848
  ],
  [
   419.6294961538068,
   664.1018331257637
  ],
  [
   481.2422092690075,
   201.484263044477
  ],
  [
   862.5880166597747,
   757.3177537161496
  ],
  [
   772.9633831659253,
   791.213409051385
  ],
  [
   682.5279834773224,
   839.9735098827833
  ],
  [
   144.10228819659812,
   829.9170801984998
  ],
  [
   528.164248996542,
   953.0914779314336
  ],
  [
   410.7288991804336,
   132.43993571786203
  ],
  [
   336.38727942556847,
   953.0914779305061
  ],
  [
   143.8428470823461,
   733.0507729570066
  ],
  [
   240.56087798512385,
   953.0914779387102
  ],
  [
   686.6915885429704,
   240.69753577513617
  ]
 ]
}