{
 "Object_Radius": 50.4626504404032,
 "Object_Shape": "disc",
 "Workspace_Density": 0.4,
 "Workspace_Height": 1000,
 "Workspace_Width": 1000,
 "number_of_objects": 50,
 "point_list": [
  [
   771.9655572874401,
   365.78637726965405
  ],
  [
   573.8453918742433,
   261.07673890488815
  ],
  [
   868.0982314210937,
   192.92218460094347
  ],
  [
   722.3442950024358,
   948.5188435419807
  ],
  [
   178.7464237863596,
   156.49407559965894
  ],
  [
   684.6527827274535,
   841.1085493997964
  ],
  [
   53.481156458019335,
   848.5220854365211
  ],
  [
   948.5188435419807,
   332.80972971425723
  ],
  [
   53.481156458019335,
   53.481156458019335
  ],
  [
   53.481156458019335,
   166.06525321435157
  ],
  [
   288.4980888167763,
   173.5931707452125
  ],
  [
   194.31834740427124,
   471.03029610998834
  ],
  [
   256.9513234295754,
   560.6464422418094
  ],
  [
   364.5545716617208,
   246.35001098799725
  ],
  [
   875.7756869961067,
   948.5188435419807
  ],
  [
   385.0461062132043,
   53.481156458019335
  ],
  [
   948.5188435419807,
   53.481156458019335
  ],
  [
   641.5705248957917,
   174.89361532150895
  ],
  [
   102.44543832815741,
   948.5188435419807
  ],
  [
   55.92852520732089,
   475.5398430768351
  ],
  [
   175.61667941268695,
   832.6642729771193
  ],
  [
   732.509891147963,
   465.5221446919108
  ],
  [
   948.5188435419807,
   513.3427816972309
  ],
  [
   914.5471276328121,
   790.1069142423144
  ],
  [
   788.3236941520854,
   261.56671321867896
  ],
  [
   626.088484612605,
   352.96369459979064
  ],
  [
   267.6316783484848,
   53.481156458019335
  ],
  [
   649.0036010035784,
   569.0901338632405
  ],
  [
   870.6193483259253,
   403.70821907299245
  ],
  [
   94.11497081575104,
   276.7842655603873
  ],
  [
   827.3002820312374,
   705.8387060508475
  ],
  [
   211.19572212562738,
   256.3145542422098
  ],
  [
   754.7104424437783,
   571.1900714866093
  ],
  [
   836.7292603535271,
   53.481156458019335
  ],
  [
   251.76821548762285,
   948.5188435419807
  ],
  [
   591.6718128046779,
   717.6776562191128
  ],
  [
   202.41569585438438,
   662.9591318682936
  ],
  [
   82.31406955738404,
   706.0528905042852
  ],
  [
   510.5226206209603,
   788.1197922442154
  ],
  [
   746.0082937071519,
   158.9831895640819
  ],
  [
   158.60538273743254,
   53.481156458019335
  ],
  [
   640.2022398018541,
   53.481156458019335
  ],
  [
   586.5526484175789,
   897.5710442956713
  ],
  [
   374.4697865420842,
   749.6250129258044
  ],
  [
   470.1782433627017,
   243.74700736523258
  ],
  [
   441.4511639832525,
   142.04004462717182
  ],
  [
   433.2534460690135,
   617.2065581770828
  ],
  [
   278.81970786237616,
   336.5911229383729
  ],
  [
   126.88585127136716,
   385.77064836591455
  ],
  [
   547.2557701259002,
   128.10162863543854
  ]
 ]
}