{
 "Object_Radius": 50.4626504404032,
 "Object_Shape": "disc",
 "Workspace_Density": 0.4,
 "Workspace_Height": 1000,
 "Workspace_Width": 1000,
 "number_of_objects": 50,
 "point_list": [
  [
   357.990208104105,
   674.5162480419943
  ],
  [
   561.5190357778489,
   921.7529713930539
  ],
  [
   686.1366267777065,
   579.4760186455176
  ],
  [
   372.4554039038896,
   778.7295371742817
  ],
  [
   793.1305216355742,
   139.20547512696413
  ],
  [
   481.6605954356678,
   737.1182996892699
  ],
  [
   296.40383209012253,
   589.4607477411834
  ],
  [
   168.34781280561074,
   460.28969007638324
  ],
  [
   452.85206665413205,
   948.5188435419807
  ],
  [
   161.2477259678892,
   254.0868267795979
  ],
  [
   504.4266010091377,
   388.43913767073144
  ],
  [
   596.9881581406447,
   330.57694007042124
  ],
  [
   567.4373252062474,
   812.4275739047325
  ],
  [
   244.39844626402362,
   187.05254907191284
  ],
  [
   394.9729311532086,
   484.46437317414336
  ],
  [
   382.22610461925757,
   86.51632899410168
  ],
  [
   55.300960409779414,
   250.25213087938965
  ],
  [
   145.20613549885104,
   927.8732564474826
  ],
  [
   248.5326737396674,
   948.5188435419807
  ],
  [
   780.8207819924276,
   518.0815811205845
  ],
  [
   510.0542644307154,
   262.79916289331146
  ],
  [
   506.3425280330272,
   625.9641551058639
  ],
  [
   690.6719373339577,
   690.6949859266274
  ],
  [
   53.481156458019335,
   508.70011561881427
  ],
  [
   722.252756360719,
   218.22158389633054
  ],
  [
   642.7427987192476,
   110.44857560393025
  ],
  [
   730.9264481156508,
   53.481156458019335
  ],
  [
   174.4725387656914,
   822.0150234192148
  ],
  [
   400.99776018891987,
   370.1922756399305
  ],
  [
   371.2777963101099,
   266.1695811355373
  ],
  [
   256.7354331165391,
   56.1015169865905
  ],
  [
   948.5188435419807,
   104.06294301272203
  ],
  [
   885.0127339011553,
   191.81070334540365
  ],
  [
   597.9353917130702,
   205.40492100956448
  ],
  [
   449.3865619135019,
   173.48914233397164
  ],
  [
   923.2046137810278,
   746.5162285976334
  ],
  [
   310.7799472360355,
   863.7767589513215
  ],
  [
   284.366389803144,
   464.9385683959354
  ],
  [
   854.5918674127013,
   53.481156458019335
  ],
  [
   869.1140283245362,
   875.216302715776
  ],
  [
   687.441744561301,
   391.8378190698043
  ],
  [
   53.481156458019335,
   634.6879596487815
  ],
  [
   299.40230465262124,
   342.6614161188896
  ],
  [
   194.87842981230537,
   356.2640268066828
  ],
  [
   764.0776733022766,
   766.9274320883693
  ],
  [
   948.5188435419807,
   948.5188435419807
  ],
  [
   53.481156458019335,
   53.481156458019335
  ],
  [
   604.3395618615733,
   498.1493576769092
  ],
  [
   775.8582010100646,
   948.5188435419807
  ],
  [
   585.9615873230971,
   709.0917849192322
  ]
 ]
}