{
 "Object_Radius": 50.4626504404032,
 "Object_Shape": "disc",
 "Workspace_Density": 0.4,
 "Workspace_Height": 1000,
 "Workspace_Width": 1000,
 "number_of_objects": 50,
 "point_list": [
  [
   367.5097598340322,
   836.2026623952714
  ],
  [
   674.6869859993851,
   849.3620472601011
  ],
  [
   472.4733655686084,
   606.9515970656898
  ],
  [
   61.7652865072984,
   900.9457355843076
  ],
  [
   53.481156458019335,
   413.1006426491425
  ],
  [
   545.3918613669898,
   890.9354836878465
  ],
  [
   546.5118369569176,
   530.5377821084792
  ],
  [
   136.45813150281774,
   117.76108134250074
  ],
  [
   705.026056909247,
   593.0836694155415
  ],
  [
   53.481156458019335,
   688.8492306634993
  ],
  [
   948.5188435419807,
   176.41510746155114
  ],
  [
   98.2428592458633,
   799.9853048792132
  ],
  [
   337.51588708824073,
   246.52834570179726
  ],
  [
   684.0722299476631,
   247.34133272921278
  ],
  [
   151.5601235141631,
   362.0307077062453
  ],
  [
   579.3355233831072,
   266.6645120570091
  ],
  [
   746.4962083632822,
   948.5188435419807
  ],
  [
   221.83651925989847,
   196.17595100260868
  ],
  [
   626.0026557522737,
   53.481156458019335
  ],
  [
   584.1202852220763,
   431.8166621647582
  ],
  [
   840.1985757661635,
   160.88620739012427
  ],
  [
   948.5188435419807,
   372.7231067687088
  ],
  [
   738.5528034518285,
   53.481156458019335
  ],
  [
   53.481156458019335,
   189.86122270188267
  ],
  [
   246.5266952353947,
   306.32738969618714
  ],
  [
   237.2391989185333,
   872.8789014818447
  ],
  [
   437.66653762065187,
   200.95410391464418
  ],
  [
   53.481156458019335,
   53.481156458019335
  ],
  [
   886.1034757632683,
   288.3246549416821
  ],
  [
   239.09353504125573,
   53.481156458019335
  ],
  [
   53.481156458019335,
   297.2599746799559
  ],
  [
   811.4656708229389,
   369.63915337848965
  ],
  [
   231.6396295855121,
   714.0777201051058
  ],
  [
   815.6702626923642,
   545.7813171619539
  ],
  [
   948.5188435419807,
   53.481156458019335
  ],
  [
   317.74448589604066,
   133.9125080704623
  ],
  [
   53.481156458019335,
   559.3685079749533
  ],
  [
   396.4666903422965,
   53.481156458019335
  ],
  [
   672.1973268433376,
   721.8543393464511
  ],
  [
   843.5503375166959,
   53.481156458019335
  ],
  [
   705.3731358002995,
   442.986748698898
  ],
  [
   392.46999259132764,
   378.409509980847
  ],
  [
   682.7521424394748,
   142.38503214270693
  ],
  [
   490.81794444660903,
   340.3971024458993
  ],
  [
   181.42358723072297,
   621.804443753993
  ],
  [
   578.4775991009913,
   155.9285850341463
  ],
  [
   648.422087391496,
   347.1598437035972
  ],
  [
   911.084770250606,
   666.169887845886
  ],
  [
   549.240443473993,
   744.4409315988835
  ],
  [
   506.04819594194515,
   53.481156458019335
  ]
 ]
}