{
 "Object_Radius": 28.209479177387816,
 "Object_Shape": "disc",
 "Workspace_Density": 0.3,
 "Workspace_Height": 1000,
 "Workspace_Width": 1000,
 "number_of_objects": 120,
 "point_list": [
  [
   87.67842522429392,
   818.1606696660614
  ],
  [
   971.6621416555166,
   156.94615066826546
  ],
  [
   78.68186109837139,
   577.5601993640481
  ],
  [
   30.33785834448333,
   192.28878767250055
  ],
  [
   103.20156457981214,
   361.71972288406437
  ],
  [
   365.3223704635605,
   971.6621416555166
  ],
  [
   664.0099383012764,
   806.1994588234737
  ],
  [
   500.3816592655579,
   686.4488383381932
  ],
  [
   82.93194233136636,
   655.3205896904863
  ],
  [
   232.8680465779125,
   30.33785834448333
  ],
  [
   30.33785834448333,
   889.313310587263
  ],
  [
   252.06548925353047,
   673.602567658069
  ],
  [
   518.8328186164263,
   768.9184123755402
  ],
  [
   680.1311036644477,
   615.8872685112677
  ],
  [
   971.6621416555166,
   598.6389476485464
  ],
  [
   602.4879784594478,
   30.33785834448333
  ],
  [
   225.2659999807768,
   375.07733037313807
  ],
  [
   768.2181277202163,
   542.2296419953738
  ],
  [
   92.3480674955379,
   759.3931829480657
  ],
  [
   374.5294416343407,
   715.2846990904861
  ],
  [
   30.33785834448333,
   129.03966441386723
  ],
  [
   971.6621416555166,
   30.33785834448333
  ],
  [
   787.0557429207536,
   328.03255910503833
  ],
  [
   567.4805183380254,
   810.0081868700807
  ],
  [
   555.3823376993075,
   881.2741244296242
  ],
  [
   715.9223842234172,
   971.6621416555166
  ],
  [
   106.88511649775498,
   215.55033170513025
  ],
  [
   305.49010055196266,
   411.46796555531347
  ],
  [
   845.2611392689046,
   117.36815040592596
  ],
  [
   30.33785834448333,
   528.0422637502442
  ],
  [
   822.753577568519,
   971.6621416555166
  ],
  [
   203.45539976060462,
   971.6621416555166
  ],
  [
   310.8790103449198,
   724.1043401750298
  ],
  [
   61.13790321001041,
   76.67701405723648
  ],
  [
   205.54068558208914,
   618.8398213006084
  ],
  [
   435.46148175196646,
   472.7872558409152
  ],
  [
   429.2772030006054,
   412.82367949592106
  ],
  [
   568.5762787813973,
   971.6621416555166
  ],
  [
   694.8859471491456,
   312.50598354545633
  ],
  [
   704.8745447059446,
   119.25760837865343
  ],
  [
   476.04975753042396,
   374.53776386851337
  ],
  [
   909.9803798463463,
   82.28907414056597
  ],
  [
   316.09803685523576,
   656.8097527646171
  ],
  [
   578.4776851059165,
   92.91198794315629
  ],
  [
   793.479508854347,
   907.7289314396974
  ],
  [
   883.1033055217613,
   609.8271682677083
  ],
  [
   174.07643775947673,
   173.83403623206289
  ],
  [
   44.11003720589858,
   251.58875120444236
  ],
  [
   653.7052207089315,
   703.7104714370079
  ],
  [
   951.1588033111922,
   915.3380647206374
  ],
  [
   818.8430561201652,
   254.23429161878897
  ],
  [
   226.21209315127314,
   727.5713449159853
  ],
  [
   498.52417839856605,
   971.6621416555166
  ],
  [
   546.6884286617877,
   576.8825406200614
  ],
  [
   325.2783158959851,
   30.33785834448333
  ],
  [
   613.3488460927699,
   850.8948424543981
  ],
  [
   550.4527874840753,
   476.61878264878726
  ],
  [
   722.3169120066647,
   831.4601043251024
  ],
  [
   78.75955058957106,
   437.69928064545735
  ],
  [
   635.9210650944023,
   971.6621416555166
  ],
  [
   148.355813243614,
   820.8357795122884
  ],
  [
   383.93328161522567,
   912.8989513884997
  ],
  [
   430.43683057003597,
   971.6621416555166
  ],
  [
   603.0960036847932,
   671.5117534817623
  ],
  [
   265.34894236619357,
   971.6621416555166
  ],
  [
   900.6992919278038,
   433.9283962103803
  ],
  [
   450.857439420899,
   141.36653980489731
  ],
  [
   591.2406797435737,
   525.380431581167
  ],
  [
   252.1996705983813,
   849.8470603291486
  ],
  [
   144.68212921833552,
   971.6621416555166
  ],
  [
   371.8282378763552,
   489.44113381647617
  ],
  [
   910.6322788133532,
   324.5963533770945
  ],
  [
   899.1321713494343,
   182.12673433261915
  ],
  [
   137.2691808544168,
   268.1037484432045
  ],
  [
   621.5312103993874,
   763.5673487508708
  ],
  [
   366.3045224777765,
   428.2730996434322
  ],
  [
   403.72447794100134,
   343.97057766491884
  ],
  [
   241.64642251341186,
   173.0636953140283
  ],
  [
   462.4406349504903,
   30.33785834448333
  ],
  [
   971.6621416555166,
   230.69588947979324
  ],
  [
   227.83632078485408,
   564.4683976157394
  ],
  [
   391.7464898992753,
   270.2662937984
  ],
  [
   684.550428525789,
   422.23673880566326
  ],
  [
   484.15194124406275,
   302.4701232912092
  ],
  [
   285.56038090864433,
   549.679483588267
  ],
  [
   474.04796998712743,
   918.2708068218669
  ],
  [
   493.548594298791,
   857.355808643324
  ],
  [
   572.8075562299905,
   315.8774864054845
  ],
  [
   844.9976076689337,
   564.2243093473606
  ],
  [
   644.1976538028165,
   163.3820039163677
  ],
  [
   342.9511287805143,
   231.15016007953426
  ],
  [
   811.8300449570477,
   735.7235320657398
  ],
  [
   870.6461037664548,
   934.5016002877696
  ],
  [
   778.0423166387949,
   807.5693956170647
  ],
  [
   621.351189789634,
   420.4902150714096
  ],
  [
   528.2792967495689,
   186.10166829515973
  ],
  [
   791.6249980274861,
   80.92266246085765
  ],
  [
   520.6607952647872,
   110.48577913072936
  ],
  [
   89.70101205453388,
   877.8918243446657
  ],
  [
   639.5800553009549,
   279.1602225048464
  ],
  [
   950.2105656300942,
   391.1101908594351
  ],
  [
   769.2296383509059,
   405.6884348146826
  ],
  [
   887.4290455890938,
   819.7499476849731
  ],
  [
   732.0904967150756,
   56.12186568806177
  ],
  [
   731.5757072076967,
   906.2093056626619
  ],
  [
   527.7893415784911,
   633.6000868823594
  ],
  [
   728.9316626451639,
   362.65935998078675
  ],
  [
   526.9784703434074,
   45.099709524221375
  ],
  [
   438.67987574818034,
   675.8350181064502
  ],
  [
   434.44263755788086,
   743.8103764405795
  ],
  [
   30.33785834448333,
   830.6375997668616
  ],
  [
   98.47667626109254,
   30.33785834448333
  ],
  [
   599.5960397562454,
   610.8430288625165
  ],
  [
   96.1742258262848,
   938.4796382104306
  ],
  [
   971.6621416555166,
   704.3150098028669
  ],
  [
   466.2145145699256,
   801.0706166111828
  ],
  [
   146.01897449253576,
   455.858115195947
  ],
  [
   533.2671965013682,
   417.4393090753226
  ],
  [
   369.8752581413411,
   854.2639666103375
  ],
  [
   843.4035120362465,
   653.2802689306051
  ]
 ]
}