{
 "Object_Radius": 28.209479177387816,
 "Object_Shape": "disc",
 "Workspace_Density": 0.3,
 "Workspace_Height": 1000,
 "Workspace_Width": 1000,
 "number_of_objects": 120,
 "point_list": [
  [
   712.3431632064273,
   362.68440082805444
  ],
  [
   823.5732906508943,
   638.4394174709556
  ],
  [
   932.1949037813571,
   100.04576602602472
  ],
  [
   820.6330944583727,
   912.6038740404455
  ],
  [
   183.1885078390297,
   557.6331277557214
  ],
  [
   624.4754225574055,
   678.4664589671086
  ],
  [
   686.4650251635561,
   91.25533490490258
  ],
  [
   669.0236783310613,
   971.6621416555166
  ],
  [
   647.8258233609381,
   610.7850189332224
  ],
  [
   319.20691262963373,
   597.1344683744792
  ],
  [
   365.2962232874587,
   325.3487685853289
  ],
  [
   87.68447359851926,
   630.1075482625681
  ],
  [
   354.0386897257256,
   971.6621416555166
  ],
  [
   149.99925272701117,
   145.1006687740292
  ],
  [
   170.45181715502522,
   30.33785834448333
  ],
  [
   785.7831520718554,
   254.57597754669425
  ],
  [
   673.2597835139038,
   465.09518089940167
  ],
  [
   346.5055932041671,
   85.77753994422413
  ],
  [
   870.0051277333106,
   679.8404890426602
  ],
  [
   263.0143337211007,
   155.79674708026135
  ],
  [
   522.5818546688471,
   373.39188560312016
  ],
  [
   650.0619227938179,
   333.3282414568227
  ],
  [
   725.382748956482,
   302.314914833278
  ],
  [
   808.5856627931466,
   346.4676364286604
  ],
  [
   34.775808652386495,
   30.33785834448333
  ],
  [
   30.33785834448333,
   486.11015323703015
  ],
  [
   57.28944025619622,
   217.8092116850466
  ],
  [
   971.6621416555166,
   800.977585629924
  ],
  [
   30.33785834448333,
   787.8539400178039
  ],
  [
   208.3368041759755,
   134.5019855500831
  ],
  [
   498.32096497562196,
   30.33785834448333
  ],
  [
   731.2279532352214,
   425.92920304306534
  ],
  [
   824.047041470039,
   720.8038174817736
  ],
  [
   707.4667716635581,
   30.33785834448333
  ],
  [
   233.23453042696377,
   263.545416712983
  ],
  [
   884.9493260386645,
   971.6621416555166
  ],
  [
   628.8884454510087,
   40.77589429536498
  ],
  [
   821.827691627624,
   498.102430326997
  ],
  [
   384.1113730500816,
   620.4987474634352
  ],
  [
   770.5990128937996,
   795.5914041194767
  ],
  [
   101.96533695721959,
   535.4526027949026
  ],
  [
   378.12613755857103,
   428.0076734208392
  ],
  [
   235.44666788559664,
   752.7943610101631
  ],
  [
   971.6621416555166,
   860.6368355610517
  ],
  [
   30.33785834448333,
   726.8248916849834
  ],
  [
   743.0620064611295,
   887.0015615174864
  ],
  [
   802.5384001640399,
   56.426984044318814
  ],
  [
   560.1625208278172,
   485.9327937635125
  ],
  [
   616.1186921111042,
   931.5783669195937
  ],
  [
   474.1017195110866,
   206.0249296059699
  ],
  [
   90.92715554611989,
   786.5043254981255
  ],
  [
   30.33785834448333,
   664.7722437406871
  ],
  [
   820.5952760299854,
   202.75163654498962
  ],
  [
   30.33785834448333,
   270.00540895893823
  ],
  [
   261.7442691831083,
   384.5424513378887
  ],
  [
   420.47431741912453,
   175.2874554705533
  ],
  [
   869.1016064583539,
   764.2866272488025
  ],
  [
   629.9040281206463,
   539.2629510476759
  ],
  [
   437.19304538708803,
   971.6621416555166
  ],
  [
   440.12498337345704,
   113.99300471024935
  ],
  [
   135.83683408091593,
   376.96324982961045
  ],
  [
   826.2736154603535,
   971.6621416555166
  ],
  [
   878.7296994176704,
   65.72055899654762
  ],
  [
   154.97177207654016,
   501.3604907739057
  ],
  [
   888.956210473522,
   590.1720821735288
  ],
  [
   286.1264763617409,
   97.09721593347103
  ],
  [
   185.32026370122722,
   961.5725057295942
  ],
  [
   971.6621416555166,
   920.0881535643118
  ],
  [
   127.89273587976498,
   70.74279373890758
  ],
  [
   424.5211748292651,
   337.84191186062395
  ],
  [
   971.6621416555166,
   462.24117082337676
  ],
  [
   902.6064586253701,
   522.3045461765333
  ],
  [
   884.622793788366,
   244.0489773364922
  ],
  [
   971.6621416555166,
   30.33785834448333
  ],
  [
   204.39476371907963,
   362.5028911168963
  ],
  [
   665.7473837370206,
   177.95107950879307
  ],
  [
   309.3957354693278,
   347.9430642500117
  ],
  [
   457.78587964403545,
   797.7044437219663
  ],
  [
   141.37787308932081,
   822.0428839366865
  ],
  [
   201.0830703189774,
   635.2754779020197
  ],
  [
   96.57053178338082,
   120.65488673372762
  ],
  [
   317.4071631485449,
   181.62251280802582
  ],
  [
   67.1983770603097,
   319.34826593638024
  ],
  [
   908.427099204012,
   861.8816833412708
  ],
  [
   304.71626911113515,
   30.94100610866822
  ],
  [
   561.9511165072802,
   76.0506590830122
  ],
  [
   549.907832702665,
   750.1605538017113
  ],
  [
   128.35025051961765,
   678.0381356221661
  ],
  [
   37.67375029384146,
   98.14017825208242
  ],
  [
   513.6271297339485,
   162.59107031923384
  ],
  [
   482.0888033027785,
   616.0266794977517
  ],
  [
   495.58199942898693,
   699.1283328978458
  ],
  [
   763.7048701269555,
   152.32893752901677
  ],
  [
   711.2791983409904,
   739.198294126885
  ],
  [
   30.33785834448333,
   545.3820264302545
  ],
  [
   49.4208099917867,
   157.5714920376392
  ],
  [
   587.4164532588045,
   623.5237464866588
  ],
  [
   710.9590746441042,
   511.0104139581682
  ],
  [
   360.04295828412626,
   226.8174705421103
  ],
  [
   308.541098076655,
   669.344159169138
  ],
  [
   512.6699953150746,
   912.3797831507234
  ],
  [
   386.64393606264935,
   489.38180476213506
  ],
  [
   374.2251829998782,
   30.33785834448333
  ],
  [
   690.5837108312242,
   570.5028031870643
  ],
  [
   204.15445339836035,
   209.75668150954507
  ],
  [
   30.33785834448333,
   419.2953798364618
  ],
  [
   380.19053875003357,
   869.2177601661559
  ],
  [
   156.4527767829892,
   438.88024870166015
  ],
  [
   577.4500352749868,
   257.7566983909704
  ],
  [
   772.0173811137844,
   534.2834607608645
  ],
  [
   751.9009032641882,
   90.63702626638171
  ],
  [
   700.7844184212562,
   655.134465075363
  ],
  [
   950.2920114422473,
   289.34499491407956
  ],
  [
   944.4246852708718,
   357.1459384179383
  ],
  [
   66.49040706012255,
   872.9818055400855
  ],
  [
   235.46319013336856,
   468.2148101033245
  ],
  [
   30.33785834448333,
   605.8962975930577
  ],
  [
   795.5953598116572,
   851.6645696734042
  ],
  [
   943.6250373850474,
   971.6621416555166
  ],
  [
   435.5544732408557,
   30.33785834448333
  ]
 ]
}