{
 "Object_Radius": 28.209479177387816,
 "Object_Shape": "disc",
 "Workspace_Density": 0.3,
 "Workspace_Height": 1000,
 "Workspace_Width": 1000,
 "number_of_objects": 120,
 "point_list": [
  [
   274.68055765033654,
   806.0529164548528
  ],
  [
   646.9199446862834,
   818.4494746442257
  ],
  [
   226.07910963612886,
   738.4762226400326
  ],
  [
   102.97256145231464,
   314.78032818983706
  ],
  [
   189.1198441559633,
   971.6621416555166
  ],
  [
   669.1396964740607,
   194.73633499103303
  ],
  [
   917.2021972984824,
   237.968347637052
  ],
  [
   699.017023358891,
   261.78962586980595
  ],
  [
   30.33785834448333,
   84.22726498820873
  ],
  [
   249.33813960295447,
   924.2075307871897
  ],
  [
   696.1152860807158,
   782.3914691163886
  ],
  [
   346.45500342732953,
   729.3296472794053
  ],
  [
   213.54519750733428,
   114.2936766394735
  ],
  [
   677.701525668678,
   968.350914664375
  ],
  [
   636.3533390912785,
   361.26910634396745
  ],
  [
   746.1988963724416,
   747.0646481642973
  ],
  [
   183.7629052439198,
   256.1983651805651
  ],
  [
   624.7871442941522,
   598.2424375770784
  ],
  [
   892.8012837979745,
   541.3418371862211
  ],
  [
   90.82465179432985,
   30.33785834448333
  ],
  [
   496.3649309116376,
   906.7157536183262
  ],
  [
   59.27709473415855,
   786.2120678469463
  ],
  [
   349.20118081376864,
   192.67879475211325
  ],
  [
   971.6621416555166,
   882.9405076597179
  ],
  [
   89.51215134084063,
   672.1444405908832
  ],
  [
   297.29614171773886,
   345.80212243094513
  ],
  [
   815.4331110728654,
   508.26590962615757
  ],
  [
   847.3437329223948,
   822.0501846237685
  ],
  [
   959.2074500514948,
   953.2018836796532
  ],
  [
   318.95116117376807,
   30.33785834448333
  ],
  [
   211.7779843635822,
   795.6811008971155
  ],
  [
   233.10965271642502,
   418.14728917889073
  ],
  [
   207.9711825551472,
   858.1800911000329
  ],
  [
   54.62165955239306,
   845.6771049434351
  ],
  [
   503.93303159552835,
   751.4914255034466
  ],
  [
   971.6621416555166,
   299.1730366357514
  ],
  [
   524.5717309977002,
   971.6621416555166
  ],
  [
   578.5736217847515,
   411.2448091230606
  ],
  [
   775.604403211834,
   75.57307808335885
  ],
  [
   873.3336979590098,
   38.30291820568911
  ],
  [
   884.7431755567237,
   687.4478171875621
  ],
  [
   44.57391111791296,
   959.3236439364258
  ],
  [
   487.9990630988337,
   347.5530204531312
  ],
  [
   372.5832758382642,
   128.56001723201638
  ],
  [
   867.8795461955293,
   748.3598665477185
  ],
  [
   268.0907166830007,
   678.6931301202432
  ],
  [
   248.7494219167332,
   228.80045188342507
  ],
  [
   249.94092053090688,
   292.41067290838816
  ],
  [
   766.1671519650032,
   971.6621416555166
  ],
  [
   683.2638985829745,
   425.58582452337663
  ],
  [
   554.7496780243142,
   88.70582150491481
  ],
  [
   870.047768772934,
   304.5270956786056
  ],
  [
   412.14915064593146,
   569.5536751965914
  ],
  [
   94.58884106801996,
   138.1672365397299
  ],
  [
   527.1487839985385,
   529.0144619436086
  ],
  [
   685.1091006824536,
   603.5605517602866
  ],
  [
   286.590706440099,
   742.2438444641984
  ],
  [
   207.33769539493093,
   677.767353483893
  ],
  [
   735.0574482365606,
   565.8847435346713
  ],
  [
   627.5727890610178,
   664.4472708678579
  ],
  [
   812.1982978545595,
   708.8512958913624
  ],
  [
   377.99889487829137,
   971.6621416555166
  ],
  [
   30.33785834448333,
   694.0263633493012
  ],
  [
   626.1889774854869,
   876.5391213776724
  ],
  [
   744.5052962448815,
   224.70919950305054
  ],
  [
   237.77157436533815,
   353.7355136400702
  ],
  [
   941.9123375704025,
   474.54129108621134
  ],
  [
   578.7630648900165,
   558.657805725452
  ],
  [
   364.4065171912215,
   908.1086485630464
  ],
  [
   157.8171814884447,
   715.2564243473372
  ],
  [
   556.3372548438041,
   913.9857788492678
  ],
  [
   561.8822139171677,
   726.173868782532
  ],
  [
   898.5864086398016,
   937.6241945357295
  ],
  [
   30.33785834448333,
   899.6074080834287
  ],
  [
   798.1454949158731,
   643.0733268661528
  ],
  [
   633.6845724274793,
   94.32724771555837
  ],
  [
   448.70797947441366,
   971.6621416555166
  ],
  [
   359.6169801943325,
   387.8824964961258
  ],
  [
   688.8221652120275,
   42.28700464990372
  ],
  [
   781.7276224688667,
   457.2877654960602
  ],
  [
   727.5636879473669,
   855.8901210573905
  ],
  [
   627.2708871365222,
   763.1615467752401
  ],
  [
   108.70067449421987,
   198.20369037209718
  ],
  [
   281.8983723338033,
   174.59871200937383
  ],
  [
   335.3964784973642,
   817.7736678333321
  ],
  [
   835.8037233384074,
   84.22985334566434
  ],
  [
   805.044256218546,
   318.4118758228433
  ],
  [
   612.740311532765,
   30.33785834448333
  ],
  [
   140.37107684073717,
   589.9882987821353
  ],
  [
   716.9320259557832,
   94.15247364899152
  ],
  [
   971.6621416555166,
   694.2706839559324
  ],
  [
   366.1728089784785,
   69.19053916803927
  ],
  [
   927.784967594926,
   344.1498144183764
  ],
  [
   469.0061494472002,
   546.4241327629107
  ],
  [
   145.61121230959307,
   648.5058243052284
  ],
  [
   710.4990117734445,
   486.53236275542463
  ],
  [
   971.6621416555166,
   216.0979898855846
  ],
  [
   503.1402936093832,
   607.4958806561249
  ],
  [
   430.956502510329,
   308.0468016847702
  ],
  [
   194.35883896837473,
   41.245533399125975
  ],
  [
   413.65909204280337,
   30.33785834448333
  ],
  [
   313.5573991630952,
   124.02474417648165
  ],
  [
   661.9782109630274,
   546.4373674857777
  ],
  [
   30.33785834448333,
   163.35804483770912
  ],
  [
   531.6776215415221,
   30.33785834448333
  ],
  [
   80.46228050542491,
   731.4943630014254
  ],
  [
   115.64999159280119,
   971.6621416555166
  ],
  [
   128.14644498542563,
   794.6688697537307
  ],
  [
   259.24675885627994,
   30.33785834448333
  ],
  [
   170.53060062799264,
   315.9614718948707
  ],
  [
   95.86713426379731,
   443.6998547634502
  ],
  [
   446.17335078600297,
   120.32869658421443
  ],
  [
   858.5389783518398,
   236.7028390542198
  ],
  [
   30.33785834448333,
   550.7061065902043
  ],
  [
   863.9214483371995,
   474.9954446669444
  ],
  [
   802.8833358132622,
   217.93707550534177
  ],
  [
   82.54234987204534,
   577.9792698314384
  ],
  [
   949.4876075969328,
   611.8256406174489
  ],
  [
   890.9445536957724,
   879.2456579817883
  ],
  [
   712.7862781182475,
   153.80709503239598
  ]
 ]
}