{
 "Object_Radius": 28.209479177387816,
 "Object_Shape": "disc",
 "Workspace_Density": 0.3,
 "Workspace_Height": 1000,
 "Workspace_Width": 1000,
 "number_of_objects": 120,
 "point_list": [
  [
   667.8249216948133,
   784.3027708793704
  ],
  [
   352.14985205835194,
   30.33785834448333
  ],
  [
   842.6451665481122,
   846.920528778182
  ],
  [
   807.3724099633654,
   498.4808024535209
  ],
  [
   545.3935168800903,
   90.10965539575419
  ],
  [
   527.9069190962132,
   667.5541143935994
  ],
  [
   396.3508607837897,
   306.3171475813673
  ],
  [
   151.30870035854826,
   145.4080240464921
  ],
  [
   874.5142109123096,
   928.7414841261464
  ],
  [
   692.4298668230686,
   269.3206370009581
  ],
  [
   613.1407007261731,
   250.40318484344746
  ],
  [
   30.33785834448333,
   795.4277783757525
  ],
  [
   557.2298841087903,
   762.175421246578
  ],
  [
   193.45103553050552,
   187.62452726478423
  ],
  [
   695.6733263890658,
   432.9191947751635
  ],
  [
   971.6621416555166,
   958.4047582158743
  ],
  [
   69.39662197740371,
   349.19685384010376
  ],
  [
   971.6621416555166,
   181.0998855808933
  ],
  [
   794.6127190010476,
   114.51803087473075
  ],
  [
   159.268109901874,
   508.9418182289935
  ],
  [
   549.5939147104914,
   610.0414690907915
  ],
  [
   971.6621416555166,
   290.072302935074
  ],
  [
   837.4350977696269,
   162.9077341220294
  ],
  [
   576.9241477946852,
   971.6621416555166
  ],
  [
   131.75325760853727,
   862.9808727864815
  ],
  [
   421.3691939020581,
   109.24191253881226
  ],
  [
   859.2733431256551,
   422.53726644771973
  ],
  [
   30.33785834448333,
   714.105485335858
  ],
  [
   355.17307820458495,
   91.37143354926395
  ],
  [
   30.33785834448333,
   305.3983903407434
  ],
  [
   30.33785834448333,
   30.33785834448333
  ],
  [
   971.6621416555166,
   489.3594248223667
  ],
  [
   865.6761528533643,
   720.7274947940751
  ],
  [
   289.8818548963508,
   258.1089198840369
  ],
  [
   919.1139139625203,
   867.8083997933035
  ],
  [
   431.26341642706194,
   560.9847364195895
  ],
  [
   375.53244406913245,
   173.72933272742702
  ],
  [
   334.3332254101833,
   511.00166374795066
  ],
  [
   548.5977441173359,
   895.2498905823408
  ],
  [
   41.150846237345405,
   650.5226356227462
  ],
  [
   267.7722474192252,
   498.58129041871416
  ],
  [
   310.7155951418929,
   367.7474061185304
  ],
  [
   297.87922896015465,
   793.0479065484107
  ],
  [
   566.9193136245801,
   823.0978552299896
  ],
  [
   704.0463380452927,
   167.60910717250778
  ],
  [
   488.7494037200996,
   355.4584119844971
  ],
  [
   235.63808270310042,
   818.731824634823
  ],
  [
   97.68827194732123,
   488.5424754973332
  ],
  [
   846.3186192453448,
   319.2668529179333
  ],
  [
   258.15254646699645,
   611.2354439560797
  ],
  [
   168.40713074724547,
   448.8230399246954
  ],
  [
   655.3142089711826,
   71.91225599556795
  ],
  [
   461.11213510377814,
   616.6114369567221
  ],
  [
   537.7548118832875,
   206.0018304121275
  ],
  [
   894.1091342132303,
   635.2693878719436
  ],
  [
   867.382031394842,
   54.0393696410687
  ],
  [
   117.57955073103776,
   382.6893608428797
  ],
  [
   638.4378928699408,
   178.31206001087892
  ],
  [
   369.65230069059504,
   361.26590692076155
  ],
  [
   559.9166078296528,
   150.75956670980412
  ],
  [
   411.4903756382648,
   922.7251702361598
  ],
  [
   328.0042771662551,
   604.1228994038287
  ],
  [
   207.88728975766332,
   379.8261841133186
  ],
  [
   32.72559245021045,
   965.0757662949891
  ],
  [
   626.1724852036259,
   830.4241843800588
  ],
  [
   807.9168740989754,
   748.7757698066672
  ],
  [
   394.4433353450466,
   621.6064302915628
  ],
  [
   561.8354919623005,
   524.341051731004
  ],
  [
   279.22908549962466,
   556.4707460141951
  ],
  [
   635.37736018809,
   520.9113837663498
  ],
  [
   582.1480257768014,
   390.50176040255053
  ],
  [
   49.29205969457874,
   571.3279597662402
  ],
  [
   413.9314934824104,
   832.0886275460966
  ],
  [
   694.3339759770495,
   891.9499174627334
  ],
  [
   112.80112646223827,
   51.87320000496267
  ],
  [
   952.8675821938494,
   667.5948035434668
  ],
  [
   281.7531010890102,
   30.33785834448333
  ],
  [
   401.7896957390504,
   235.1808115799365
  ],
  [
   253.11451321782866,
   184.47765538953092
  ],
  [
   43.660174835914276,
   166.60378664732826
  ],
  [
   95.65167307030399,
   915.9366666447395
  ],
  [
   796.2402692829025,
   808.0633705167079
  ],
  [
   282.07040105730596,
   864.3220646973648
  ],
  [
   578.4704186516292,
   310.3614288872415
  ],
  [
   939.0860639762458,
   354.3042467633435
  ],
  [
   279.6415550064011,
   100.3515725230375
  ],
  [
   505.95536219449167,
   495.23551111439355
  ],
  [
   749.8917342555006,
   946.3985250165356
  ],
  [
   758.537070217028,
   881.4293177558451
  ],
  [
   687.3750126911018,
   493.1881985403591
  ],
  [
   62.667068625415375,
   426.1510338446458
  ],
  [
   778.9452467835296,
   442.5114030246502
  ],
  [
   603.5110485021371,
   570.5821850325896
  ],
  [
   374.63623848291274,
   460.2426061777738
  ],
  [
   375.03834568607095,
   696.36615213843
  ],
  [
   674.7995307965278,
   603.1481873587265
  ],
  [
   661.3674430121541,
   350.97934734450695
  ],
  [
   723.0653262493945,
   329.48759662998197
  ],
  [
   309.3590596646489,
   450.4067883158177
  ],
  [
   162.1270126331802,
   716.4091638695808
  ],
  [
   616.9388550016954,
   747.9552019373787
  ],
  [
   971.6621416555166,
   809.3442006911083
  ],
  [
   740.7320276020846,
   607.7313916381089
  ],
  [
   484.39209104564077,
   267.2238444880714
  ],
  [
   220.12714726574924,
   320.58394178936754
  ],
  [
   636.0593530917465,
   457.70732095187003
  ],
  [
   187.70667350103685,
   775.9448481030038
  ],
  [
   746.0497268860213,
   492.8462126150018
  ],
  [
   708.6282956621487,
   741.0470230045621
  ],
  [
   90.38891357920126,
   615.0582801471506
  ],
  [
   497.4602449885725,
   738.6133423529826
  ],
  [
   595.5235681155287,
   662.1103816730678
  ],
  [
   219.90742163153055,
   30.33785834448333
  ],
  [
   763.1537530297202,
   665.9917135154675
  ],
  [
   971.0775425529577,
   725.2407978781222
  ],
  [
   885.5553567633524,
   798.2344084406861
  ],
  [
   178.13042769089887,
   567.5440218484857
  ],
  [
   720.2431987470352,
   552.7392177895383
  ],
  [
   148.2122843425472,
   326.52496053680846
  ],
  [
   794.499756779082,
   584.2296905258527
  ]
 ]
}