{
 "Object_Radius": 27.10279092286895,
 "Object_Shape": "disc",
 "Workspace_Density": 0.3,
 "Workspace_Height": 1000,
 "Workspace_Width": 1000,
 "number_of_objects": 130,
 "point_list": [
  [
   316.98244776173266,
   901.9788079495736
  ],
  [
   147.9748277425329,
   355.12493673552774
  ],
  [
   29.18690255978371,
   684.6116745445403
  ],
  [
   717.8003585194301,
   612.2553685391614
  ],
  [
   465.53248164239363,
   648.8538066473312
  ],
  [
   865.903209741696,
   203.86752567379307
  ],
  [
   80.75728885019028,
   620.2379176477148
  ],
  [
   536.9336812756271,
   332.50467817517045
  ],
  [
   212.4338076899774,
   543.2824756067828
  ],
  [
   695.5479421265612,
   447.926828223417
  ],
  [
   829.4694157274009,
   804.268576591703
  ],
  [
   511.94853361870634,
   460.6469178219802
  ],
  [
   213.4089141588596,
   355.95775752439204
  ],
  [
   972.8130974402163,
   337.43615819394336
  ],
  [
   472.2890772434978,
   414.7911232754758
  ],
  [
   189.6750945692261,
   433.9283030266407
  ],
  [
   972.8130974402163,
   393.81542581410974
  ],
  [
   648.9152919069084,
   284.24550934913674
  ],
  [
   94.46777637808113,
   863.849376744962
  ],
  [
   350.3889703540797,
   32.059706669027435
  ],
  [
   525.6907865577989,
   29.18690255978371
  ],
  [
   697.0987992121966,
   57.692270095737726
  ],
  [
   272.5311295676503,
   29.18690255978371
  ],
  [
   437.67871051360106,
   569.5853436678599
  ],
  [
   844.1225710446992,
   455.0895218543236
  ],
  [
   197.39706216129878,
   299.80708751278837
  ],
  [
   164.09450345985687,
   40.27824693758642
  ],
  [
   573.3117545778166,
   419.1267181692561
  ],
  [
   524.2409921378907,
   972.8130974402163
  ],
  [
   243.02238298197486,
   799.7051923388304
  ],
  [
   394.52016632774314,
   393.8569337723832
  ],
  [
   822.4933893968552,
   165.86859420414947
  ],
  [
   87.18607838012606,
   255.53933172660572
  ],
  [
   124.85169962640202,
   972.8130974402163
  ],
  [
   601.3417297617806,
   334.99468564576443
  ],
  [
   238.17508709170048,
   742.3614601881602
  ],
  [
   562.826276301652,
   921.0092392678652
  ],
  [
   573.3024809303251,
   629.3874645308438
  ],
  [
   801.3779065574188,
   273.6874636731741
  ],
  [
   889.0487997891992,
   150.68393336873075
  ],
  [
   205.19444915497988,
   602.8836579687221
  ],
  [
   498.79190250814065,
   699.7726621101633
  ],
  [
   605.4350417447667,
   580.4100276625358
  ],
  [
   763.6321255386808,
   137.41170196852673
  ],
  [
   761.1767517791542,
   819.8565325964878
  ],
  [
   529.9255116032891,
   92.2132282504568
  ],
  [
   523.6527098855962,
   262.140721447742
  ],
  [
   837.0720806610143,
   512.4908731494295
  ],
  [
   31.63302513856306,
   129.03501860453736
  ],
  [
   476.34802588699307,
   113.79648955763311
  ],
  [
   374.36556830160885,
   625.9064861737222
  ],
  [
   750.0784017116481,
   29.18690255978371
  ],
  [
   392.53140463996095,
   528.6382803949017
  ],
  [
   305.35630926724036,
   203.4375321935597
  ],
  [
   442.2780398124904,
   348.1533537536528
  ],
  [
   899.3231414901833,
   29.18690255978371
  ],
  [
   139.17289651826354,
   618.1797906110535
  ],
  [
   356.6344483820299,
   680.9587704898046
  ],
  [
   597.5344136120955,
   742.9847973139387
  ],
  [
   475.9443956807666,
   302.0586446944183
  ],
  [
   180.7664799389508,
   883.577240876173
  ],
  [
   217.00312493184282,
   216.0924735328179
  ],
  [
   332.947247530137,
   585.4794399956367
  ],
  [
   311.72731010227614,
   277.08080708954236
  ],
  [
   254.1533278388991,
   910.5617164090368
  ],
  [
   972.8130974402163,
   795.0574281702359
  ],
  [
   227.68687698876636,
   93.46118509717623
  ],
  [
   29.18690255978371,
   759.5058347222769
  ],
  [
   877.9066241987314,
   907.036943920609
  ],
  [
   244.28205503088387,
   683.5847157040375
  ],
  [
   29.18690255978371,
   872.3175574816262
  ],
  [
   419.7808012997893,
   29.18690255978371
  ],
  [
   136.19461200062807,
   808.8941764117191
  ],
  [
   171.118760582402,
   115.04886589483841
  ],
  [
   972.8130974402163,
   136.19809809098865
  ],
  [
   611.4697791959327,
   890.6891333055594
  ],
  [
   307.06024393280745,
   75.21867566553311
  ],
  [
   972.8130974402163,
   537.0296839159599
  ],
  [
   944.596074909372,
   81.68348120442485
  ],
  [
   382.8361316283637,
   732.1291477076521
  ],
  [
   374.2111744360034,
   446.93334140561103
  ],
  [
   29.18690255978371,
   815.9137014433126
  ],
  [
   29.18690255978371,
   581.3146881948167
  ],
  [
   89.32133231814096,
   729.3366582379781
  ],
  [
   654.3631305182997,
   823.0708081216993
  ],
  [
   900.9716261527392,
   450.72839245208297
  ],
  [
   178.9015691070588,
   670.9905871926078
  ],
  [
   662.6790255296139,
   579.5949362448072
  ],
  [
   735.5011795846574,
   725.7500544987101
  ],
  [
   29.18690255978371,
   253.33931305492106
  ],
  [
   670.7307064249842,
   194.65965508915446
  ],
  [
   308.2891686804308,
   714.6260735497585
  ],
  [
   29.18690255978371,
   31.02916566701941
  ],
  [
   29.18690255978371,
   388.6486364680802
  ],
  [
   29.18690255978371,
   928.7162031309845
  ],
  [
   953.0221473253008,
   224.38142792797183
  ],
  [
   120.76120412035645,
   405.6886188635514
  ],
  [
   303.06089313152046,
   535.8160347225598
  ],
  [
   972.8130974402163,
   280.0870912535685
  ],
  [
   82.72952909395278,
   454.5477479407245
  ],
  [
   972.8130974402163,
   672.9948843901307
  ],
  [
   839.2750855050955,
   29.18690255978371
  ],
  [
   92.73521424682728,
   923.2673977550792
  ],
  [
   423.35212800829237,
   942.7277165647579
  ],
  [
   726.0483760747053,
   181.37551799294042
  ],
  [
   601.4767565951512,
   160.1268049621323
  ],
  [
   443.59790758402926,
   881.9603683549781
  ],
  [
   879.8637701943373,
   972.8130974402163
  ],
  [
   483.06639047084735,
   928.5610841745306
  ],
  [
   113.07692816382922,
   568.2097361882599
  ],
  [
   943.0032700223596,
   596.4472348399456
  ],
  [
   680.9324887482511,
   357.5221370447524
  ],
  [
   765.0834524834132,
   531.7401140821628
  ],
  [
   110.92100217467578,
   670.2136016250291
  ],
  [
   796.0202901917077,
   656.1961167357746
  ],
  [
   309.68282992711573,
   431.92748105931196
  ],
  [
   715.8969792396432,
   503.07424279075525
  ],
  [
   182.99469135211416,
   491.2318727721443
  ],
  [
   245.18916028631034,
   494.1435885680398
  ],
  [
   960.6707569397812,
   450.8192403050952
  ],
  [
   736.355384277544,
   972.8130974402163
  ],
  [
   697.046417908722,
   128.81982427981734
  ],
  [
   64.87395882161414,
   528.355761906521
  ],
  [
   29.18690255978371,
   195.59616038273623
  ],
  [
   311.28517213805657,
   771.2949919600687
  ],
  [
   140.2598744918951,
   192.2662888975281
  ],
  [
   108.89231367215022,
   308.87776201357906
  ],
  [
   972.8130974402163,
   731.0074611690002
  ],
  [
   64.3092596246187,
   972.8130974402163
  ],
  [
   339.3804309893742,
   491.46807399373284
  ]
 ]
}