{
 "Object_Radius": 27.10279092286895,
 "Object_Shape": "disc",
 "Workspace_Density": 0.3,
 "Workspace_Height": 1000,
 "Workspace_Width": 1000,
 "number_of_objects": 130,
 "point_list": [
  [
   293.13497694680353,
   950.5296852664821
  ],
  [
   325.7942837822997,
   797.096882935282
  ],
  [
   709.2320298778387,
   776.5427215323913
  ],
  [
   709.713409666498,
   240.94591582412582
  ],
  [
   611.5290663617269,
   811.2971336066425
  ],
  [
   744.1050033619116,
   180.00893701719065
  ],
  [
   747.4520577340257,
   905.3547645866514
  ],
  [
   613.5592136362892,
   441.33832174295037
  ],
  [
   507.48942603977116,
   940.1149217634312
  ],
  [
   239.29243734517462,
   666.9296118267008
  ],
  [
   641.3263212717678,
   296.12100840186383
  ],
  [
   488.8434164105065,
   807.5434333201464
  ],
  [
   446.920570752324,
   29.18690255978371
  ],
  [
   29.18690255978371,
   787.2022377250738
  ],
  [
   447.4266398377223,
   312.9954268890894
  ],
  [
   820.0842054846371,
   324.888011567254
  ],
  [
   550.2428270568112,
   812.4753536196318
  ],
  [
   112.68342640037409,
   199.7124050580562
  ],
  [
   972.8130974402163,
   135.78814426093024
  ],
  [
   423.43690955880487,
   658.2995197064902
  ],
  [
   149.84153668559466,
   832.6516365725828
  ],
  [
   269.4561995695838,
   533.8347663603766
  ],
  [
   326.882556711405,
   725.4658503452089
  ],
  [
   501.701031090459,
   89.83934765532678
  ],
  [
   579.105856392801,
   658.0964825003604
  ],
  [
   593.7495924275902,
   529.1216939900343
  ],
  [
   879.405724107483,
   540.7059181624142
  ],
  [
   44.805750329396176,
   526.513520518527
  ],
  [
   972.8130974402163,
   199.02953064944933
  ],
  [
   423.08198022314383,
   179.9812223411572
  ],
  [
   405.19337251380307,
   972.8130974402163
  ],
  [
   314.3891020839607,
   76.56049048608511
  ],
  [
   855.9736851738028,
   421.3983814093041
  ],
  [
   199.1514365020478,
   466.1752205161973
  ],
  [
   915.4745753315913,
   678.6450394363794
  ],
  [
   706.4250669829503,
   334.89231929323597
  ],
  [
   573.2724770439394,
   760.7897044509431
  ],
  [
   148.83640237346071,
   298.1493584819143
  ],
  [
   462.46511847797035,
   699.7505261248933
  ],
  [
   822.8473651289437,
   546.1884882134418
  ],
  [
   376.2791098423344,
   29.18690255978371
  ],
  [
   187.62195928426883,
   404.0269534461912
  ],
  [
   394.11220439011925,
   511.59799347334484
  ],
  [
   365.5374559111915,
   651.4040452897661
  ],
  [
   733.6396479116582,
   601.6383611967054
  ],
  [
   972.8130974402163,
   597.5397699492744
  ],
  [
   972.8130974402163,
   813.4220789557866
  ],
  [
   890.2738294511764,
   130.71538036530868
  ],
  [
   784.0118719839031,
   37.86320174132153
  ],
  [
   56.945374004659726,
   188.53501295528537
  ],
  [
   114.68371345148437,
   126.23874907158822
  ],
  [
   832.2777089058753,
   169.78081881594923
  ],
  [
   515.267105220696,
   153.36849050758875
  ],
  [
   961.9347617112766,
   906.728204473107
  ],
  [
   198.15400983849923,
   861.7215651017286
  ],
  [
   958.2346735627953,
   724.049939552697
  ],
  [
   533.9018949302007,
   510.44962496506565
  ],
  [
   77.86565911564905,
   472.1898481654279
  ],
  [
   76.70188654006004,
   400.51648807704197
  ],
  [
   705.4815720298337,
   392.1429138563648
  ],
  [
   667.2181015380189,
   134.86824648195068
  ],
  [
   898.3969580990508,
   758.8023533444162
  ],
  [
   585.5012657835729,
   286.31746456542237
  ],
  [
   594.9222971195315,
   596.8304802196067
  ],
  [
   571.8670658178997,
   184.93733608366142
  ],
  [
   788.534050221215,
   374.0145149380048
  ],
  [
   397.5158566224553,
   272.2918832182776
  ],
  [
   972.8130974402163,
   269.86529005675084
  ],
  [
   419.2505131716973,
   892.473308128717
  ],
  [
   972.8130974402163,
   964.8916723224368
  ],
  [
   189.8547227825602,
   610.616871174536
  ],
  [
   426.18725222181524,
   745.9307433338968
  ],
  [
   349.08666307658865,
   437.56906544001714
  ],
  [
   352.4841101539332,
   380.3546352542416
  ],
  [
   141.16856624282045,
   756.7395720486563
  ],
  [
   692.4123938350865,
   447.89812670100486
  ],
  [
   553.4691414176207,
   972.8130974402163
  ],
  [
   324.2026362202737,
   252.02457146941566
  ],
  [
   599.244575985465,
   939.793170564594
  ],
  [
   820.6804186428428,
   893.1069618391866
  ],
  [
   528.5966991496581,
   279.63274146262
  ],
  [
   61.76502783165505,
   933.2717315690545
  ],
  [
   226.6225729191924,
   341.3841597449515
  ],
  [
   759.3394643854488,
   846.2161555169696
  ],
  [
   618.604132794601,
   105.92166521333068
  ],
  [
   274.2022976585801,
   822.3681838967436
  ],
  [
   903.1968350551268,
   864.4283584330541
  ],
  [
   368.9953092990882,
   850.9181726409764
  ],
  [
   78.2939724589061,
   573.1026836715334
  ],
  [
   319.36534031523587,
   142.2521554959604
  ],
  [
   209.67493877089726,
   523.4569077582296
  ],
  [
   564.6139102788286,
   342.48054835658445
  ],
  [
   549.9756429485961,
   430.2840376405506
  ],
  [
   551.7329198141622,
   707.8796121855695
  ],
  [
   257.2179336550657,
   474.0592258278045
  ],
  [
   916.4104384554504,
   397.9248043382861
  ],
  [
   134.33656106163698,
   593.074644604529
  ],
  [
   880.7852860415176,
   812.5011081857137
  ],
  [
   688.2949361100611,
   188.77282735752428
  ],
  [
   295.00040010658745,
   876.451406021516
  ],
  [
   666.9257566577216,
   520.0027878963398
  ],
  [
   631.0038828436789,
   188.15309718723213
  ],
  [
   368.6615226142934,
   210.7202410554377
  ],
  [
   79.34787329153747,
   815.4632041602326
  ],
  [
   393.7740279207696,
   338.4583955659801
  ],
  [
   435.9736509196745,
   385.2623760045895
  ],
  [
   646.9147054405762,
   969.8994671249098
  ],
  [
   433.3831301406535,
   563.9173508684497
  ],
  [
   240.32765196037454,
   253.32237472673003
  ],
  [
   918.0072344533636,
   215.15080295515776
  ],
  [
   428.39157676075087,
   819.248246339261
  ],
  [
   461.56737022207784,
   972.8130974402163
  ],
  [
   185.31232360104673,
   29.18690255978371
  ],
  [
   862.7941778902156,
   932.3464993205371
  ],
  [
   87.25204854513896,
   289.03353835064246
  ],
  [
   748.3273729302631,
   472.5962441653146
  ],
  [
   562.0198273055831,
   88.08658632045807
  ],
  [
   209.70434310705556,
   80.64761248398815
  ],
  [
   930.2831963153501,
   515.2985332320926
  ],
  [
   868.1392359991684,
   710.8626040292907
  ],
  [
   972.8130974402163,
   401.3637900724729
  ],
  [
   919.138774734457,
   459.9234153962121
  ],
  [
   181.73284619763902,
   708.3974663284861
  ],
  [
   341.10728437936336,
   911.9329233295682
  ],
  [
   240.7915665963126,
   756.5832256496229
  ],
  [
   142.61336238953248,
   365.5831316032605
  ],
  [
   482.74736896279165,
   423.0936503559296
  ],
  [
   668.7335559340029,
   638.4433793224914
  ],
  [
   279.47464884111815,
   406.96325057518754
  ],
  [
   108.72550142320164,
   710.4575251085511
  ]
 ]
}