{
 "Object_Radius": 27.10279092286895,
 "Object_Shape": "disc",
 "Workspace_Density": 0.3,
 "Workspace_Height": 1000,
 "Workspace_Width": 1000,
 "number_of_objects": 130,
 "point_list": [
  [
   463.5117434553402,
   29.7337497160024
  ],
  [
   713.69532707185,
   463.39875353717036
  ],
  [
   907.1553879761992,
   37.17411792404659
  ],
  [
   972.8130974402163,
   230.47854148319558
  ],
  [
   29.18690255978371,
   258.349712773739
  ],
  [
   972.8130974402163,
   775.9639690829554
  ],
  [
   122.30642212126153,
   953.5804913730326
  ],
  [
   867.6476608776527,
   875.2135244044965
  ],
  [
   602.070085077852,
   492.8443134502507
  ],
  [
   266.1600326092781,
   517.7266923748251
  ],
  [
   150.69161592605556,
   718.6646398242527
  ],
  [
   774.0995439019464,
   640.6068922038085
  ],
  [
   29.18690255978371,
   516.7090485204383
  ],
  [
   751.2395362568207,
   164.30211574713425
  ],
  [
   587.3759676280702,
   855.0204094833841
  ],
  [
   810.7502052880694,
   972.8130974402163
  ],
  [
   537.5416116487586,
   642.2442579934262
  ],
  [
   588.7241510088488,
   287.85617127906795
  ],
  [
   632.9450001871728,
   888.8242717177899
  ],
  [
   680.8796869256773,
   31.174559105051273
  ],
  [
   670.283473536744,
   841.0137248881546
  ],
  [
   594.8055895427824,
   381.15068349201516
  ],
  [
   357.4523287418635,
   271.2527356618643
  ],
  [
   754.142011894601,
   972.8130974402163
  ],
  [
   259.59720950259737,
   705.1488406336972
  ],
  [
   391.26451635104377,
   550.7914355980158
  ],
  [
   321.92374223185453,
   531.8115721711711
  ],
  [
   847.527660726292,
   780.9658551790516
  ],
  [
   484.52139204629447,
   566.1659692684777
  ],
  [
   124.95430798769132,
   29.18690255978371
  ],
  [
   898.1630243004486,
   315.0614077647034
  ],
  [
   972.8130974402163,
   485.01297628326114
  ],
  [
   518.2274224066687,
   972.8130974402163
  ],
  [
   663.086892561678,
   507.58370698382953
  ],
  [
   84.97877472096104,
   573.2927084512211
  ],
  [
   436.81180142705165,
   842.3623121800782
  ],
  [
   29.18690255978371,
   155.3694433345619
  ],
  [
   776.4990714097478,
   573.6133022392883
  ],
  [
   441.1726779348064,
   904.6301674002166
  ],
  [
   129.92110093338556,
   223.48435768938666
  ],
  [
   719.1602511067972,
   626.0750023898449
  ],
  [
   972.8130974402163,
   29.18690255978371
  ],
  [
   156.79164287564478,
   660.9909805626307
  ],
  [
   739.3962993586881,
   220.19027297874462
  ],
  [
   700.3730503234357,
   913.397966823492
  ],
  [
   824.1927207360281,
   383.8489062961882
  ],
  [
   490.33887075007704,
   674.0987701037874
  ],
  [
   299.3585047133055,
   91.36873418038111
  ],
  [
   900.0157022725954,
   597.3848961887218
  ],
  [
   282.2330597818376,
   172.22240366006355
  ],
  [
   248.234216504209,
   786.3674465148048
  ],
  [
   536.2679697327953,
   390.071936170346
  ],
  [
   479.1529800015467,
   399.9013391111361
  ],
  [
   642.8200373908224,
   133.94957429336213
  ],
  [
   242.77107635197655,
   85.62678954422469
  ],
  [
   879.6970780879909,
   372.5371152722371
  ],
  [
   386.37630191770455,
   55.080615985623524
  ],
  [
   496.0290555783183,
   211.4712343976871
  ],
  [
   446.9867853811409,
   123.81944356582508
  ],
  [
   726.0393246046475,
   518.4443320920118
  ],
  [
   244.02673268750075,
   214.75652721025662
  ],
  [
   29.18690255978371,
   664.9790226201928
  ],
  [
   662.4277496656691,
   438.282875775379
  ],
  [
   174.85699458019565,
   125.55547742822782
  ],
  [
   853.2244785624536,
   716.8048233982723
  ],
  [
   244.43013594093674,
   576.2096637313804
  ],
  [
   644.3670423127217,
   297.36817832082755
  ],
  [
   700.6808154296422,
   136.05223513037876
  ],
  [
   228.378525279639,
   909.6307622107793
  ],
  [
   292.5806281756815,
   658.1751389682646
  ],
  [
   29.18690255978371,
   588.1000774206268
  ],
  [
   291.2496279165716,
   826.1452007111437
  ],
  [
   766.6572468179231,
   362.89834993781017
  ],
  [
   662.7134245153944,
   638.7987507571693
  ],
  [
   164.0875947160241,
   553.1432529056108
  ],
  [
   702.7755626536507,
   787.1116858122294
  ],
  [
   673.5159927203267,
   725.3801928082711
  ],
  [
   115.12301638389108,
   278.2783675567748
  ],
  [
   849.7800728861315,
   660.2370994387032
  ],
  [
   804.2502510007001,
   98.67956390373757
  ],
  [
   597.6646112087955,
   642.7611473630556
  ],
  [
   972.8130974402163,
   139.29903496673256
  ],
  [
   945.2937781779178,
   844.0617380503979
  ],
  [
   328.28275267441705,
   613.4511229445052
  ],
  [
   747.8201045819783,
   104.72411702828951
  ],
  [
   208.97313395214124,
   459.25538427049116
  ],
  [
   674.6239251160474,
   567.0669648290708
  ],
  [
   197.56792754127665,
   29.18690255978371
  ],
  [
   29.18690255978371,
   444.72651935806925
  ],
  [
   337.69926736599024,
   779.6512317674567
  ],
  [
   968.6627325973839,
   633.8989413755016
  ],
  [
   765.0695927611536,
   827.4528909154627
  ],
  [
   160.98816697172091,
   912.2505640744189
  ],
  [
   304.49417250674736,
   362.50672735352026
  ],
  [
   403.1158076256244,
   447.384426404803
  ],
  [
   972.8130974402163,
   548.5550218029076
  ],
  [
   260.0365918125971,
   29.18690255978371
  ],
  [
   204.40296161092016,
   691.6082306995182
  ],
  [
   972.8130974402163,
   361.1793639908326
  ],
  [
   126.60428027068023,
   778.3508654030848
  ],
  [
   187.9592331562983,
   225.34619945543315
  ],
  [
   822.6383086426371,
   610.7803060809225
  ],
  [
   88.75195867038275,
   637.4558240360942
  ],
  [
   339.64154018350723,
   131.52988305649455
  ],
  [
   310.1319609127954,
   304.52537991691565
  ],
  [
   417.57312928288286,
   957.6432274771728
  ],
  [
   89.74411019772037,
   723.1891306305329
  ],
  [
   919.2613810699169,
   415.64603699645295
  ],
  [
   462.5929888995527,
   457.67913225740665
  ],
  [
   605.2100863190682,
   436.5579965367521
  ],
  [
   515.9733172096389,
   849.7963859017143
  ],
  [
   917.7807647970067,
   705.0518259386537
  ],
  [
   537.79660963503,
   585.4666926794562
  ],
  [
   659.4239111877903,
   972.8130974402163
  ],
  [
   590.6014565142679,
   155.41643543577968
  ],
  [
   299.4327438605151,
   418.6734634056799
  ],
  [
   29.18690255978371,
   29.18690255978371
  ],
  [
   128.39107877410024,
   478.7911644481104
  ],
  [
   134.10589135436604,
   602.4844264580007
  ],
  [
   915.8111647712418,
   779.680740408303
  ],
  [
   424.9044056977982,
   597.0944354291272
  ],
  [
   323.05136315274547,
   211.61462921127347
  ],
  [
   842.6167159019126,
   925.9237294114107
  ],
  [
   559.1393251425386,
   337.49379580608456
  ],
  [
   476.5409396805699,
   277.87007923263246
  ],
  [
   905.0997400304055,
   516.3431369091388
  ],
  [
   323.75763875438787,
   718.7465188509057
  ],
  [
   740.5444777083255,
   413.8119982903831
  ],
  [
   29.18690255978371,
   842.3961428756679
  ],
  [
   572.9035462718983,
   541.0866116060995
  ]
 ]
}