{
 "Object_Radius": 27.10279092286895,
 "Object_Shape": "disc",
 "Workspace_Density": 0.3,
 "Workspace_Height": 1000,
 "Workspace_Width": 1000,
 "number_of_objects": 130,
 "point_list": [
  [
   972.8130974402163,
   384.9380273400675
  ],
  [
   842.8210874826894,
   571.0382815234556
  ],
  [
   144.64837956573325,
   530.5959501663091
  ],
  [
   55.06726118053097,
   29.18690255978371
  ],
  [
   85.56127267756924,
   813.5697169082185
  ],
  [
   626.2706519879986,
   455.8709543079274
  ],
  [
   874.1835162173878,
   479.03458629348984
  ],
  [
   972.8130974402163,
   456.55712997032066
  ],
  [
   554.6108624275072,
   580.7140783734708
  ],
  [
   130.52635212437568,
   441.01534711229505
  ],
  [
   963.8700775817861,
   793.9047898173004
  ],
  [
   338.3781658591639,
   554.9517345744924
  ],
  [
   942.8290002291175,
   658.1118814711025
  ],
  [
   437.92005165457886,
   914.1953482273103
  ],
  [
   856.4489361824748,
   369.25809624396163
  ],
  [
   972.8130974402163,
   605.080401046051
  ],
  [
   444.6575679700927,
   523.6173622157519
  ],
  [
   99.92886807125345,
   972.8130974402163
  ],
  [
   916.2101692059277,
   105.96228130660644
  ],
  [
   606.5445059467177,
   283.9391838734262
  ],
  [
   242.49697905079634,
   972.8130974402163
  ],
  [
   539.4915233811518,
   712.4847914722225
  ],
  [
   186.74356017408002,
   491.0732826991636
  ],
  [
   260.58276995756944,
   533.9844519236431
  ],
  [
   896.4268832396149,
   851.0731784683126
  ],
  [
   921.0804844522237,
   901.9826897420357
  ],
  [
   159.26870731685395,
   365.4009115743632
  ],
  [
   844.4121271660559,
   972.8130974402163
  ],
  [
   435.31344067429546,
   240.21162300082892
  ],
  [
   545.1174908044,
   841.3700007421548
  ],
  [
   718.5223843389965,
   423.76510781980085
  ],
  [
   29.18690255978371,
   405.13533930317004
  ],
  [
   207.95970740100233,
   613.1984768105901
  ],
  [
   831.785036142802,
   162.16121528757643
  ],
  [
   259.8384489036842,
   864.0825168895835
  ],
  [
   657.4822111368851,
   849.442040501061
  ],
  [
   788.8553972604972,
   591.2531051590238
  ],
  [
   29.18690255978371,
   777.0734181328492
  ],
  [
   747.8925053833706,
   514.1183778591084
  ],
  [
   112.65256295515027,
   619.4640460113823
  ],
  [
   399.88266241802245,
   764.6097749367251
  ],
  [
   306.66513931343144,
   288.60186625694905
  ],
  [
   271.135695511999,
   351.9385238827435
  ],
  [
   295.4339500428491,
   29.18690255978371
  ],
  [
   890.4791060983189,
   602.2624645162829
  ],
  [
   29.18690255978371,
   96.56157696303013
  ],
  [
   224.13985072557458,
   820.4489377790854
  ],
  [
   539.4737495248249,
   312.0737662410394
  ],
  [
   406.9501594941231,
   290.19625288132147
  ],
  [
   315.0852370253095,
   972.8130974402163
  ],
  [
   455.24357042331803,
   388.5551789096739
  ],
  [
   86.47323308397681,
   101.68190813283839
  ],
  [
   416.26739808360054,
   346.9349076664931
  ],
  [
   79.95264019119274,
   298.0599886494775
  ],
  [
   908.431472924248,
   524.6051899243778
  ],
  [
   510.28724882208934,
   538.6245864079946
  ],
  [
   577.6634438952457,
   426.7990096898926
  ],
  [
   514.5850686121722,
   889.5753714985759
  ],
  [
   556.4588166129208,
   506.24456651609063
  ],
  [
   648.584917291976,
   972.8130974402163
  ],
  [
   145.90900431001285,
   875.2768281590653
  ],
  [
   322.80547304221807,
   420.0846819281633
  ],
  [
   552.8654118486174,
   29.18690255978371
  ],
  [
   635.2670635611942,
   557.9124486731737
  ],
  [
   735.1817147798514,
   569.2871600787254
  ],
  [
   850.4849776187723,
   815.3319271270766
  ],
  [
   214.64351467482638,
   353.5489265435214
  ],
  [
   149.19376217559807,
   46.08513057458019
  ],
  [
   330.9994980218064,
   141.64208574660807
  ],
  [
   80.66156611438211,
   753.5450063481193
  ],
  [
   972.8130974402163,
   972.8130974402163
  ],
  [
   857.1691467073439,
   294.1167708657021
  ],
  [
   29.18690255978371,
   857.1170966569624
  ],
  [
   677.7751388501662,
   368.39143295710124
  ],
  [
   461.22388318053834,
   85.59545023670472
  ],
  [
   305.16876771409596,
   722.4812169214307
  ],
  [
   158.3292672007631,
   586.4237891900833
  ],
  [
   756.570668673994,
   71.14092705932595
  ],
  [
   785.4478470663696,
   972.8130974402163
  ],
  [
   327.76735448871125,
   359.2146557286654
  ],
  [
   257.2967433818166,
   161.78205084198018
  ],
  [
   403.9054562462537,
   963.56379571132
  ],
  [
   894.4714235172479,
   246.0623115719162
  ],
  [
   29.18690255978371,
   530.4990137997487
  ],
  [
   903.5608521680895,
   972.8130974402163
  ],
  [
   972.8130974402163,
   325.1884300785301
  ],
  [
   33.461652749250675,
   189.9171616179349
  ],
  [
   501.79194512210614,
   222.94215698697906
  ],
  [
   654.3865256623344,
   792.5259740667065
  ],
  [
   723.7112372248216,
   624.5573489426305
  ],
  [
   729.009538078311,
   680.6859219087187
  ],
  [
   662.153306135438,
   293.3418375051492
  ],
  [
   579.3202408059959,
   209.00761386083695
  ],
  [
   523.3351281299141,
   115.42727898090007
  ],
  [
   897.5095497922531,
   427.4047611634269
  ],
  [
   783.403134846248,
   702.9735879238787
  ],
  [
   948.2629276683787,
   739.4191520934323
  ],
  [
   697.857443477944,
   46.08412531111549
  ],
  [
   638.3956982113217,
   131.04361461653627
  ],
  [
   127.04219601274542,
   260.3477287584921
  ],
  [
   253.23708600294592,
   653.6876900855475
  ],
  [
   511.42586849561,
   793.5886986064335
  ],
  [
   469.48479430484764,
   740.7458926867678
  ],
  [
   972.8130974402163,
   548.6331988085446
  ],
  [
   253.39278679541354,
   414.8196304397751
  ],
  [
   751.5709420732593,
   257.34327262610617
  ],
  [
   811.5288887984223,
   260.994878846065
  ],
  [
   792.2763986135272,
   203.9292695975272
  ],
  [
   592.773871338075,
   874.844909967047
  ],
  [
   591.086909626093,
   340.51311430245056
  ],
  [
   54.400123571258625,
   586.184173595407
  ],
  [
   963.6706020529085,
   140.9716006169691
  ],
  [
   161.32140252651416,
   105.49395461189792
  ],
  [
   802.7243284605515,
   527.9741828005732
  ],
  [
   403.3196224590501,
   628.855999128591
  ],
  [
   281.50321833302456,
   810.5416342508037
  ],
  [
   420.9254976777609,
   689.9250768291118
  ],
  [
   947.028022225674,
   29.18690255978371
  ],
  [
   329.5203085627707,
   840.0774590091517
  ],
  [
   395.0573677033479,
   160.00987276055434
  ],
  [
   712.7104816151422,
   734.6530621728627
  ],
  [
   362.56156041531165,
   719.4293715821848
  ],
  [
   467.6447081097388,
   658.2431024375948
  ],
  [
   531.0672618371325,
   394.7913261388896
  ],
  [
   463.8709611826716,
   972.8130974402163
  ],
  [
   253.4724911710139,
   82.46073904562579
  ],
  [
   357.3385730021893,
   44.37879857401058
  ],
  [
   481.402732784377,
   589.4995001723086
  ],
  [
   263.88087513669416,
   920.3710661367152
  ],
  [
   388.0334556234912,
   526.9503334017497
  ]
 ]
}