{
 "Object_Radius": 27.10279092286895,
 "Object_Shape": "disc",
 "Workspace_Density": 0.3,
 "Workspace_Height": 1000,
 "Workspace_Width": 1000,
 "number_of_objects": 130,
 "point_list": [
  [
   144.263523091417,
   972.8130974402163
  ],
  [
   290.3266241814895,
   61.500758117018606
  ],
  [
   29.18690255978371,
   721.5026397146748
  ],
  [
   654.5519012898897,
   263.23986197567046
  ],
  [
   972.8130974402163,
   290.99625001763195
  ],
  [
   72.49905531758759,
   330.4696400707508
  ],
  [
   972.8130974402163,
   469.21728479559727
  ],
  [
   358.906936189978,
   513.2127289486199
  ],
  [
   174.93951964792208,
   893.5211394458069
  ],
  [
   798.8991949405836,
   464.21539073297714
  ],
  [
   972.8130974402163,
   680.7060167076719
  ],
  [
   744.3996825088561,
   196.3583524198842
  ],
  [
   627.9623969212938,
   706.4586688665047
  ],
  [
   729.9434577933878,
   273.13604950353584
  ],
  [
   442.09778276031534,
   860.7931750899553
  ],
  [
   403.3663473991086,
   742.349866951218
  ],
  [
   885.8274870159347,
   330.7187611948055
  ],
  [
   691.044485353,
   971.2412372663969
  ],
  [
   630.2324168632829,
   322.1944873332146
  ],
  [
   503.00099558413336,
   137.05959661594048
  ],
  [
   761.3045224426758,
   401.3172657090661
  ],
  [
   585.6100969813132,
   458.5810739120357
  ],
  [
   385.6018021319823,
   386.309191722262
  ],
  [
   124.27147733104971,
   303.6520201320392
  ],
  [
   252.6637382477418,
   941.2942124712798
  ],
  [
   442.8848775821537,
   972.8130974402163
  ],
  [
   278.58462965431085,
   599.1359316735056
  ],
  [
   498.31298239696196,
   865.4996628858192
  ],
  [
   80.6378189859897,
   102.81335689910308
  ],
  [
   136.35245250615645,
   29.18690255978371
  ],
  [
   584.5563399021615,
   161.26242677644055
  ],
  [
   269.73668359352376,
   877.4929687705853
  ],
  [
   139.4278784434643,
   94.43522641505214
  ],
  [
   202.75905518270386,
   288.6915864101915
  ],
  [
   29.18690255978371,
   837.7155872608282
  ],
  [
   842.1092775500134,
   793.4191102616883
  ],
  [
   715.8489284209916,
   652.5523613303527
  ],
  [
   637.0990852064175,
   68.24542273612414
  ],
  [
   840.0667833882756,
   184.62380386908663
  ],
  [
   454.3014256626735,
   610.6623346608588
  ],
  [
   294.2846004938549,
   785.5273282208657
  ],
  [
   437.63203816430564,
   295.63506802994135
  ],
  [
   222.55923601892792,
   68.47634715040563
  ],
  [
   82.88776814818897,
   386.2450870485431
  ],
  [
   603.5591984166206,
   774.6379677541756
  ],
  [
   386.4589145568774,
   972.8130974402163
  ],
  [
   608.2808003323711,
   830.9885847776291
  ],
  [
   246.9224930026132,
   749.3189988610575
  ],
  [
   29.18690255978371,
   894.6283384332163
  ],
  [
   921.97818971093,
   149.379079308422
  ],
  [
   312.06429609130447,
   840.0911659407911
  ],
  [
   896.3419682074305,
   688.8025767940849
  ],
  [
   328.3588039104581,
   146.3217458389633
  ],
  [
   556.4588744765989,
   854.2858816984303
  ],
  [
   156.15716277447706,
   254.61382241846297
  ],
  [
   142.84864985571812,
   766.7525000167265
  ],
  [
   933.919115537764,
   521.927428490922
  ],
  [
   735.8247148306734,
   347.78360520799475
  ],
  [
   492.7695132526875,
   325.12685531215436
  ],
  [
   859.649146658148,
   916.4484322224968
  ],
  [
   528.7504495103196,
   661.4496009438584
  ],
  [
   717.4828897859896,
   909.8552888413038
  ],
  [
   330.12917958905666,
   573.4362776308682
  ],
  [
   972.8130974402163,
   829.1578080736864
  ],
  [
   227.6000032458043,
   627.2069617283166
  ],
  [
   192.53255458032083,
   496.28508399354126
  ],
  [
   122.44149016882048,
   181.43316598382546
  ],
  [
   972.8130974402163,
   411.45217836036636
  ],
  [
   837.014915267777,
   512.9107303797089
  ],
  [
   262.63642388903224,
   176.70156373888418
  ],
  [
   662.1183404001054,
   796.380006343678
  ],
  [
   775.3439578811657,
   538.8893120921794
  ],
  [
   339.94935273540597,
   690.2262062048303
  ],
  [
   969.9152147435697,
   971.8931025276828
  ],
  [
   517.272330752991,
   918.7978313383226
  ],
  [
   448.8820090363816,
   916.7572667521118
  ],
  [
   446.2992685696117,
   107.59622132076564
  ],
  [
   667.6821083826969,
   159.64592545286388
  ],
  [
   874.1388295384291,
   744.8359999892139
  ],
  [
   243.66919198752058,
   238.33308755735516
  ],
  [
   158.49658097411873,
   348.95473274610583
  ],
  [
   632.2704179304942,
   204.93618368953813
  ],
  [
   828.5893863400642,
   116.09469855668056
  ],
  [
   547.9308220818384,
   85.2312136908353
  ],
  [
   520.2550785054278,
   426.595381562845
  ],
  [
   883.3085518329478,
   102.31280216328048
  ],
  [
   667.1558589135625,
   859.2258403483083
  ],
  [
   838.4049568084981,
   45.59777356694754
  ],
  [
   827.9865410335783,
   270.1970581433635
  ],
  [
   318.4017118551168,
   473.5654385045637
  ],
  [
   972.8130974402163,
   619.6129464289739
  ],
  [
   688.5262755017518,
   212.029463745939
  ],
  [
   972.8130974402163,
   354.78341026786234
  ],
  [
   683.0507788994556,
   29.18690255978371
  ],
  [
   387.2836615382947,
   31.67271149821227
  ],
  [
   888.8651316031822,
   483.17566402917066
  ],
  [
   499.32724826700087,
   972.8130974402163
  ],
  [
   781.6192011213817,
   151.81927947621125
  ],
  [
   751.8601077706002,
   972.8130974402163
  ],
  [
   475.9220544292132,
   501.9669175425755
  ],
  [
   830.264184679044,
   863.0435049098081
  ],
  [
   887.6636418937416,
   572.7609394199852
  ],
  [
   623.5624421851734,
   384.4094426669019
  ],
  [
   606.0379983222049,
   891.5381670976382
  ],
  [
   223.93288432694476,
   810.0072583013907
  ],
  [
   755.353180769279,
   29.18690255978371
  ],
  [
   381.89698407620824,
   883.1676804970392
  ],
  [
   806.0278313461669,
   603.0338105190327
  ],
  [
   29.18690255978371,
   280.5844065216495
  ],
  [
   29.18690255978371,
   951.9562718304934
  ],
  [
   916.9753527889947,
   269.92262242395856
  ],
  [
   928.8262307687897,
   67.49316063917607
  ],
  [
   889.7144325722179,
   216.28896097401972
  ],
  [
   429.5144740378558,
   800.7628094319448
  ],
  [
   299.1830153156363,
   279.8718803317649
  ],
  [
   828.9580580344763,
   331.5299447191656
  ],
  [
   338.9805601134011,
   420.3667772174469
  ],
  [
   951.5716347434009,
   223.17437768432708
  ],
  [
   330.03673975928126,
   972.8130974402163
  ],
  [
   414.69137713388096,
   522.2270330023731
  ],
  [
   721.1287617435305,
   136.16926442968938
  ],
  [
   468.53051363670284,
   378.48880400883456
  ],
  [
   678.1785723548762,
   358.122819526904
  ],
  [
   29.18690255978371,
   140.7995722207331
  ],
  [
   173.3433437216438,
   607.6698598327629
  ],
  [
   776.1864756129812,
   94.86608334755272
  ],
  [
   880.7830211115808,
   836.0109291449952
  ],
  [
   642.4690944754166,
   454.8985412341543
  ],
  [
   566.6786629274071,
   386.59042385350153
  ],
  [
   774.9459385592751,
   662.9106791071958
  ]
 ]
}