{
 "Object_Radius": 103.00645387285056,
 "Object_Shape": "disc",
 "Workspace_Density": 0.5,
 "Workspace_Height": 1000,
 "Workspace_Width": 1000,
 "number_of_objects": 15,
 "point_list": [
  [
   320.5072060962113,
   688.5700669503851
  ],
  [
   893.8732879722354,
   893.8732879722354
  ],
  [
   385.46858766127525,
   893.8732879722354
  ],
  [
   108.12671202776458,
   108.12671202776458
  ],
  [
   893.8732879722354,
   326.78959966801244
  ],
  [
   747.2500568416988,
   732.7136957033408
  ],
  [
   108.12671202776458,
   472.35692231693145
  ],
  [
   599.8007935377718,
   893.8732879722354
  ],
  [
   475.74956718237405,
   540.7768560929125
  ],
  [
   382.3618609512022,
   108.12671202776458
  ],
  [
   426.85959113623784,
   332.17592896380404
  ],
  [
   838.1006985559193,
   535.2832752401956
  ],
  [
   108.12671202776458,
   717.6521207416495
  ],
  [
   893.8732879722354,
   108.12671202776458
  ],
  [
   599.6458509502355,
   108.12671202776458
  ]
 ]
}