{
 "Object_Radius": 103.00645387285056,
 "Object_Shape": "disc",
 "Workspace_Density": 0.5,
 "Workspace_Height": 1000,
 "Workspace_Width": 1000,
 "number_of_objects": 15,
 "point_list": [
  [
   108.12671202776458,
   544.0087781972336
  ],
  [
   893.8732879722354,
   893.8732879722354
  ],
  [
   683.5627785739334,
   108.12671202776458
  ],
  [
   893.8732879722354,
   363.8465513170257
  ],
  [
   893.8732879722354,
   578.3195939116587
  ],
  [
   332.1747061774631,
   470.7845641608107
  ],
  [
   546.9063800648644,
   308.28969266427424
  ],
  [
   431.9305504406559,
   893.8732879722354
  ],
  [
   510.0659469116815,
   590.5561516442095
  ],
  [
   654.3909209282157,
   893.8732879722354
  ],
  [
   198.72743916095047,
   302.93203487485385
  ],
  [
   290.06472793959216,
   680.9952334671225
  ],
  [
   108.12671202776458,
   108.12671202776458
  ],
  [
   703.6796906993416,
   683.0696097692935
  ],
  [
   893.8732879722354,
   149.04165495930135
  ]
 ]
}