{
 "Object_Radius": 103.00645387285056,
 "Object_Shape": "disc",
 "Workspace_Density": 0.5,
 "Workspace_Height": 1000,
 "Workspace_Width": 1000,
 "number_of_objects": 15,
 "point_list": [
  [
   335.7723462720068,
   593.1938292197125
  ],
  [
   893.8732879722354,
   108.12671202776458
  ],
  [
   893.8732879722354,
   893.8732879722354
  ],
  [
   559.011292298019,
   536.0208271366201
  ],
  [
   108.12671202776458,
   532.6189398384822
  ],
  [
   108.12671202776458,
   893.8732879722354
  ],
  [
   893.8732879722354,
   333.4675507701994
  ],
  [
   668.0687712348656,
   108.12671202776458
  ],
  [
   726.9226052302744,
   759.5079990904087
  ],
  [
   392.9218819731855,
   322.33422848360385
  ],
  [
   308.1800741676104,
   810.441136241713
  ],
  [
   607.6709222132909,
   313.69088593707545
  ],
  [
   513.0018532107698,
   747.5685923482553
  ],
  [
   108.12671202776458,
   108.12671202776458
  ],
  [
   178.55193440606755,
   322.69436756863814
  ]
 ]
}