{
 "Object_Radius": 103.00645387285056,
 "Object_Shape": "disc",
 "Workspace_Density": 0.5,
 "Workspace_Height": 1000,
 "Workspace_Width": 1000,
 "number_of_objects": 15,
 "point_list": [
  [
   893.8732879722354,
   633.0812830197428
  ],
  [
   312.3912217411614,
   463.61180207788374
  ],
  [
   256.1283647348655,
   729.3613576454816
  ],
  [
   108.12671202776458,
   289.3751161119832
  ],
  [
   108.12671202776458,
   532.1376653018672
  ],
  [
   893.8732879722354,
   893.8732879722354
  ],
  [
   722.1484008296179,
   481.8010681760758
  ],
  [
   465.061825531802,
   893.8732879722354
  ],
  [
   517.6485205764665,
   396.3507672708137
  ],
  [
   518.2743659081505,
   677.3646896252332
  ],
  [
   893.8732879722354,
   335.1128170706921
  ],
  [
   493.578309384061,
   179.62365361103704
  ],
  [
   279.40880569317216,
   108.12671202776458
  ],
  [
   679.6198639092837,
   893.8732879722354
  ],
  [
   108.12671202776458,
   893.8732879722354
  ]
 ]
}