{
 "Object_Radius": 91.5236360302901,
 "Object_Shape": "disc",
 "Workspace_Density": 0.5,
 "Workspace_Height": 1000,
 "Workspace_Width": 1000,
 "number_of_objects": 19,
 "point_list": [
  [
   186.0546710511134,
   455.8995472528524
  ],
  [
   106.44461618875383,
   905.8154185284983
  ],
  [
   124.2200951732146,
   650.4087772137244
  ],
  [
   730.0510573318307,
   785.8895582049698
  ],
  [
   354.0846766929133,
   105.30530373440159
  ],
  [
   663.7734257209439,
   143.01158694557478
  ],
  [
   312.9070915895205,
   597.8468005167825
  ],
  [
   717.9852922711178,
   429.23254833667676
  ],
  [
   880.0452397850929,
   659.2253012828678
  ],
  [
   568.2283009517107,
   895.3779806941499
  ],
  [
   278.6402794641006,
   802.5179848575684
  ],
  [
   495.8463777230936,
   509.05750562911766
  ],
  [
   317.784925312849,
   313.30504855615675
  ],
  [
   905.8154185284983,
   389.41347230632294
  ],
  [
   457.13453213713683,
   734.9628808459207
  ],
  [
   502.6034630671265,
   256.4298661084167
  ],
  [
   877.8962676906734,
   905.8154185284983
  ],
  [
   657.6104571565946,
   609.8088821224867
  ],
  [
   134.9486639921634,
   252.31554010280843
  ]
 ]
}