{
 "Object_Radius": 91.5236360302901,
 "Object_Shape": "disc",
 "Workspace_Density": 0.5,
 "Workspace_Height": 1000,
 "Workspace_Width": 1000,
 "number_of_objects": 19,
 "point_list": [
  [
   696.6018604066113,
   651.4220475478955
  ],
  [
   905.8154185284983,
   334.43212236085895
  ],
  [
   365.3762015125649,
   594.2178788630758
  ],
  [
   905.8154185284983,
   524.8029626371723
  ],
  [
   511.5088754358616,
   96.18458147150173
  ],
  [
   705.5502788451066,
   96.18458147150173
  ],
  [
   346.72885882751166,
   905.8154185284983
  ],
  [
   306.38221780401165,
   139.11645551900844
  ],
  [
   905.8154185284983,
   144.0623349140353
  ],
  [
   517.8459932390206,
   716.8954004651047
  ],
  [
   905.8154185284983,
   715.328556167868
  ],
  [
   272.3194195098255,
   388.18453231850657
  ],
  [
   622.1421570372231,
   275.4245074054355
  ],
  [
   115.89925538172993,
   96.18458147150173
  ],
  [
   657.0616491201714,
   463.292235072828
  ],
  [
   462.72628934677505,
   399.7905545745938
  ],
  [
   905.8154185284983,
   905.8154185284983
  ],
  [
   202.11481793243632,
   701.5421943691824
  ],
  [
   541.2904987055518,
   905.8154185284983
  ]
 ]
}