{
 "Object_Radius": 91.5236360302901,
 "Object_Shape": "disc",
 "Workspace_Density": 0.5,
 "Workspace_Height": 1000,
 "Workspace_Width": 1000,
 "number_of_objects": 19,
 "point_list": [
  [
   813.762914613892,
   318.53716795815666
  ],
  [
   688.8541645534152,
   96.18458147150173
  ],
  [
   601.9799223988831,
   713.0409201671521
  ],
  [
   583.4211141942432,
   905.8154185284983
  ],
  [
   856.803905768893,
   870.4614581182568
  ],
  [
   905.8154185284983,
   485.22227172930747
  ],
  [
   507.8365759229408,
   542.8483025932693
  ],
  [
   96.18458147150173,
   525.4310281732293
  ],
  [
   305.3337078717128,
   578.4990514447779
  ],
  [
   595.3314617764245,
   262.05438376595106
  ],
  [
   905.8154185284983,
   116.91679953716512
  ],
  [
   298.5763852379503,
   905.8154185284983
  ],
  [
   301.3474594021072,
   216.37411947684882
  ],
  [
   96.18458147150173,
   334.9216052022475
  ],
  [
   107.84819659028149,
   905.8154185284983
  ],
  [
   392.8408917043932,
   386.9614454113297
  ],
  [
   401.10448597699957,
   744.2931696565247
  ],
  [
   768.6336045415974,
   621.0242632940648
  ],
  [
   96.18458147150173,
   715.8001910687677
  ]
 ]
}