{
 "Object_Radius": 91.5236360302901,
 "Object_Shape": "disc",
 "Workspace_Density": 0.5,
 "Workspace_Height": 1000,
 "Workspace_Width": 1000,
 "number_of_objects": 19,
 "point_list": [
  [
   353.8130469352775,
   96.18458147150173
  ],
  [
   293.70176570119213,
   808.9993616435132
  ],
  [
   209.03055404999893,
   440.4128584613495
  ],
  [
   651.2411252436566,
   96.18458147150173
  ],
  [
   96.18458147150173,
   787.8549571249708
  ],
  [
   551.3273144785185,
   905.8154185284983
  ],
  [
   905.8154185284983,
   481.57764152071155
  ],
  [
   579.0425322632335,
   272.69355875266626
  ],
  [
   650.2374872973048,
   695.5411046752796
  ],
  [
   96.18458147150173,
   286.569894214904
  ],
  [
   905.8154185284983,
   810.9354433416424
  ],
  [
   96.18458147150173,
   96.18458147150173
  ],
  [
   478.0572242137799,
   613.720771184634
  ],
  [
   905.8154185284983,
   96.18458147150173
  ],
  [
   96.18458147150173,
   593.7583110793915
  ],
  [
   377.0904355087807,
   350.2402290648697
  ],
  [
   905.8154185284983,
   289.1227018221772
  ],
  [
   705.8469262976064,
   498.1574736649342
  ],
  [
   286.82691184612537,
   618.2481754345444
  ]
 ]
}