{
 "Object_Radius": 91.5236360302901,
 "Object_Shape": "disc",
 "Workspace_Density": 0.5,
 "Workspace_Height": 1000,
 "Workspace_Width": 1000,
 "number_of_objects": 19,
 "point_list": [
  [
   901.1383369552534,
   905.8154185284983
  ],
  [
   182.06537077080014,
   535.4328791551242
  ],
  [
   702.6571991216301,
   156.20990699213357
  ],
  [
   482.3766253624749,
   199.49100269113555
  ],
  [
   327.27350653356683,
   366.3241856963734
  ],
  [
   905.8154185284983,
   708.2458818884561
  ],
  [
   422.75603686053284,
   905.8154185284983
  ],
  [
   565.6800049113051,
   779.8609080527908
  ],
  [
   96.18458147150173,
   332.19859530012394
  ],
  [
   96.18458147150173,
   135.55072261201306
  ],
  [
   710.46144889058,
   905.8154185284983
  ],
  [
   471.670542397674,
   548.5857283230814
  ],
  [
   291.88628528755874,
   96.18458147150173
  ],
  [
   883.2307051584879,
   347.0689273625836
  ],
  [
   581.3942273559705,
   392.4583673787031
  ],
  [
   905.8154185284983,
   96.18458147150173
  ],
  [
   720.6888767439485,
   663.875337844133
  ],
  [
   191.46287307984667,
   760.4273049799546
  ],
  [
   385.3045628917858,
   718.9912275072992
  ]
 ]
}