{
 "Object_Radius": 91.5236360302901,
 "Object_Shape": "disc",
 "Workspace_Density": 0.5,
 "Workspace_Height": 1000,
 "Workspace_Width": 1000,
 "number_of_objects": 19,
 "point_list": [
  [
   905.8154185284983,
   905.8154185284983
  ],
  [
   468.026294069252,
   96.18458147150173
  ],
  [
   96.18458147150173,
   96.18458147150173
  ],
  [
   288.64190498633553,
   626.1824563701858
  ],
  [
   737.2396160339334,
   417.8922361616609
  ],
  [
   905.8154185284983,
   96.18458147150173
  ],
  [
   306.90920065435915,
   297.8430317797359
  ],
  [
   455.43530308836915,
   463.4990286145692
  ],
  [
   96.18458147150173,
   599.9352558177713
  ],
  [
   333.7538874043298,
   905.8154185284983
  ],
  [
   693.9538798751978,
   96.18458147150173
  ],
  [
   905.8154185284983,
   306.3466043358385
  ],
  [
   714.5010307599871,
   905.8154185284983
  ],
  [
   524.1318868568152,
   905.8154185284983
  ],
  [
   96.18458147150173,
   328.459695835172
  ],
  [
   905.8154185284983,
   508.0541247810284
  ],
  [
   143.2527424836721,
   905.8154185284983
  ],
  [
   460.83180776210503,
   708.4361526053666
  ],
  [
   650.5470886029216,
   612.5271167102263
  ]
 ]
}