{
 "Object_Radius": 91.5236360302901,
 "Object_Shape": "disc",
 "Workspace_Density": 0.5,
 "Workspace_Height": 1000,
 "Workspace_Width": 1000,
 "number_of_objects": 19,
 "point_list": [
  [
   96.18458147150173,
   667.0275476402047
  ],
  [
   306.92748565751884,
   704.7469495464377
  ],
  [
   715.1150573261676,
   96.18458147150173
  ],
  [
   559.434980807534,
   694.0637109608531
  ],
  [
   459.5681837563454,
   277.34321895521623
  ],
  [
   653.2257119433389,
   896.383649310817
  ],
  [
   905.8154185284983,
   542.4986332788085
  ],
  [
   565.0258665854012,
   436.9112272917905
  ],
  [
   905.8154185284983,
   290.72722266905504
  ],
  [
   323.2389580789097,
   96.18458147150173
  ],
  [
   383.66521234886784,
   495.03705641687293
  ],
  [
   886.9525417785575,
   764.7944337208351
  ],
  [
   752.6663550940457,
   404.08221186263677
  ],
  [
   96.18458147150173,
   286.28783980713206
  ],
  [
   212.05343290826363,
   905.8154185284983
  ],
  [
   524.7055462853194,
   96.18458147150173
  ],
  [
   106.27962301031081,
   96.18458147150173
  ],
  [
   96.18458147150173,
   476.65838472512064
  ],
  [
   905.8154185284983,
   96.18458147150173
  ]
 ]
}