{
 "Object_Radius": 91.5236360302901,
 "Object_Shape": "disc",
 "Workspace_Density": 0.5,
 "Workspace_Height": 1000,
 "Workspace_Width": 1000,
 "number_of_objects": 19,
 "point_list": [
  [
   863.7119828060655,
   635.6775783619028
  ],
  [
   621.3001535872642,
   96.18458147150173
  ],
  [
   613.4273070556865,
   339.7502281096615
  ],
  [
   861.4283959995698,
   858.4103658061161
  ],
  [
   532.687723067811,
   898.1226406583471
  ],
  [
   666.6346577670886,
   650.8774578661361
  ],
  [
   905.8154185284983,
   350.36195307619454
  ],
  [
   763.6090427515501,
   222.74718348128746
  ],
  [
   238.63405451371304,
   96.18458147150173
  ],
  [
   466.5143743175388,
   690.0052021450164
  ],
  [
   139.307216643219,
   501.0615386827289
  ],
  [
   96.18458147150173,
   222.78331785757865
  ],
  [
   96.18458147150173,
   692.3603597126514
  ],
  [
   430.92096640787287,
   96.18458147150173
  ],
  [
   430.1974554614634,
   287.44381349161057
  ],
  [
   248.30219838015492,
   343.60907075742244
  ],
  [
   527.758297747158,
   509.75386959371815
  ],
  [
   905.8154185284983,
   96.18458147150173
  ],
  [
   302.61259547982394,
   905.8154185284983
  ]
 ]
}