{
 "Object_Radius": 112.83791670955127,
 "Object_Shape": "disc",
 "Workspace_Density": 0.4,
 "Workspace_Height": 1000,
 "Workspace_Width": 1000,
 "number_of_objects": 10,
 "point_list": [
  [
   118.35143337793332,
   497.1172398879966
  ],
  [
   118.35143337793332,
   830.0624430452417
  ],
  [
   286.708682563693,
   660.7191779941181
  ],
  [
   693.0810682691141,
   625.575213257809
  ],
  [
   360.8634970284061,
   883.6485666220667
  ],
  [
   383.2839445375745,
   441.5324342396773
  ],
  [
   425.41107851676344,
   118.35143337793332
  ],
  [
   626.4357550699694,
   356.47909645228333
  ],
  [
   883.6485666220667,
   484.8499486671966
  ],
  [
   883.6485666220667,
   883.6485666220667
  ]
 ]
}