{
 "Object_Radius": 112.83791670955127,
 "Object_Shape": "disc",
 "Workspace_Density": 0.4,
 "Workspace_Height": 1000,
 "Workspace_Width": 1000,
 "number_of_objects": 10,
 "point_list": [
  [
   883.6485666220667,
   118.35143337793332
  ],
  [
   508.86076953664184,
   612.4228713397355
  ],
  [
   883.6485666220667,
   367.89467563757273
  ],
  [
   118.35143337793332,
   353.0547992527033
  ],
  [
   883.6485666220667,
   837.3205035088737
  ],
  [
   883.6485666220667,
   602.5975423848746
  ],
  [
   118.35143337793332,
   867.0819163748129
  ],
  [
   118.35143337793332,
   118.35143337793332
  ],
  [
   577.6577421830326,
   332.1102029373305
  ],
  [
   457.35287529202725,
   118.35143337793332
  ]
 ]
}