{
 "Object_Radius": 112.83791670955127,
 "Object_Shape": "disc",
 "Workspace_Density": 0.4,
 "Workspace_Height": 1000,
 "Workspace_Width": 1000,
 "number_of_objects": 10,
 "point_list": [
  [
   564.9060266363277,
   767.3067154210725
  ],
  [
   529.4698483269033,
   535.2944033671248
  ],
  [
   883.6485666220667,
   458.76646246293626
  ],
  [
   360.9698535042096,
   883.6485666220667
  ],
  [
   221.2069916750481,
   393.12999768432985
  ],
  [
   123.77693457112144,
   883.6485666220667
  ],
  [
   643.1778404706787,
   292.87379771769207
  ],
  [
   883.6485666220667,
   118.35143337793332
  ],
  [
   253.20924597281584,
   153.85573329992584
  ],
  [
   772.742709732877,
   883.6485666220667
  ]
 ]
}