{
 "Object_Radius": 112.83791670955127,
 "Object_Shape": "disc",
 "Workspace_Density": 0.4,
 "Workspace_Height": 1000,
 "Workspace_Width": 1000,
 "number_of_objects": 10,
 "point_list": [
  [
   878.6781388457806,
   737.6504570199985
  ],
  [
   633.9898380661205,
   883.6485666220667
  ],
  [
   354.4212740954472,
   128.57458719811058
  ],
  [
   126.61062806578619,
   302.43894485326433
  ],
  [
   883.6485666220667,
   351.0998129342676
  ],
  [
   118.35143337793332,
   686.0686446108101
  ],
  [
   336.9167182501375,
   828.2667299729646
  ],
  [
   656.190887288874,
   246.6770467753302
  ],
  [
   452.94553583501704,
   586.5035920976302
  ],
  [
   853.4200743630896,
   118.35143337793332
  ]
 ]
}