{
 "Object_Radius": 23.032943298089034,
 "Object_Shape": "disc",
 "Workspace_Density": 0.2,
 "Workspace_Height": 1000,
 "Workspace_Width": 1000,
 "number_of_objects": 120,
 "point_list": [
  [
   745.2803972151484,
   219.0431731837134
  ],
  [
   814.0761346188907,
   624.038758149751
  ],
  [
   246.00904938342404,
   545.2872208797723
  ],
  [
   26.33623762789794,
   459.7037099356189
  ],
  [
   911.8371509657926,
   354.95542847969017
  ],
  [
   125.68988255854596,
   270.2699129668299
  ],
  [
   315.3110986651421,
   760.9204911548186
  ],
  [
   344.0227215204155,
   300.2797051410876
  ],
  [
   426.41845700919725,
   823.7127707397176
  ],
  [
   890.6002999340111,
   663.9779112124811
  ],
  [
   636.7307304240262,
   433.21832632520585
  ],
  [
   847.0408768040403,
   271.1886491002728
  ],
  [
   593.5166923138985,
   39.21724208340038
  ],
  [
   68.27184710686662,
   421.4885024717202
  ],
  [
   622.2132469148718,
   965.0164325226082
  ],
  [
   91.84903138975103,
   614.8628010276361
  ],
  [
   139.40542531233766,
   45.461184448503374
  ],
  [
   342.5895606503973,
   234.86726255467644
  ],
  [
   186.52131951603178,
   929.8256559064026
  ],
  [
   232.2207576757801,
   484.1962029435184
  ],
  [
   666.7481471344203,
   391.4586480634258
  ],
  [
   447.34638415006356,
   178.27528011329335
  ],
  [
   383.1023016504472,
   937.2334868426534
  ],
  [
   276.5474665242684,
   113.48694984328935
  ],
  [
   726.0997097616474,
   57.08453481092501
  ],
  [
   267.3625802007087,
   742.3174344170582
  ],
  [
   44.493142143981395,
   220.05660473478702
  ],
  [
   882.8036035372138,
   45.77582868170271
  ],
  [
   628.8172409422616,
   329.74922189903765
  ],
  [
   670.5738816657373,
   193.94148899074628
  ],
  [
   751.595064660661,
   718.7612791016978
  ],
  [
   85.0046605213004,
   699.4292315147895
  ],
  [
   254.9976430060409,
   179.03632791532303
  ],
  [
   383.16374161729703,
   871.4555408832972
  ],
  [
   950.7081055475489,
   658.0324206554491
  ],
  [
   516.9582984166822,
   438.15164327042083
  ],
  [
   709.1126303965697,
   112.49943238818105
  ],
  [
   727.0262593547241,
   603.4947748375623
  ],
  [
   525.1328701941665,
   26.33623762789794
  ],
  [
   26.33623762789794,
   135.45685417419588
  ],
  [
   810.3104295427528,
   194.78221496290533
  ],
  [
   562.5561841577925,
   215.48231680418613
  ],
  [
   380.44119771015227,
   538.0930520660916
  ],
  [
   904.6446153935573,
   146.06837351361733
  ],
  [
   218.9718366353021,
   50.94375452505059
  ],
  [
   26.33623762789794,
   846.7809148471704
  ],
  [
   797.7015871595006,
   457.9408603300696
  ],
  [
   146.9403398758822,
   975.663762372102
  ],
  [
   819.5676935331937,
   402.108838324785
  ],
  [
   751.1216981391856,
   781.0164995732226
  ],
  [
   754.1494967655705,
   312.077250278441
  ],
  [
   580.3799836847636,
   402.8580861509958
  ],
  [
   928.303463337641,
   68.67584249107836
  ],
  [
   602.5373370669263,
   779.345765446766
  ],
  [
   766.4857199157717,
   921.4567510957947
  ],
  [
   588.6402302846774,
   152.30467514100374
  ],
  [
   312.7791118455653,
   608.2247778221993
  ],
  [
   185.47703662609743,
   342.0581858552821
  ],
  [
   131.91469646894933,
   448.2308306369323
  ],
  [
   493.18857845531915,
   818.481791358026
  ],
  [
   539.054142557478,
   162.74112020180692
  ],
  [
   975.663762372102,
   447.507673366467
  ],
  [
   147.67473206377636,
   835.9615569408071
  ],
  [
   940.5020715278822,
   766.0006936194666
  ],
  [
   491.7668586974191,
   144.53086598105628
  ],
  [
   567.2773230486132,
   867.7478824609071
  ],
  [
   395.88225928022763,
   382.32516373254316
  ],
  [
   221.67007533690975,
   140.5603142237145
  ],
  [
   556.5736683127972,
   812.9517004729814
  ],
  [
   868.1335010386783,
   325.1493170427339
  ],
  [
   363.4994870599963,
   76.19954240072768
  ],
  [
   681.1622165962634,
   335.48900183835616
  ],
  [
   515.7651242049707,
   310.05629880077277
  ],
  [
   848.4058466708954,
   154.17770755590635
  ],
  [
   255.91025779581966,
   329.5213901404894
  ],
  [
   332.74408980124605,
   705.1290888761869
  ],
  [
   659.569256937441,
   126.24070265150667
  ],
  [
   54.552897205989325,
   758.1273048575952
  ],
  [
   664.4451941981508,
   476.5367862557669
  ],
  [
   724.037960436444,
   531.7952980892012
  ],
  [
   754.7543260744479,
   161.00841356539433
  ],
  [
   617.3085758865587,
   667.3862918049418
  ],
  [
   95.3240695299404,
   212.6748800932785
  ],
  [
   910.5761466147064,
   813.3307612187833
  ],
  [
   566.7776078757571,
   643.3747770833663
  ],
  [
   432.0774841940088,
   421.7722018131718
  ],
  [
   332.0382289124448,
   127.47573752048386
  ],
  [
   126.82304986858873,
   101.65923219445871
  ],
  [
   386.7253744293089,
   26.33623762789794
  ],
  [
   60.2445424670074,
   275.56232790403396
  ],
  [
   810.3564096237701,
   571.7643329476324
  ],
  [
   123.70555665490448,
   362.86041617163727
  ],
  [
   243.18703727699298,
   953.8531801860571
  ],
  [
   736.5199184372258,
   834.879837037007
  ],
  [
   542.8269577854064,
   488.1150871973809
  ],
  [
   675.6845859460319,
   826.174391485601
  ],
  [
   396.6345495028094,
   240.1294989937042
  ],
  [
   51.773549814508726,
   89.75798438552438
  ],
  [
   129.439698638923,
   503.01987864508953
  ],
  [
   782.370298124631,
   26.33623762789794
  ],
  [
   847.2774385840953,
   473.23776044290594
  ],
  [
   184.31627723222638,
   611.1967033186994
  ],
  [
   543.3190030928578,
   262.73798329357527
  ],
  [
   683.9675018449577,
   661.1469083702581
  ],
  [
   925.8304196436272,
   879.7487184649051
  ],
  [
   71.54779415980994,
   975.663762372102
  ],
  [
   821.6202176256836,
   351.3252961843452
  ],
  [
   48.00018304593301,
   372.99909246767857
  ],
  [
   830.9695042020089,
   61.131681172352685
  ],
  [
   495.37724717187643,
   708.3455090970148
  ],
  [
   189.0295790777925,
   226.25653681415824
  ],
  [
   444.7797202164553,
   125.53540380937378
  ],
  [
   879.5842869608736,
   406.8728817935927
  ],
  [
   358.94839594861907,
   817.135590858704
  ],
  [
   598.3358706955734,
   485.6653920881738
  ],
  [
   461.54345715506975,
   65.79544919197681
  ],
  [
   800.1599305386908,
   138.3518255842414
  ],
  [
   26.33623762789794,
   619.7083046197091
  ],
  [
   538.1390009435468,
   372.5712087528392
  ],
  [
   633.4759761296699,
   729.1599877158487
  ]
 ]
}