{
 "Object_Radius": 23.032943298089034,
 "Object_Shape": "disc",
 "Workspace_Density": 0.2,
 "Workspace_Height": 1000,
 "Workspace_Width": 1000,
 "number_of_objects": 120,
 "point_list": [
  [
   586.2497134098201,
   404.083905358793
  ],
  [
   486.734510392215,
   916.068942702725
  ],
  [
   561.0345652930349,
   975.663762372102
  ],
  [
   80.87720640046716,
   911.4426496758068
  ],
  [
   292.85576680436037,
   553.8392458063912
  ],
  [
   833.277336585937,
   505.3038926345704
  ],
  [
   240.99171041255042,
   446.8604303303133
  ],
  [
   26.33623762789794,
   894.3449107852935
  ],
  [
   864.002121685726,
   860.9922637859552
  ],
  [
   26.33623762789794,
   840.16336719359
  ],
  [
   818.6340275317312,
   975.663762372102
  ],
  [
   827.1013703850399,
   603.603295594971
  ],
  [
   27.44895695952539,
   70.28622876230537
  ],
  [
   473.89955083321803,
   766.0124962593476
  ],
  [
   26.33623762789794,
   731.7807479255512
  ],
  [
   548.167824710829,
   482.5323827405238
  ],
  [
   887.3199112435799,
   582.2001642704139
  ],
  [
   279.2529507544076,
   401.3931784081722
  ],
  [
   726.3937506804162,
   591.6921801231097
  ],
  [
   26.33623762789794,
   970.1017783958604
  ],
  [
   66.74309698705049,
   383.0358263985537
  ],
  [
   113.88185334882218,
   823.8364194779666
  ],
  [
   221.3654698891186,
   333.8595264876693
  ],
  [
   488.3306951291647,
   499.56931263368716
  ],
  [
   843.8633417334315,
   555.4205316000576
  ],
  [
   802.7896624996968,
   27.92826972543272
  ],
  [
   132.45071378140102,
   264.6331729486801
  ],
  [
   627.9049006136762,
   720.566786482891
  ],
  [
   245.63863120137867,
   533.7932842880546
  ],
  [
   433.77573970192987,
   240.7418623804518
  ],
  [
   975.663762372102,
   505.7246889142073
  ],
  [
   376.4223339195887,
   713.5641919111372
  ],
  [
   699.4212884445616,
   914.8126684918645
  ],
  [
   180.93588892326352,
   900.336722293372
  ],
  [
   293.9785391660297,
   639.6355445009292
  ],
  [
   847.9513371615591,
   687.0943286814626
  ],
  [
   213.33184089934102,
   649.3910227753541
  ],
  [
   963.8968972142059,
   975.663762372102
  ],
  [
   409.09196564535347,
   26.33623762789794
  ],
  [
   471.4653154397974,
   185.95936383794998
  ],
  [
   879.3799762469572,
   190.36831094631745
  ],
  [
   740.9806288254622,
   478.4721424361908
  ],
  [
   465.1715804857561,
   386.69099352293426
  ],
  [
   616.7736410342206,
   44.45083474450633
  ],
  [
   905.5758799864714,
   891.9385961258138
  ],
  [
   26.33623762789794,
   146.73535374244835
  ],
  [
   353.3103795004706,
   481.94073052744807
  ],
  [
   975.663762372102,
   687.5095035236403
  ],
  [
   123.94813180442077,
   559.7714149009294
  ],
  [
   423.5197563564493,
   419.6160415384723
  ],
  [
   651.6058068557799,
   851.27191394147
  ],
  [
   194.4900739932479,
   116.36974278092016
  ],
  [
   336.0268904588165,
   50.99158067308967
  ],
  [
   936.868220593067,
   731.831996267897
  ],
  [
   339.5648194638546,
   261.5130279468484
  ],
  [
   589.0110109405897,
   905.4037223238265
  ],
  [
   151.12827947100283,
   73.2971761846629
  ],
  [
   870.3695964945044,
   933.6757897737539
  ],
  [
   113.90165308818911,
   194.85757957757133
  ],
  [
   328.51922398171575,
   166.9763278547898
  ],
  [
   44.10131346405773,
   195.87246279358916
  ],
  [
   163.8018575037278,
   740.7289793952549
  ],
  [
   612.6614023957559,
   972.7589991257214
  ],
  [
   344.9073120601123,
   653.4259391747981
  ],
  [
   848.1416520643381,
   352.21128028289803
  ],
  [
   272.3554163436398,
   250.29001185034585
  ],
  [
   70.44426661155417,
   26.33623762789794
  ],
  [
   530.3684954008087,
   537.3153105572216
  ],
  [
   746.9133329553763,
   26.33623762789794
  ],
  [
   423.1455585061247,
   75.03800682741071
  ],
  [
   58.08668124110694,
   797.3329947908688
  ],
  [
   975.663762372102,
   875.6686195708379
  ],
  [
   936.1054718074669,
   416.9371858315116
  ],
  [
   320.9496351351129,
   975.663762372102
  ],
  [
   701.2130210962563,
   305.1549218714341
  ],
  [
   104.8512018674682,
   433.3917175859667
  ],
  [
   759.651641266626,
   534.892753579786
  ],
  [
   26.33623762789794,
   243.7093228694749
  ],
  [
   274.91753479999113,
   488.5012025918652
  ],
  [
   834.4062542363216,
   440.4809862623914
  ],
  [
   560.6631495941697,
   167.7001890115476
  ],
  [
   461.4139969888911,
   26.33623762789794
  ],
  [
   377.6676974005849,
   153.35693123816014
  ],
  [
   959.244380207271,
   274.97340886582566
  ],
  [
   975.663762372102,
   566.3369497476388
  ],
  [
   329.46126136440625,
   742.3913313618225
  ],
  [
   940.3969487080376,
   130.02708686642305
  ],
  [
   535.902325626235,
   113.4513431593113
  ],
  [
   534.2095471726019,
   26.33623762789794
  ],
  [
   969.0808355823369,
   632.2404221790664
  ],
  [
   99.64399715698129,
   80.60547462212571
  ],
  [
   859.8855180709793,
   68.48394650876774
  ],
  [
   975.663762372102,
   926.3764402661444
  ],
  [
   705.1980033375264,
   81.79567393013886
  ],
  [
   348.037196741362,
   312.86965922861066
  ],
  [
   401.92598777848553,
   585.3589607727625
  ],
  [
   165.77923717345033,
   965.9287835825577
  ],
  [
   437.07020299957685,
   954.7458465402586
  ],
  [
   713.3831052101579,
   195.00020247569083
  ],
  [
   178.7184457791612,
   373.251266686874
  ],
  [
   686.3863494487609,
   709.4088012932707
  ],
  [
   928.6843773909844,
   26.33623762789794
  ],
  [
   740.2952981034953,
   853.1422943217138
  ],
  [
   451.59069038944847,
   672.9568595785935
  ],
  [
   184.88312966903342,
   813.9066543809147
  ],
  [
   893.1196355933548,
   633.0401849506546
  ],
  [
   745.6408876125304,
   639.7648104030685
  ],
  [
   289.27465217024996,
   26.33623762789794
  ],
  [
   613.4724513497843,
   359.25853876991994
  ],
  [
   802.6696115336873,
   653.7154416362009
  ],
  [
   231.81940879992578,
   769.3055558530097
  ],
  [
   223.61655400000882,
   975.663762372102
  ],
  [
   173.9314844940466,
   687.1946589430892
  ],
  [
   499.48965380826206,
   812.127014843242
  ],
  [
   312.2152538928012,
   215.19621014770942
  ],
  [
   758.8586734643593,
   718.3107915685824
  ],
  [
   689.4800019382126,
   486.82407629520634
  ],
  [
   604.125021890337,
   479.9673675547087
  ],
  [
   423.3178142263191,
   332.88704069355583
  ],
  [
   885.8417981518662,
   720.8936404729423
  ]
 ]
}