{
 "Object_Radius": 23.032943298089034,
 "Object_Shape": "disc",
 "Workspace_Density": 0.2,
 "Workspace_Height": 1000,
 "Workspace_Width": 1000,
 "number_of_objects": 120,
 "point_list": [
  [
   439.87923815461374,
   482.4185859166928
  ],
  [
   467.54209869232636,
   101.23113195494068
  ],
  [
   510.7668434414449,
   624.0717657819833
  ],
  [
   183.67720617263092,
   694.6563771154326
  ],
  [
   413.32289993511955,
   26.33623762789794
  ],
  [
   421.8756248305987,
   975.663762372102
  ],
  [
   542.5207906160606,
   256.50821885073924
  ],
  [
   760.9039423052116,
   859.7654837991602
  ],
  [
   527.347888824656,
   77.60536379528061
  ],
  [
   42.36435687223239,
   274.1183453481988
  ],
  [
   649.4046403608081,
   327.56484074780604
  ],
  [
   837.6638258959879,
   571.9954226463374
  ],
  [
   975.663762372102,
   719.365209476951
  ],
  [
   959.5949006984166,
   948.5070989319917
  ],
  [
   571.2111697473871,
   900.3532634693764
  ],
  [
   584.8113916813496,
   387.7977111789345
  ],
  [
   670.4510551053156,
   935.2514746023
  ],
  [
   288.3617823942777,
   167.92934872285537
  ],
  [
   93.78022670075612,
   607.1155111274235
  ],
  [
   517.4069839450683,
   470.7613893638314
  ],
  [
   547.6872125353218,
   975.663762372102
  ],
  [
   773.302025446107,
   595.2093823102041
  ],
  [
   909.6058471387694,
   486.7197136543529
  ],
  [
   59.15871318899424,
   223.71660959884298
  ],
  [
   956.5230143524876,
   272.95311278282907
  ],
  [
   649.5647420163236,
   723.7368553582876
  ],
  [
   975.663762372102,
   112.34889199042418
  ],
  [
   136.58041377939844,
   349.8678300056035
  ],
  [
   591.9884742961347,
   522.8967424431429
  ],
  [
   444.12064566594825,
   628.1682647159553
  ],
  [
   92.84912355206367,
   458.260437963186
  ],
  [
   658.0272058025602,
   26.973823533203323
  ],
  [
   284.8820206582653,
   26.33623762789794
  ],
  [
   737.540283492725,
   680.9096628863175
  ],
  [
   741.5983608369565,
   106.41700674201581
  ],
  [
   751.3106362005824,
   517.1443262776895
  ],
  [
   877.6349525906218,
   64.03631186383754
  ],
  [
   839.9877745694598,
   243.6617652385401
  ],
  [
   297.8843058361062,
   569.1279674079185
  ],
  [
   850.4100090484258,
   707.9988338663435
  ],
  [
   586.7906830973259,
   26.33623762789794
  ],
  [
   226.78571618881668,
   660.6768275424718
  ],
  [
   240.03551180117216,
   591.9486057664699
  ],
  [
   631.7496981299106,
   880.8663297542294
  ],
  [
   726.167194586826,
   937.632553120648
  ],
  [
   387.3849129509246,
   367.57037289847074
  ],
  [
   760.9822726284791,
   804.1557065307971
  ],
  [
   915.5628321410403,
   975.663762372102
  ],
  [
   49.55403572733707,
   99.13682541632451
  ],
  [
   559.602234123648,
   702.4336301014666
  ],
  [
   240.6902742000198,
   460.5883036108552
  ],
  [
   509.70365237579813,
   149.97457151151778
  ],
  [
   484.9127997987647,
   407.7593327674097
  ],
  [
   153.008441463749,
   917.8298816757474
  ],
  [
   826.6363234165265,
   840.2118379900137
  ],
  [
   405.509940820179,
   861.0448458925574
  ],
  [
   559.2300953145958,
   310.4622279993351
  ],
  [
   793.5010405341941,
   335.45689718003786
  ],
  [
   120.47185768486648,
   507.2595681131086
  ],
  [
   683.6132313649215,
   657.6838221912304
  ],
  [
   815.0578473957138,
   463.1045159593221
  ],
  [
   386.2179779717084,
   430.7333919158194
  ],
  [
   298.98496885622137,
   825.8518565557291
  ],
  [
   443.3401498304371,
   260.22069364637724
  ],
  [
   287.2379562519874,
   513.2988105756949
  ],
  [
   471.0449849258102,
   47.43919307010212
  ],
  [
   778.485600811569,
   756.2830028613815
  ],
  [
   619.9641823315595,
   271.36096267215214
  ],
  [
   897.1308008264435,
   434.3321413999938
  ],
  [
   410.34621253106405,
   523.713644602884
  ],
  [
   699.6601435465012,
   228.891866008871
  ],
  [
   99.46775743006582,
   954.7556706864951
  ],
  [
   486.0742817036784,
   975.663762372102
  ],
  [
   292.9567924381753,
   774.2235332194813
  ],
  [
   852.4684112681426,
   652.794612989976
  ],
  [
   361.5852093541303,
   961.4377410643174
  ],
  [
   610.1329204394815,
   690.5927808553043
  ],
  [
   356.0181486445387,
   807.2973623045283
  ],
  [
   359.1934694656555,
   26.33623762789794
  ],
  [
   413.5197429846098,
   676.3690921487105
  ],
  [
   334.7392254107,
   347.5434453252639
  ],
  [
   287.6746010426964,
   441.61006447143205
  ],
  [
   649.8292681474179,
   515.0219513106164
  ],
  [
   975.663762372102,
   481.08405431767767
  ],
  [
   910.2933088278812,
   359.90338659595636
  ],
  [
   705.1706961684852,
   302.59156098926167
  ],
  [
   334.52192093960866,
   422.2961427160813
  ],
  [
   561.3792038305095,
   206.90542401619777
  ],
  [
   874.9167932041294,
   606.7742994098509
  ],
  [
   433.9550663999306,
   411.74473542520974
  ],
  [
   206.14661797427263,
   885.9425739487981
  ],
  [
   257.7012790462112,
   975.663762372102
  ],
  [
   575.5029089340103,
   117.00756627579331
  ],
  [
   78.26456378056712,
   154.19327682286132
  ],
  [
   215.75483386981819,
   135.7951936670002
  ],
  [
   391.6381848722828,
   570.8458901597184
  ],
  [
   879.5204988765471,
   844.8227157019944
  ],
  [
   845.0775855063331,
   422.2140889311904
  ],
  [
   916.5151321003336,
   157.61601844419815
  ],
  [
   421.6921179057667,
   79.64788671587002
  ],
  [
   346.0911575842159,
   164.77882355779303
  ],
  [
   529.6593576190252,
   522.6105261032719
  ],
  [
   961.1297320760306,
   61.72121316954983
  ],
  [
   819.2400361385263,
   953.1300345472446
  ],
  [
   286.5368932375049,
   719.3333952942602
  ],
  [
   516.9696132789217,
   935.052500209869
  ],
  [
   555.1797328671796,
   811.6484332244703
  ],
  [
   216.8586740077653,
   277.4214362222935
  ],
  [
   278.04815308282633,
   301.22507054888536
  ],
  [
   396.51335800947567,
   742.9226091625613
  ],
  [
   56.77685910444474,
   369.4000200317984
  ],
  [
   591.4784316942822,
   752.4115599845961
  ],
  [
   320.9056550434967,
   673.7745626400325
  ],
  [
   528.0409946805958,
   26.33623762789794
  ],
  [
   975.663762372102,
   551.0885071051006
  ],
  [
   789.8875415778341,
   388.9172290575318
  ],
  [
   720.1584355183388,
   743.1936851757312
  ],
  [
   247.20799865565053,
   919.5954485458661
  ],
  [
   825.5503357937014,
   82.39117713933808
  ],
  [
   150.76240252432683,
   281.40759059530916
  ]
 ]
}