{
 "Object_Radius": 23.032943298089034,
 "Object_Shape": "disc",
 "Workspace_Density": 0.2,
 "Workspace_Height": 1000,
 "Workspace_Width": 1000,
 "number_of_objects": 120,
 "point_list": [
  [
   167.5668777832059,
   74.23425995973145
  ],
  [
   110.1295141709675,
   682.3532970899943
  ],
  [
   713.1612008881523,
   383.53531631317446
  ],
  [
   542.448356010674,
   470.73711720921943
  ],
  [
   322.158381891885,
   548.7035262958501
  ],
  [
   490.3015636463969,
   455.83142656639734
  ],
  [
   472.52633482036777,
   693.5061980639458
  ],
  [
   26.33623762789794,
   172.93456375681282
  ],
  [
   107.58747076998468,
   283.5136456534051
  ],
  [
   532.6641720087133,
   621.0122881192129
  ],
  [
   358.76207375428993,
   290.8390798208766
  ],
  [
   277.828789186102,
   485.68205532244843
  ],
  [
   167.0081635653976,
   336.5812744489001
  ],
  [
   131.25379572937644,
   936.4862320264708
  ],
  [
   134.88488193711862,
   571.168904485008
  ],
  [
   652.7539087268669,
   482.8758196723226
  ],
  [
   27.132374377365043,
   599.4359830760612
  ],
  [
   39.37829419894063,
   687.254303633802
  ],
  [
   386.58875570116186,
   584.8328241135998
  ],
  [
   285.0281515956394,
   844.1649386320453
  ],
  [
   932.6514681888106,
   908.5196178797373
  ],
  [
   812.9184379819334,
   46.91139518300041
  ],
  [
   98.38138561141207,
   78.26738050812787
  ],
  [
   285.5338722890442,
   737.9474057674793
  ],
  [
   179.6803664125173,
   767.7319317796887
  ],
  [
   287.15418306561634,
   351.0537798645956
  ],
  [
   207.85385806318737,
   572.8194940401634
  ],
  [
   326.6165781778435,
   400.1898578871581
  ],
  [
   392.61303573999794,
   26.33623762789794
  ],
  [
   883.1373188944582,
   447.1484767679499
  ],
  [
   920.7721364022282,
   357.976986490653
  ],
  [
   646.8673725246226,
   601.8049606111354
  ],
  [
   192.45103502187158,
   637.817915979034
  ],
  [
   940.6784053358001,
   527.1281817209289
  ],
  [
   294.43861096269865,
   617.9984030282982
  ],
  [
   165.40408974438347,
   428.7154558459433
  ],
  [
   473.7560887923845,
   172.2929594374063
  ],
  [
   797.307338506363,
   702.7716063183765
  ],
  [
   660.8270766258697,
   683.4473334602253
  ],
  [
   371.52033692540385,
   158.14803933086628
  ],
  [
   363.26443225993876,
   885.2357825515145
  ],
  [
   966.2920860116425,
   617.0513073034278
  ],
  [
   719.4390178659485,
   740.3018013899646
  ],
  [
   244.88359992125123,
   607.4153922037754
  ],
  [
   562.7261020597825,
   868.5732799121613
  ],
  [
   530.3167795380624,
   141.66386039817223
  ],
  [
   26.33623762789794,
   542.4380861494868
  ],
  [
   408.2095507115137,
   348.85268510069346
  ],
  [
   550.2022320678013,
   524.878163002586
  ],
  [
   202.8328063521182,
   975.663762372102
  ],
  [
   275.28964238425056,
   401.05119542551625
  ],
  [
   124.14791266214698,
   486.4316320454035
  ],
  [
   436.4459573440686,
   246.74096675520352
  ],
  [
   180.96844732715525,
   286.0348851503092
  ],
  [
   753.2091064061613,
   35.45440144908862
  ],
  [
   441.90278285823626,
   872.7618010358321
  ],
  [
   580.5645612754496,
   975.663762372102
  ],
  [
   368.58336449148686,
   238.61644619778338
  ],
  [
   190.39594478410945,
   525.1671758838418
  ],
  [
   346.1642315436375,
   618.3679998615446
  ],
  [
   312.7499480786738,
   790.861960707113
  ],
  [
   975.663762372102,
   683.6751511646746
  ],
  [
   429.14196156015123,
   641.5547634203999
  ],
  [
   873.171632465995,
   650.6055960541322
  ],
  [
   478.87280659625867,
   509.6333027101349
  ],
  [
   855.7294568306286,
   86.96708286569111
  ],
  [
   932.8947036351292,
   96.86637190860206
  ],
  [
   803.2376971699763,
   264.9696800289453
  ],
  [
   944.1746195757792,
   26.33623762789794
  ],
  [
   91.67228510007055,
   423.84214607480186
  ],
  [
   948.1702732177351,
   474.06094578716176
  ],
  [
   854.968291155924,
   246.67221766999168
  ],
  [
   424.73562087653954,
   518.1131949409162
  ],
  [
   580.2779490614556,
   923.179480964315
  ],
  [
   527.5061712380545,
   331.115556448281
  ],
  [
   227.64215669287196,
   914.3866819382031
  ],
  [
   969.2736175812454,
   200.70478997664284
  ],
  [
   284.7619563801636,
   670.9317629731496
  ],
  [
   817.9708323937423,
   636.3915203414524
  ],
  [
   224.46516813833733,
   396.1909278421265
  ],
  [
   87.63373556544151,
   596.3990135702074
  ],
  [
   618.9803676300562,
   395.96020039347667
  ],
  [
   281.69620577680166,
   899.204678062769
  ],
  [
   302.081054195865,
   975.663762372102
  ],
  [
   193.0951646993232,
   474.51380765332726
  ],
  [
   437.3313932669017,
   568.350143844546
  ],
  [
   681.2116406983987,
   541.7857941224589
  ],
  [
   447.3943203741434,
   808.3794551458534
  ],
  [
   637.4011959316097,
   867.8753504281322
  ],
  [
   122.19273575646355,
   863.1124293623747
  ],
  [
   186.89545748638673,
   26.33623762789794
  ],
  [
   240.44572450981164,
   450.05579651152414
  ],
  [
   166.38021502953978,
   816.6315733138985
  ],
  [
   558.9496786870118,
   744.8091500383979
  ],
  [
   672.0524205455896,
   417.6280640416684
  ],
  [
   36.61127996387381,
   779.7662747897177
  ],
  [
   814.5483110373697,
   144.03057646302696
  ],
  [
   787.5976162468102,
   498.45736642106664
  ],
  [
   919.3455553791835,
   175.71018297819285
  ],
  [
   372.95057995388424,
   964.3213756801061
  ],
  [
   255.5639466777599,
   784.6186702863413
  ],
  [
   709.92172614007,
   216.532662579996
  ],
  [
   334.32490437809014,
   476.96712324158756
  ],
  [
   640.0149137205,
   282.11254807569145
  ],
  [
   476.60784436428963,
   758.5868824650858
  ],
  [
   491.4560718356841,
   402.7784313890904
  ],
  [
   625.5704790588802,
   537.4784660492168
  ],
  [
   460.12546507071715,
   931.101696052378
  ],
  [
   622.5844602487506,
   649.6171794234562
  ],
  [
   307.9097614974173,
   304.13388119576314
  ],
  [
   321.2827880935936,
   26.33623762789794
  ],
  [
   60.31008291319095,
   304.9132427698317
  ],
  [
   975.663762372102,
   69.2088691183994
  ],
  [
   479.5397019875178,
   601.4442116826389
  ],
  [
   687.9584320231459,
   80.7718314443494
  ],
  [
   711.8624298798072,
   975.663762372102
  ],
  [
   259.75973575833376,
   183.7752282885904
  ],
  [
   109.23765109523387,
   202.3421017352236
  ],
  [
   906.0824222696482,
   302.6979140954675
  ],
  [
   796.2218788413929,
   400.4268808602538
  ]
 ]
}