{
 "Object_Radius": 23.032943298089034,
 "Object_Shape": "disc",
 "Workspace_Density": 0.2,
 "Workspace_Height": 1000,
 "Workspace_Width": 1000,
 "number_of_objects": 120,
 "point_list": [
  [
   650.3034745691755,
   884.6376830932742
  ],
  [
   854.1939708065254,
   356.3334913584479
  ],
  [
   326.05507876285174,
   883.4136041718928
  ],
  [
   412.38625186921325,
   26.33623762789794
  ],
  [
   391.5593290529437,
   762.1095010060782
  ],
  [
   440.84986249544505,
   159.40918585688803
  ],
  [
   919.0181097087993,
   359.32573464116626
  ],
  [
   498.8377318311048,
   959.9245517655745
  ],
  [
   330.7930100448837,
   749.2791953093504
  ],
  [
   709.791241212764,
   390.1819846646479
  ],
  [
   238.94997258919418,
   596.674641051022
  ],
  [
   926.2469763881514,
   833.5949627300578
  ],
  [
   893.8793499871665,
   65.71690661325238
  ],
  [
   871.4360565713782,
   679.3456567016464
  ],
  [
   232.0914871666866,
   381.21418531096083
  ],
  [
   360.7812748134889,
   354.75213774868087
  ],
  [
   485.5230225200669,
   185.96536269830733
  ],
  [
   36.11250223754229,
   706.0946638655494
  ],
  [
   757.4836623179341,
   628.1952317912923
  ],
  [
   422.00206389818123,
   300.3134415122573
  ],
  [
   381.72391150886773,
   698.7121520914927
  ],
  [
   495.66413886942644,
   831.1601233370054
  ],
  [
   683.2354200598801,
   27.5121321649463
  ],
  [
   35.65328655666933,
   898.555462912391
  ],
  [
   435.783039883072,
   445.8002100597455
  ],
  [
   373.44202746398054,
   58.75608799722435
  ],
  [
   66.43462762929865,
   661.4241872806994
  ],
  [
   131.98968158284924,
   473.5112866520984
  ],
  [
   188.0007458515905,
   729.3108281005798
  ],
  [
   102.16356189624321,
   393.2394574364959
  ],
  [
   975.663762372102,
   26.33623762789794
  ],
  [
   685.7846205405002,
   136.47009693381145
  ],
  [
   267.4768661327414,
   926.1043230101228
  ],
  [
   695.975184820898,
   315.6375026637901
  ],
  [
   710.3989877685044,
   747.2250582933818
  ],
  [
   525.8081578691366,
   383.2418769634709
  ],
  [
   811.6665945237304,
   527.5802726837337
  ],
  [
   432.1774099741047,
   228.07359226680978
  ],
  [
   640.864420643448,
   179.04391993068123
  ],
  [
   975.663762372102,
   758.5495291090666
  ],
  [
   542.9827550332207,
   867.6257690735949
  ],
  [
   274.46216079775274,
   862.7933069856267
  ],
  [
   502.2357514748183,
   660.666443102996
  ],
  [
   392.0588716091375,
   106.04496556027628
  ],
  [
   830.0187279762438,
   69.49513113305805
  ],
  [
   313.38899833601965,
   598.506759603543
  ],
  [
   842.4975157265927,
   451.42351657968356
  ],
  [
   649.4477510867926,
   638.3531545161807
  ],
  [
   975.663762372102,
   179.76350621446352
  ],
  [
   528.0035056857663,
   314.4970829182811
  ],
  [
   953.0723516328175,
   243.82796217643627
  ],
  [
   589.6066650247241,
   917.14363603004
  ],
  [
   181.69762392823276,
   517.4451968150188
  ],
  [
   667.5522467178693,
   231.4626381898714
  ],
  [
   598.7775298569068,
   636.9312026924149
  ],
  [
   972.1029384946263,
   810.1729713985987
  ],
  [
   237.9494579064355,
   316.6558019796651
  ],
  [
   147.5480618036654,
   905.2905094885383
  ],
  [
   32.25558145391672,
   199.9819953560076
  ],
  [
   321.4571655365243,
   693.4515129549027
  ],
  [
   603.0389587293369,
   36.40954437788983
  ],
  [
   532.8486840642465,
   723.4080375970831
  ],
  [
   561.8073211623333,
   198.5556916288753
  ],
  [
   217.339834782225,
   896.5119328888841
  ],
  [
   609.0847946216807,
   351.5881335642021
  ],
  [
   199.49937438995283,
   944.1856345779217
  ],
  [
   232.1280185527313,
   541.6788629769908
  ],
  [
   896.6106580650045,
   623.4988978127608
  ],
  [
   922.2347438806873,
   884.9029922243293
  ],
  [
   882.1375951684864,
   484.03472497128377
  ],
  [
   548.8233806713727,
   468.3845542303986
  ],
  [
   153.04747083137048,
   641.7105441646219
  ],
  [
   274.97145204553846,
   153.0998919005131
  ],
  [
   736.040489137977,
   82.50111695603624
  ],
  [
   443.291637776574,
   766.448180770773
  ],
  [
   755.8274734733419,
   711.4221538851734
  ],
  [
   314.0007011304868,
   830.1369021462966
  ],
  [
   241.4990618231833,
   743.5248464834033
  ],
  [
   332.2314598377026,
   88.27849642014861
  ],
  [
   238.6555555750845,
   26.33623762789794
  ],
  [
   470.1342116384364,
   91.82531132825112
  ],
  [
   874.6563627425792,
   828.4875420754704
  ],
  [
   26.33623762789794,
   975.663762372102
  ],
  [
   240.68324721337333,
   975.663762372102
  ],
  [
   471.49572725902334,
   261.8583699934406
  ],
  [
   883.0151381340321,
   159.59762353726182
  ],
  [
   158.74398143192766,
   975.663762372102
  ],
  [
   762.4542827797837,
   191.45658224510112
  ],
  [
   794.792982286397,
   433.962272299833
  ],
  [
   407.1719422626972,
   608.8908690968831
  ],
  [
   975.663762372102,
   659.3258561966043
  ],
  [
   560.1767945670905,
   64.35269152126526
  ],
  [
   26.33623762789794,
   784.1912070831264
  ],
  [
   329.6931027294899,
   213.6671780077918
  ],
  [
   606.198519552855,
   852.8192836159022
  ],
  [
   579.8467622464212,
   589.1545403907832
  ],
  [
   26.33623762789794,
   431.4132954164526
  ],
  [
   671.7775643687006,
   948.4539339944015
  ],
  [
   714.0598628030025,
   561.5305224303936
  ],
  [
   26.33623762789794,
   347.39883163101746
  ],
  [
   163.28121571369425,
   100.77410394573182
  ],
  [
   921.7535822743839,
   421.25488686756967
  ],
  [
   606.785125464872,
   969.0449841398229
  ],
  [
   115.09531324886746,
   743.6454619476305
  ],
  [
   975.663762372102,
   565.4661442524275
  ],
  [
   819.0931915296741,
   217.61419863982354
  ],
  [
   307.1009198465443,
   459.4847287857958
  ],
  [
   622.1077257368472,
   553.0716560930113
  ],
  [
   974.455982184879,
   308.37437448262716
  ],
  [
   564.2494160484345,
   683.4437610492813
  ],
  [
   523.9047551357049,
   103.78159619646337
  ],
  [
   661.8814077028545,
   827.272005284611
  ],
  [
   91.73085642864889,
   323.713148407925
  ],
  [
   189.83384967525288,
   678.1082838815572
  ],
  [
   579.2138874147884,
   310.2161094668881
  ],
  [
   568.409064526473,
   816.9744824279209
  ],
  [
   26.33623762789794,
   625.485962410964
  ],
  [
   481.4647666186395,
   576.4805479376366
  ],
  [
   156.4135687986766,
   294.63256721821284
  ],
  [
   282.0016758300617,
   787.8217070491309
  ]
 ]
}