{
 "Object_Radius": 23.032943298089034,
 "Object_Shape": "disc",
 "Workspace_Density": 0.2,
 "Workspace_Height": 1000,
 "Workspace_Width": 1000,
 "number_of_objects": 120,
 "point_list": [
  [
   616.9847126950327,
   510.7179084690013
  ],
  [
   765.3169363159562,
   109.52584526671583
  ],
  [
   547.7500671434469,
   915.9895105003917
  ],
  [
   340.3371951731735,
   565.7100050035295
  ],
  [
   154.2811782097919,
   642.9239649800496
  ],
  [
   26.33623762789794,
   631.8602237785495
  ],
  [
   668.7199674270566,
   707.9358548243061
  ],
  [
   217.14173543702609,
   196.91872002508282
  ],
  [
   202.14731300158607,
   509.7883848827331
  ],
  [
   870.2171546665969,
   670.932803510946
  ],
  [
   126.18842157690224,
   417.14604324640703
  ],
  [
   652.5108308580466,
   454.8419479927233
  ],
  [
   641.1064647340012,
   26.33623762789794
  ],
  [
   716.67248238287,
   541.4996347561103
  ],
  [
   471.6823833075696,
   465.2049533591938
  ],
  [
   662.9379829164554,
   307.6438846825078
  ],
  [
   672.7404238610316,
   604.1551921836999
  ],
  [
   917.4799101933219,
   82.2993787561751
  ],
  [
   472.82781455043926,
   412.60665654743156
  ],
  [
   913.5355877609078,
   697.2529550255667
  ],
  [
   743.326545962883,
   325.1975430567339
  ],
  [
   869.3687272341965,
   903.5148770765901
  ],
  [
   336.73191112529514,
   515.1232369441915
  ],
  [
   26.33623762789794,
   816.5602312196369
  ],
  [
   390.49316901029175,
   863.4400690202182
  ],
  [
   186.74988698742777,
   132.69782811436482
  ],
  [
   893.9391978111377,
   849.7532427678291
  ],
  [
   89.59970454715292,
   526.84218061527
  ],
  [
   234.56592132416142,
   58.37648739990775
  ],
  [
   914.1103695662048,
   234.31465927384335
  ],
  [
   875.1909905722184,
   422.03076665789615
  ],
  [
   969.0206657014927,
   156.80198856926344
  ],
  [
   578.1654103819085,
   689.5303975669101
  ],
  [
   905.9369924755026,
   785.0933688797988
  ],
  [
   718.0333191926787,
   369.11026169717144
  ],
  [
   634.7025347654543,
   148.72776409949515
  ],
  [
   548.7642340049608,
   546.1173682814677
  ],
  [
   362.6631223756689,
   85.42302250604077
  ],
  [
   707.7331460883546,
   283.77907466453
  ],
  [
   332.9846798395309,
   720.0160976908601
  ],
  [
   32.036325684876246,
   411.71834388599814
  ],
  [
   975.663762372102,
   96.9611307548544
  ],
  [
   794.1314244947457,
   331.45018436512214
  ],
  [
   506.3751410516544,
   734.0688475285707
  ],
  [
   243.96623066284272,
   879.2583345127487
  ],
  [
   673.3951289153272,
   393.1065224839436
  ],
  [
   285.74337028249226,
   654.6077978291736
  ],
  [
   464.85488139802663,
   347.55045962896946
  ],
  [
   434.85987627222926,
   838.5641362450141
  ],
  [
   727.1628149783104,
   753.7991620124177
  ],
  [
   975.663762372102,
   820.7831543182971
  ],
  [
   95.4324329489945,
   110.13957844085465
  ],
  [
   151.09628204979535,
   886.0188981823727
  ],
  [
   882.5911236487505,
   519.4732588287902
  ],
  [
   747.5370967558587,
   971.5515695440741
  ],
  [
   327.6438094263897,
   614.8109785797228
  ],
  [
   613.4935309057182,
   294.8319794156149
  ],
  [
   918.4260137355343,
   571.9315354845435
  ],
  [
   377.9466598638911,
   166.58321775835515
  ],
  [
   860.9328967562269,
   238.0948328691997
  ],
  [
   880.7783174293826,
   608.1182380950834
  ],
  [
   336.9047241589458,
   975.663762372102
  ],
  [
   599.2747579287882,
   919.5551981294727
  ],
  [
   84.49064802639639,
   911.4162168617573
  ],
  [
   487.997810116707,
   813.2943278786626
  ],
  [
   581.8267750255142,
   796.4220642920999
  ],
  [
   103.67033656621595,
   975.663762372102
  ],
  [
   188.10430712970722,
   975.663762372102
  ],
  [
   252.11909439808144,
   975.663762372102
  ],
  [
   497.22761803008456,
   638.7318252593518
  ],
  [
   409.6497180549954,
   26.33623762789794
  ],
  [
   606.3753392867501,
   748.3985039429714
  ],
  [
   189.7407919753572,
   433.9308920096803
  ],
  [
   842.7644637422023,
   567.3141198494781
  ],
  [
   414.6774706789487,
   277.9011693497817
  ],
  [
   745.1262344514943,
   223.66973164670736
  ],
  [
   787.6706994248303,
   692.9881218216847
  ],
  [
   975.663762372102,
   723.872172458219
  ],
  [
   454.3942685588491,
   685.8164496076663
  ],
  [
   837.7795335509967,
   494.368201688948
  ],
  [
   41.61873554250861,
   870.3433607710076
  ],
  [
   707.9686610485228,
   654.9403108621564
  ],
  [
   99.88605515242976,
   857.8030679888099
  ],
  [
   87.74049622101232,
   311.64633811343947
  ],
  [
   849.9207902481287,
   26.33623762789794
  ],
  [
   208.27916943356263,
   820.8842316954136
  ],
  [
   581.5725559147686,
   456.47974030378805
  ],
  [
   754.5899577892206,
   404.20068882327996
  ],
  [
   705.0945149909174,
   865.485831052583
  ],
  [
   322.17244248489146,
   127.81583351729182
  ],
  [
   723.2776661393598,
   703.2605225045088
  ],
  [
   672.2074844643981,
   975.663762372102
  ],
  [
   808.7332572496692,
   380.49466702602035
  ],
  [
   456.334977852574,
   551.7489899445187
  ],
  [
   244.45796596173187,
   728.5229685960037
  ],
  [
   373.03974310687755,
   794.7586661922487
  ],
  [
   103.67178240886632,
   647.6536317346195
  ],
  [
   401.6099705330503,
   714.374523373847
  ],
  [
   975.663762372102,
   634.9707904826379
  ],
  [
   975.663762372102,
   923.6703504912083
  ],
  [
   926.6140225689575,
   376.54776627565906
  ],
  [
   598.3976693088472,
   557.9514063409434
  ],
  [
   26.33623762789794,
   95.52719852274194
  ],
  [
   794.7506719244635,
   779.7286738356152
  ],
  [
   156.47354244164129,
   588.4375596792312
  ],
  [
   780.5447427107231,
   525.721644936121
  ],
  [
   433.82232319306337,
   505.16977827588863
  ],
  [
   873.8490328395092,
   371.35694519244794
  ],
  [
   345.34125003973975,
   910.4820379844986
  ],
  [
   517.7127923591868,
   346.03150473293886
  ],
  [
   463.7256813391133,
   56.63448627981082
  ],
  [
   411.5201905664613,
   416.29828200271027
  ],
  [
   454.9305968961691,
   928.7889436127158
  ],
  [
   392.81250744075777,
   339.2857773185877
  ],
  [
   342.2733419802872,
   216.94597860380105
  ],
  [
   747.8731167313666,
   36.53587965955747
  ],
  [
   746.9550998911957,
   454.2947225133177
  ],
  [
   197.2093675826319,
   907.9783023102372
  ],
  [
   825.0071701546053,
   952.2296017303041
  ],
  [
   796.3559878334808,
   154.09517766922295
  ]
 ]
}