{
 "Object_Radius": 23.032943298089034,
 "Object_Shape": "disc",
 "Workspace_Density": 0.2,
 "Workspace_Height": 1000,
 "Workspace_Width": 1000,
 "number_of_objects": 120,
 "point_list": [
  [
   357.6608153549529,
   801.2402394671207
  ],
  [
   975.663762372102,
   852.5992892794347
  ],
  [
   569.6548080374473,
   45.94579928737552
  ],
  [
   26.33623762789794,
   925.28897332472
  ],
  [
   26.33623762789794,
   500.8440300103301
  ],
  [
   548.2174838424656,
   515.5648064318933
  ],
  [
   742.3408244870633,
   298.50726064877693
  ],
  [
   144.4917151370428,
   477.3182259552486
  ],
  [
   427.81090393178124,
   228.57918130625148
  ],
  [
   821.6619803168605,
   740.469316166992
  ],
  [
   39.20704689641838,
   75.9649212656098
  ],
  [
   193.36184989704952,
   873.2891020858699
  ],
  [
   883.3106905035023,
   894.0748495209871
  ],
  [
   385.8755506123365,
   518.9934349159521
  ],
  [
   967.2670590125991,
   252.83210092583934
  ],
  [
   195.93796922060193,
   411.5047843158816
  ],
  [
   796.3846724506164,
   682.6617336699862
  ],
  [
   222.7057843025176,
   61.54411194346634
  ],
  [
   481.17419339765735,
   523.7886165008322
  ],
  [
   426.8038223588615,
   829.4710552451224
  ],
  [
   887.7759918719785,
   834.1667620993616
  ],
  [
   927.5727918171293,
   74.36030489527292
  ],
  [
   407.37178022757496,
   876.2695102984052
  ],
  [
   820.926676213048,
   627.161873578124
  ],
  [
   486.8973196785471,
   927.4202845089932
  ],
  [
   365.4338855833867,
   626.8033762720247
  ],
  [
   26.33623762789794,
   125.03696512824706
  ],
  [
   159.45494372915158,
   641.2220240211826
  ],
  [
   873.6486819031776,
   83.14850125324945
  ],
  [
   26.33623762789794,
   175.70944525520548
  ],
  [
   246.21265083977826,
   890.8906247523778
  ],
  [
   563.3137063222969,
   246.28031825045957
  ],
  [
   26.33623762789794,
   713.8967214752757
  ],
  [
   246.26069262993335,
   714.6747702943763
  ],
  [
   307.7036595899498,
   897.9258500683848
  ],
  [
   891.9995472103851,
   689.2740955841862
  ],
  [
   884.9854919127451,
   26.33623762789794
  ],
  [
   26.33623762789794,
   26.33623762789794
  ],
  [
   645.4083067489478,
   648.8446068582174
  ],
  [
   151.4312707984807,
   73.21374820754147
  ],
  [
   346.6154237201996,
   563.8894014595897
  ],
  [
   362.23722802777934,
   852.6848115490081
  ],
  [
   550.1673159231456,
   788.0533149268912
  ],
  [
   272.60425702195255,
   671.2662656903462
  ],
  [
   599.9003068773394,
   817.4547028161301
  ],
  [
   206.07379246096232,
   621.3476924986556
  ],
  [
   292.16699589087426,
   98.00012702924643
  ],
  [
   789.5092934537807,
   168.55935962225112
  ],
  [
   931.6514160806373,
   592.2997979226652
  ],
  [
   829.9292775305678,
   111.71343296450453
  ],
  [
   246.79691326052813,
   575.5698998525265
  ],
  [
   123.71012210626331,
   702.5050566831492
  ],
  [
   975.663762372102,
   904.2954680106362
  ],
  [
   124.04019032436844,
   916.2852032311768
  ],
  [
   525.7406949983202,
   315.8449945742505
  ],
  [
   206.89211755956455,
   805.9963435725326
  ],
  [
   823.9873709621592,
   303.308665988696
  ],
  [
   622.0123747251527,
   887.2482583939225
  ],
  [
   682.247501643763,
   889.859662278316
  ],
  [
   975.663762372102,
   119.57709686486851
  ],
  [
   497.02804623709926,
   396.709332142438
  ],
  [
   692.6607851068727,
   402.3013226432143
  ],
  [
   864.4550943003128,
   512.2228822714186
  ],
  [
   835.4259370179802,
   834.0500878700385
  ],
  [
   858.180425292826,
   174.64488694132106
  ],
  [
   106.93870241389834,
   644.8999130977594
  ],
  [
   901.7828225782372,
   751.2445829579632
  ],
  [
   402.5903324361234,
   62.67621281197499
  ],
  [
   512.4104839408608,
   256.4489986095426
  ],
  [
   754.9945232798325,
   975.663762372102
  ],
  [
   775.954634197444,
   531.9677815402043
  ],
  [
   85.0851866534148,
   173.67777191890218
  ],
  [
   658.1258404107806,
   844.0957372515206
  ],
  [
   601.0513244755708,
   89.31877761693663
  ],
  [
   781.6897325464017,
   337.614074273183
  ],
  [
   538.7199963421108,
   716.6753274185081
  ],
  [
   26.33623762789794,
   778.6195690842326
  ],
  [
   474.0844449716431,
   713.4577096032157
  ],
  [
   34.44560977448007,
   556.7375960418226
  ],
  [
   975.663762372102,
   195.62337853111276
  ],
  [
   186.26106978076146,
   26.33623762789794
  ],
  [
   935.8460610489687,
   817.7078711077337
  ],
  [
   368.55612672362105,
   712.142532192575
  ],
  [
   715.9923872890481,
   253.34879432214169
  ],
  [
   657.3250834542768,
   528.5384093454508
  ],
  [
   61.3285257646286,
   220.99701493254707
  ],
  [
   383.1755375244751,
   315.55137303361636
  ],
  [
   77.68265887043106,
   121.57167861748295
  ],
  [
   423.97461240754126,
   767.4933573650532
  ],
  [
   401.15337698821673,
   666.6939552945177
  ],
  [
   796.0327889367725,
   898.2866703634213
  ],
  [
   159.44789817940537,
   535.1917047075748
  ],
  [
   199.59048984142746,
   113.41839428748337
  ],
  [
   433.49369873738794,
   919.6901107032877
  ],
  [
   176.3581632785191,
   214.14738566154358
  ],
  [
   871.7034876812371,
   975.663762372102
  ],
  [
   153.267538592819,
   792.6564063146342
  ],
  [
   475.4675851114869,
   61.96083417379561
  ],
  [
   793.0861316574031,
   388.23114526482703
  ],
  [
   123.58703658106407,
   26.33623762789794
  ],
  [
   246.49639395535615,
   178.63592734116818
  ],
  [
   700.0941104810283,
   147.6980275842942
  ],
  [
   776.2368911046063,
   119.4668784360382
  ],
  [
   919.5880510635102,
   519.6882738260863
  ],
  [
   705.6214722477523,
   337.57766639748695
  ],
  [
   920.4925326800668,
   643.5695933427521
  ],
  [
   475.65350697166133,
   329.72904721040265
  ],
  [
   547.1520738712179,
   198.110776001478
  ],
  [
   926.0260460564015,
   349.38635222980577
  ],
  [
   910.2003370570144,
   220.78180112568936
  ],
  [
   530.4909761559891,
   646.2451094721409
  ],
  [
   883.5559896078624,
   388.50593828919676
  ],
  [
   460.3287996038595,
   121.23899994254793
  ],
  [
   41.39021132327056,
   975.663762372102
  ],
  [
   975.663762372102,
   644.670033456623
  ],
  [
   748.5952373697967,
   55.34563013413085
  ],
  [
   858.6858868527978,
   783.9800692320891
  ],
  [
   586.3809933900072,
   742.9528824252275
  ],
  [
   216.07251919349434,
   975.663762372102
  ],
  [
   665.8508279910508,
   783.0175657279271
  ]
 ]
}