{
 "Object_Radius": 23.032943298089034,
 "Object_Shape": "disc",
 "Workspace_Density": 0.2,
 "Workspace_Height": 1000,
 "Workspace_Width": 1000,
 "number_of_objects": 120,
 "point_list": [
  [
   445.23856519805133,
   885.641256509673
  ],
  [
   637.6680739016026,
   519.7854487736704
  ],
  [
   669.060607262751,
   734.389464533977
  ],
  [
   704.5219786299759,
   386.17156627296026
  ],
  [
   651.2701709701806,
   870.6941924420105
  ],
  [
   266.16162256635954,
   214.64553624489167
  ],
  [
   69.51250960866983,
   199.62903510132645
  ],
  [
   966.4472069127002,
   162.16554508543035
  ],
  [
   330.04084861743786,
   26.33623762789794
  ],
  [
   457.7525673519007,
   272.24898338234783
  ],
  [
   836.4431373808225,
   585.346022195022
  ],
  [
   887.1451960844054,
   780.3837887979129
  ],
  [
   137.81477614244392,
   520.4661946758933
  ],
  [
   509.4439885200558,
   921.24610579615
  ],
  [
   289.9377940643718,
   827.503477486791
  ],
  [
   544.1539453067641,
   26.33623762789794
  ],
  [
   26.33623762789794,
   927.3687172411877
  ],
  [
   267.32575112060795,
   975.663762372102
  ],
  [
   673.9197960782038,
   210.39061665281912
  ],
  [
   275.82322296776715,
   418.7778769864512
  ],
  [
   26.33623762789794,
   876.3426189548454
  ],
  [
   975.663762372102,
   491.17213543047376
  ],
  [
   203.29754859077343,
   702.4331684645667
  ],
  [
   394.4637610815364,
   901.588980772118
  ],
  [
   372.7686560249605,
   604.3359672604923
  ],
  [
   879.1332920623826,
   947.5382856242663
  ],
  [
   841.9370743969057,
   901.0131756452176
  ],
  [
   184.36898834565508,
   933.8211836352884
  ],
  [
   940.2411433971474,
   788.8088937232313
  ],
  [
   725.758606527887,
   738.2274468603616
  ],
  [
   555.9830001373356,
   975.663762372102
  ],
  [
   778.1642838343971,
   794.1213698310976
  ],
  [
   665.7747277314462,
   26.33623762789794
  ],
  [
   611.9470852341028,
   936.8365008083805
  ],
  [
   562.9181439531113,
   373.1311889028821
  ],
  [
   554.0908995574432,
   504.34664969815776
  ],
  [
   743.4977151762911,
   26.33623762789794
  ],
  [
   951.4009790278541,
   678.9139167648395
  ],
  [
   975.663762372102,
   439.95495543089567
  ],
  [
   216.1149599122555,
   228.4992684350211
  ],
  [
   727.1816753684794,
   790.2122606928242
  ],
  [
   526.6598863525496,
   624.9113372815297
  ],
  [
   675.0952856697465,
   588.6162936376969
  ],
  [
   596.7754288382587,
   416.7370402577442
  ],
  [
   575.9972084452904,
   323.37175923643105
  ],
  [
   927.902432479289,
   629.6310784301386
  ],
  [
   461.54785550416625,
   26.33623762789794
  ],
  [
   493.6008367485217,
   141.35828452999243
  ],
  [
   808.6983929645322,
   210.19829369606248
  ],
  [
   124.24510332286114,
   145.60592353596667
  ],
  [
   791.4940359531685,
   279.8515179234592
  ],
  [
   582.3454672132351,
   637.1659554840785
  ],
  [
   546.7650445617782,
   209.92993702376694
  ],
  [
   975.663762372102,
   542.0738606829353
  ],
  [
   586.1449399094863,
   255.00113192742936
  ],
  [
   562.8572748202241,
   81.82173166520523
  ],
  [
   369.5627774159918,
   238.49043973857954
  ],
  [
   975.663762372102,
   827.9353226456566
  ],
  [
   651.1858381182706,
   80.10169271729981
  ],
  [
   778.728790389993,
   531.9401122195072
  ],
  [
   539.7733727614664,
   279.4252495728478
  ],
  [
   198.9673589752994,
   521.7681463294152
  ],
  [
   412.46742972009173,
   703.0526546402782
  ],
  [
   511.22305285450824,
   66.96921461533324
  ],
  [
   678.2590650579878,
   431.15806464774073
  ],
  [
   154.47907963051054,
   82.3898681764888
  ],
  [
   856.1936544375038,
   475.3329267364441
  ],
  [
   822.2505798638484,
   768.4530398341752
  ],
  [
   587.907392652319,
   889.8794778339586
  ],
  [
   919.5159009923611,
   474.1220215655716
  ],
  [
   951.1730330458533,
   26.33623762789794
  ],
  [
   157.62168291650136,
   812.093905934428
  ],
  [
   208.75440781725152,
   401.42611216716017
  ],
  [
   238.94693901972298,
   580.833194253278
  ],
  [
   197.71516670391642,
   126.57756696295425
  ],
  [
   387.5577373753079,
   26.33623762789794
  ],
  [
   132.38692661690754,
   213.70362840665234
  ],
  [
   445.96984382952036,
   322.2919926845483
  ],
  [
   700.0489330391238,
   519.8170309133133
  ],
  [
   923.162607654764,
   352.68299977488135
  ],
  [
   306.0131502963651,
   498.1653241906451
  ],
  [
   26.33623762789794,
   327.6520988505638
  ],
  [
   90.88626112393369,
   305.80639474460367
  ],
  [
   300.05604198084967,
   308.95220854116866
  ],
  [
   543.5737477146465,
   744.2806540542359
  ],
  [
   424.2735056519149,
   232.45370106742288
  ],
  [
   478.30681982925205,
   803.2105677344366
  ],
  [
   709.9392722292331,
   150.92544464604822
  ],
  [
   552.2141700348383,
   562.7212515495883
  ],
  [
   66.3863309334538,
   137.74313216260802
  ],
  [
   864.6348360202089,
   143.32526206767938
  ],
  [
   975.663762372102,
   883.8173324426842
  ],
  [
   975.663762372102,
   273.8732053416931
  ],
  [
   419.41585037082143,
   402.94364257793967
  ],
  [
   781.0602169378469,
   864.4096041414306
  ],
  [
   153.8414276085708,
   470.66904375468346
  ],
  [
   349.73410372618093,
   953.8311852758526
  ],
  [
   441.86565444538275,
   83.05097253562921
  ],
  [
   714.6703978015092,
   274.45840850855893
  ],
  [
   445.9544785573257,
   532.5537097501124
  ],
  [
   746.7186494815683,
   928.046407176712
  ],
  [
   723.5711126901735,
   879.7037406142249
  ],
  [
   50.72599682090057,
   825.226719184718
  ],
  [
   139.75962974774254,
   285.7329502858746
  ],
  [
   398.3291502320486,
   791.2028339538816
  ],
  [
   423.83992506969736,
   648.0869034715527
  ],
  [
   514.4728733818821,
   857.7744796165607
  ],
  [
   405.0503013308947,
   564.354487673804
  ],
  [
   391.3170462079235,
   845.5143321402916
  ],
  [
   861.0774679882273,
   327.1963747984349
  ],
  [
   323.10059414143944,
   693.6584124208614
  ],
  [
   960.0102680186592,
   590.4291384707133
  ],
  [
   90.39941879810165,
   867.061214716441
  ],
  [
   881.4512437421622,
   701.8779453216273
  ],
  [
   649.860947275937,
   285.7098990313901
  ],
  [
   930.8444957203973,
   212.94933454129173
  ],
  [
   546.4308912615577,
   453.09567765948213
  ],
  [
   126.89535911814076,
   35.18455318628233
  ],
  [
   27.12134149107126,
   615.5416499515135
  ],
  [
   517.3734646637917,
   676.2831496212943
  ]
 ]
}