{
 "Object_Radius": 28.209479177387816,
 "Object_Shape": "disc",
 "Workspace_Density": 0.2,
 "Workspace_Height": 1000,
 "Workspace_Width": 1000,
 "number_of_objects": 80,
 "point_list": [
  [
   205.60736898487366,
   55.402862832053266
  ],
  [
   602.9056963872306,
   858.4261483369663
  ],
  [
   593.5998104197328,
   918.4048786748785
  ],
  [
   853.5719919152355,
   673.1253339695876
  ],
  [
   803.6066695082269,
   37.11955733116461
  ],
  [
   132.89045273636597,
   267.04841672830946
  ],
  [
   63.444008982216246,
   41.49552235228981
  ],
  [
   514.0624754624544,
   83.19554150864982
  ],
  [
   794.8969212480998,
   656.03702887503
  ],
  [
   683.3317427252541,
   906.9260949756884
  ],
  [
   971.6621416555166,
   542.759228558612
  ],
  [
   882.2056063385797,
   271.0437904994814
  ],
  [
   827.8038861286642,
   558.0329831524429
  ],
  [
   444.7468887983583,
   157.30011991225055
  ],
  [
   67.24758376574691,
   392.68263602679343
  ],
  [
   859.2553916822737,
   470.4358810315686
  ],
  [
   815.6936627154189,
   430.27596534003453
  ],
  [
   170.48381466116138,
   187.4150219272331
  ],
  [
   571.6726949840071,
   808.7538354903543
  ],
  [
   745.3892438531798,
   915.32028459655
  ],
  [
   604.258011165809,
   432.3662306620064
  ],
  [
   759.0621897866989,
   445.8871953722743
  ],
  [
   74.45515142619827,
   273.28707885181217
  ],
  [
   190.36953628157227,
   328.084870176638
  ],
  [
   101.99221782591034,
   921.6702727281663
  ],
  [
   925.9771396772335,
   794.5219574374447
  ],
  [
   818.3123709868673,
   371.6532695660999
  ],
  [
   425.57519437304614,
   847.4221791107962
  ],
  [
   364.28905937149796,
   944.5708614023039
  ],
  [
   190.5669881277366,
   704.6464678755207
  ],
  [
   252.18653895649635,
   631.933849642593
  ],
  [
   834.0765163497003,
   112.42223731012702
  ],
  [
   432.3009049338295,
   759.2113567509681
  ],
  [
   906.1400048998377,
   57.06587691836784
  ],
  [
   880.6153273469329,
   337.91167639489436
  ],
  [
   161.69265728429028,
   966.9312258381689
  ],
  [
   539.4081821672294,
   496.8682231151979
  ],
  [
   426.78495768499477,
   96.3959992905895
  ],
  [
   477.8458616637908,
   30.33785834448333
  ],
  [
   485.5537186151928,
   935.4534237563972
  ],
  [
   971.6621416555166,
   270.3324466861771
  ],
  [
   971.6621416555166,
   479.08929902540433
  ],
  [
   481.07423331404266,
   721.7788041373785
  ],
  [
   502.4318437568325,
   170.30120180376224
  ],
  [
   333.93566006570376,
   30.33785834448333
  ],
  [
   278.7035857564502,
   918.5308587340112
  ],
  [
   30.33785834448333,
   845.8393260462882
  ],
  [
   698.6699295423929,
   646.5344917889561
  ],
  [
   650.0898551705532,
   613.3937938926699
  ],
  [
   766.1785923675293,
   860.2549813179636
  ],
  [
   743.3220827125436,
   30.33785834448333
  ],
  [
   786.8248153005161,
   513.0917534933508
  ],
  [
   30.33785834448333,
   971.6621416555166
  ],
  [
   814.829156888621,
   788.513272148032
  ],
  [
   594.5267809500605,
   594.5262576560675
  ],
  [
   320.9986747598846,
   538.4326175272685
  ],
  [
   152.5385901247598,
   104.39998291829954
  ],
  [
   875.1323371564833,
   761.9127582610537
  ],
  [
   223.8018825725408,
   578.5773519000901
  ],
  [
   560.659639317894,
   155.46066728479718
  ],
  [
   382.25609888901494,
   887.1122067317177
  ],
  [
   884.6445456544727,
   839.0632939594069
  ],
  [
   839.3878762880539,
   615.8930032757248
  ],
  [
   133.7859319816145,
   30.33785834448333
  ],
  [
   493.95149744621824,
   813.1032110090108
  ],
  [
   800.8991431829874,
   259.38995817454236
  ],
  [
   303.75116471256825,
   87.92752500227519
  ],
  [
   678.2292626515589,
   181.577212661869
  ],
  [
   376.46672214665375,
   794.9885023800185
  ],
  [
   716.7331621061749,
   971.6621416555166
  ],
  [
   598.9483799379932,
   744.16041850348
  ],
  [
   493.3956163681596,
   557.2069303353094
  ],
  [
   87.41174214506124,
   722.2865693628643
  ],
  [
   344.1633673286963,
   676.2218578168099
  ],
  [
   715.8940397115767,
   485.6305424220011
  ],
  [
   711.486071568514,
   719.8256068708474
  ],
  [
   911.3590639816426,
   210.44860598271322
  ],
  [
   617.5855932713183,
   63.899885791068996
  ],
  [
   789.4351144306808,
   722.0138348309232
  ],
  [
   606.1346272260621,
   679.6225801436798
  ]
 ]
}