{
 "Object_Radius": 28.209479177387816,
 "Object_Shape": "disc",
 "Workspace_Density": 0.2,
 "Workspace_Height": 1000,
 "Workspace_Width": 1000,
 "number_of_objects": 80,
 "point_list": [
  [
   453.0096881608748,
   773.6209332365315
  ],
  [
   104.60568524796265,
   168.85106504193115
  ],
  [
   328.48422840073687,
   67.62381715401567
  ],
  [
   648.4940249533262,
   862.4062995562664
  ],
  [
   749.3623473670168,
   59.688006253825975
  ],
  [
   971.6621416555166,
   89.01438615345752
  ],
  [
   971.6621416555166,
   446.98090356597544
  ],
  [
   839.9392404589556,
   971.6621416555166
  ],
  [
   158.30431114986587,
   971.6621416555166
  ],
  [
   244.72269907856685,
   694.007966969575
  ],
  [
   704.3430794064113,
   683.0828199456582
  ],
  [
   30.33785834448333,
   294.5470214409421
  ],
  [
   528.9203323720483,
   227.47760749043312
  ],
  [
   126.59217394401519,
   922.1787967812774
  ],
  [
   244.2137693851918,
   66.84855931205891
  ],
  [
   114.23684998959003,
   250.50354251583357
  ],
  [
   864.6811349264718,
   38.57035798025583
  ],
  [
   971.6621416555166,
   30.33785834448333
  ],
  [
   617.6813246170959,
   30.33785834448333
  ],
  [
   34.79962255722746,
   118.32251341385647
  ],
  [
   368.6785671098365,
   971.6621416555166
  ],
  [
   650.3797456774198,
   327.65573235396204
  ],
  [
   648.8748577538095,
   751.4888087001882
  ],
  [
   503.92702593341676,
   971.6621416555166
  ],
  [
   368.13614241283057,
   542.1271499982774
  ],
  [
   592.991923985617,
   309.03302984596627
  ],
  [
   971.6621416555166,
   942.7382950513178
  ],
  [
   728.8865257377788,
   919.8133795720178
  ],
  [
   416.03226274333394,
   231.08031988683663
  ],
  [
   342.99350464655424,
   673.461713718564
  ],
  [
   859.7667150904175,
   605.9906432620103
  ],
  [
   926.9938099097042,
   573.156382871584
  ],
  [
   254.36425340692335,
   196.24669671945395
  ],
  [
   338.9917074598797,
   280.1025058323788
  ],
  [
   665.0709330460415,
   170.95156955266043
  ],
  [
   900.0730142594568,
   964.2977624368087
  ],
  [
   971.6621416555166,
   877.858837568691
  ],
  [
   450.8232510225878,
   576.0120162170612
  ],
  [
   266.90740066018645,
   902.8555232759795
  ],
  [
   770.5728898289416,
   576.4656020162953
  ],
  [
   692.886889154591,
   971.6621416555166
  ],
  [
   971.6621416555166,
   207.52974712900064
  ],
  [
   163.8514183856752,
   355.4420129623505
  ],
  [
   386.0547124170849,
   611.0392383317526
  ],
  [
   445.11301778097624,
   450.4524008010635
  ],
  [
   226.47897410625026,
   410.61222242845776
  ],
  [
   168.33269436773466,
   422.31087333369305
  ],
  [
   396.1841502987018,
   321.3589278122249
  ],
  [
   941.4558260780582,
   308.85726415707757
  ],
  [
   606.0335912780557,
   710.2738210935559
  ],
  [
   739.4873079743704,
   339.40625031673704
  ],
  [
   853.4994560564063,
   425.34260705947156
  ],
  [
   412.83493667612936,
   150.179114917114
  ],
  [
   293.6202312729049,
   622.8789494238785
  ],
  [
   560.4885216550923,
   136.65965964908256
  ],
  [
   648.6789739122627,
   594.4410054752732
  ],
  [
   217.88669944375633,
   801.1517253856917
  ],
  [
   687.6538791117638,
   30.33785834448333
  ],
  [
   817.4379964579463,
   122.29619390968456
  ],
  [
   152.29544414911248,
   819.1161779567317
  ],
  [
   756.1472433296788,
   840.5945649719425
  ],
  [
   766.8040010668989,
   403.1158502688969
  ],
  [
   880.9583863412612,
   271.7166958570203
  ],
  [
   739.070820196661,
   280.60224121586907
  ],
  [
   637.5930355072363,
   659.6800432355215
  ],
  [
   637.8284870295344,
   403.85324674364875
  ],
  [
   489.15150684048115,
   399.92519022346517
  ],
  [
   493.6091248647647,
   681.2023937372225
  ],
  [
   501.26539297052085,
   622.4495381965149
  ],
  [
   876.7265493840698,
   855.1966414167968
  ],
  [
   761.597518467425,
   150.63944588730737
  ],
  [
   571.216723017336,
   463.7620643994692
  ],
  [
   410.514201749473,
   389.5491504040588
  ],
  [
   874.456340063568,
   103.85629639470189
  ],
  [
   695.7712565239034,
   241.00442789111077
  ],
  [
   219.82306017362956,
   867.7721345569321
  ],
  [
   220.63559810591937,
   131.91250722336278
  ],
  [
   917.6121700861011,
   757.8990999313021
  ],
  [
   30.33785834448333,
   603.5559911252067
  ],
  [
   550.5627987090497,
   353.76673056664396
  ]
 ]
}