{
 "Object_Radius": 28.209479177387816,
 "Object_Shape": "disc",
 "Workspace_Density": 0.2,
 "Workspace_Height": 1000,
 "Workspace_Width": 1000,
 "number_of_objects": 80,
 "point_list": [
  [
   810.126517881632,
   164.10445701095992
  ],
  [
   701.9237947151171,
   113.89050431315384
  ],
  [
   697.0372139207637,
   227.1207387717905
  ],
  [
   30.33785834448333,
   857.3356812055179
  ],
  [
   344.19188478809724,
   189.91567005476614
  ],
  [
   702.2705619181924,
   356.4408540053163
  ],
  [
   783.9305975205265,
   820.4645559982481
  ],
  [
   138.90846641216402,
   156.4072933305479
  ],
  [
   382.9206513622647,
   287.8444901930657
  ],
  [
   191.0699896658164,
   109.37301633187226
  ],
  [
   971.6621416555166,
   829.2912776839676
  ],
  [
   30.33785834448333,
   490.7996474218529
  ],
  [
   193.62844423035426,
   353.0943268415596
  ],
  [
   92.24077186955586,
   820.7304246231776
  ],
  [
   971.6621416555166,
   590.7782071564278
  ],
  [
   600.9468426035163,
   505.6132648754491
  ],
  [
   836.4344335830698,
   389.4949093943372
  ],
  [
   776.5474163640115,
   311.2280104025724
  ],
  [
   867.5185247441166,
   707.6348587694201
  ],
  [
   117.7698454581663,
   460.6901506294324
  ],
  [
   473.6509163645845,
   203.3817713030206
  ],
  [
   376.4742136440893,
   934.5540796249264
  ],
  [
   656.3072715492846,
   397.22983497868444
  ],
  [
   834.906752665659,
   783.7335134993818
  ],
  [
   890.2156055329662,
   971.6621416555166
  ],
  [
   781.5084665354141,
   880.3815945813051
  ],
  [
   409.37962412556203,
   790.7082709239472
  ],
  [
   223.4766040424866,
   299.7147112229145
  ],
  [
   658.7182766536232,
   664.257605523692
  ],
  [
   499.12062785921745,
   261.61632792395426
  ],
  [
   221.53953285771314,
   616.9393527996317
  ],
  [
   896.2649732988166,
   913.299100579676
  ],
  [
   462.2022189891056,
   879.5945498508556
  ],
  [
   52.533873361660525,
   319.12972727202
  ],
  [
   209.3227612064002,
   41.11029775718277
  ],
  [
   904.8117382125872,
   356.3298004944554
  ],
  [
   30.33785834448333,
   727.9210060735252
  ],
  [
   588.2391520035229,
   261.89601441914795
  ],
  [
   855.6598035983238,
   477.53218783560385
  ],
  [
   421.99949396617586,
   30.33785834448333
  ],
  [
   252.8075824777782,
   844.7608088099861
  ],
  [
   342.2155878855704,
   403.33394684476247
  ],
  [
   521.0274511058731,
   500.41952902693754
  ],
  [
   30.33785834448333,
   628.9942996597993
  ],
  [
   768.6600038403808,
   249.23634767547713
  ],
  [
   412.0965086319951,
   521.6099458101742
  ],
  [
   584.3957627791639,
   579.4642341266722
  ],
  [
   637.8703741267516,
   764.5416156700463
  ],
  [
   829.8108745654711,
   971.6621416555166
  ],
  [
   623.3581526562505,
   171.42525063140025
  ],
  [
   819.1403157186733,
   635.6181179619421
  ],
  [
   522.6297357142723,
   711.5292692149166
  ],
  [
   906.3089569128841,
   824.8435285220233
  ],
  [
   722.4688615423166,
   741.2764268636125
  ],
  [
   283.9375107986808,
   393.60969442542114
  ],
  [
   342.92078261603797,
   738.06600680894
  ],
  [
   971.6621416555166,
   477.3852035192778
  ],
  [
   625.2965631453908,
   448.01319041402354
  ],
  [
   138.23473165184964,
   78.4593743245765
  ],
  [
   875.5124258016027,
   122.68314088144561
  ],
  [
   605.8488047462541,
   899.7316052825671
  ],
  [
   720.6465058998727,
   499.4462120302221
  ],
  [
   900.2402216708234,
   553.8078171195272
  ],
  [
   136.00951477596567,
   778.921453844767
  ],
  [
   595.4667510291873,
   81.94809546293114
  ],
  [
   855.0944056519268,
   245.61337818282846
  ],
  [
   420.4672439414251,
   690.6321043267908
  ],
  [
   275.36865286131194,
   950.0319132085411
  ],
  [
   774.9531460113777,
   473.8293348069083
  ],
  [
   148.2060579219474,
   226.48354052982077
  ],
  [
   470.01841945733634,
   808.0329053186013
  ],
  [
   749.284125325067,
   402.95570974648666
  ],
  [
   913.4417695142574,
   255.2827206226704
  ],
  [
   916.5811359504492,
   432.34529243804707
  ],
  [
   809.3355772594887,
   522.6504863363402
  ],
  [
   539.7065163368726,
   305.35792045740106
  ],
  [
   234.35742196215693,
   201.24996347707705
  ],
  [
   502.34314823936376,
   561.6526773653992
  ],
  [
   140.9650816536636,
   318.03370833753564
  ],
  [
   560.905879356801,
   861.4989796116645
  ]
 ]
}