{
 "Object_Radius": 28.209479177387816,
 "Object_Shape": "disc",
 "Workspace_Density": 0.2,
 "Workspace_Height": 1000,
 "Workspace_Width": 1000,
 "number_of_objects": 80,
 "point_list": [
  [
   662.358221385386,
   585.1933994799937
  ],
  [
   138.95124391906845,
   350.7475207702054
  ],
  [
   880.7300614297359,
   882.9794426900306
  ],
  [
   525.2362035687147,
   136.20445756597738
  ],
  [
   364.2644796443668,
   30.33785834448333
  ],
  [
   162.32735106817017,
   971.6621416555166
  ],
  [
   601.0766906515022,
   30.33785834448333
  ],
  [
   422.940253813031,
   30.33785834448333
  ],
  [
   959.6637409317223,
   735.5361508512416
  ],
  [
   352.61910133648047,
   585.6086375604896
  ],
  [
   700.8117202388404,
   746.9989388517658
  ],
  [
   902.1725911904317,
   294.90889056934714
  ],
  [
   77.93713048337143,
   912.4265558825151
  ],
  [
   30.33785834448333,
   171.0959460042622
  ],
  [
   599.7465451453835,
   427.60297609112547
  ],
  [
   745.5979950498087,
   155.1266769880538
  ],
  [
   835.5677485667348,
   259.6585864678287
  ],
  [
   220.21211467469314,
   314.80283620681524
  ],
  [
   188.89095898797734,
   30.33785834448333
  ],
  [
   961.6388723892578,
   307.3868719290865
  ],
  [
   34.234788653904616,
   445.3825360113868
  ],
  [
   81.3364359202268,
   496.0627101791847
  ],
  [
   742.966605672393,
   30.33785834448333
  ],
  [
   159.5724634514793,
   139.10480826655902
  ],
  [
   690.9976803731421,
   409.07369502450393
  ],
  [
   475.5967955093351,
   278.3654721914001
  ],
  [
   823.5181680147048,
   467.63720871569694
  ],
  [
   958.3762150054949,
   466.7933950336508
  ],
  [
   971.6621416555166,
   525.0609603202817
  ],
  [
   30.33785834448333,
   92.9578097477202
  ],
  [
   650.5858470487149,
   479.8853383695438
  ],
  [
   971.6621416555166,
   409.144355336064
  ],
  [
   148.58530048570063,
   645.5113969356283
  ],
  [
   662.3215863470602,
   794.3435105098603
  ],
  [
   939.1122813589576,
   971.6621416555166
  ],
  [
   452.80938490822547,
   80.84206440494732
  ],
  [
   540.1456547965021,
   30.33785834448333
  ],
  [
   634.413932557681,
   95.25081543433522
  ],
  [
   106.96635334706784,
   850.3788697470752
  ],
  [
   797.1747595384151,
   971.6621416555166
  ],
  [
   112.56653671168473,
   744.1080997868005
  ],
  [
   219.96621087068118,
   111.04118470550087
  ],
  [
   247.18748943295847,
   44.275671629167476
  ],
  [
   305.21924675313534,
   55.82461593904755
  ],
  [
   816.5570169310752,
   92.08959015378105
  ],
  [
   635.648618241467,
   195.64597737867294
  ],
  [
   466.49297243290584,
   138.0270435812481
  ],
  [
   122.8165277279225,
   204.62464002081316
  ],
  [
   304.8495427775234,
   842.2013153645563
  ],
  [
   365.56887903717336,
   97.13005297672059
  ],
  [
   847.4515050995036,
   613.9544312986753
  ],
  [
   827.758838345353,
   912.8542674907843
  ],
  [
   783.6995138682321,
   834.0175555571027
  ],
  [
   70.88878817775665,
   971.6621416555166
  ],
  [
   225.2211648558999,
   971.6621416555166
  ],
  [
   406.3714436219479,
   480.3175427620575
  ],
  [
   565.8035114545714,
   476.8939377054223
  ],
  [
   343.94441482147596,
   675.7960497267842
  ],
  [
   704.1165403835633,
   539.4572469256232
  ],
  [
   160.7841373273043,
   881.3908538088925
  ],
  [
   591.0632634749543,
   617.7122385801671
  ],
  [
   501.70722057052797,
   221.20519953055506
  ],
  [
   143.27882008047007,
   512.6978227410871
  ],
  [
   422.9871178108784,
   560.724445457963
  ],
  [
   903.4608529419424,
   438.9048335957248
  ],
  [
   30.33785834448333,
   537.4363858635508
  ],
  [
   281.2256451064665,
   348.0350391132988
  ],
  [
   30.33785834448333,
   30.33785834448333
  ],
  [
   99.46992769483187,
   49.97523757976563
  ],
  [
   279.0762352591215,
   186.51348797904552
  ],
  [
   608.6594191759352,
   561.001864140854
  ],
  [
   531.5821245545187,
   544.8770813187887
  ],
  [
   348.4407595168386,
   420.04253829856833
  ],
  [
   685.4312648905183,
   148.58503550349076
  ],
  [
   496.4655255645597,
   971.6621416555166
  ],
  [
   958.1080881000755,
   915.7266548643404
  ],
  [
   206.93919760515823,
   187.4484865652305
  ],
  [
   750.3695404646052,
   416.95881533927354
  ],
  [
   80.98978026214387,
   306.5013226875031
  ],
  [
   83.12869268341977,
   674.6356150673935
  ]
 ]
}