{
 "Object_Radius": 28.209479177387816,
 "Object_Shape": "disc",
 "Workspace_Density": 0.2,
 "Workspace_Height": 1000,
 "Workspace_Width": 1000,
 "number_of_objects": 80,
 "point_list": [
  [
   257.7848679892355,
   280.49509651211537
  ],
  [
   392.15109833824835,
   293.67467140719003
  ],
  [
   45.97000862572919,
   289.5138155910751
  ],
  [
   223.43361171181442,
   30.33785834448333
  ],
  [
   854.7478396606396,
   533.0511923742516
  ],
  [
   30.33785834448333,
   792.2330763553865
  ],
  [
   630.360404784935,
   561.3471810734509
  ],
  [
   832.6071793195676,
   383.77089771866144
  ],
  [
   132.99522425148018,
   406.9673618572583
  ],
  [
   838.6236268722896,
   835.6363989040468
  ],
  [
   554.0430760647697,
   969.1155885037699
  ],
  [
   612.9046805536012,
   180.83847464971308
  ],
  [
   831.0838640176228,
   971.6621416555166
  ],
  [
   971.6621416555166,
   887.4328813892905
  ],
  [
   374.4543620378919,
   586.0527297640919
  ],
  [
   879.3902624922308,
   138.98051184769633
  ],
  [
   454.0431383654553,
   643.2054390286982
  ],
  [
   971.6621416555166,
   971.6621416555166
  ],
  [
   383.2564024248247,
   648.7287849477532
  ],
  [
   735.3900986380829,
   704.5511995925178
  ],
  [
   593.7459891114044,
   123.47514092935135
  ],
  [
   191.0354163110432,
   658.5450826116138
  ],
  [
   301.11525221311,
   511.2640374720184
  ],
  [
   606.6557767647913,
   651.8886181116401
  ],
  [
   504.74204253862325,
   30.33785834448333
  ],
  [
   887.925754854401,
   947.2926188859531
  ],
  [
   547.0104706755923,
   909.8324585933212
  ],
  [
   41.27684993627767,
   971.6621416555166
  ],
  [
   35.387880343721086,
   198.51807981191882
  ],
  [
   399.21431470580364,
   232.51322365549007
  ],
  [
   332.6983168006518,
   687.7521187599817
  ],
  [
   662.5597581347768,
   722.0584685541771
  ],
  [
   668.0680506532206,
   486.1037395938531
  ],
  [
   772.2112704152695,
   346.0921413747803
  ],
  [
   869.0309559917887,
   654.1341578212748
  ],
  [
   496.18131401010567,
   494.324378479256
  ],
  [
   971.6621416555166,
   625.1662519652144
  ],
  [
   612.7840296452324,
   920.243778966412
  ],
  [
   30.33785834448333,
   108.27937886902295
  ],
  [
   398.36246208548573,
   928.3609528784573
  ],
  [
   574.1509401388604,
   418.0044910425359
  ],
  [
   680.864207748036,
   201.51784237117468
  ],
  [
   654.335303345241,
   124.58085473904605
  ],
  [
   83.67229556503926,
   747.7309987166295
  ],
  [
   318.8149973468756,
   567.2539716804957
  ],
  [
   164.31119838261034,
   767.8213338672803
  ],
  [
   797.9564624610745,
   68.25760211346088
  ],
  [
   216.50171524995054,
   862.2876840596178
  ],
  [
   157.24290995942732,
   465.7618625771186
  ],
  [
   286.70941873925835,
   454.38424305079667
  ],
  [
   967.4038593534706,
   348.35224011965846
  ],
  [
   779.5441156954724,
   846.0642422271346
  ],
  [
   907.1731553826269,
   880.9636375580633
  ],
  [
   728.3285026652443,
   160.17863140277322
  ],
  [
   907.0193081806475,
   725.7022060265656
  ],
  [
   307.9643501658922,
   971.6621416555166
  ],
  [
   507.900615188376,
   436.54548172947733
  ],
  [
   208.49274900698,
   357.2530689791386
  ],
  [
   350.0203994239561,
   105.38207085409823
  ],
  [
   136.46192557091098,
   326.6466425094672
  ],
  [
   934.932879956146,
   777.7331697767297
  ],
  [
   732.964514328699,
   231.35624860724863
  ],
  [
   251.9774654965286,
   554.8696918996027
  ],
  [
   486.32872447609856,
   971.6621416555166
  ],
  [
   119.91856542193437,
   106.65493747635695
  ],
  [
   549.7480698423964,
   597.9047412010565
  ],
  [
   971.6621416555166,
   428.27425895383175
  ],
  [
   971.6621416555166,
   544.3034305109351
  ],
  [
   221.04764292120223,
   797.0052145771581
  ],
  [
   805.4856327864746,
   214.53893304307013
  ],
  [
   680.78656976526,
   906.2195203020698
  ],
  [
   30.33785834448333,
   700.9715839700855
  ],
  [
   625.248640205158,
   827.4339354993139
  ],
  [
   840.7950624884887,
   896.4196010949909
  ],
  [
   551.0727968025378,
   284.7647072298851
  ],
  [
   493.36481031194444,
   248.2352057011543
  ],
  [
   885.2301228575238,
   283.30726310985756
  ],
  [
   820.8862243618148,
   479.76173437949166
  ],
  [
   665.7525732906059,
   658.650019327647
  ],
  [
   273.2991085864137,
   916.542636064445
  ]
 ]
}