{
 "Object_Radius": 28.209479177387816,
 "Object_Shape": "disc",
 "Workspace_Density": 0.2,
 "Workspace_Height": 1000,
 "Workspace_Width": 1000,
 "number_of_objects": 80,
 "point_list": [
  [
   201.1656125509858,
   815.1634872363596
  ],
  [
   605.2273917949104,
   30.33785834448333
  ],
  [
   853.3985568621263,
   607.5441176954366
  ],
  [
   632.1195735064383,
   211.49185080532817
  ],
  [
   942.5592695288808,
   50.752268673301515
  ],
  [
   663.5478884799352,
   611.2492484451537
  ],
  [
   292.49891955230976,
   103.08244256527499
  ],
  [
   968.7428400706142,
   630.0109565546428
  ],
  [
   223.0606619381388,
   759.1733512247187
  ],
  [
   753.0194712441507,
   563.9263512803747
  ],
  [
   59.91426443965453,
   311.08017660343626
  ],
  [
   971.6621416555166,
   717.2720295965496
  ],
  [
   498.5958629054987,
   775.3765689662403
  ],
  [
   99.70745844485596,
   470.4899468990964
  ],
  [
   795.1919620958867,
   894.2444834105447
  ],
  [
   373.76666993991483,
   404.0633119249978
  ],
  [
   892.8560323042643,
   160.5642111781455
  ],
  [
   510.47956070928456,
   364.64429226241833
  ],
  [
   224.03022065614678,
   294.431252594722
  ],
  [
   701.8322712347795,
   338.2893359022756
  ],
  [
   193.01797665807902,
   238.78362442057195
  ],
  [
   774.677322662906,
   361.27078561859327
  ],
  [
   548.2424776630709,
   744.0977893586702
  ],
  [
   517.1462650182857,
   428.03068751709446
  ],
  [
   101.91753830765357,
   159.16010180405797
  ],
  [
   30.33785834448333,
   242.66685326145125
  ],
  [
   305.7882628489181,
   388.40249801951063
  ],
  [
   937.8519014610791,
   390.85295447922164
  ],
  [
   33.33208666051292,
   740.6217532541816
  ],
  [
   705.7735175165833,
   677.7843754561366
  ],
  [
   907.4587804920618,
   834.3944911502723
  ],
  [
   99.36810862242558,
   750.2965500881236
  ],
  [
   402.8523295903845,
   870.8401165111859
  ],
  [
   838.2469840749872,
   431.9741447833264
  ],
  [
   887.2848543967145,
   30.33785834448333
  ],
  [
   42.2404267494413,
   675.5200577968386
  ],
  [
   184.5170197644584,
   137.58408386544858
  ],
  [
   773.3522359202275,
   753.9058161118919
  ],
  [
   234.2628106080027,
   170.01980575479917
  ],
  [
   407.2564455580788,
   971.6621416555166
  ],
  [
   857.1481380384945,
   944.9325408005398
  ],
  [
   161.9130631384798,
   911.1979075917501
  ],
  [
   811.3363824074828,
   650.7924155163082
  ],
  [
   123.66706430167801,
   637.047478790077
  ],
  [
   264.97994167870775,
   651.8338261053599
  ],
  [
   434.6838382589432,
   275.9786456353219
  ],
  [
   833.852207840336,
   373.21609123610654
  ],
  [
   36.81387928103552,
   30.33785834448333
  ],
  [
   406.9769017034144,
   776.1503035392697
  ],
  [
   508.02185625768976,
   660.0203205872724
  ],
  [
   475.5212936150339,
   473.3441176910202
  ],
  [
   640.6557455476769,
   337.2857954302485
  ],
  [
   676.5795448037261,
   943.4932285764781
  ],
  [
   377.34454792990414,
   212.62454358982384
  ],
  [
   290.8776488464359,
   265.12720610170635
  ],
  [
   208.23421999833613,
   971.6621416555166
  ],
  [
   477.09508825220274,
   829.9710504130674
  ],
  [
   519.0665491923459,
   531.3121879310905
  ],
  [
   213.92332967978564,
   30.33785834448333
  ],
  [
   958.9384174679566,
   176.6613440273037
  ],
  [
   911.3394209988971,
   597.9252608628406
  ],
  [
   466.77483371083156,
   965.7054709180632
  ],
  [
   56.950836878276064,
   841.4651089737865
  ],
  [
   240.29296847745945,
   877.2119828566069
  ],
  [
   833.965132989615,
   550.0688931602267
  ],
  [
   689.6478639608592,
   72.58388816666017
  ],
  [
   811.7164464310655,
   495.0695835327765
  ],
  [
   200.3315309494722,
   496.85921422408074
  ],
  [
   812.0249623109602,
   34.78710370739013
  ],
  [
   833.6922005657981,
   710.4774026035499
  ],
  [
   494.99948577348516,
   120.08184969385916
  ],
  [
   425.98352691223613,
   30.33785834448333
  ],
  [
   108.17437791849075,
   98.94557692242473
  ],
  [
   780.994712974109,
   112.66390851284632
  ],
  [
   38.74926719532201,
   535.7570599419055
  ],
  [
   416.97230080218486,
   100.7565008404045
  ],
  [
   154.6594739123899,
   725.9987523141485
  ],
  [
   847.9545961974569,
   840.3062720198258
  ],
  [
   832.713267282161,
   147.89592394853435
  ],
  [
   493.33409249188946,
   716.827971260371
  ]
 ]
}