{
 "Object_Radius": 28.209479177387816,
 "Object_Shape": "disc",
 "Workspace_Density": 0.2,
 "Workspace_Height": 1000,
 "Workspace_Width": 1000,
 "number_of_objects": 80,
 "point_list": [
  [
   971.6621416555166,
   871.5896504595856
  ],
  [
   396.9523330689215,
   74.79269959845946
  ],
  [
   264.49718619012606,
   877.7191130762355
  ],
  [
   595.4794489419386,
   380.77516817107454
  ],
  [
   461.08533369850073,
   354.995659099758
  ],
  [
   81.70983372204213,
   724.7094197020666
  ],
  [
   702.4001933362875,
   64.47706505745373
  ],
  [
   830.788610998953,
   784.264579346501
  ],
  [
   638.055782504493,
   196.4710248458366
  ],
  [
   621.0892281700025,
   327.6503835133998
  ],
  [
   227.9475157496744,
   365.9557116787654
  ],
  [
   736.9821950360172,
   704.2334995140736
  ],
  [
   282.880911959598,
   513.8806065684106
  ],
  [
   818.4516360772842,
   620.8389302449473
  ],
  [
   459.4484115540708,
   735.2575479509238
  ],
  [
   58.61365613986557,
   778.6766596502063
  ],
  [
   650.4236743030158,
   622.834053802958
  ],
  [
   651.956809416947,
   547.6249874508776
  ],
  [
   911.0438341915517,
   346.9860763306062
  ],
  [
   679.8182040602655,
   332.7608241076231
  ],
  [
   171.467415196231,
   163.44534911709087
  ],
  [
   516.8642360627299,
   336.37698603335116
  ],
  [
   903.1465209146651,
   441.74227871982856
  ],
  [
   869.829044708192,
   971.6621416555166
  ],
  [
   411.6270430543778,
   406.09908392554127
  ],
  [
   782.5113303907358,
   667.2192436031063
  ],
  [
   429.1202988370686,
   874.7365425408312
  ],
  [
   915.3467786274009,
   221.79044662335397
  ],
  [
   321.76970386296756,
   688.1457393426633
  ],
  [
   370.61217621603924,
   182.4898119643194
  ],
  [
   971.6621416555166,
   519.5084307147124
  ],
  [
   165.0755426352628,
   544.0243162260798
  ],
  [
   146.31976954028374,
   768.8764998892397
  ],
  [
   875.7501116522853,
   605.1400843652607
  ],
  [
   773.4681770909741,
   872.4038848598229
  ],
  [
   968.5752473398454,
   361.35603932754054
  ],
  [
   541.7777834308398,
   281.593771629239
  ],
  [
   96.36647037665539,
   667.4578425578559
  ],
  [
   740.7687416836135,
   182.68282959305023
  ],
  [
   30.33785834448333,
   681.8334714418926
  ],
  [
   732.6231133367232,
   575.3688793622163
  ],
  [
   630.1368224203594,
   803.890170719033
  ],
  [
   94.31230431879023,
   542.5757358419506
  ],
  [
   464.31423661035586,
   61.7897907244005
  ],
  [
   36.00713874815139,
   278.39853305825454
  ],
  [
   76.83464450503389,
   86.55679273405198
  ],
  [
   971.6621416555166,
   108.14887463839962
  ],
  [
   443.00346104479996,
   971.6621416555166
  ],
  [
   915.6172173105381,
   499.29092386456904
  ],
  [
   279.2632252884948,
   313.4429038626714
  ],
  [
   178.09887010713558,
   100.99099426793904
  ],
  [
   393.836478531036,
   604.7656449656197
  ],
  [
   247.12663731446682,
   253.53713108689212
  ],
  [
   342.1871536314647,
   244.17006000236495
  ],
  [
   795.8662425656192,
   385.8930107744766
  ],
  [
   870.7779263378224,
   179.05339076089902
  ],
  [
   305.22376068491724,
   830.640903986889
  ],
  [
   227.44340729207414,
   140.27779341605898
  ],
  [
   587.9312444999352,
   459.1248705303712
  ],
  [
   339.1806476884897,
   319.1453711492328
  ],
  [
   182.88801990664118,
   721.1909901004849
  ],
  [
   751.0816829064883,
   272.6039289767312
  ],
  [
   332.7820355025529,
   883.4215220564
  ],
  [
   185.4836318723974,
   30.33785834448333
  ],
  [
   299.60103702414864,
   971.6621416555166
  ],
  [
   971.6621416555166,
   203.7954507011492
  ],
  [
   629.9230666827659,
   731.9709492282327
  ],
  [
   200.31542917668312,
   882.8073285938514
  ],
  [
   224.50067615859138,
   614.211591945523
  ],
  [
   836.7510061343336,
   316.1686394072773
  ],
  [
   459.63321404129846,
   155.7998918086209
  ],
  [
   938.7995765208128,
   633.8490702335663
  ],
  [
   145.53169889400334,
   216.31256191439326
  ],
  [
   869.6366437643154,
   871.6545960004427
  ],
  [
   512.8963256581324,
   181.22251573251236
  ],
  [
   469.9967425322236,
   431.95360449948873
  ],
  [
   831.8129578781461,
   255.14963399571278
  ],
  [
   907.7293686936855,
   128.68690635736078
  ],
  [
   122.40863129065463,
   126.42061899037881
  ],
  [
   323.15497077814337,
   443.024614054592
  ]
 ]
}