{
 "Object_Radius": 79.78845608028654,
 "Object_Shape": "disc",
 "Workspace_Density": 0.2,
 "Workspace_Height": 1000,
 "Workspace_Width": 1000,
 "number_of_objects": 10,
 "point_list": [
  [
   826.4799520866936,
   347.7188081669669
  ],
  [
   348.25365621525174,
   458.59276218127314
  ],
  [
   833.4813338269352,
   918.020005676502
  ],
  [
   667.5213617667744,
   918.020005676502
  ],
  [
   83.979994323498,
   525.9474223902939
  ],
  [
   702.5144384430897,
   464.1991639851628
  ],
  [
   918.020005676502,
   83.979994323498
  ],
  [
   83.979994323498,
   761.9051595598511
  ],
  [
   918.020005676502,
   711.8238029553629
  ],
  [
   223.40426710919036,
   83.979994323498
  ]
 ]
}