{
 "Object_Radius": 79.78845608028654,
 "Object_Shape": "disc",
 "Workspace_Density": 0.2,
 "Workspace_Height": 1000,
 "Workspace_Width": 1000,
 "number_of_objects": 10,
 "point_list": [
  [
   252.31853557841546,
   361.15053829003296
  ],
  [
   918.020005676502,
   83.979994323498
  ],
  [
   158.57336611106632,
   219.82904162820884
  ],
  [
   639.241123574024,
   590.482619987803
  ],
  [
   647.6194187994729,
   83.979994323498
  ],
  [
   255.79010356713283,
   83.979994323498
  ],
  [
   604.0702719552615,
   245.72953135641495
  ],
  [
   918.020005676502,
   430.7797750808431
  ],
  [
   918.020005676502,
   893.4524962299283
  ],
  [
   373.88214688706546,
   546.5948252466793
  ]
 ]
}