{
 "Object_Radius": 79.78845608028654,
 "Object_Shape": "disc",
 "Workspace_Density": 0.2,
 "Workspace_Height": 1000,
 "Workspace_Width": 1000,
 "number_of_objects": 10,
 "point_list": [
  [
   578.3921484186994,
   402.8892095576607
  ],
  [
   898.5219344028399,
   378.4634695524541
  ],
  [
   83.979994323498,
   300.09715877952027
  ],
  [
   247.853702893578,
   905.3187177539045
  ],
  [
   880.0160255642004,
   755.0123035978719
  ],
  [
   498.6225384602365,
   224.04685173388324
  ],
  [
   463.4357942171286,
   614.3498680518167
  ],
  [
   667.6763063739522,
   918.020005676502
  ],
  [
   83.979994323498,
   98.15323063163194
  ],
  [
   918.020005676502,
   918.020005676502
  ]
 ]
}