{
 "Object_Radius": 79.78845608028654,
 "Object_Shape": "disc",
 "Workspace_Density": 0.2,
 "Workspace_Height": 1000,
 "Workspace_Width": 1000,
 "number_of_objects": 10,
 "point_list": [
  [
   645.0204965967745,
   196.61841690305616
  ],
  [
   470.7990637069672,
   507.6207934065977
  ],
  [
   918.020005676502,
   443.2840046164739
  ],
  [
   899.204360870129,
   94.49068534360981
  ],
  [
   472.6508448837504,
   310.71375223722066
  ],
  [
   787.1365274990811,
   341.24254225126305
  ],
  [
   406.7454432365865,
   83.979994323498
  ],
  [
   702.6367516997801,
   783.4511341161942
  ],
  [
   623.9421123102613,
   395.34707496896857
  ],
  [
   755.4609149896453,
   515.0900893670429
  ]
 ]
}