{
 "Object_Radius": 79.78845608028654,
 "Object_Shape": "disc",
 "Workspace_Density": 0.2,
 "Workspace_Height": 1000,
 "Workspace_Width": 1000,
 "number_of_objects": 10,
 "point_list": [
  [
   918.020005676502,
   488.19544340747916
  ],
  [
   682.8859861495758,
   387.5062585568502
  ],
  [
   804.4120902718039,
   206.12271771363876
  ],
  [
   918.020005676502,
   83.979994323498
  ],
  [
   491.4257430901764,
   894.7496901926526
  ],
  [
   514.1278140959466,
   408.6459800692497
  ],
  [
   181.25311773987485,
   918.020005676502
  ],
  [
   851.7570480186434,
   640.3532007532204
  ],
  [
   918.020005676502,
   918.020005676502
  ],
  [
   681.0785076173188,
   672.1990560232304
  ]
 ]
}