{
 "Object_Radius": 79.78845608028654,
 "Object_Shape": "disc",
 "Workspace_Density": 0.2,
 "Workspace_Height": 1000,
 "Workspace_Width": 1000,
 "number_of_objects": 10,
 "point_list": [
  [
   141.41183545239647,
   86.97348253149326
  ],
  [
   211.52840571580577,
   249.99211842813204
  ],
  [
   611.9616576274717,
   528.334774264146
  ],
  [
   380.4989523064718,
   83.979994323498
  ],
  [
   918.020005676502,
   451.8971456838172
  ],
  [
   573.281998515526,
   355.48355459913284
  ],
  [
   762.2853530332337,
   705.8464986649685
  ],
  [
   480.2343648941868,
   217.92316240484692
  ],
  [
   83.979994323498,
   918.020005676502
  ],
  [
   918.020005676502,
   648.4905267432256
  ]
 ]
}