{
 "Object_Radius": 79.78845608028654,
 "Object_Shape": "disc",
 "Workspace_Density": 0.2,
 "Workspace_Height": 1000,
 "Workspace_Width": 1000,
 "number_of_objects": 10,
 "point_list": [
  [
   770.9820695768708,
   764.2760993450477
  ],
  [
   523.9145002802277,
   837.7131291588481
  ],
  [
   677.0833119662498,
   83.979994323498
  ],
  [
   793.1341382872565,
   236.19911201262732
  ],
  [
   681.4322569577256,
   475.1139371250753
  ],
  [
   83.979994323498,
   337.2666825730801
  ],
  [
   408.91607243569234,
   290.49008714678064
  ],
  [
   140.07395250192877,
   89.3795624642195
  ],
  [
   255.76592377435415,
   355.1493669435692
  ],
  [
   918.020005676502,
   83.979994323498
  ]
 ]
}