{
 "Object_Radius": 97.720502380584,
 "Object_Shape": "disc",
 "Workspace_Density": 0.6,
 "Workspace_Height": 1000,
 "Workspace_Width": 1000,
 "number_of_objects": 20,
 "point_list": [
  [
   305.83673357154163,
   307.9082852001208
  ],
  [
   742.6274118541203,
   102.62932247580736
  ],
  [
   102.62932247580736,
   312.47155494462487
  ],
  [
   396.8384837506776,
   696.2968222031432
  ],
  [
   388.17278080238475,
   899.3706768332771
  ],
  [
   305.8890855914958,
   514.5212804971062
  ],
  [
   102.62932247580736,
   899.3706379077095
  ],
  [
   312.05120705440197,
   102.62932247580736
  ],
  [
   608.9389908436418,
   699.4665491830636
  ],
  [
   102.62932247580736,
   516.4916963017483
  ],
  [
   524.9806720125351,
   102.62932247580736
  ],
  [
   762.3570199395997,
   535.8323147067648
  ],
  [
   102.62932247580736,
   102.62932247580736
  ],
  [
   561.5786835143705,
   501.79997514571517
  ],
  [
   647.3563673133382,
   899.3694060069752
  ],
  [
   899.3706633614313,
   383.19340002458244
  ],
  [
   712.331667493936,
   303.61821457932274
  ],
  [
   899.3326396849105,
   700.42852822522
  ],
  [
   171.13695017628407,
   707.9548778742746
  ],
  [
   509.07952028251367,
   305.36317397172166
  ]
 ]
}