{
 "Object_Radius": 97.720502380584,
 "Object_Shape": "disc",
 "Workspace_Density": 0.6,
 "Workspace_Height": 1000,
 "Workspace_Width": 1000,
 "number_of_objects": 20,
 "point_list": [
  [
   102.62932247580736,
   301.8146625459886
  ],
  [
   102.62932247580736,
   899.3706775241926
  ],
  [
   899.3706775241926,
   102.62932247580736
  ],
  [
   447.6098468884073,
   718.736360327054
  ],
  [
   102.62932247580736,
   700.1853668019178
  ],
  [
   647.4944511460533,
   307.8029011947573
  ],
  [
   899.3706775241926,
   736.6165753190867
  ],
  [
   540.8049387048883,
   899.3706775241926
  ],
  [
   280.96653005338044,
   602.355611360165
  ],
  [
   102.62932247580736,
   501.0000167427121
  ],
  [
   102.62932247580736,
   102.62932247580736
  ],
  [
   657.083578208735,
   641.295915780148
  ],
  [
   313.52243019192457,
   899.3706732260341
  ],
  [
   281.86959145357406,
   398.9963275031836
  ],
  [
   500.99992761459947,
   102.62932247580736
  ],
  [
   833.6040934379655,
   424.65788926983123
  ],
  [
   301.81464736193436,
   102.62932247580736
  ],
  [
   744.1991003216827,
   896.6016309618038
  ],
  [
   700.1853028773937,
   102.62932247580736
  ],
  [
   493.0316790052303,
   449.16063090189755
  ]
 ]
}