{
 "Object_Radius": 150.78600877302688,
 "Object_Shape": "disc",
 "Workspace_Density": 0.5,
 "Workspace_Height": 1000,
 "Workspace_Width": 1000,
 "number_of_objects": 7,
 "point_list": [
  [
   166.86460965032956,
   166.86460965032956
  ],
  [
   595.5212951987471,
   166.86460965032956
  ],
  [
   166.86460965032956,
   527.7338151846559
  ],
  [
   291.5586746424528,
   835.1353903496704
  ],
  [
   835.1353903496704,
   400.1442846190975
  ],
  [
   507.03320471662306,
   487.3842025687294
  ],
  [
   835.1353903496704,
   753.1769438193372
  ]
 ]
}