{
 "Object_Radius": 150.78600877302688,
 "Object_Shape": "disc",
 "Workspace_Density": 0.5,
 "Workspace_Height": 1000,
 "Workspace_Width": 1000,
 "number_of_objects": 7,
 "point_list": [
  [
   498.5428420047511,
   166.86460965032956
  ],
  [
   835.1353903496704,
   503.40456692800103
  ],
  [
   166.86460965032956,
   172.68055490558544
  ],
  [
   835.1353903496704,
   166.86460965032956
  ],
  [
   334.8473591219229,
   807.2752109012811
  ],
  [
   166.86460965032956,
   511.7769374536642
  ],
  [
   835.1353903496704,
   835.1353903496704
  ]
 ]
}