{
 "Object_Radius": 150.78600877302688,
 "Object_Shape": "disc",
 "Workspace_Density": 0.5,
 "Workspace_Height": 1000,
 "Workspace_Width": 1000,
 "number_of_objects": 7,
 "point_list": [
  [
   166.86460965032956,
   166.98263312998168
  ],
  [
   498.61028253043355,
   166.86460965032956
  ],
  [
   166.86460965032956,
   501.6202593245449
  ],
  [
   835.1353903496704,
   166.86460965032956
  ],
  [
   835.1353903496704,
   500.01757984628233
  ],
  [
   166.86460965032956,
   835.1353903496704
  ],
  [
   655.8295326532902,
   796.0939239557133
  ]
 ]
}