{
 "Object_Radius": 150.78600877302688,
 "Object_Shape": "disc",
 "Workspace_Density": 0.5,
 "Workspace_Height": 1000,
 "Workspace_Width": 1000,
 "number_of_objects": 7,
 "point_list": [
  [
   835.1353903496704,
   835.1353903496704
  ],
  [
   166.86460965032956,
   171.63635338313915
  ],
  [
   539.1889993388689,
   560.0903103927257
  ],
  [
   835.1353903496704,
   386.61934821626494
  ],
  [
   166.86460965032956,
   835.1353903496704
  ],
  [
   522.1470228552016,
   166.86460965032956
  ],
  [
   166.86460965032956,
   503.406171006443
  ]
 ]
}