{
 "Object_Radius": 150.78600877302688,
 "Object_Shape": "disc",
 "Workspace_Density": 0.5,
 "Workspace_Height": 1000,
 "Workspace_Width": 1000,
 "number_of_objects": 7,
 "point_list": [
  [
   445.4724053703915,
   482.50089747771233
  ],
  [
   555.8958181946755,
   166.86460965032956
  ],
  [
   835.1353903496704,
   835.1353903496704
  ],
  [
   166.86460965032956,
   663.8084059305346
  ],
  [
   166.86460965032956,
   166.86460965032956
  ],
  [
   835.1353903496704,
   407.6102725676706
  ],
  [
   451.10786223659534,
   835.1353903496704
  ]
 ]
}