{
 "Object_Radius": 46.06588659617807,
 "Object_Shape": "disc",
 "Workspace_Density": 0.4,
 "Workspace_Height": 1000,
 "Workspace_Width": 1000,
 "number_of_objects": 60,
 "point_list": [
  [
   432.11619295215803,
   314.31258517648774
  ],
  [
   48.90852206002519,
   526.1439385544297
  ],
  [
   953.0914779399748,
   673.4044777207237
  ],
  [
   683.7317789411031,
   412.9212694413852
  ],
  [
   953.0914779399748,
   185.78745048215586
  ],
  [
   831.0943025345694,
   815.7526428923553
  ],
  [
   48.90852206002519,
   402.32992608247065
  ],
  [
   529.749642563222,
   293.39480458519364
  ],
  [
   321.25274438938754,
   953.0914779399748
  ],
  [
   735.460837655379,
   331.8038293993469
  ],
  [
   861.5053095244498,
   121.51223659672348
  ],
  [
   391.68783010223007,
   150.60019457511748
  ],
  [
   787.9770215427945,
   475.54986092388157
  ],
  [
   100.48618998849608,
   226.9917772545896
  ],
  [
   494.4949505936571,
   792.1747284338912
  ],
  [
   356.54434920491485,
   574.9840715050948
  ],
  [
   768.1973041480705,
   166.1808961764686
  ],
  [
   511.9746942886418,
   940.2934257027912
  ],
  [
   390.98298706942495,
   477.72247694151304
  ],
  [
   313.2898608344854,
   48.90852206002519
  ],
  [
   338.0514490082833,
   810.5588478565013
  ],
  [
   227.03013492418896,
   773.1250358401148
  ],
  [
   348.89964416510094,
   253.53467719787952
  ],
  [
   641.278016734317,
   303.2056402212895
  ],
  [
   652.531547591974,
   844.3673877245052
  ],
  [
   442.27928941744494,
   703.7153985995454
  ],
  [
   51.12459371548494,
   853.4534686394987
  ],
  [
   775.4167170334453,
   896.7675765041963
  ],
  [
   170.72428854473182,
   355.48085258958855
  ],
  [
   488.9781286703263,
   101.84764139854789
  ],
  [
   267.341133185719,
   316.19576603249203
  ],
  [
   296.36632341625165,
   440.2881119169317
  ],
  [
   583.1614734448889,
   392.1320343716022
  ],
  [
   586.259449263891,
   155.92272283639645
  ],
  [
   196.85113804694646,
   247.22039333930343
  ],
  [
   953.0914779399748,
   84.66465663719963
  ],
  [
   768.9582644642837,
   694.7838710126543
  ],
  [
   782.052059577229,
   48.90852206002519
  ],
  [
   504.94768629867224,
   492.22050059628964
  ],
  [
   217.32759326329548,
   48.90852206002519
  ],
  [
   628.6978692150209,
   498.9446052614009
  ],
  [
   51.291262241374874,
   144.76790705229746
  ],
  [
   862.860498246521,
   639.6774501518851
  ],
  [
   697.2105838108023,
   953.0914779399748
  ],
  [
   923.8177262317731,
   769.6323172506218
  ],
  [
   953.0914779399748,
   317.27006520957326
  ],
  [
   464.75188406981255,
   213.4788834127092
  ],
  [
   572.0990750956485,
   48.90852206002519
  ],
  [
   660.7471359998311,
   592.1806579441405
  ],
  [
   953.0914779399748,
   863.2600154692623
  ],
  [
   481.08193571126185,
   398.5868813970425
  ],
  [
   674.416501050148,
   83.22886489101711
  ],
  [
   221.08680743842635,
   505.6437069176752
  ],
  [
   134.3958389034336,
   96.98449594423178
  ],
  [
   48.90852206002519,
   48.90852206002519
  ],
  [
   893.6340737668565,
   953.0914779399748
  ],
  [
   139.75424196293133,
   561.6536709822132
  ],
  [
   293.92291348018546,
   169.98680833820293
  ],
  [
   409.1070276203978,
   48.90852206002519
  ],
  [
   734.8809356943161,
   785.7823505210342
  ]
 ]
}