{
 "Object_Radius": 46.06588659617807,
 "Object_Shape": "disc",
 "Workspace_Density": 0.4,
 "Workspace_Height": 1000,
 "Workspace_Width": 1000,
 "number_of_objects": 60,
 "point_list": [
  [
   349.117541289,
   746.8147740938342
  ],
  [
   363.12640900840614,
   467.92916741785837
  ],
  [
   484.0286549622722,
   133.54354203406217
  ],
  [
   382.3016947150028,
   366.2445376394944
  ],
  [
   953.0914779399748,
   820.8149740666877
  ],
  [
   89.81843641624491,
   90.03604896522424
  ],
  [
   518.6911382862721,
   238.66264966793455
  ],
  [
   136.30714973401743,
   542.9964603794762
  ],
  [
   63.95204929516307,
   246.87385186260587
  ],
  [
   487.95556056900455,
   721.1426337057285
  ],
  [
   261.2380615601766,
   252.6745866745275
  ],
  [
   211.72786586193567,
   953.0914779399748
  ],
  [
   953.0914779399748,
   302.0862180982571
  ],
  [
   606.9437643480442,
   167.0946303818137
  ],
  [
   667.2622127502864,
   574.8217491696033
  ],
  [
   787.1037611844114,
   239.0904460257254
  ],
  [
   841.4340965334864,
   345.40432591663995
  ],
  [
   951.8273793633251,
   410.20249191914723
  ],
  [
   93.09972325546848,
   628.5533786170928
  ],
  [
   48.90852206002519,
   715.0793744331758
  ],
  [
   48.90852206002519,
   427.389594239498
  ],
  [
   391.0129696573104,
   655.7895744337957
  ],
  [
   234.67366928522722,
   48.90852206002519
  ],
  [
   858.788346083854,
   161.74106633847092
  ],
  [
   685.351085986095,
   260.1730326139389
  ],
  [
   770.4414466069983,
   601.4261162899646
  ],
  [
   426.3944704008295,
   210.3531099877409
  ],
  [
   427.1838181111979,
   810.8900219697169
  ],
  [
   944.5774243386674,
   556.0098893024079
  ],
  [
   584.3426664216929,
   483.7983070625565
  ],
  [
   799.8931765915828,
   80.19294714556933
  ],
  [
   623.8291887549038,
   953.0914779399748
  ],
  [
   705.7083529799647,
   48.90852206002519
  ],
  [
   70.33203729340406,
   808.470775587945
  ],
  [
   270.21629362687304,
   680.7959893066932
  ],
  [
   607.642206403847,
   70.93964625854538
  ],
  [
   354.63022593035106,
   274.1053325385513
  ],
  [
   515.304450645588,
   920.5966326097846
  ],
  [
   189.00473894704706,
   627.2301537326379
  ],
  [
   478.6707453548037,
   328.4663145452043
  ],
  [
   734.4146611965286,
   353.1282947284082
  ],
  [
   953.0914779399748,
   953.0914779399748
  ],
  [
   846.5160559366694,
   533.6397991782062
  ],
  [
   307.56882944459727,
   953.0914779399748
  ],
  [
   701.8149828648811,
   466.0612232920051
  ],
  [
   702.1561005815898,
   694.6543499199247
  ],
  [
   139.6443397699997,
   874.6274870898199
  ],
  [
   48.90852206002519,
   911.4172159774432
  ],
  [
   953.0914779399748,
   672.2019240934933
  ],
  [
   847.8467306526195,
   953.0914779399748
  ],
  [
   853.1942905954932,
   653.8676355546553
  ],
  [
   816.3667825007099,
   813.8966925104621
  ],
  [
   403.9013779852396,
   907.1806740847608
  ],
  [
   142.01423874015066,
   403.39108536775524
  ],
  [
   953.0914779399748,
   117.97861907334976
  ],
  [
   471.35701302901833,
   498.57589710624814
  ],
  [
   195.64545134510928,
   323.41895041620506
  ],
  [
   210.70216934968207,
   475.44596173909025
  ],
  [
   314.47769997946074,
   595.5481521673485
  ],
  [
   171.42175425268405,
   219.29475555333505
  ]
 ]
}