{
 "Object_Radius": 46.06588659617807,
 "Object_Shape": "disc",
 "Workspace_Density": 0.4,
 "Workspace_Height": 1000,
 "Workspace_Width": 1000,
 "number_of_objects": 60,
 "point_list": [
  [
   576.3380911461344,
   700.9890812012133
  ],
  [
   739.3143780501359,
   240.3571212235469
  ],
  [
   195.43602774586762,
   538.8025001937477
  ],
  [
   748.5668440316841,
   379.59162929020835
  ],
  [
   292.97708696766847,
   425.49669950549975
  ],
  [
   790.6411600239252,
   117.49330066477727
  ],
  [
   953.0914779399748,
   953.0914779399748
  ],
  [
   661.5978401969742,
   120.92859557499652
  ],
  [
   388.8183600488411,
   917.8125058860533
  ],
  [
   319.5669648804557,
   692.7947110375172
  ],
  [
   48.90852206002519,
   48.90852206002519
  ],
  [
   297.1981766008453,
   301.9063574921709
  ],
  [
   272.66422646469255,
   106.31864269861964
  ],
  [
   687.6359530910103,
   689.1264899403081
  ],
  [
   48.90852206002519,
   598.9930882605928
  ],
  [
   128.55246281183202,
   654.6191672935593
  ],
  [
   799.638826207946,
   588.409066505874
  ],
  [
   564.6510206244981,
   62.35840609303202
  ],
  [
   868.6794634995157,
   48.90852206002519
  ],
  [
   487.35637204486176,
   408.07778361258863
  ],
  [
   275.32261110425134,
   202.11289250662747
  ],
  [
   427.4117432241701,
   222.10285846683365
  ],
  [
   458.7512302817683,
   738.5589918746201
  ],
  [
   743.9870154290803,
   895.740233559177
  ],
  [
   511.4620885322685,
   557.6675452958431
  ],
  [
   827.6462584885602,
   322.8133634641374
  ],
  [
   871.3537460090209,
   230.57751362118535
  ],
  [
   586.5852128962732,
   459.8774068977673
  ],
  [
   761.9368052158217,
   478.24463736336946
  ],
  [
   475.00535973244206,
   306.292577969761
  ],
  [
   387.5313769448203,
   365.06352409392764
  ],
  [
   48.90852206002519,
   502.9499132299042
  ],
  [
   953.0914779399748,
   482.12247163158014
  ],
  [
   127.02482010533471,
   121.35922071070848
  ],
  [
   621.0191092107401,
   843.4259860662289
  ],
  [
   756.6578589521514,
   770.3718646248883
  ],
  [
   527.2788086988917,
   810.8828316591283
  ],
  [
   953.0914779399748,
   364.97628188503023
  ],
  [
   829.998190117106,
   834.0098969496346
  ],
  [
   456.6817748196693,
   639.0843350933626
  ],
  [
   319.2812205120179,
   797.9127193408833
  ],
  [
   953.0914779399748,
   173.88839709111372
  ],
  [
   48.90852206002519,
   953.0914779399748
  ],
  [
   48.90852206002519,
   716.7665295231086
  ],
  [
   285.3463513667112,
   595.2132717760225
  ],
  [
   412.58420541026936,
   824.9896081311124
  ],
  [
   860.057452854859,
   513.5547323673928
  ],
  [
   953.0914779399748,
   674.696000759944
  ],
  [
   559.2326626755472,
   924.9783813420768
  ],
  [
   118.82929777352444,
   784.5930273598957
  ],
  [
   194.53275785494182,
   953.0914779399748
  ],
  [
   286.8811164957718,
   901.9696179362237
  ],
  [
   406.3863800617873,
   487.47331314609147
  ],
  [
   953.0914779399748,
   578.8652036026068
  ],
  [
   221.72260476544287,
   688.7174534198144
  ],
  [
   926.2084146820306,
   766.7752375201962
  ],
  [
   867.3945778532146,
   410.6680206333953
  ],
  [
   921.4360114037133,
   862.6545495946082
  ],
  [
   223.46380920284653,
   797.6585181761906
  ],
  [
   48.90852206002519,
   346.60792269237095
  ]
 ]
}