{
 "Object_Radius": 46.06588659617807,
 "Object_Shape": "disc",
 "Workspace_Density": 0.4,
 "Workspace_Height": 1000,
 "Workspace_Width": 1000,
 "number_of_objects": 60,
 "point_list": [
  [
   473.6131824758107,
   750.8908137810928
  ],
  [
   525.4850358521101,
   599.0194313145362
  ],
  [
   171.70618324794455,
   697.7215188676835
  ],
  [
   413.25831789785263,
   837.0718169247878
  ],
  [
   787.8989420759106,
   802.8067013854607
  ],
  [
   389.3952624566073,
   139.39258334651817
  ],
  [
   611.3496087356647,
   953.0914779399748
  ],
  [
   596.0731883680959,
   84.16731621757864
  ],
  [
   326.0100868448798,
   876.678006889804
  ],
  [
   277.7844517874073,
   709.2076810122954
  ],
  [
   168.267699377661,
   437.42747815518425
  ],
  [
   804.4261411950474,
   910.8434675946911
  ],
  [
   91.38150377482668,
   898.7816133942987
  ],
  [
   175.43809846658084,
   560.3987725468868
  ],
  [
   853.90067017912,
   246.6913056581091
  ],
  [
   346.57959156492814,
   321.59426522461814
  ],
  [
   48.90852206002519,
   306.87657440686337
  ],
  [
   347.649803159305,
   48.90852206002519
  ],
  [
   48.90852206002519,
   619.9923695775905
  ],
  [
   48.90852206002519,
   48.90852206002519
  ],
  [
   171.81383933753315,
   953.0914779399748
  ],
  [
   535.688353513696,
   446.5873687873728
  ],
  [
   890.6961625534435,
   92.1390293654195
  ],
  [
   254.54640490720354,
   615.1999302618796
  ],
  [
   259.6642303126831,
   804.4490339407838
  ],
  [
   554.2903988055841,
   332.997839854897
  ],
  [
   399.5465280394575,
   665.5131780238527
  ],
  [
   362.01496126932926,
   754.9281671096998
  ],
  [
   685.5155054292117,
   48.90852206002519
  ],
  [
   48.90852206002519,
   715.8230270455753
  ],
  [
   626.7579912828477,
   839.600800984198
  ],
  [
   332.85900941159514,
   554.0925637072191
  ],
  [
   734.9584890944275,
   358.18278800955943
  ],
  [
   521.2722078087979,
   856.0995253510874
  ],
  [
   495.6003499607526,
   953.0914779399748
  ],
  [
   244.46873817125825,
   224.20287070364745
  ],
  [
   164.90668185568643,
   826.4517961297576
  ],
  [
   479.2062380983558,
   264.2550964484158
  ],
  [
   392.83188284955895,
   471.32320862633765
  ],
  [
   48.90852206002519,
   170.83856655362663
  ],
  [
   658.0543516125105,
   274.16001248596956
  ],
  [
   551.6105838852328,
   199.21837111159815
  ],
  [
   890.835828494241,
   366.0931645853922
  ],
  [
   881.0812569634215,
   465.10490555653746
  ],
  [
   759.4115721366818,
   462.76771195004306
  ],
  [
   48.90852206002519,
   428.2668266605174
  ],
  [
   212.66842283466676,
   343.98009978101214
  ],
  [
   268.19949718814735,
   953.0914779399748
  ],
  [
   702.7488480748002,
   151.90942604361211
  ],
  [
   685.8936354686834,
   763.0741627821845
  ],
  [
   48.90852206002519,
   812.1417787679566
  ],
  [
   799.4606824275236,
   48.90852206002519
  ],
  [
   450.24143119968744,
   382.69647645839484
  ],
  [
   759.7956653661037,
   265.62166382460674
  ],
  [
   717.9423666350203,
   953.0914779399748
  ],
  [
   386.39912419429226,
   953.0914779399748
  ],
  [
   248.07753094830633,
   48.90852206002519
  ],
  [
   48.90852206002519,
   524.1543085797309
  ],
  [
   343.2638319599769,
   224.58200335346746
  ],
  [
   149.13034261707713,
   48.90852206002519
  ]
 ]
}