{
 "Object_Radius": 46.06588659617807,
 "Object_Shape": "disc",
 "Workspace_Density": 0.4,
 "Workspace_Height": 1000,
 "Workspace_Width": 1000,
 "number_of_objects": 60,
 "point_list": [
  [
   953.0914779399748,
   73.31637614367511
  ],
  [
   133.55924828717298,
   531.2235363868906
  ],
  [
   708.3928069310707,
   416.93037205491925
  ],
  [
   683.2240926624996,
   310.40372641923705
  ],
  [
   297.39305330380574,
   561.6110034554492
  ],
  [
   601.9711131142516,
   640.1186300689801
  ],
  [
   953.0914779399748,
   339.32972208271553
  ],
  [
   932.2802001567154,
   770.3068630230866
  ],
  [
   344.2645661599057,
   907.3809468320885
  ],
  [
   547.0883369607544,
   241.9312364640592
  ],
  [
   628.5672413702742,
   953.0914779399748
  ],
  [
   525.27169297356,
   434.2117190501818
  ],
  [
   782.7991007614877,
   308.90665563585736
  ],
  [
   433.9326644852983,
   953.0914779399748
  ],
  [
   713.7940072750401,
   48.90852206002519
  ],
  [
   752.528465202769,
   771.5740334801566
  ],
  [
   644.4671976093199,
   197.1738419997938
  ],
  [
   561.4478743244308,
   759.4489781858832
  ],
  [
   745.5249188912267,
   506.476032349975
  ],
  [
   163.92855183282157,
   139.95716491275047
  ],
  [
   473.89047452227163,
   574.1910770951923
  ],
  [
   643.5094523815218,
   539.0361883025781
  ],
  [
   48.90852206002519,
   110.60867313320821
  ],
  [
   84.75775376020299,
   953.0914779399748
  ],
  [
   262.7188480615208,
   429.03803723627374
  ],
  [
   403.22327426125844,
   306.04286774308713
  ],
  [
   367.21498232527466,
   797.1787485680297
  ],
  [
   218.6195286340868,
   336.91582405612706
  ],
  [
   842.3432131318436,
   498.1219631534455
  ],
  [
   252.26516804142136,
   953.0914779399748
  ],
  [
   821.7475508341237,
   953.0914779399748
  ],
  [
   228.75844228192503,
   229.03737442764196
  ],
  [
   331.5708643632159,
   707.4613743864227
  ],
  [
   796.8847520729905,
   120.8186857561089
  ],
  [
   953.0914779399748,
   863.8414845877282
  ],
  [
   842.1701744682266,
   737.7322093422036
  ],
  [
   382.6755288541925,
   614.9065498097133
  ],
  [
   740.956358986292,
   220.03337660575588
  ],
  [
   855.5243855665871,
   393.1918545520189
  ],
  [
   327.039620237367,
   236.64426062539584
  ],
  [
   507.0768636518499,
   48.90852206002519
  ],
  [
   738.491120518023,
   666.7885012520502
  ],
  [
   532.5514000665362,
   953.0914779399748
  ],
  [
   48.90852206002519,
   211.56787043864804
  ],
  [
   427.2314861279721,
   123.92222425566158
  ],
  [
   866.1784039758716,
   246.97930834704783
  ],
  [
   953.0914779399748,
   441.52264042794064
  ],
  [
   918.1510669240657,
   953.0914779399748
  ],
  [
   109.82313817524016,
   635.1142672298738
  ],
  [
   914.8374612194401,
   636.2649721096329
  ],
  [
   953.0914779399748,
   194.3601677910897
  ],
  [
   233.20349389354342,
   664.6910544780295
  ],
  [
   87.79974428651519,
   419.9546074737566
  ],
  [
   553.8701455465902,
   142.00832135855637
  ],
  [
   953.0914779399748,
   542.2673133097679
  ],
  [
   284.48521026344685,
   148.82065724335118
  ],
  [
   647.7896381566094,
   833.6735280409933
  ],
  [
   413.3535551048333,
   425.2879314644772
  ],
  [
   133.6915282573222,
   48.90852206002519
  ],
  [
   724.6339220994998,
   953.0914779399748
  ]
 ]
}