{
 "Object_Radius": 46.06588659617807,
 "Object_Shape": "disc",
 "Workspace_Density": 0.4,
 "Workspace_Height": 1000,
 "Workspace_Width": 1000,
 "number_of_objects": 60,
 "point_list": [
  [
   221.50763254630962,
   527.1552410930896
  ],
  [
   306.6798589236174,
   155.4676977340051
  ],
  [
   711.4570318598653,
   953.0914779399748
  ],
  [
   953.0914779399748,
   685.1447103526896
  ],
  [
   842.425768684632,
   48.90852206002519
  ],
  [
   603.8798210160455,
   433.5745305051949
  ],
  [
   503.73551934680563,
   801.0345691245484
  ],
  [
   798.2199498571678,
   569.845863065725
  ],
  [
   400.8617319138417,
   132.5471849446451
  ],
  [
   870.6517123970615,
   475.5808828082651
  ],
  [
   132.1221868697994,
   561.8544743586007
  ],
  [
   343.8748348368448,
   867.291088143198
  ],
  [
   48.90852206002519,
   208.7087784991395
  ],
  [
   578.4665486278037,
   914.1480260693115
  ],
  [
   728.6117350265854,
   780.9403806897777
  ],
  [
   48.90852206002519,
   405.20856755169905
  ],
  [
   438.2082922587339,
   242.13530305086326
  ],
  [
   510.14888424954154,
   164.89648534853387
  ],
  [
   249.26217686710882,
   77.69693471366394
  ],
  [
   331.5230999952405,
   280.56804984435377
  ],
  [
   389.737183535838,
   360.18558408689466
  ],
  [
   481.09836938586204,
   415.9179813469754
  ],
  [
   137.60518784912063,
   456.51379674835454
  ],
  [
   348.043088767376,
   48.90852206002519
  ],
  [
   522.8687853572688,
   586.5476296369818
  ],
  [
   48.90852206002519,
   881.3293020720297
  ],
  [
   953.0914779399748,
   781.9755693416615
  ],
  [
   760.3027890671649,
   429.51986444293664
  ],
  [
   290.2819209596886,
   953.0914779399748
  ],
  [
   590.1575359494932,
   221.28450920996661
  ],
  [
   201.49061687262954,
   893.2758639939664
  ],
  [
   893.7349455115668,
   953.0914779399748
  ],
  [
   953.0914779399748,
   420.19540088434695
  ],
  [
   239.17450992420578,
   239.00493056734402
  ],
  [
   779.5203545920904,
   206.28783265780123
  ],
  [
   48.90852206002519,
   512.9700010586978
  ],
  [
   483.99634169564746,
   953.0914779399748
  ],
  [
   194.76196404973302,
   338.1203419749566
  ],
  [
   289.03664440575085,
   384.52192154573487
  ],
  [
   332.62840242601754,
   674.0769518564881
  ],
  [
   411.73426452708526,
   491.47741761231805
  ],
  [
   953.0914779399748,
   542.3672438139964
  ],
  [
   48.90852206002519,
   781.4760497134558
  ],
  [
   48.90852206002519,
   307.6257579491656
  ],
  [
   648.6440788599854,
   845.3468893895381
  ],
  [
   246.24110973121915,
   732.1275007107347
  ],
  [
   809.489409904385,
   870.7612907064903
  ],
  [
   885.2186002590205,
   609.999916536455
  ],
  [
   864.1896909132741,
   158.35476456651313
  ],
  [
   305.6720931031538,
   479.98320884424504
  ],
  [
   603.0385280123619,
   646.5630506338213
  ],
  [
   953.0914779399748,
   877.8522927360945
  ],
  [
   697.9592245589164,
   688.2820287029057
  ],
  [
   531.9577709589214,
   297.4692808987914
  ],
  [
   142.90261681194403,
   657.4241218896237
  ],
  [
   48.90852206002519,
   681.6065914807808
  ],
  [
   488.43429707090684,
   48.90852206002519
  ],
  [
   636.0708273588974,
   523.8434701841883
  ],
  [
   953.0914779399748,
   265.88893997594863
  ],
  [
   146.51183873521134,
   79.49462879161761
  ]
 ]
}