{
 "Object_Radius": 46.06588659617807,
 "Object_Shape": "disc",
 "Workspace_Density": 0.4,
 "Workspace_Height": 1000,
 "Workspace_Width": 1000,
 "number_of_objects": 60,
 "point_list": [
  [
   953.0914779399748,
   626.2751605986947
  ],
  [
   697.5101614598718,
   437.3502878815051
  ],
  [
   48.90852206002519,
   48.90852206002519
  ],
  [
   318.75248557155663,
   277.1064766784852
  ],
  [
   48.90852206002519,
   361.7387192966809
  ],
  [
   281.052366506577,
   953.0914779399748
  ],
  [
   99.6051486045223,
   272.2077829613202
  ],
  [
   237.08527391035426,
   430.22949214253373
  ],
  [
   158.99378084672426,
   797.9777913733825
  ],
  [
   953.0914779399748,
   436.7780222528813
  ],
  [
   417.75711845198106,
   276.0163027390089
  ],
  [
   773.081415901314,
   875.4028888953769
  ],
  [
   398.56135691698097,
   761.8456435522603
  ],
  [
   302.7429288784577,
   699.4987052116402
  ],
  [
   491.59869021827154,
   166.80863161522535
  ],
  [
   910.8976524617159,
   326.95821639449935
  ],
  [
   953.0914779399748,
   953.0914779399748
  ],
  [
   525.4648517349594,
   258.6517517250026
  ],
  [
   701.2869846150118,
   587.3024252358218
  ],
  [
   48.90852206002519,
   953.0914779399748
  ],
  [
   887.5963127216819,
   552.1546434619714
  ],
  [
   819.6883654719915,
   283.95960909969443
  ],
  [
   874.0167354735155,
   706.7937732675211
  ],
  [
   797.8138865855407,
   153.5884591948846
  ],
  [
   354.08758587729307,
   608.5532052136384
  ],
  [
   145.64095610772472,
   477.2416538859168
  ],
  [
   903.1167434626194,
   860.1101017033085
  ],
  [
   187.741054145458,
   897.2603868719925
  ],
  [
   607.7592460953489,
   184.24482903599431
  ],
  [
   541.43325703154,
   953.0914779399748
  ],
  [
   48.90852206002519,
   469.7124773842004
  ],
  [
   655.1515762141061,
   790.2828824825904
  ],
  [
   690.765590218255,
   241.01849285048306
  ],
  [
   564.2379770814111,
   87.98373295704565
  ],
  [
   533.9567659149252,
   764.4091266123038
  ],
  [
   886.8232601249008,
   118.11421087979528
  ],
  [
   822.2693092465056,
   394.0052150450905
  ],
  [
   49.6437762903421,
   159.4656329733297
  ],
  [
   546.3247430900919,
   353.7485731391426
  ],
  [
   888.148850547995,
   214.25462404133663
  ],
  [
   384.3864425316577,
   858.4815907572961
  ],
  [
   77.455141522624,
   594.8100197430196
  ],
  [
   207.83817342567644,
   567.7392029134021
  ],
  [
   735.8124763775078,
   334.18370270509166
  ],
  [
   702.1470106252879,
   139.86260667464435
  ],
  [
   586.0378712747113,
   668.9939865325756
  ],
  [
   806.0906047017809,
   497.88666791091845
  ],
  [
   829.1651694519851,
   953.0914779399748
  ],
  [
   953.0914779399748,
   48.90852206002519
  ],
  [
   670.0703196622782,
   48.90852206002519
  ],
  [
   168.210221319276,
   48.90852206002519
  ],
  [
   566.4474617747256,
   553.9490390185988
  ],
  [
   404.80206486583137,
   953.0914779399748
  ],
  [
   271.82337209836925,
   65.29986910507668
  ],
  [
   223.39284568988242,
   313.795097282076
  ],
  [
   48.90852206002519,
   856.1950234918961
  ],
  [
   780.3140543598191,
   48.90852206002519
  ],
  [
   642.2632432740108,
   354.98437583250825
  ],
  [
   175.4546944380636,
   678.9932247827911
  ],
  [
   313.8030174960611,
   177.832148348538
  ]
 ]
}