{
 "Object_Radius": 46.06588659617807,
 "Object_Shape": "disc",
 "Workspace_Density": 0.4,
 "Workspace_Height": 1000,
 "Workspace_Width": 1000,
 "number_of_objects": 60,
 "point_list": [
  [
   143.45035081802038,
   238.25822185880557
  ],
  [
   953.0914779399748,
   349.4084668620916
  ],
  [
   48.90852206002519,
   54.00401886379577
  ],
  [
   459.1189806900313,
   375.0669428588628
  ],
  [
   327.9810929717825,
   778.3487587442286
  ],
  [
   769.6732555711118,
   467.5275406528761
  ],
  [
   378.72292120405444,
   531.1113371859268
  ],
  [
   568.4260566816837,
   714.0886391784783
  ],
  [
   864.8247080953184,
   412.13038346643043
  ],
  [
   574.3821886423627,
   371.12472602624104
  ],
  [
   545.0416605453244,
   864.7813747601651
  ],
  [
   445.44735240933693,
   767.0540328067018
  ],
  [
   953.0914779399748,
   953.0914779399748
  ],
  [
   853.899017823232,
   953.0914779399748
  ],
  [
   845.0189481812588,
   140.71197014506208
  ],
  [
   634.3977470839038,
   144.66276057226685
  ],
  [
   48.90852206002519,
   821.8806636819866
  ],
  [
   316.1917029166805,
   362.5074204023183
  ],
  [
   727.5532819244564,
   915.3379201414731
  ],
  [
   77.01112030931924,
   148.30280407750587
  ],
  [
   203.07097497452415,
   138.33689762740505
  ],
  [
   953.0914779399748,
   449.4114973344817
  ],
  [
   302.1365298494663,
   601.0999096172523
  ],
  [
   470.6816247233386,
   158.09059847073283
  ],
  [
   953.0914779399748,
   48.90852206002519
  ],
  [
   233.67317342796355,
   795.5490146637283
  ],
  [
   953.0914779399748,
   643.3021765646808
  ],
  [
   302.9898529563883,
   126.06186974585611
  ],
  [
   818.5719035455404,
   328.079729950555
  ],
  [
   859.9607542256232,
   683.5472780677104
  ],
  [
   48.90852206002519,
   953.0914779399748
  ],
  [
   857.7870902470584,
   833.6851967990051
  ],
  [
   463.1147218270274,
   921.0927867464195
  ],
  [
   569.2540675433484,
   219.26992101770736
  ],
  [
   170.73727396267336,
   648.9852774890103
  ],
  [
   953.0914779399748,
   741.6769080053708
  ],
  [
   242.3611107854657,
   953.0914779399748
  ],
  [
   721.4186886508572,
   101.20237441488965
  ],
  [
   606.4509844733434,
   48.90852206002519
  ],
  [
   467.26344805799425,
   671.8774839092704
  ],
  [
   630.568349097546,
   953.0914779399748
  ],
  [
   792.6798595469527,
   596.5504860073742
  ],
  [
   953.0914779399748,
   845.7220476467085
  ],
  [
   144.9783101310065,
   953.0914779399748
  ],
  [
   696.2638373981949,
   399.9694801685383
  ],
  [
   48.90852206002519,
   395.95057664236776
  ],
  [
   275.3165752852772,
   489.48759298057513
  ],
  [
   739.4098847411128,
   815.228857971755
  ],
  [
   863.3335971228719,
   240.89404692356194
  ],
  [
   128.86705211870276,
   334.42490525041205
  ],
  [
   692.0003063991105,
   293.46989335505396
  ],
  [
   138.14792644247908,
   786.9153508342977
  ],
  [
   765.1255496691776,
   700.2645781300645
  ],
  [
   178.0420272278678,
   493.5305480871519
  ],
  [
   363.17807689974285,
   953.0914779399748
  ],
  [
   255.20148537094107,
   702.126945039855
  ],
  [
   953.0914779399748,
   547.4625565434186
  ],
  [
   388.13911227755614,
   854.3296837096764
  ],
  [
   953.0914779399748,
   167.13242364636886
  ],
  [
   635.621505281545,
   811.0522732612693
  ]
 ]
}