{
 "Object_Radius": 46.06588659617807,
 "Object_Shape": "disc",
 "Workspace_Density": 0.4,
 "Workspace_Height": 1000,
 "Workspace_Width": 1000,
 "number_of_objects": 60,
 "point_list": [
  [
   582.32568144201,
   48.90852206002519
  ],
  [
   953.0914779399748,
   228.38420739985804
  ],
  [
   900.8618117516372,
   953.0914779399748
  ],
  [
   798.2766520369028,
   953.0914779399748
  ],
  [
   797.1791711662927,
   368.34542664246703
  ],
  [
   711.5922540614608,
   912.2499336009685
  ],
  [
   221.7348340523524,
   758.791334864142
  ],
  [
   333.59546101391487,
   939.8595820100686
  ],
  [
   240.54262216350273,
   48.90852206002519
  ],
  [
   548.3813315849371,
   842.4278409772043
  ],
  [
   336.45117087851617,
   48.90852206002519
  ],
  [
   134.3012454544899,
   799.468249833307
  ],
  [
   748.2689687479105,
   779.4114140773224
  ],
  [
   414.2467309548431,
   230.4237413355472
  ],
  [
   823.3816209776597,
   66.99924037059209
  ],
  [
   154.29700038257317,
   347.49416691487545
  ],
  [
   598.4386081484183,
   687.4336310120425
  ],
  [
   953.0914779399748,
   48.90852206002519
  ],
  [
   258.88219021827655,
   860.6126597067583
  ],
  [
   953.0914779399748,
   331.6762155906628
  ],
  [
   148.5603973986401,
   685.1849384868964
  ],
  [
   736.2459670114747,
   509.0269623682931
  ],
  [
   663.615319339141,
   125.08013271765381
  ],
  [
   685.2979948521305,
   416.30495887141944
  ],
  [
   953.0914779399748,
   856.3477370727843
  ],
  [
   848.9796348206258,
   761.4235014278964
  ],
  [
   321.6179404041427,
   781.4699814930432
  ],
  [
   846.0808968874272,
   225.36696218078117
  ],
  [
   135.6072753099915,
   895.3467626838865
  ],
  [
   539.1197390161185,
   360.3196012328331
  ],
  [
   48.90852206002519,
   730.7061027873792
  ],
  [
   624.7669249059498,
   953.0914779399748
  ],
  [
   343.423047267234,
   365.99215233584357
  ],
  [
   653.2057945926936,
   814.1874082113156
  ],
  [
   377.3842892955414,
   672.2084247680442
  ],
  [
   935.8434791239806,
   440.02036651572917
  ],
  [
   953.0914779399748,
   636.8223550110448
  ],
  [
   435.800575680028,
   340.47579501712806
  ],
  [
   48.90852206002519,
   439.90762177953906
  ],
  [
   724.7891910765704,
   48.90852206002519
  ],
  [
   144.72556907098934,
   48.90852206002519
  ],
  [
   903.070077969427,
   133.97084940514495
  ],
  [
   245.23393798055545,
   396.6481259259251
  ],
  [
   48.90852206002519,
   48.90852206002519
  ],
  [
   432.74949328100143,
   48.90852206002519
  ],
  [
   767.3416410477585,
   150.85486063456403
  ],
  [
   871.9459215443043,
   578.5324493175185
  ],
  [
   403.046772992246,
   852.4862675045973
  ],
  [
   692.5999943623116,
   225.6790192810426
  ],
  [
   438.7468978167476,
   455.11619468708136
  ],
  [
   281.1187070636594,
   487.7505308373432
  ],
  [
   490.23380035318274,
   650.6807806821572
  ],
  [
   570.3881439276869,
   469.9284195063674
  ],
  [
   219.95843324865493,
   953.0914779399748
  ],
  [
   839.8090405963492,
   473.7194711989398
  ],
  [
   751.9289497906865,
   612.1270123036096
  ],
  [
   568.9764977418014,
   154.06506672925698
  ],
  [
   48.90852206002519,
   842.9308738563195
  ],
  [
   330.05053992032055,
   145.13338788658427
  ],
  [
   630.7793125115205,
   323.6572505742998
  ]
 ]
}