{
 "Object_Radius": 34.0219119864505,
 "Object_Shape": "disc",
 "Workspace_Density": 0.4,
 "Workspace_Height": 1000,
 "Workspace_Width": 1000,
 "number_of_objects": 110,
 "point_list": [
  [
   352.09942137651694,
   244.1557151349025
  ],
  [
   233.11552805105924,
   38.424103185095554
  ],
  [
   500.17327549775433,
   550.8613968607892
  ],
  [
   747.0050498676678,
   375.2188724140527
  ],
  [
   773.09161326159,
   538.0299440597432
  ],
  [
   963.5758968149045,
   533.0095926370971
  ],
  [
   367.46791341892515,
   735.8131115067613
  ],
  [
   592.8982063762936,
   416.31219851009826
  ],
  [
   672.1989311567687,
   785.2592532086031
  ],
  [
   415.1886087057423,
   358.7464317756987
  ],
  [
   206.0128755340187,
   333.21687250593726
  ],
  [
   113.272704302517,
   963.5758968149045
  ],
  [
   693.9257499674303,
   864.5187748813913
  ],
  [
   749.2767586024271,
   917.7355386220615
  ],
  [
   917.5412115057004,
   468.3716674237419
  ],
  [
   413.022895805722,
   963.5758968149045
  ],
  [
   118.92209003889683,
   578.4066715776527
  ],
  [
   338.1359770219929,
   963.5758968149045
  ],
  [
   361.4612110293345,
   99.21222937657346
  ],
  [
   891.9119814911628,
   181.11015087496665
  ],
  [
   694.8231517584319,
   708.8297907800852
  ],
  [
   468.89769354966194,
   111.38233711439659
  ],
  [
   846.4140210606329,
   38.424103185095554
  ],
  [
   683.1255346733745,
   510.8763690930236
  ],
  [
   38.424103185095554,
   127.58435129056784
  ],
  [
   963.5758968149045,
   408.38032360154523
  ],
  [
   496.31793064507076,
   183.5055937415715
  ],
  [
   415.85436198054384,
   38.424103185095554
  ],
  [
   763.0118489855348,
   799.8494376117169
  ],
  [
   174.98549297447428,
   237.65637032560423
  ],
  [
   269.03209334512917,
   260.0788890056055
  ],
  [
   130.40599500488315,
   162.62893746610496
  ],
  [
   757.5361894886144,
   223.40103774618726
  ],
  [
   695.505616248175,
   181.1881829128979
  ],
  [
   188.1209169366182,
   963.5758968149045
  ],
  [
   574.460858897791,
   506.55055825345124
  ],
  [
   38.424103185095554,
   963.5758968149045
  ],
  [
   656.062995712263,
   312.5495830412019
  ],
  [
   757.6286304481329,
   464.7964134839993
  ],
  [
   249.79763025711617,
   656.8895876013084
  ],
  [
   821.8837457469472,
   375.41327909250253
  ],
  [
   38.424103185095554,
   735.7499790047585
  ],
  [
   722.2298436962617,
   38.424103185095554
  ],
  [
   897.1734756054384,
   372.51247693961403
  ],
  [
   188.89699297007277,
   100.56508052169272
  ],
  [
   963.5758968149045,
   850.5943033605896
  ],
  [
   806.7871282381792,
   156.20893627938656
  ],
  [
   883.7268748437457,
   729.4878246353172
  ],
  [
   963.5758968149045,
   154.86604349026905
  ],
  [
   536.1999717460601,
   826.4098295669517
  ],
  [
   117.15320764174957,
   865.2861434374536
  ],
  [
   785.4137588594211,
   82.89663031532639
  ],
  [
   895.9453672891462,
   812.6101734572
  ],
  [
   408.8977027421189,
   575.0108367013759
  ],
  [
   646.3405915882469,
   38.424103185095554
  ],
  [
   582.1330184017518,
   325.4990836591495
  ],
  [
   837.6379432164199,
   449.8253764022169
  ],
  [
   495.040387924063,
   38.424103185095554
  ],
  [
   240.73388788133406,
   162.44895845004348
  ],
  [
   885.3545040311853,
   543.3544680011682
  ],
  [
   670.6630337490387,
   401.74589074683274
  ],
  [
   56.10323372010024,
   205.23682478054573
  ],
  [
   834.340490834865,
   604.2858163560855
  ],
  [
   963.5758968149045,
   244.36458031960288
  ],
  [
   517.0152253956438,
   288.59286689924835
  ],
  [
   89.60525267398981,
   793.3211879530016
  ],
  [
   38.424103185095554,
   366.2568913530567
  ],
  [
   615.4416367983313,
   963.5758968149045
  ],
  [
   281.089028586908,
   729.8919009816098
  ],
  [
   436.16973256463115,
   257.9071553997148
  ],
  [
   808.9834981726948,
   963.5758968149045
  ],
  [
   535.828651623137,
   737.7080964838179
  ],
  [
   892.8702695691744,
   277.17408175102906
  ],
  [
   748.7139569509442,
   642.3799171160302
  ],
  [
   963.5758968149045,
   733.1823813338086
  ],
  [
   315.1321318211646,
   512.5684909342666
  ],
  [
   884.1301168401715,
   104.97633060222874
  ],
  [
   637.9011811285258,
   231.19538843404058
  ],
  [
   263.28777015382514,
   963.5758968149045
  ],
  [
   963.5758968149045,
   963.5758968149045
  ],
  [
   963.5758968149045,
   79.9957967504316
  ],
  [
   316.2863374733736,
   38.424103185095554
  ],
  [
   686.4132711176651,
   105.14657968818605
  ],
  [
   572.2928357839075,
   661.6574002710888
  ],
  [
   444.43430834286704,
   466.1719165970605
  ],
  [
   306.4121240991353,
   330.2338747887686
  ],
  [
   594.1668402129242,
   132.59220148635092
  ],
  [
   803.0864208793352,
   696.3314462177747
  ],
  [
   418.6817980436052,
   790.498670539914
  ],
  [
   145.14013796417115,
   38.424103185095554
  ],
  [
   149.0123775479912,
   729.8203190212782
  ],
  [
   105.74942613114676,
   410.7376796228581
  ],
  [
   804.4648632377838,
   301.19523519782473
  ],
  [
   411.2095917922367,
   181.3742315057841
  ],
  [
   464.9286649730931,
   849.3503556978603
  ],
  [
   45.350081091202185,
   282.25272145419603
  ],
  [
   519.9137252399042,
   448.66442396314966
  ],
  [
   885.7266018839701,
   963.5758968149045
  ],
  [
   62.393055612366645,
   628.582695440944
  ],
  [
   729.3022015330879,
   294.9047480884268
  ],
  [
   476.20477086614574,
   923.384836432565
  ],
  [
   38.424103185095554,
   545.4038558127993
  ],
  [
   832.2973247965085,
   227.8334671861173
  ],
  [
   570.3888731381649,
   38.424103185095554
  ],
  [
   470.80143416040306,
   676.5771688276351
  ],
  [
   62.52000576217838,
   38.424103185095554
  ],
  [
   539.3724001428732,
   963.5758968149045
  ],
  [
   392.29430975270304,
   654.7011090410865
  ],
  [
   199.5458975576776,
   595.4895397699321
  ],
  [
   38.424103185095554,
   886.4256565912116
  ]
 ]
}