{
 "Object_Radius": 34.0219119864505,
 "Object_Shape": "disc",
 "Workspace_Density": 0.4,
 "Workspace_Height": 1000,
 "Workspace_Width": 1000,
 "number_of_objects": 110,
 "point_list": [
  [
   963.5758968149045,
   839.0198221035918
  ],
  [
   38.424103185095554,
   529.5915265091318
  ],
  [
   411.79646571597476,
   732.5575979782462
  ],
  [
   889.6415692249776,
   745.7379588294323
  ],
  [
   873.8801850672139,
   157.92271893667913
  ],
  [
   788.7683113293377,
   449.91713037110566
  ],
  [
   842.6076671810164,
   951.8969016946943
  ],
  [
   630.8468653507571,
   285.3883448264811
  ],
  [
   648.4682092809048,
   38.424103185095554
  ],
  [
   963.5758968149045,
   38.424103185095554
  ],
  [
   591.4796974380773,
   719.060494912488
  ],
  [
   61.34016685677549,
   963.5758968149045
  ],
  [
   963.5758968149045,
   378.21607354974304
  ],
  [
   704.0161368302676,
   466.9187509871132
  ],
  [
   272.57868062034015,
   226.22498830776937
  ],
  [
   523.1108751322737,
   633.2860873212832
  ],
  [
   641.4197815248699,
   956.5012870816025
  ],
  [
   913.7590505094536,
   309.4061711474996
  ],
  [
   439.80546885839766,
   809.4527163563006
  ],
  [
   417.81876360824685,
   628.4053895164064
  ],
  [
   490.8689050917687,
   398.01894209452195
  ],
  [
   801.5040021518518,
   291.78884590274725
  ],
  [
   436.0872364739935,
   110.08327662714724
  ],
  [
   597.5442131053857,
   795.6218013395041
  ],
  [
   336.6104227613643,
   284.03006315038147
  ],
  [
   705.5088103140603,
   390.9200453640154
  ],
  [
   38.424103185095554,
   243.2511404219316
  ],
  [
   176.74158619456492,
   665.4240631256644
  ],
  [
   963.5758968149045,
   543.1132338738854
  ],
  [
   572.531351361572,
   38.424103185095554
  ],
  [
   891.5711324494722,
   895.2856605890445
  ],
  [
   416.84919769166095,
   299.5973033212304
  ],
  [
   893.3062429330515,
   412.3494492646698
  ],
  [
   194.15456457378826,
   496.63955172702146
  ],
  [
   406.012041508934,
   214.44504316834684
  ],
  [
   963.5758968149045,
   918.6203517813549
  ],
  [
   38.424103185095554,
   89.05888666800345
  ],
  [
   805.5187882478023,
   40.446538950729355
  ],
  [
   548.427174477236,
   933.1586404064283
  ],
  [
   52.66049916442813,
   817.4314828266988
  ],
  [
   124.35061533150204,
   217.5615222632513
  ],
  [
   848.0705576173316,
   228.74936512548453
  ],
  [
   364.7928227474002,
   150.70958533467058
  ],
  [
   432.472295739594,
   963.5758968149045
  ],
  [
   38.424103185095554,
   743.8682372182824
  ],
  [
   543.5724318690119,
   341.3318496400943
  ],
  [
   122.68721603719133,
   844.0449307447607
  ],
  [
   516.9176612797286,
   831.3434340457559
  ],
  [
   709.7388824688294,
   560.3398694996081
  ],
  [
   963.5758968149045,
   758.2276222010851
  ],
  [
   417.8247811975462,
   415.10803749060887
  ],
  [
   401.6650559267963,
   491.80729129881144
  ],
  [
   759.2001983866236,
   946.1703213843806
  ],
  [
   759.4393030718642,
   700.6864351420825
  ],
  [
   518.2185427549455,
   751.3226153466387
  ],
  [
   269.08479975350645,
   432.21885481889575
  ],
  [
   963.5758968149045,
   642.6907115505677
  ],
  [
   831.0278474392275,
   620.7560961076395
  ],
  [
   38.424103185095554,
   447.14648387551705
  ],
  [
   788.5704419423408,
   116.82778394138093
  ],
  [
   270.21611142917874,
   318.707407788063
  ],
  [
   113.9677843318197,
   751.6475000412872
  ],
  [
   268.0586045713871,
   885.4131334569109
  ],
  [
   38.424103185095554,
   649.2425748703143
  ],
  [
   706.1244001913866,
   236.16764445320223
  ],
  [
   493.7661476476981,
   171.85324694538028
  ],
  [
   563.5322290011825,
   416.1738374546296
  ],
  [
   626.7978876945143,
   368.75126408135435
  ],
  [
   383.06214278265446,
   41.07437589531548
  ],
  [
   268.2250853220809,
   789.3031020374299
  ],
  [
   313.9295285028984,
   706.5598414546632
  ],
  [
   124.85462043256578,
   918.9479746489269
  ],
  [
   118.93156422321178,
   348.43994227526144
  ],
  [
   963.5758968149045,
   124.00333293857315
  ],
  [
   343.81712529759625,
   426.63585103885305
  ],
  [
   38.424103185095554,
   891.3208701023707
  ],
  [
   774.4522441132503,
   361.7488401270512
  ],
  [
   834.111595079499,
   695.5514576929869
  ],
  [
   606.7593582166943,
   870.1743677549857
  ],
  [
   38.424103185095554,
   321.6651220815092
  ],
  [
   963.5758968149045,
   252.9229574264012
  ],
  [
   213.8928063159014,
   372.4540350919493
  ],
  [
   630.5611292960658,
   450.9676380649817
  ],
  [
   113.6633237166718,
   542.8968278655032
  ],
  [
   458.58448580086235,
   884.3527240795987
  ],
  [
   311.63438465597005,
   95.71152880348357
  ],
  [
   474.25257845120103,
   690.2962943697221
  ],
  [
   726.6923320150672,
   38.424103185095554
  ],
  [
   278.18193972618957,
   514.1025810567187
  ],
  [
   523.098465035522,
   553.7734299572281
  ],
  [
   713.2996787069677,
   883.3673843547241
  ],
  [
   597.6809913116822,
   642.8153903485082
  ],
  [
   593.6014850740931,
   517.5986686621476
  ],
  [
   701.4037512205099,
   313.1706605729314
  ],
  [
   261.8997802942617,
   38.424103185095554
  ],
  [
   553.2757448516603,
   266.62504476719596
  ],
  [
   785.1760705388318,
   561.5963933354894
  ],
  [
   265.98010999947417,
   963.5758968149045
  ],
  [
   344.4495131087459,
   878.8074499238298
  ],
  [
   800.395257489163,
   805.9279197741629
  ],
  [
   849.6949241099645,
   349.3646190469721
  ],
  [
   189.19272619795993,
   767.9854239932188
  ],
  [
   194.13747625786974,
   866.7631855882954
  ],
  [
   121.19525510438164,
   432.79341164022503
  ],
  [
   940.0947125751411,
   471.9339765533236
  ],
  [
   55.41052787821996,
   167.21089019867154
  ],
  [
   886.9604683097334,
   820.5446789619394
  ],
  [
   676.264641861553,
   634.0059684514389
  ],
  [
   188.29526704034205,
   963.5758968149045
  ],
  [
   184.96532447883445,
   578.3387968756153
  ]
 ]
}