{
 "Object_Radius": 34.0219119864505,
 "Object_Shape": "disc",
 "Workspace_Density": 0.4,
 "Workspace_Height": 1000,
 "Workspace_Width": 1000,
 "number_of_objects": 110,
 "point_list": [
  [
   572.5505436232496,
   602.7429422896251
  ],
  [
   766.6359115875003,
   201.4496127110711
  ],
  [
   38.424103185095554,
   283.5844670661841
  ],
  [
   373.18700775592265,
   835.8106594717301
  ],
  [
   107.90036092792666,
   405.5078716683223
  ],
  [
   228.3221434091769,
   529.9567932331195
  ],
  [
   635.6065780984146,
   963.5758968149045
  ],
  [
   445.1849231988453,
   407.9562362187519
  ],
  [
   383.9872548687398,
   685.4664268493948
  ],
  [
   110.2594504729196,
   226.04391503510647
  ],
  [
   156.115828820087,
   462.76586642787106
  ],
  [
   706.0835256118755,
   522.2583432336182
  ],
  [
   519.5075810961101,
   756.1718306667831
  ],
  [
   175.24768734694007,
   355.9553935422518
  ],
  [
   371.94022931969886,
   427.8171445852865
  ],
  [
   38.424103185095554,
   719.8365301494738
  ],
  [
   357.4492866025235,
   155.191337305285
  ],
  [
   163.01289033112,
   680.5042959156465
  ],
  [
   270.53615077985967,
   437.6147389211342
  ],
  [
   249.9271913932589,
   361.3888828460267
  ],
  [
   792.0406946231532,
   43.77092204319084
  ],
  [
   458.0160150072962,
   707.0063950958202
  ],
  [
   892.2267696227311,
   203.4224967285778
  ],
  [
   647.137933929502,
   653.204053673119
  ],
  [
   119.6817607840883,
   114.80413728844324
  ],
  [
   431.8285483162163,
   332.19458720255915
  ],
  [
   816.39550927866,
   451.3900429502037
  ],
  [
   38.424103185095554,
   360.2581511025756
  ],
  [
   508.6317602758353,
   302.0924154648374
  ],
  [
   168.89530014400438,
   829.2032307770213
  ],
  [
   696.8589730815195,
   143.42810574431053
  ],
  [
   85.88719454201375,
   38.424103185095554
  ],
  [
   235.59185884433964,
   660.1801864097199
  ],
  [
   888.5967411077012,
   471.46745768148634
  ],
  [
   680.9163769619333,
   426.37759622441126
  ],
  [
   324.9936450698958,
   346.39327984851116
  ],
  [
   907.0268208282806,
   327.6223330604004
  ],
  [
   522.7359040460396,
   493.2659992772223
  ],
  [
   38.424103185095554,
   642.1571113816403
  ],
  [
   167.50404929952387,
   38.424103185095554
  ],
  [
   666.1538583540311,
   250.84495047531743
  ],
  [
   198.21796865539957,
   963.5758968149045
  ],
  [
   588.3829246283594,
   374.13942928883495
  ],
  [
   933.9864481780294,
   401.4936455693233
  ],
  [
   517.2343454502917,
   831.241281514291
  ],
  [
   51.36532940455746,
   871.7389840874912
  ],
  [
   963.5758968149045,
   100.60733960758286
  ],
  [
   789.729750519494,
   963.5758968149045
  ],
  [
   528.4284007935311,
   668.631983742819
  ],
  [
   419.74739658136946,
   900.0794564650304
  ],
  [
   954.2276057808641,
   265.542374971753
  ],
  [
   963.5758968149045,
   752.8220506119296
  ],
  [
   435.930749192304,
   167.69482607671938
  ],
  [
   527.3886560532529,
   85.48571468576304
  ],
  [
   861.0667180229086,
   727.8960306997964
  ],
  [
   780.7620631693145,
   517.2168562588852
  ],
  [
   851.2266633809628,
   542.4648742208702
  ],
  [
   746.1870063952543,
   275.0748952476973
  ],
  [
   720.1875111835426,
   620.3648684389253
  ],
  [
   269.125865435899,
   592.7614005197453
  ],
  [
   710.6390429246272,
   66.9261970517277
  ],
  [
   151.2323296312345,
   902.949936334142
  ],
  [
   38.424103185095554,
   437.1187021376849
  ],
  [
   963.5758968149045,
   677.0217123300233
  ],
  [
   628.9720904711452,
   181.13337560690897
  ],
  [
   830.583878335131,
   160.5688153220484
  ],
  [
   166.5939430492677,
   174.26162500659018
  ],
  [
   278.0733450296684,
   147.85798115336863
  ],
  [
   686.7738931361608,
   904.3026628346904
  ],
  [
   963.5758968149045,
   601.9202000946823
  ],
  [
   143.87445280752578,
   592.7890282293724
  ],
  [
   655.3829664214169,
   578.6553908736056
  ],
  [
   963.5758968149045,
   470.8742483113363
  ],
  [
   438.1770378330286,
   787.1370174162759
  ],
  [
   38.424103185095554,
   204.87280172732733
  ],
  [
   855.1740934861715,
   268.7121679662219
  ],
  [
   805.6857011464876,
   327.4424474758493
  ],
  [
   644.8846926124822,
   324.34516549007293
  ],
  [
   296.7371702619772,
   703.6322337241799
  ],
  [
   171.30531057045917,
   279.92237290545046
  ],
  [
   520.6144573316669,
   407.4981133938176
  ],
  [
   583.0258082091059,
   448.8552561037415
  ],
  [
   344.4365734740589,
   963.5758968149045
  ],
  [
   797.5887531709151,
   599.5267170797039
  ],
  [
   226.8355392043714,
   227.15797376074104
  ],
  [
   857.217688824255,
   913.383974451005
  ],
  [
   603.7102672513342,
   738.4366156600033
  ],
  [
   38.424103185095554,
   516.1235704552311
  ],
  [
   963.5758968149045,
   963.5758968149045
  ],
  [
   723.8815123632717,
   832.8483876878869
  ],
  [
   963.5758968149045,
   175.49948016899074
  ],
  [
   857.7171321082249,
   384.55069584361615
  ],
  [
   356.92204049648353,
   759.3272635246987
  ],
  [
   107.27941149475556,
   324.59626831687666
  ],
  [
   926.4245700812806,
   536.5417240406271
  ],
  [
   928.3756355835455,
   873.3399199781509
  ],
  [
   204.21731869881523,
   108.91297153769963
  ],
  [
   754.3458620967191,
   409.4297534233709
  ],
  [
   633.4551928919792,
   504.1646659389039
  ],
  [
   38.424103185095554,
   795.4449850546895
  ],
  [
   768.4417017446395,
   117.72666023883463
  ],
  [
   785.1542313647019,
   883.6185102291278
  ],
  [
   441.1932408542233,
   489.32634414987774
  ],
  [
   630.4096731448215,
   814.6189840634513
  ],
  [
   582.4392217398951,
   283.0177016380414
  ],
  [
   716.9963848832427,
   344.53797277935934
  ],
  [
   38.424103185095554,
   123.44689412491
  ],
  [
   80.06030797969821,
   944.1469400775636
  ],
  [
   275.2447135000247,
   288.94912687400137
  ],
  [
   889.9704553492711,
   114.80717954481835
  ]
 ]
}