{
 "Object_Radius": 52.233805653081795,
 "Object_Shape": "disc",
 "Workspace_Density": 0.6,
 "Workspace_Height": 1000,
 "Workspace_Width": 1000,
 "number_of_objects": 70,
 "point_list": [
  [
   844.4097072570595,
   467.8873080260542
  ],
  [
   555.6482673884112,
   858.4334807952597
  ],
  [
   274.50244948097804,
   946.6768421015566
  ],
  [
   55.32315787920508,
   690.7513241210979
  ],
  [
   234.35717446747563,
   825.3650331265831
  ],
  [
   383.42367839895905,
   216.39676574034334
  ],
  [
   637.2833638418091,
   401.952676605222
  ],
  [
   142.14410149774724,
   763.7310597123213
  ],
  [
   55.32315787920508,
   356.15971051873237
  ],
  [
   506.9359372576886,
   539.055991452635
  ],
  [
   310.761402300759,
   617.7366037672382
  ],
  [
   946.6767948469626,
   735.1070623667443
  ],
  [
   574.5780395275108,
   751.4021368980269
  ],
  [
   55.32315787920508,
   837.083441116767
  ],
  [
   536.1564463470999,
   55.32315787920508
  ],
  [
   946.6768419107823,
   164.4701732460107
  ],
  [
   55.32315787920508,
   946.6484752297118
  ],
  [
   479.7140251153254,
   303.6493605355619
  ],
  [
   214.36908724926417,
   681.0564328963688
  ],
  [
   344.80324292964065,
   55.32315787920508
  ],
  [
   530.9696060308726,
   204.78154756248858
  ],
  [
   914.1074127591897,
   839.7061328374097
  ],
  [
   383.1542525908933,
   946.6768421186639
  ],
  [
   741.518518419106,
   109.78018855890288
  ],
  [
   946.6764050007035,
   536.0515317847837
  ],
  [
   236.10844943275856,
   55.32315787920508
  ],
  [
   867.6788253924086,
   240.96709540374349
  ],
  [
   519.3154212747586,
   657.617836855573
  ],
  [
   836.6838075564679,
   55.32315787920508
  ],
  [
   946.6768419107823,
   55.32315787920508
  ],
  [
   55.32315787920508,
   578.0473308013806
  ],
  [
   420.06227283285716,
   612.0045273781221
  ],
  [
   946.6759518442103,
   318.3869720266246
  ],
  [
   426.2625164331966,
   413.63445222841705
  ],
  [
   729.1524469659176,
   322.768083756144
  ],
  [
   55.32315787920508,
   242.0425860129966
  ],
  [
   235.64451395500924,
   222.630947169336
  ],
  [
   270.1616702001871,
   512.4876034925533
  ],
  [
   378.9487450924717,
   511.4374631826132
  ],
  [
   605.9796732555037,
   592.073924861907
  ],
  [
   761.2947937385011,
   217.71507973508815
  ],
  [
   55.32315787920508,
   466.24318811201533
  ],
  [
   533.2088485632191,
   433.4490488092301
  ],
  [
   666.311919677016,
   830.719269976129
  ],
  [
   607.5327738506686,
   296.7456885227316
  ],
  [
   422.5423401178981,
   720.7056434980128
  ],
  [
   836.419997655141,
   355.51726474136956
  ],
  [
   946.6768421175549,
   427.27671911295613
  ],
  [
   448.0671215752184,
   121.43738027987489
  ],
  [
   839.7523585792119,
   754.406282821889
  ],
  [
   619.1165428264379,
   946.6767140587062
  ],
  [
   645.5185811076625,
   58.80237489356263
  ],
  [
   450.9537661610361,
   825.5717450928581
  ],
  [
   946.6689774268804,
   946.6768421015566
  ],
  [
   808.7830127303146,
   570.6341015156385
  ],
  [
   656.8938361193751,
   181.41513448239337
  ],
  [
   310.64128348351875,
   732.9573031970608
  ],
  [
   728.4121811053757,
   946.6768420930084
  ],
  [
   661.1101380500523,
   685.6987477373611
  ],
  [
   739.295312510587,
   439.69814201951993
  ],
  [
   778.9068964333577,
   844.4191815152684
  ],
  [
   167.8267667570884,
   582.3257448656892
  ],
  [
   902.4000812801138,
   635.367804562233
  ],
  [
   769.0441527120428,
   671.9044459587766
  ],
  [
   165.2859289339676,
   946.6768420992532
  ],
  [
   491.803486217999,
   946.6768421198733
  ],
  [
   158.88079237966514,
   322.94433976723974
  ],
  [
   174.42587803699456,
   460.53163015646413
  ],
  [
   837.8876128912242,
   946.6768421015566
  ],
  [
   342.2479257631615,
   838.213270781723
  ]
 ]
}