{
 "Object_Radius": 52.233805653081795,
 "Object_Shape": "disc",
 "Workspace_Density": 0.6,
 "Workspace_Height": 1000,
 "Workspace_Width": 1000,
 "number_of_objects": 70,
 "point_list": [
  [
   946.6768421117613,
   836.623180402335
  ],
  [
   399.6860750160108,
   360.4901233725818
  ],
  [
   844.8316353765548,
   330.26792573100914
  ],
  [
   827.776022786064,
   836.6767458308534
  ],
  [
   946.6768421092427,
   506.1911334061563
  ],
  [
   472.89295623735256,
   689.8818631304005
  ],
  [
   946.6768415365135,
   727.9409273658732
  ],
  [
   727.0420975065275,
   769.0801650320501
  ],
  [
   489.8704388998118,
   428.8944559353916
  ],
  [
   659.9543608108276,
   55.32315787920508
  ],
  [
   945.8286736441605,
   616.9903670597884
  ],
  [
   282.76268047324373,
   167.65061164032673
  ],
  [
   169.351399005163,
   55.32315787920508
  ],
  [
   168.55384470886946,
   946.6764188351858
  ],
  [
   946.6504567659649,
   946.6674369821674
  ],
  [
   837.6762352465217,
   946.6746549553325
  ],
  [
   240.5434560345148,
   485.99805346297035
  ],
  [
   655.9004097034237,
   267.5684780051151
  ],
  [
   926.0125427445437,
   180.60490107848048
  ],
  [
   284.43913557701677,
   373.0745813594647
  ],
  [
   581.8569009814225,
   356.38857323536956
  ],
  [
   55.32315787920508,
   687.4333160338746
  ],
  [
   609.8913502707364,
   156.95804421504766
  ],
  [
   500.947601563965,
   162.92909052508045
  ],
  [
   283.73171043001645,
   587.7831755532832
  ],
  [
   366.74320032905456,
   844.4879330883045
  ],
  [
   730.0716841048636,
   144.55008347353882
  ],
  [
   946.6768419656769,
   396.2737584653196
  ],
  [
   223.5687578989373,
   693.2391728848518
  ],
  [
   480.0980684760343,
   826.8565463976054
  ],
  [
   339.5526747337974,
   261.17301861608485
  ],
  [
   510.80187601737947,
   273.7262103513995
  ],
  [
   169.434782515215,
   597.8607468340952
  ],
  [
   515.9470286461245,
   55.32315787920508
  ],
  [
   129.8446390974176,
   266.36210999220555
  ],
  [
   568.9757928130659,
   740.9445294145539
  ],
  [
   562.2546665195894,
   623.6851952391933
  ],
  [
   155.12795197593144,
   416.7338085806296
  ],
  [
   821.8429244058468,
   214.72842333504727
  ],
  [
   824.0142815597341,
   449.595930592411
  ],
  [
   512.3585873628142,
   935.0319826349539
  ],
  [
   300.2726313368667,
   55.32315787920508
  ],
  [
   946.6750519640945,
   287.42328891657394
  ],
  [
   393.1851055901957,
   481.8971193160553
  ],
  [
   55.32315787920508,
   468.79047440618916
  ],
  [
   481.44648843569036,
   549.8151298952856
  ],
  [
   848.9994359378518,
   556.1652248117963
  ],
  [
   835.1782524509713,
   726.2903502901177
  ],
  [
   55.32315787920508,
   798.782609864764
  ],
  [
   272.3778991224602,
   790.321532663189
  ],
  [
   404.3345425858167,
   946.6768421207514
  ],
  [
   55.32315787920508,
   578.7339201675611
  ],
  [
   659.1185830347177,
   680.1300794459855
  ],
  [
   55.32315787920508,
   921.7440271801095
  ],
  [
   55.32315787920508,
   347.69557629145123
  ],
  [
   591.7109750125344,
   517.1446632971703
  ],
  [
   389.90068162502075,
   618.9063364785301
  ],
  [
   170.71044672345823,
   164.47588774159053
  ],
  [
   946.67684211901,
   55.32315787920508
  ],
  [
   767.9247572402304,
   638.4481123469442
  ],
  [
   55.32315787920508,
   55.32315787920508
  ],
  [
   623.1595728754269,
   835.1185457883313
  ],
  [
   369.70022968671935,
   727.2991184350175
  ],
  [
   272.2215730849004,
   911.956685647658
  ],
  [
   729.0295605214752,
   946.6768421190812
  ],
  [
   662.4030855795413,
   431.6309172601595
  ],
  [
   620.3822623572534,
   946.6768421190488
  ],
  [
   55.32315787920508,
   171.22307936537143
  ],
  [
   163.67591859861582,
   790.620372198449
  ],
  [
   734.925947878665,
   350.721451806278
  ]
 ]
}