{
 "Object_Radius": 52.233805653081795,
 "Object_Shape": "disc",
 "Workspace_Density": 0.6,
 "Workspace_Height": 1000,
 "Workspace_Width": 1000,
 "number_of_objects": 70,
 "point_list": [
  [
   373.326070407313,
   831.1306992553257
  ],
  [
   385.2129982788142,
   946.6511654408054
  ],
  [
   738.3859999209719,
   186.2543206835789
  ],
  [
   55.32315787920508,
   480.88103332572587
  ],
  [
   458.08337733298384,
   755.0129263641275
  ],
  [
   494.7338526619412,
   428.7222367491328
  ],
  [
   167.65202528247298,
   262.5629855046993
  ],
  [
   946.5392312829198,
   946.575432607486
  ],
  [
   946.6768421168752,
   489.94717334966913
  ],
  [
   599.9840791862161,
   55.32315787920508
  ],
  [
   773.1495170788045,
   946.6768420323623
  ],
  [
   618.2564094502623,
   172.209252624806
  ],
  [
   827.7186010207615,
   55.32315787920508
  ],
  [
   634.5146895189287,
   577.7966285557551
  ],
  [
   495.2419797739525,
   635.7855058808808
  ],
  [
   693.4946545064378,
   725.0852594133036
  ],
  [
   528.3622803128155,
   532.0971857961026
  ],
  [
   766.9844614955543,
   806.5243367470234
  ],
  [
   728.9727163065236,
   515.6345379267732
  ],
  [
   853.5649521520813,
   873.3787164266924
  ],
  [
   216.80433734344643,
   573.0934881322654
  ],
  [
   832.9926402055872,
   550.368355131567
  ],
  [
   366.05551038050197,
   693.7080887015978
  ],
  [
   180.7123652439555,
   370.4826153776016
  ],
  [
   213.17474138908824,
   55.32315787920508
  ],
  [
   718.8053860753973,
   55.32315787920508
  ],
  [
   55.32315787920508,
   946.67684209487
  ],
  [
   165.45285633059297,
   946.6768277705307
  ],
  [
   359.37699556440543,
   442.73204798199
  ],
  [
   275.7010370952675,
   946.6768420210873
  ],
  [
   288.992519475091,
   359.85392572974297
  ],
  [
   830.1084262324628,
   255.18214307434604
  ],
  [
   603.5027488223326,
   285.2942557376378
  ],
  [
   827.8667213689631,
   378.0190081117765
  ],
  [
   491.1886113788493,
   55.32315787920508
  ],
  [
   663.8585154527706,
   946.6768420983582
  ],
  [
   816.3971257108752,
   707.2335267187651
  ],
  [
   422.9484916907965,
   144.78201198848032
  ],
  [
   612.1018591734116,
   462.84383178431585
  ],
  [
   946.6768420210873,
   55.32315787920508
  ],
  [
   419.4088304420146,
   533.586714487251
  ],
  [
   725.6642293694632,
   301.60319769085044
  ],
  [
   661.0633081650395,
   831.2053364929278
  ],
  [
   55.32315787920508,
   249.23526163812923
  ],
  [
   472.18588829454046,
   876.2034506290485
  ],
  [
   55.32315787920508,
   595.8534789095661
  ],
  [
   946.6768421168752,
   272.65442713025243
  ],
  [
   737.0285275685335,
   623.9817822169779
  ],
  [
   946.6723974980303,
   816.3399466818562
  ],
  [
   555.024128806075,
   805.8869111324392
  ],
  [
   166.16593130276934,
   153.6882164394147
  ],
  [
   946.6768421169352,
   164.00720197611915
  ],
  [
   300.79021911368477,
   140.42255301160986
  ],
  [
   259.41789512953494,
   714.558123416145
  ],
  [
   264.3872694676561,
   826.6791198754165
  ],
  [
   55.32315787920508,
   365.7931810436625
  ],
  [
   325.422602835774,
   591.300793732302
  ],
  [
   55.32315787920508,
   825.9666240187987
  ],
  [
   164.36674004952627,
   477.9320278892638
  ],
  [
   946.6768421089389,
   707.240135393934
  ],
  [
   554.9182203768279,
   946.6750259541811
  ],
  [
   946.6768421168752,
   381.30084441510814
  ],
  [
   582.5103538738657,
   700.7567283553801
  ],
  [
   946.6768420983582,
   598.5934991722241
  ],
  [
   167.68255690114387,
   775.9582685963056
  ],
  [
   55.32315787920508,
   130.79539484236892
  ],
  [
   706.8202178029371,
   409.27059376935813
  ],
  [
   55.32315787920508,
   714.5581633759225
  ],
  [
   279.8497836430865,
   249.34473497553643
  ],
  [
   161.65698902497988,
   666.7154628077084
  ]
 ]
}