{
 "Object_Radius": 52.233805653081795,
 "Object_Shape": "disc",
 "Workspace_Density": 0.6,
 "Workspace_Height": 1000,
 "Workspace_Width": 1000,
 "number_of_objects": 70,
 "point_list": [
  [
   558.6617866899334,
   198.93120336953842
  ],
  [
   723.1680665333962,
   946.6747670229008
  ],
  [
   583.4499681675596,
   55.32315787920508
  ],
  [
   55.32315787920508,
   620.7235311673919
  ],
  [
   617.4959957458382,
   492.8663724364092
  ],
  [
   873.5754352888357,
   254.1640467564295
  ],
  [
   55.32315787920508,
   838.030522713487
  ],
  [
   410.4524117026609,
   367.2666140995736
  ],
  [
   297.39835842112086,
   923.1981219677648
  ],
  [
   945.0692158134713,
   946.5804999190711
  ],
  [
   427.65954150202435,
   619.196161137045
  ],
  [
   385.99857140308444,
   830.2196265467634
  ],
  [
   55.32315787920508,
   403.42092114247004
  ],
  [
   302.7483410276732,
   162.61892502124434
  ],
  [
   716.5072740276271,
   55.32315787920508
  ],
  [
   437.1323202487591,
   727.5007867404895
  ],
  [
   548.7995148549732,
   722.0149953358555
  ],
  [
   55.32315787920508,
   55.32315787920508
  ],
  [
   946.6162767215391,
   55.32315787920508
  ],
  [
   647.3091009758768,
   273.3375071819651
  ],
  [
   751.6854433826389,
   781.4147471102916
  ],
  [
   55.32315787920508,
   294.7671771538047
  ],
  [
   659.9710211177425,
   715.4875156248552
  ],
  [
   301.58229040955365,
   755.0005710547149
  ],
  [
   170.86548372702558,
   622.9889639070561
  ],
  [
   946.6768144642803,
   604.2789223026663
  ],
  [
   632.1889660493704,
   607.7155353520614
  ],
  [
   278.8067849263264,
   316.9339544569109
  ],
  [
   180.7204945625572,
   105.98251330311795
  ],
  [
   169.97605493225478,
   946.6647564392799
  ],
  [
   276.83319707909953,
   55.32315787920508
  ],
  [
   285.72888332614383,
   635.0251744943838
  ],
  [
   608.5243056753953,
   946.6766156710355
  ],
  [
   539.1516025177136,
   354.71858597788133
  ],
  [
   836.9645803995844,
   935.0001403162782
  ],
  [
   424.3565695954543,
   55.32315787920508
  ],
  [
   750.6605474451313,
   651.9451059037413
  ],
  [
   55.32315787920508,
   729.3824452764887
  ],
  [
   498.11144714949666,
   458.4862278615479
  ],
  [
   278.41741281286403,
   526.3704293741001
  ],
  [
   365.78159453673885,
   251.57811594473156
  ],
  [
   94.7644966332177,
   191.81190482123694
  ],
  [
   473.4350004718628,
   266.32208046767215
  ],
  [
   55.32315787920508,
   512.0672347986458
  ],
  [
   645.6570374438155,
   384.20032098336435
  ],
  [
   729.8818267375124,
   543.5355298629456
  ],
  [
   855.9217771995884,
   679.0746213374871
  ],
  [
   510.27713454778177,
   894.0129242333421
  ],
  [
   401.6421231323256,
   509.43219171590243
  ],
  [
   165.04211974977966,
   344.63393059054204
  ],
  [
   864.0824705605289,
   824.5470422123691
  ],
  [
   55.32315787920508,
   946.676842120795
  ],
  [
   175.87548515097095,
   740.1338947588421
  ],
  [
   625.4002631527447,
   832.1520291541945
  ],
  [
   309.1118156052915,
   421.6513662353524
  ],
  [
   217.7918937567546,
   845.9543418262379
  ],
  [
   189.26281945760508,
   457.31609548363537
  ],
  [
   946.2140939998051,
   495.34240203256434
  ],
  [
   523.3130798898936,
   566.9034503773877
  ],
  [
   839.2907432942619,
   375.30064363729895
  ],
  [
   405.34033937761416,
   946.6768338837392
  ],
  [
   742.9892001449402,
   324.8739640068391
  ],
  [
   771.0122798901763,
   203.88336752072593
  ],
  [
   651.446521413448,
   142.3775457963258
  ],
  [
   209.04990923768852,
   223.32004069810094
  ],
  [
   741.7688041433717,
   435.45717259235744
  ],
  [
   832.2943957462381,
   55.32315787920508
  ],
  [
   946.6626770682392,
   357.6288463045441
  ],
  [
   435.171130793841,
   164.525846240325
  ],
  [
   834.2330377683452,
   499.1823300665976
  ]
 ]
}