{
 "Object_Radius": 52.233805653081795,
 "Object_Shape": "disc",
 "Workspace_Density": 0.6,
 "Workspace_Height": 1000,
 "Workspace_Width": 1000,
 "number_of_objects": 70,
 "point_list": [
  [
   726.3832005007929,
   811.3110883430271
  ],
  [
   358.70719090148,
   373.40671876125845
  ],
  [
   239.50300148930663,
   576.4693121228236
  ],
  [
   632.3697765180598,
   255.83577951968036
  ],
  [
   252.39179079851422,
   395.79664440394794
  ],
  [
   644.5826527210438,
   732.6897194440503
  ],
  [
   653.6394854924852,
   578.2989384416549
  ],
  [
   946.6751652743332,
   164.37322348556367
  ],
  [
   643.7540335171196,
   363.99355639028755
  ],
  [
   738.206525128576,
   151.149042750491
  ],
  [
   520.2108173133453,
   153.31877049317237
  ],
  [
   714.0862807186284,
   946.6768417169284
  ],
  [
   463.8014962692459,
   630.6697554332934
  ],
  [
   272.3047775157443,
   694.2324257438739
  ],
  [
   946.6768410379909,
   462.2148212522473
  ],
  [
   515.3947515547435,
   884.4673851442773
  ],
  [
   839.2822747697493,
   817.6234088535574
  ],
  [
   840.5473550207915,
   187.63794613280945
  ],
  [
   178.73912643531924,
   315.6925295116563
  ],
  [
   686.9482700623968,
   55.32315787920508
  ],
  [
   468.3646821539544,
   786.2938891131603
  ],
  [
   565.9250159302021,
   439.8309624108764
  ],
  [
   238.910757378934,
   841.5626696034751
  ],
  [
   161.7316740249521,
   659.9529040900519
  ],
  [
   55.32315787920508,
   55.32315787920508
  ],
  [
   628.6918621700726,
   147.2067099565691
  ],
  [
   843.3720152785213,
   296.2504711050643
  ],
  [
   946.6191796637623,
   330.9403317765184
  ],
  [
   813.5618251779268,
   615.0239970183478
  ],
  [
   946.6501211393776,
   576.0987627745693
  ],
  [
   389.89360733283047,
   710.9560013471229
  ],
  [
   157.683119808152,
   768.5242697809825
  ],
  [
   55.32315787920508,
   716.6260241418636
  ],
  [
   317.0999216880764,
   946.6768421063038
  ],
  [
   425.970840236566,
   946.668906714057
  ],
  [
   740.9443200870156,
   259.8422047404496
  ],
  [
   55.32315787920508,
   838.4999062992005
  ],
  [
   570.1083586888136,
   55.32315787920508
  ],
  [
   411.56658498506766,
   155.43814539941675
  ],
  [
   741.5355735246465,
   512.4755597727285
  ],
  [
   865.7460756372559,
   711.631643629741
  ],
  [
   116.05228237226896,
   560.8422841102051
  ],
  [
   946.6768420785784,
   946.6768417169284
  ],
  [
   352.8172851095732,
   602.4606743750342
  ],
  [
   752.3572268756681,
   367.8967357716971
  ],
  [
   282.57019064679736,
   213.96702883898644
  ],
  [
   207.82136283265848,
   946.6768421063038
  ],
  [
   55.32315787920508,
   359.8293870730819
  ],
  [
   55.32315787920508,
   468.80828785939343
  ],
  [
   613.5069874467345,
   837.0350509450426
  ],
  [
   546.4368988647631,
   547.2812993896949
  ],
  [
   344.64412307966285,
   810.3530943234916
  ],
  [
   850.5632629079782,
   512.8725626995271
  ],
  [
   99.00370896432312,
   946.6768421148428
  ],
  [
   570.0682349520428,
   653.3422500889233
  ],
  [
   604.5953931311468,
   946.6758278156929
  ],
  [
   421.59496078348826,
   284.7808058793361
  ],
  [
   530.1013655988479,
   294.2836848210168
  ],
  [
   112.34972520051492,
   158.23559422758296
  ],
  [
   440.5346540193066,
   522.9866374771068
  ],
  [
   854.7514460951558,
   404.30120716817044
  ],
  [
   55.32315787920508,
   250.94579277350135
  ],
  [
   830.1794909622599,
   946.6768420294882
  ],
  [
   946.6768420760195,
   55.32315787920508
  ],
  [
   946.6761953427739,
   784.1186596372219
  ],
  [
   748.9812678299854,
   702.4413139352608
  ],
  [
   164.6901964283927,
   460.17358982970603
  ],
  [
   821.476638194154,
   55.32315787920508
  ],
  [
   337.0822093600268,
   480.55679333345927
  ],
  [
   462.43743099508777,
   405.71884392359556
  ]
 ]
}