{
 "Object_Radius": 52.233805653081795,
 "Object_Shape": "disc",
 "Workspace_Density": 0.6,
 "Workspace_Height": 1000,
 "Workspace_Width": 1000,
 "number_of_objects": 70,
 "point_list": [
  [
   501.80652510700105,
   488.7539279133794
  ],
  [
   367.8749639118446,
   216.4200899930904
  ],
  [
   359.62546686997683,
   324.7597802584516
  ],
  [
   946.5975864482352,
   542.9733890355448
  ],
  [
   727.9416461559769,
   55.32315787920508
  ],
  [
   633.6091325691045,
   425.6783097367284
  ],
  [
   464.1889646665098,
   268.7000898635837
  ],
  [
   164.71866018256307,
   273.10193738306083
  ],
  [
   837.7749222555623,
   635.1850856944952
  ],
  [
   251.6435220856305,
   338.4624062192913
  ],
  [
   588.895567548271,
   713.9777450773682
  ],
  [
   310.96965055502875,
   660.9395942734332
  ],
  [
   55.32315787920508,
   832.2950227610846
  ],
  [
   164.06411045443514,
   164.20249865671786
  ],
  [
   548.7512951002635,
   192.31732771875866
  ],
  [
   775.1899496057241,
   419.07861447774235
  ],
  [
   450.49574333046115,
   145.8663617176756
  ],
  [
   946.6768418752474,
   678.1560188227782
  ],
  [
   55.32315787920508,
   498.7475784225568
  ],
  [
   55.32315787920508,
   720.7295827531149
  ],
  [
   55.32315787920508,
   55.32315787920508
  ],
  [
   651.7898339388648,
   946.63655061833
  ],
  [
   451.10331595755775,
   680.0475244646401
  ],
  [
   55.32315787920508,
   167.93118863758562
  ],
  [
   55.32315787920508,
   607.3951120738071
  ],
  [
   649.8211839499909,
   235.07633514264322
  ],
  [
   177.07881241245013,
   425.15197984133613
  ],
  [
   55.32315787920508,
   278.8704096981665
  ],
  [
   575.0403769650011,
   842.5048537594897
  ],
  [
   55.32315787920508,
   946.675755091947
  ],
  [
   830.4594336838812,
   210.66919669948638
  ],
  [
   820.2602397013014,
   783.555122047722
  ],
  [
   622.3519114774989,
   537.4414908425673
  ],
  [
   465.808333574092,
   844.2254607136213
  ],
  [
   946.5271554982533,
   190.88745314136767
  ],
  [
   946.5805163188869,
   55.32315787920508
  ],
  [
   834.4430983486645,
   319.5596867744304
  ],
  [
   837.0456752337702,
   55.32315787920508
  ],
  [
   374.46166879925016,
   757.5748629992253
  ],
  [
   272.7137132780803,
   163.93824541125758
  ],
  [
   312.8727775914879,
   438.40136465994067
  ],
  [
   946.6767947906214,
   334.7190754473728
  ],
  [
   520.7198560022947,
   946.6768410932289
  ],
  [
   295.6568371729474,
   835.9854517276569
  ],
  [
   55.32315787920508,
   390.0726720184247
  ],
  [
   164.52045732532895,
   55.32315787920508
  ],
  [
   545.1479353456856,
   356.7621853565013
  ],
  [
   532.6482682490614,
   598.8626446423408
  ],
  [
   157.4604827769322,
   549.1849999797041
  ],
  [
   743.2745608835953,
   887.6412481335949
  ],
  [
   817.4077163570095,
   519.2172959649425
  ],
  [
   297.86749486682487,
   946.6725050055517
  ],
  [
   266.2503354879402,
   540.9883782418592
  ],
  [
   510.5454251519343,
   55.32315787920508
  ],
  [
   421.9543420670597,
   413.83334922795245
  ],
  [
   732.196959255215,
   163.90199468576188
  ],
  [
   747.695145266378,
   696.7544336182116
  ],
  [
   411.4475433448179,
   946.6768262881562
  ],
  [
   275.5564897589836,
   55.32315787920508
  ],
  [
   174.19000546373528,
   946.334011601059
  ],
  [
   946.6767947906214,
   788.7412836613075
  ],
  [
   384.6178575885425,
   55.32315787920508
  ],
  [
   695.9357541943039,
   333.79929828866835
  ],
  [
   187.00570365461004,
   663.5146172674964
  ],
  [
   835.3032803197366,
   946.5938637642271
  ],
  [
   946.6768420730101,
   946.6767708687064
  ],
  [
   720.9798901987382,
   586.3177081896202
  ],
  [
   684.6596744269106,
   786.9237916746433
  ],
  [
   619.1917431675943,
   55.32315787920508
  ],
  [
   387.7000452621848,
   553.4651085323119
  ]
 ]
}