{
 "Object_Radius": 52.233805653081795,
 "Object_Shape": "disc",
 "Workspace_Density": 0.6,
 "Workspace_Height": 1000,
 "Workspace_Width": 1000,
 "number_of_objects": 70,
 "point_list": [
  [
   519.8415301199539,
   453.56706077737795
  ],
  [
   766.3661513877095,
   331.0901145207137
  ],
  [
   713.8223553910133,
   557.2467908018893
  ],
  [
   650.526414487998,
   946.6768420799281
  ],
  [
   363.470839411483,
   601.5360473669921
  ],
  [
   235.54520974427518,
   150.4925352385566
  ],
  [
   55.32315787920508,
   315.6690324274893
  ],
  [
   356.5357758100716,
   171.584304181337
  ],
  [
   55.32315787920508,
   946.670545435498
  ],
  [
   419.81917019147835,
   946.6766805056055
  ],
  [
   847.4889443090041,
   836.0306712967637
  ],
  [
   593.2160339088545,
   852.3384565188239
  ],
  [
   164.4792199912255,
   55.32315787920508
  ],
  [
   946.6768420656259,
   936.398738323401
  ],
  [
   289.1668541141437,
   55.32315787920508
  ],
  [
   835.5046209656958,
   55.32315787920508
  ],
  [
   686.3136623908634,
   257.59032108244025
  ],
  [
   286.1573762284592,
   270.6043942399315
  ],
  [
   614.1400412787503,
   386.4998133698662
  ],
  [
   840.0674595759914,
   410.92571217939724
  ],
  [
   942.9929392685071,
   761.772897220797
  ],
  [
   350.5284783803712,
   433.7662253640901
  ],
  [
   523.6894856681055,
   164.15196516270885
  ],
  [
   834.0620325310745,
   231.45367563781767
  ],
  [
   171.66949437319266,
   754.8005139912914
  ],
  [
   508.17237343925876,
   55.32315787920508
  ],
  [
   55.32315787920508,
   725.3915124649955
  ],
  [
   747.0663180063765,
   163.93908370178036
  ],
  [
   171.8706828802867,
   946.478741287047
  ],
  [
   522.6685184829851,
   673.9538384609984
  ],
  [
   445.6924566902063,
   239.83870600172443
  ],
  [
   281.8827189750336,
   946.0795621963978
  ],
  [
   632.9423940818003,
   635.295685697191
  ],
  [
   726.8577231175759,
   55.32315787920508
  ],
  [
   578.1421644228099,
   268.1261971814541
  ],
  [
   253.75301560695564,
   609.0278915741258
  ],
  [
   376.4624809804016,
   818.4410619810636
  ],
  [
   103.53749695856875,
   839.692664890749
  ],
  [
   398.60529146084303,
   55.32315787920508
  ],
  [
   381.10861115914196,
   327.2536801249927
  ],
  [
   733.5758867862636,
   678.1164603086279
  ],
  [
   148.74793989444973,
   640.2502119020666
  ],
  [
   535.1570588591442,
   946.6672186994947
  ],
  [
   938.456692503972,
   500.6624318543261
  ],
  [
   760.9282899940799,
   946.6768420994571
  ],
  [
   494.89558251399956,
   347.09264337145106
  ],
  [
   617.5869986975362,
   55.32315787920508
  ],
  [
   835.5795383724833,
   638.0998897335643
  ],
  [
   814.5918132079154,
   516.6227791149613
  ],
  [
   946.669045721094,
   55.32315787920508
  ],
  [
   632.3730679602224,
   163.16989606426645
  ],
  [
   530.9575274353474,
   563.1360221467617
  ],
  [
   276.8450030611128,
   723.8436437911229
  ],
  [
   747.1139592805176,
   789.6247711728636
  ],
  [
   946.6768416965184,
   169.08874511439225
  ],
  [
   726.1090984322586,
   432.8273831132451
  ],
  [
   946.6768421034469,
   280.69542191425916
  ],
  [
   141.3134867497245,
   205.01395486819533
  ],
  [
   946.676842120795,
   389.9862973522406
  ],
  [
   55.32315787920508,
   55.32315787920508
  ],
  [
   255.29966893924913,
   490.99127947846404
  ],
  [
   163.7919888784008,
   321.91249161345684
  ],
  [
   946.637961058071,
   612.5322342162091
  ],
  [
   384.95855987693744,
   708.7648104447164
  ],
  [
   483.4594139932704,
   786.7921167281891
  ],
  [
   622.4947051633368,
   498.20526964333305
  ],
  [
   55.32315787920508,
   537.4274687142678
  ],
  [
   425.96534114396746,
   512.1331325395108
  ],
  [
   607.5047656175693,
   742.6645241968047
  ],
  [
   143.67543509692499,
   436.3072659092361
  ]
 ]
}