{
 "Object_Radius": 52.233805653081795,
 "Object_Shape": "disc",
 "Workspace_Density": 0.6,
 "Workspace_Height": 1000,
 "Workspace_Width": 1000,
 "number_of_objects": 70,
 "point_list": [
  [
   89.74664552880847,
   190.63788878327748
  ],
  [
   301.84554962666584,
   665.5362901676127
  ],
  [
   607.7337038303723,
   55.32315787920508
  ],
  [
   946.6753788667473,
   820.7551876947385
  ],
  [
   946.6752299455995,
   381.7528131180571
  ],
  [
   498.20073139756425,
   55.32315787920508
  ],
  [
   733.7026045903701,
   418.21322970329726
  ],
  [
   202.1653450843078,
   158.03169405743293
  ],
  [
   160.18937214242493,
   55.32315787920508
  ],
  [
   389.54393138485466,
   55.32315787920508
  ],
  [
   394.9871205658559,
   756.7250318615678
  ],
  [
   722.7155936693786,
   848.1591244814384
  ],
  [
   324.19394822906725,
   887.3195737404502
  ],
  [
   676.5474300876739,
   946.6761153999404
  ],
  [
   726.8994608259449,
   55.32315787920508
  ],
  [
   946.6768421140381,
   164.1319210022561
  ],
  [
   55.32315787920508,
   293.9505019220954
  ],
  [
   830.2480448407297,
   498.380386368602
  ],
  [
   421.9047830921292,
   164.42879382066764
  ],
  [
   710.173017521748,
   524.2862520809382
  ],
  [
   381.4527332393102,
   350.21599737530175
  ],
  [
   212.74288592793022,
   946.6768420606026
  ],
  [
   709.9982014651224,
   632.9324429764075
  ],
  [
   946.6768421039811,
   600.0053229436131
  ],
  [
   55.32315787920508,
   87.26941746882137
  ],
  [
   286.61945493420734,
   775.9531441625536
  ],
  [
   836.5836234578655,
   55.32315787920508
  ],
  [
   195.88576084429903,
   619.7269504921605
  ],
  [
   946.6768421032567,
   490.69633782513955
  ],
  [
   607.9911761312443,
   590.7199967548361
  ],
  [
   520.3516856588781,
   521.725200506495
  ],
  [
   946.6767135902024,
   932.7454351819183
  ],
  [
   729.4456263492472,
   164.7423931410076
  ],
  [
   631.8306181869734,
   214.2189485193999
  ],
  [
   55.32315787920508,
   946.6760237167192
  ],
  [
   524.7860901531744,
   669.1305208100067
  ],
  [
   69.50032787233057,
   510.7883866059247
  ],
  [
   790.1814372705584,
   290.26660284962225
  ],
  [
   814.7808755113164,
   920.3966379060452
  ],
  [
   190.26773652988226,
   283.4646166323529
  ],
  [
   55.32315787920508,
   836.8139038559782
  ],
  [
   535.739616824535,
   158.03881927524975
  ],
  [
   286.2171720545162,
   467.82823681774374
  ],
  [
   838.0177093122674,
   387.81934244508983
  ],
  [
   404.3306656136211,
   458.0505086818459
  ],
  [
   685.2687961045181,
   320.3059044926506
  ],
  [
   598.3044942406054,
   851.1924579792278
  ],
  [
   576.3181122916551,
   310.74837423833907
  ],
  [
   821.9046025479834,
   798.9167552522962
  ],
  [
   173.47646045308267,
   477.4306992720472
  ],
  [
   946.6768421140381,
   272.8736982440521
  ],
  [
   507.20919604948165,
   785.3470018650559
  ],
  [
   55.32315787920508,
   402.62843502849057
  ],
  [
   623.7683729941209,
   714.5192331200882
  ],
  [
   729.9458905987424,
   739.7318414055691
  ],
  [
   276.79101245506064,
   55.32315787920508
  ],
  [
   566.8319847468017,
   421.825350659366
  ],
  [
   417.87630779664516,
   647.9110146000642
  ],
  [
   946.6768421039811,
   710.3346623810255
  ],
  [
   946.6768421088188,
   55.32315787920508
  ],
  [
   468.8911340807213,
   282.03938654612983
  ],
  [
   171.79804773302098,
   756.7152254897403
  ],
  [
   270.00056154173814,
   359.8252882352955
  ],
  [
   825.2761364259769,
   659.7019416842875
  ],
  [
   55.32315787920508,
   727.807488276213
  ],
  [
   320.4233266726472,
   239.23060894920243
  ],
  [
   55.32315787920508,
   619.1359539454636
  ],
  [
   539.3590093477587,
   946.6764865108505
  ],
  [
   338.7800194977879,
   563.1053394102568
  ],
  [
   840.6728903601592,
   193.41928034028064
  ]
 ]
}