{
 "Object_Radius": 30.157201754605374,
 "Object_Shape": "disc",
 "Workspace_Density": 0.4,
 "Workspace_Height": 1000,
 "Workspace_Width": 1000,
 "number_of_objects": 140,
 "point_list": [
  [
   855.8831853968322,
   954.4002782174184
  ],
  [
   492.16018881453937,
   586.2282049507677
  ],
  [
   765.5091433890503,
   109.43604645651754
  ],
  [
   92.83337357014457,
   429.3467076765938
  ],
  [
   302.1863931164389,
   574.1006746069235
  ],
  [
   815.6049315954255,
   634.3178294003119
  ],
  [
   595.9638442550182,
   183.96252661464666
  ],
  [
   189.0499387565503,
   702.1082393645996
  ],
  [
   365.7743945010272,
   552.0747768863854
  ],
  [
   34.17292193006591,
   832.0337835654818
  ],
  [
   144.1976368781876,
   751.8614769583262
  ],
  [
   374.86365265450814,
   618.3896437814137
  ],
  [
   792.2105327236301,
   900.8226038014287
  ],
  [
   159.0611887445086,
   892.74083480113
  ],
  [
   709.260745740761,
   304.4674138398088
  ],
  [
   759.1817196005936,
   351.13021858517413
  ],
  [
   490.0276426331241,
   679.0053344284531
  ],
  [
   169.08341182975835,
   409.15857875062125
  ],
  [
   400.8311755567693,
   144.321968115489
  ],
  [
   506.73238386517835,
   967.827078069934
  ],
  [
   694.7729051601939,
   145.7514886252058
  ],
  [
   917.9055855166964,
   214.2372364881719
  ],
  [
   967.827078069934,
   101.90699342524584
  ],
  [
   34.17292193006591,
   460.3654632369098
  ],
  [
   329.43892852029245,
   336.8129719432571
  ],
  [
   588.744598418041,
   99.92396459918146
  ],
  [
   286.88744377198174,
   488.4583845638446
  ],
  [
   217.8348221570803,
   299.5459865600175
  ],
  [
   669.5241648881844,
   377.6824874059483
  ],
  [
   95.11015135262296,
   875.0672569001975
  ],
  [
   400.2975954915268,
   283.7730059921443
  ],
  [
   34.17292193006591,
   556.365580756597
  ],
  [
   745.7754434278387,
   425.6895349859597
  ],
  [
   786.0700141059519,
   816.8166663278251
  ],
  [
   495.17927394607284,
   34.17292193006591
  ],
  [
   391.7229670486073,
   420.25871548542375
  ],
  [
   909.7993539500654,
   856.8443496738233
  ],
  [
   288.099634997144,
   703.6044409411468
  ],
  [
   169.64873625210816,
   967.827078069934
  ],
  [
   905.932148646067,
   285.7003959277129
  ],
  [
   952.6315983716034,
   647.2255218303569
  ],
  [
   368.28984014689087,
   967.827078069934
  ],
  [
   34.17292193006591,
   267.16809586531036
  ],
  [
   716.0155862666261,
   820.9041823801598
  ],
  [
   710.039052744103,
   654.2156672132446
  ],
  [
   62.678035051504224,
   768.3385124448504
  ],
  [
   193.67724766866286,
   800.4426723615542
  ],
  [
   175.13214319986105,
   106.63817458159794
  ],
  [
   342.8361607299673,
   34.17292193006591
  ],
  [
   432.9218962093241,
   556.3150066217228
  ],
  [
   541.8167554018995,
   801.4304541278427
  ],
  [
   239.58143741145844,
   967.827078069934
  ],
  [
   244.06030628061922,
   542.1001968167606
  ],
  [
   74.41713174711897,
   615.3713111542197
  ],
  [
   967.827078069934,
   258.3242862300125
  ],
  [
   524.3149858940671,
   892.7357941051495
  ],
  [
   34.17292193006591,
   196.11266276970952
  ],
  [
   361.9118579619109,
   687.3498604681175
  ],
  [
   817.130716314178,
   164.17775627468694
  ],
  [
   556.6822089418193,
   488.1554430809367
  ],
  [
   283.7970641165164,
   283.28693230841947
  ],
  [
   521.3295451870525,
   106.48130016454441
  ],
  [
   836.1210866231079,
   286.5342350056403
  ],
  [
   346.7909260230833,
   100.76482789471682
  ],
  [
   749.7193744190891,
   34.17292193006591
  ],
  [
   459.8193720747194,
   416.9552952722452
  ],
  [
   34.17292193006591,
   670.3607794353973
  ],
  [
   282.3405389060085,
   883.2059595920075
  ],
  [
   259.735313007487,
   34.17292193006591
  ],
  [
   84.87692207992595,
   509.70320876031843
  ],
  [
   391.01667928241693,
   214.40937055521678
  ],
  [
   825.5264741293878,
   352.88341699503667
  ],
  [
   329.79173082485465,
   757.8026930826655
  ],
  [
   892.2365350890076,
   350.82653901001544
  ],
  [
   193.55230802848817,
   39.907959807972965
  ],
  [
   529.2367945068188,
   421.19056343600397
  ],
  [
   144.83582883669473,
   471.23796366375444
  ],
  [
   312.1640243655693,
   641.2327300416099
  ],
  [
   566.5385835508384,
   34.17292193006591
  ],
  [
   361.52922009461724,
   890.0731812587345
  ],
  [
   614.9126874177666,
   684.8579467915545
  ],
  [
   112.95529490876982,
   146.60635313073095
  ],
  [
   765.8906127743775,
   567.2961802487349
  ],
  [
   722.1732092985291,
   212.3951911983594
  ],
  [
   34.17292193006591,
   127.17898196274494
  ],
  [
   875.7847678575948,
   580.5841176534905
  ],
  [
   528.5695794295038,
   177.2746482797225
  ],
  [
   754.1305238928812,
   499.0995006654472
  ],
  [
   515.7225035192942,
   244.27364766994643
  ],
  [
   967.827078069934,
   453.42549098206536
  ],
  [
   117.69207916489438,
   812.6827380298797
  ],
  [
   256.0222404505091,
   211.58232235579996
  ],
  [
   96.72816615859462,
   362.88314441923455
  ],
  [
   839.4220413827991,
   101.66523395457915
  ],
  [
   259.9464071602805,
   810.485159521608
  ],
  [
   242.37379001124745,
   434.8760352603028
  ],
  [
   94.90524998957389,
   707.1507035677615
  ],
  [
   851.5698474272725,
   221.0116651314454
  ],
  [
   390.46490696470323,
   489.15799837532285
  ],
  [
   669.3953875272856,
   967.827078069934
  ],
  [
   218.61179660991408,
   641.5434529025641
  ],
  [
   101.71963138671849,
   967.827078069934
  ],
  [
   596.1744989250396,
   759.4981742261673
  ],
  [
   324.12763047850706,
   227.22304236550937
  ],
  [
   414.4272010451009,
   356.8870260721376
  ],
  [
   34.17292193006591,
   901.3067134592488
  ],
  [
   305.0867734422985,
   947.2567639251102
  ],
  [
   904.3665905852412,
   122.71994964089318
  ],
  [
   914.9661925751619,
   493.59090552216594
  ],
  [
   94.56924735969223,
   227.11096645745303
  ],
  [
   673.001328465289,
   876.117960629269
  ],
  [
   159.50409387643757,
   331.2727463752768
  ],
  [
   326.89585729404274,
   826.6417271083769
  ],
  [
   179.14235976993794,
   528.2835439884226
  ],
  [
   456.5957075145195,
   878.2295114821089
  ],
  [
   560.6711541837693,
   293.2560676236334
  ],
  [
   122.9247477821236,
   566.6322248687557
  ],
  [
   967.827078069934,
   934.4583017227776
  ],
  [
   777.9671944646633,
   252.411352803857
  ],
  [
   967.827078069934,
   355.1549346356656
  ],
  [
   967.827078069934,
   34.17292193006591
  ],
  [
   436.1038584204438,
   967.827078069934
  ],
  [
   967.827078069934,
   169.26098014016995
  ],
  [
   650.7227651812075,
   226.9870042079951
  ],
  [
   34.17292193006591,
   967.827078069934
  ],
  [
   156.16519619929375,
   201.32808931775466
  ],
  [
   912.1638283135794,
   414.502637788461
  ],
  [
   647.8156158318822,
   626.2295818740804
  ],
  [
   153.81694879142046,
   627.0426564358547
  ],
  [
   626.2129646697476,
   314.2200172749413
  ],
  [
   421.22405670198464,
   818.6720430492775
  ],
  [
   232.15395856681823,
   144.82875185187962
  ],
  [
   425.4472004283552,
   661.824128753447
  ],
  [
   551.8952587216722,
   707.507578138624
  ],
  [
   829.0004675086999,
   524.8049401535304
  ],
  [
   97.43961405591257,
   296.4810083451655
  ],
  [
   236.74193816620144,
   748.2674646097088
  ],
  [
   218.8564717041267,
   863.8925920467849
  ],
  [
   34.17292193006591,
   384.9885276224021
  ],
  [
   606.9859490364632,
   864.2062110972282
  ]
 ]
}