{
 "Object_Radius": 30.157201754605374,
 "Object_Shape": "disc",
 "Workspace_Density": 0.4,
 "Workspace_Height": 1000,
 "Workspace_Width": 1000,
 "number_of_objects": 140,
 "point_list": [
  [
   425.6129761319367,
   37.8731853529486
  ],
  [
   967.827078069934,
   892.0798891357117
  ],
  [
   705.8316226854585,
   545.1142373949932
  ],
  [
   554.4033934821549,
   114.99374862049648
  ],
  [
   429.18910811397257,
   848.1513990828007
  ],
  [
   34.17292193006591,
   757.0234041368626
  ],
  [
   89.92709714016664,
   189.8608508068779
  ],
  [
   770.5484087282789,
   785.8266796503225
  ],
  [
   859.4045392289354,
   967.827078069934
  ],
  [
   107.16018692285647,
   744.1445732382845
  ],
  [
   514.8154918352996,
   394.7100325580467
  ],
  [
   377.32808852718,
   93.44632103014156
  ],
  [
   442.6778117404862,
   465.385856494996
  ],
  [
   224.08401910595748,
   464.78795523648836
  ],
  [
   102.94402693876185,
   831.1061787494713
  ],
  [
   967.827078069934,
   393.0941166534427
  ],
  [
   811.4224132532647,
   854.086077415802
  ],
  [
   465.7371847892239,
   565.2673200959069
  ],
  [
   318.72674210512344,
   362.25784340857604
  ],
  [
   188.77220209958446,
   111.05286019586404
  ],
  [
   762.5275806167409,
   907.1063661864071
  ],
  [
   852.4653964859779,
   258.5784266141434
  ],
  [
   384.5731487004855,
   377.1284953809155
  ],
  [
   858.8419730110404,
   363.14334760264575
  ],
  [
   651.008213796961,
   97.50653977374913
  ],
  [
   599.5019968323584,
   170.771296839511
  ],
  [
   388.30760991028325,
   220.68890571022288
  ],
  [
   708.3267305945483,
   152.641876609336
  ],
  [
   892.8779723607623,
   639.5160189099464
  ],
  [
   272.2910628967943,
   724.9391236292937
  ],
  [
   346.10643342911465,
   34.17292193006591
  ],
  [
   34.17292193006591,
   153.58089190751167
  ],
  [
   837.4648793519106,
   437.2907806192754
  ],
  [
   874.6653759558824,
   157.4573271602323
  ],
  [
   967.827078069934,
   649.5694335434323
  ],
  [
   299.4125643927486,
   297.111406119679
  ],
  [
   541.6259344287323,
   559.8192314167176
  ],
  [
   919.3022255532244,
   533.7557681730897
  ],
  [
   523.4258031988259,
   279.2190373696805
  ],
  [
   958.8116504447036,
   717.3971156929965
  ],
  [
   576.3633546627646,
   759.8366347422468
  ],
  [
   34.17292193006591,
   400.2730275032591
  ],
  [
   835.072256979817,
   34.17292193006591
  ],
  [
   34.17292193006591,
   231.04130044310898
  ],
  [
   34.17292193006591,
   546.6962268502207
  ],
  [
   608.3639637191984,
   539.5228540088852
  ],
  [
   656.6656865757418,
   913.1441765309416
  ],
  [
   818.5074782097622,
   501.0223677522161
  ],
  [
   176.76518443916808,
   698.7227449666428
  ],
  [
   910.0460838640278,
   924.7571422517411
  ],
  [
   176.30797046555625,
   369.9550060050254
  ],
  [
   34.17292193006591,
   688.6940481543467
  ],
  [
   299.33222045270765,
   197.270222206663
  ],
  [
   106.82398517158119,
   610.9918948007364
  ],
  [
   226.08031535427898,
   168.87168030093966
  ],
  [
   102.41978740673535,
   478.60473488974
  ],
  [
   289.1989554719564,
   945.1692640570111
  ],
  [
   514.8224578349533,
   896.8683350313429
  ],
  [
   135.02641301858353,
   951.3800182051385
  ],
  [
   516.3555277375447,
   702.6670334961613
  ],
  [
   967.827078069934,
   466.0839780589011
  ],
  [
   242.88548437507853,
   794.5275775662252
  ],
  [
   808.057225721645,
   314.6849087139798
  ],
  [
   680.3605823880906,
   619.8025358060604
  ],
  [
   459.31870931135916,
   226.73851202214337
  ],
  [
   967.827078069934,
   581.2851679958478
  ],
  [
   105.15774099201245,
   317.63410222513045
  ],
  [
   771.0757143016616,
   568.7247092038182
  ],
  [
   830.8404787345058,
   747.7389457481358
  ],
  [
   878.711177611145,
   864.923741077845
  ],
  [
   502.1816688272768,
   497.316244219863
  ],
  [
   566.2807099287539,
   439.52770973297294
  ],
  [
   506.7777328033186,
   967.827078069934
  ],
  [
   952.0247491433229,
   827.6433663984516
  ],
  [
   782.6928507966957,
   398.012172073562
  ],
  [
   240.40335707949438,
   397.19651820693804
  ],
  [
   382.4203843951736,
   293.5040118399314
  ],
  [
   663.0513358620951,
   259.68074381691486
  ],
  [
   824.4113789674707,
   112.92547478559727
  ],
  [
   34.17292193006591,
   478.51310536660594
  ],
  [
   98.99401191050269,
   383.72561766073403
  ],
  [
   200.1547252856939,
   861.071652370054
  ],
  [
   429.89256912194173,
   700.6927680007891
  ],
  [
   34.17292193006591,
   826.2053838337846
  ],
  [
   443.8980024270254,
   330.39038524986876
  ],
  [
   918.4611564228504,
   770.1703418884807
  ],
  [
   112.48122322991894,
   677.0961154946064
  ],
  [
   448.20790123375565,
   398.3104061313983
  ],
  [
   244.8280676051426,
   650.2664689829179
  ],
  [
   405.7193218265248,
   520.5689641303301
  ],
  [
   113.8255623126771,
   251.79286435669772
  ],
  [
   219.29581680060028,
   967.827078069934
  ],
  [
   578.9345392567433,
   34.17292193006591
  ],
  [
   166.23807490691382,
   528.8781921916668
  ],
  [
   747.5006161188555,
   34.17292193006591
  ],
  [
   364.45025257864535,
   158.62705191146196
  ],
  [
   34.17292193006591,
   34.17292193006591
  ],
  [
   572.5422901732586,
   661.968027951955
  ],
  [
   170.14305050045138,
   303.8962090969739
  ],
  [
   741.5751287391545,
   341.80884838181703
  ],
  [
   373.7789164046854,
   461.40547876474045
  ],
  [
   791.0934874573027,
   967.827078069934
  ],
  [
   485.6937167484511,
   98.67656600856225
  ],
  [
   936.616422847881,
   183.02522780166427
  ],
  [
   315.0917316280319,
   854.743585693665
  ],
  [
   341.9949902928215,
   745.1359423442616
  ],
  [
   305.09556730491704,
   456.26871682742876
  ],
  [
   147.10122149112814,
   429.53936890320733
  ],
  [
   384.6579842528097,
   584.6401421291644
  ],
  [
   743.8196408336087,
   268.70970721970343
  ],
  [
   712.5276944633176,
   836.529856745066
  ],
  [
   429.8684951203053,
   134.59196254073342
  ],
  [
   156.871762983455,
   34.17292193006591
  ],
  [
   228.87178855343407,
   576.8217457578365
  ],
  [
   489.63450050260815,
   165.03248966688415
  ],
  [
   671.9103721516897,
   360.0415865360427
  ],
  [
   887.2359078888197,
   709.3278208401878
  ],
  [
   905.6165736548052,
   440.7284546898247
  ],
  [
   609.0299439151871,
   333.4205320795448
  ],
  [
   34.17292193006591,
   302.07394364440313
  ],
  [
   501.6489191885336,
   34.17292193006591
  ],
  [
   180.63253658519642,
   231.14135269850357
  ],
  [
   34.17292193006591,
   905.5998014637728
  ],
  [
   631.1415460800446,
   818.5836055929952
  ],
  [
   34.17292193006591,
   618.9280681924993
  ],
  [
   728.1909504165124,
   465.24989095957307
  ],
  [
   925.8713156527135,
   34.17292193006591
  ],
  [
   100.7076653053777,
   544.9284835617804
  ],
  [
   538.7351767326476,
   211.4871265352268
  ],
  [
   487.34088198064876,
   797.4563676072033
  ],
  [
   172.26305606293388,
   774.3942346351907
  ],
  [
   239.1492284557955,
   264.2895931814764
  ],
  [
   69.55881346561873,
   967.827078069934
  ],
  [
   967.827078069934,
   967.827078069934
  ],
  [
   739.4210716602615,
   660.1811816266284
  ],
  [
   967.827078069934,
   253.43233837403577
  ],
  [
   175.35455415635764,
   623.5849077384795
  ],
  [
   611.8823330770546,
   606.557873411756
  ],
  [
   153.5532446399448,
   170.43290643277507
  ],
  [
   908.3215798264162,
   302.2231630980808
  ]
 ]
}