{
 "Object_Radius": 30.157201754605374,
 "Object_Shape": "disc",
 "Workspace_Density": 0.4,
 "Workspace_Height": 1000,
 "Workspace_Width": 1000,
 "number_of_objects": 140,
 "point_list": [
  [
   858.2481812456857,
   510.07447988597244
  ],
  [
   899.3444734438621,
   678.4702321690747
  ],
  [
   122.12911702943275,
   594.5587152499347
  ],
  [
   616.8356900071062,
   967.827078069934
  ],
  [
   366.6424771324954,
   967.827078069934
  ],
  [
   379.00558468184494,
   645.6196619541115
  ],
  [
   34.17292193006591,
   656.5929643937865
  ],
  [
   625.628249731796,
   811.8746763258343
  ],
  [
   247.61106410255772,
   489.5972856362591
  ],
  [
   812.4932498192024,
   247.19017031310776
  ],
  [
   214.22814200808952,
   770.7627144917152
  ],
  [
   535.2135767823609,
   967.827078069934
  ],
  [
   34.17292193006591,
   867.5659467647409
  ],
  [
   453.1280114185179,
   508.4332656771099
  ],
  [
   214.02975266059596,
   62.05217567904837
  ],
  [
   967.827078069934,
   662.2737252549031
  ],
  [
   316.162985194119,
   770.6777003752279
  ],
  [
   967.827078069934,
   245.78443965135804
  ],
  [
   591.5423646543647,
   534.045761603422
  ],
  [
   825.3210777896294,
   605.3957196633729
  ],
  [
   349.300206785212,
   95.51393787069247
  ],
  [
   787.3116592054178,
   546.6793501634432
  ],
  [
   34.17292193006591,
   967.827078069934
  ],
  [
   328.791600511507,
   838.0992604929063
  ],
  [
   573.2154844300195,
   459.4711524997357
  ],
  [
   102.39832521991146,
   660.7282572608184
  ],
  [
   717.0403342725616,
   715.1285056513203
  ],
  [
   967.827078069934,
   795.5479768993192
  ],
  [
   111.17397359180465,
   526.588797636592
  ],
  [
   117.25091142736386,
   119.38570763690024
  ],
  [
   751.019812968233,
   609.6578958250856
  ],
  [
   385.05036540860664,
   519.9187659719197
  ],
  [
   770.54177326859,
   130.40524026509138
  ],
  [
   488.95417335119913,
   577.4562132887772
  ],
  [
   295.2423030235157,
   553.0397579619356
  ],
  [
   514.819068756653,
   120.49331768877794
  ],
  [
   617.3260426409678,
   220.69054078287465
  ],
  [
   181.2265164633795,
   902.8191619567805
  ],
  [
   298.1568171502398,
   34.17292193006591
  ],
  [
   759.1783697559157,
   903.536091494344
  ],
  [
   127.53841023012062,
   722.13008148957
  ],
  [
   604.6331100986873,
   600.1251840429544
  ],
  [
   155.7955082268178,
   474.15797122866707
  ],
  [
   227.30867345530027,
   370.52193242246955
  ],
  [
   117.59800545512935,
   859.6817737684638
  ],
  [
   185.41814523913177,
   534.2822001421873
  ],
  [
   392.4755403274588,
   903.7167822530439
  ],
  [
   264.94066563899304,
   619.0920565760566
  ],
  [
   904.5775833257643,
   575.8902887155057
  ],
  [
   687.4865244631111,
   895.3432937440111
  ],
  [
   673.9953469901843,
   587.2999302749619
  ],
  [
   720.7014316635875,
   291.33644137054296
  ],
  [
   819.1996997484914,
   179.96498060600618
  ],
  [
   654.5562353305353,
   743.3797989834042
  ],
  [
   460.21161945230614,
   653.759526383297
  ],
  [
   150.62687478683583,
   276.73895800394007
  ],
  [
   967.827078069934,
   529.5629737363506
  ],
  [
   100.56034403697782,
   967.827078069934
  ],
  [
   785.4416758558591,
   309.2485741354157
  ],
  [
   224.5129300351508,
   256.75842760718547
  ],
  [
   685.5024434489749,
   967.827078069934
  ],
  [
   403.0020784732175,
   165.38405871589336
  ],
  [
   408.30903718028117,
   752.9312530888021
  ],
  [
   360.7666391431602,
   581.7838339691202
  ],
  [
   34.17292193006591,
   585.7249985971318
  ],
  [
   172.15523954591237,
   665.8789733530346
  ],
  [
   482.32649931321424,
   59.65882366441097
  ],
  [
   93.81316565188212,
   313.27245723610423
  ],
  [
   300.17143298894257,
   967.827078069934
  ],
  [
   903.3568067846334,
   967.827078069934
  ],
  [
   584.0702600162808,
   668.1732852283105
  ],
  [
   967.827078069934,
   595.9278534370744
  ],
  [
   964.7630846399849,
   413.68219436403604
  ],
  [
   393.55171121088796,
   823.5291884083058
  ],
  [
   967.827078069934,
   34.17292193006591
  ],
  [
   325.30877010974297,
   905.4819126270032
  ],
  [
   564.7398875400808,
   169.00072389096076
  ],
  [
   460.9394018072187,
   967.827078069934
  ],
  [
   233.55009390658262,
   967.827078069934
  ],
  [
   348.8058216718093,
   219.513972887881
  ],
  [
   448.9950999883947,
   340.51222620514096
  ],
  [
   967.827078069934,
   343.99608209027156
  ],
  [
   74.44808643269516,
   34.17292193006591
  ],
  [
   668.6794705762143,
   366.07370888209766
  ],
  [
   482.33271045703407,
   895.6539201397972
  ],
  [
   792.0970450471854,
   820.9088489412699
  ],
  [
   967.827078069934,
   862.0464971841993
  ],
  [
   698.0408388166599,
   164.81551482592704
  ],
  [
   247.81102913335542,
   858.4499864519576
  ],
  [
   34.17292193006591,
   444.37960726119485
  ],
  [
   317.0646943087147,
   161.1004695301268
  ],
  [
   233.13196364457602,
   126.32678088449765
  ],
  [
   723.1871864732695,
   788.3769401983502
  ],
  [
   816.3410027401984,
   448.7190625203199
  ],
  [
   967.827078069934,
   728.9058537956001
  ],
  [
   581.0164561878536,
   85.8146529140659
  ],
  [
   166.94705573897912,
   967.827078069934
  ],
  [
   801.9024749486662,
   967.827078069934
  ],
  [
   710.8851448697574,
   510.20503133355663
  ],
  [
   342.098126670004,
   709.3874743357486
  ],
  [
   922.3290237660804,
   481.2287387065304
  ],
  [
   34.17292193006591,
   119.84200063436573
  ],
  [
   734.557478988936,
   357.49549115335225
  ],
  [
   726.1484863768786,
   430.2861541987529
  ],
  [
   545.5451487520618,
   232.99609329566817
  ],
  [
   649.2589384919476,
   89.45974497485638
  ],
  [
   841.5794021783005,
   749.9327020500683
  ],
  [
   184.53021058289855,
   836.5556246494518
  ],
  [
   655.1760229070984,
   669.7259966227875
  ],
  [
   886.0671156556382,
   363.6488836462569
  ],
  [
   140.1083330223082,
   787.2761336515725
  ],
  [
   634.968697244117,
   307.04855269526024
  ],
  [
   429.1158890493195,
   416.1802625172491
  ],
  [
   192.9640678720128,
   602.1660871021936
  ],
  [
   644.0475211170725,
   466.83407625106645
  ],
  [
   967.827078069934,
   930.2223771538971
  ],
  [
   34.17292193006591,
   512.8225101786567
  ],
  [
   580.3704544281513,
   750.3926765100072
  ],
  [
   162.21863062938675,
   351.33040346578343
  ],
  [
   415.11697012989094,
   273.62434758700834
  ],
  [
   812.4670172002324,
   372.6675912850341
  ],
  [
   573.2293031268958,
   859.4514817993039
  ],
  [
   363.19584633644354,
   438.89877135701806
  ],
  [
   459.9829308982998,
   819.3816800341867
  ],
  [
   880.0520617144575,
   429.96980503608233
  ],
  [
   725.5968994904728,
   34.17292193006591
  ],
  [
   597.0758078091744,
   388.73395930140646
  ],
  [
   901.558598647175,
   858.1784126990464
  ],
  [
   195.54413400555748,
   181.90158117648588
  ],
  [
   34.17292193006591,
   798.937939924659
  ],
  [
   269.7834677899017,
   721.2764790551969
  ],
  [
   869.2477277768792,
   114.90908423870924
  ],
  [
   787.4503439653644,
   694.3841462376529
  ],
  [
   849.3696574031198,
   34.17292193006591
  ],
  [
   484.8983263639181,
   722.829381815799
  ],
  [
   34.17292193006591,
   725.3592280761706
  ],
  [
   34.17292193006591,
   273.83678413838084
  ],
  [
   412.27821072423313,
   70.78512809939481
  ],
  [
   542.757430817277,
   346.52113015452244
  ],
  [
   967.827078069934,
   100.70651556024679
  ]
 ]
}