{
 "Object_Radius": 30.157201754605374,
 "Object_Shape": "disc",
 "Workspace_Density": 0.4,
 "Workspace_Height": 1000,
 "Workspace_Width": 1000,
 "number_of_objects": 140,
 "point_list": [
  [
   967.827078069934,
   837.0738114426823
  ],
  [
   444.3175177988096,
   430.1929051907818
  ],
  [
   330.7944355866995,
   344.26178388221973
  ],
  [
   851.2852430993248,
   498.2123680554327
  ],
  [
   105.92600733556529,
   512.2617309197223
  ],
  [
   156.29053977531,
   712.9881147569812
  ],
  [
   372.12106908911267,
   880.9606503656277
  ],
  [
   186.78577213850087,
   904.7203511362413
  ],
  [
   289.60587667612464,
   967.827078069934
  ],
  [
   805.4164541099254,
   724.2253594036396
  ],
  [
   773.8795872337682,
   199.90147344180946
  ],
  [
   213.85025381294105,
   624.1725067228773
  ],
  [
   631.1683564960927,
   820.4543391634928
  ],
  [
   170.41923793474044,
   314.4754677663463
  ],
  [
   661.5683605905798,
   471.5172100155813
  ],
  [
   34.17292193006591,
   113.4439859402532
  ],
  [
   533.2492965941067,
   597.8881681011655
  ],
  [
   468.49755657538503,
   255.51768214208977
  ],
  [
   761.6981973656204,
   399.6889127433297
  ],
  [
   734.5359443059521,
   470.1764429889019
  ],
  [
   262.6165806955078,
   346.76306593813905
  ],
  [
   593.332868700315,
   244.94658943864337
  ],
  [
   438.80417620461185,
   756.4620506140898
  ],
  [
   503.9762739028227,
   472.6323198927521
  ],
  [
   34.17292193006591,
   186.0693058538071
  ],
  [
   967.827078069934,
   686.8311706552562
  ],
  [
   723.4017241636658,
   88.06575066889778
  ],
  [
   441.46408798403655,
   499.2684294736746
  ],
  [
   541.3838751798721,
   528.8207664136529
  ],
  [
   214.674251261061,
   834.6805102442821
  ],
  [
   845.3545562620964,
   390.6554115757055
  ],
  [
   905.1835357790638,
   611.712024087849
  ],
  [
   139.3833948288488,
   578.3956338594784
  ],
  [
   100.84858132926888,
   820.8268264410581
  ],
  [
   644.97696041968,
   330.5621250041075
  ],
  [
   349.1109183531932,
   183.93388833697716
  ],
  [
   258.6236354486162,
   908.0403066009308
  ],
  [
   568.3806158709527,
   383.24665198067464
  ],
  [
   34.17292193006591,
   252.76408265391015
  ],
  [
   103.4049105050185,
   293.5447329211748
  ],
  [
   88.04940699545442,
   668.5449133040473
  ],
  [
   335.88771976264894,
   34.17292193006591
  ],
  [
   886.9172396015227,
   744.640230468322
  ],
  [
   673.837455542573,
   905.6514434513463
  ],
  [
   574.8044023006319,
   468.2358430706098
  ],
  [
   408.48075517361593,
   559.1116303338621
  ],
  [
   701.4045715395945,
   779.0050663895242
  ],
  [
   310.0425578523163,
   100.09039142243111
  ],
  [
   704.0988740850298,
   531.8025561793147
  ],
  [
   220.5708149131829,
   515.8418153558815
  ],
  [
   494.68417332122357,
   967.827078069934
  ],
  [
   97.05656523084465,
   752.3686829691321
  ],
  [
   410.57798628070054,
   821.448843170285
  ],
  [
   393.14503925995615,
   385.51709108070804
  ],
  [
   474.0165403613454,
   345.59696448857676
  ],
  [
   713.9206977698585,
   348.9908677241206
  ],
  [
   304.0820521587776,
   853.2647692938552
  ],
  [
   831.2901934853796,
   574.2504924916923
  ],
  [
   714.4468634004289,
   844.2588869489508
  ],
  [
   151.1076124402464,
   34.17292193006591
  ],
  [
   209.31431592638776,
   121.73186726215538
  ],
  [
   314.5832520869674,
   783.7239754217284
  ],
  [
   442.12418936235616,
   658.2115315454287
  ],
  [
   967.827078069934,
   518.3052168962556
  ],
  [
   633.5361927253635,
   395.9415043198942
  ],
  [
   94.19662195370432,
   365.6719157838878
  ],
  [
   899.1109483334415,
   437.6438900748651
  ],
  [
   959.938507813666,
   209.51995452064222
  ],
  [
   757.4298650379567,
   596.5303451701645
  ],
  [
   645.478761806893,
   136.73453424005444
  ],
  [
   596.5908267228941,
   694.3445907242362
  ],
  [
   737.496330766737,
   722.5809481288337
  ],
  [
   811.2801449537466,
   255.70878756466882
  ],
  [
   308.7129998565073,
   281.1969466316357
  ],
  [
   356.014254338769,
   967.827078069934
  ],
  [
   182.41519609921016,
   236.55353120406903
  ],
  [
   707.0259550638519,
   196.29612189078074
  ],
  [
   95.94364478723445,
   161.10083286541504
  ],
  [
   967.827078069934,
   449.3556374344939
  ],
  [
   599.0756014386978,
   588.7895931583429
  ],
  [
   505.72572144373555,
   405.07089671761923
  ],
  [
   868.3980823836362,
   808.6586057661191
  ],
  [
   219.21856002991152,
   967.827078069934
  ],
  [
   756.4332971237568,
   295.07050360939
  ],
  [
   687.7223164919984,
   603.6799010939166
  ],
  [
   437.76186272375963,
   34.17292193006591
  ],
  [
   34.17292193006591,
   780.9496977494448
  ],
  [
   377.3094560287244,
   96.55230512141769
  ],
  [
   34.17292193006591,
   321.1791635074833
  ],
  [
   877.1072709777563,
   268.6094681392554
  ],
  [
   34.17292193006591,
   933.5876187273681
  ],
  [
   938.8399742062574,
   44.72475018452715
  ],
  [
   660.4356525029992,
   716.7234397781797
  ],
  [
   947.5424348237683,
   354.48194313345596
  ],
  [
   384.13293579356815,
   458.1139759163885
  ],
  [
   298.9939892133356,
   402.5555404761168
  ],
  [
   230.66931539666874,
   34.17292193006591
  ],
  [
   860.2055503060731,
   662.5441594042175
  ],
  [
   630.0199502055985,
   529.9803293517708
  ],
  [
   62.2383684913263,
   458.2182542790895
  ],
  [
   300.12233937681367,
   468.93132793080275
  ],
  [
   111.20017056694182,
   227.40420196382408
  ],
  [
   446.1024578892579,
   131.6068549158714
  ],
  [
   886.9275675901658,
   202.3192332738139
  ],
  [
   330.83007213451793,
   579.2430154615694
  ],
  [
   268.682832456011,
   154.6385495284949
  ],
  [
   72.62290194048974,
   34.17292193006591
  ],
  [
   129.46915380535495,
   432.28637425173287
  ],
  [
   610.7120234984545,
   34.17292193006591
  ],
  [
   800.971227269383,
   802.3384238855343
  ],
  [
   373.44909882476685,
   692.6567699929675
  ],
  [
   453.75753368236127,
   910.6088139607899
  ],
  [
   464.2719473193166,
   595.4910881105266
  ],
  [
   501.84915200100124,
   688.1706679729097
  ],
  [
   779.0980922349002,
   530.1646332193203
  ],
  [
   697.1481578943518,
   415.36835818689724
  ],
  [
   165.78724721077495,
   172.10043793026276
  ],
  [
   225.0092690342917,
   405.40984023903155
  ],
  [
   928.557334356084,
   132.01695597418353
  ],
  [
   541.6813090617526,
   34.17292193006591
  ],
  [
   384.1953825125692,
   624.1289760916073
  ],
  [
   967.827078069934,
   587.054316700972
  ],
  [
   34.17292193006591,
   848.0710495764141
  ],
  [
   789.4167856735102,
   868.3855540420556
  ],
  [
   477.2345632558992,
   826.681831851434
  ],
  [
   262.78296118649973,
   567.346971729379
  ],
  [
   808.5886442754891,
   447.3875998891208
  ],
  [
   121.13590018778349,
   914.9615945552285
  ],
  [
   525.3432102950026,
   194.26321218189634
  ],
  [
   773.2773592622814,
   132.58236260080577
  ],
  [
   528.248239910496,
   285.9982534368156
  ],
  [
   241.6540188796571,
   271.4484155106624
  ],
  [
   108.4231397957696,
   95.5583080126818
  ],
  [
   351.71514613434124,
   516.0007448896605
  ],
  [
   898.49538733342,
   545.5442732745641
  ],
  [
   417.4776140620435,
   309.49655419486606
  ],
  [
   34.17292193006591,
   544.0076308024807
  ],
  [
   544.0901493356906,
   842.7772517207253
  ],
  [
   499.29577904429834,
   86.84921299646292
  ],
  [
   34.17292193006591,
   394.5221429530355
  ]
 ]
}