{
 "Object_Radius": 30.157201754605374,
 "Object_Shape": "disc",
 "Workspace_Density": 0.4,
 "Workspace_Height": 1000,
 "Workspace_Width": 1000,
 "number_of_objects": 140,
 "point_list": [
  [
   518.1676263058805,
   581.4233376639496
  ],
  [
   331.42722155801283,
   824.9425849071545
  ],
  [
   34.17292193006591,
   901.0996933787084
  ],
  [
   457.91143059022,
   760.4023196090958
  ],
  [
   619.9766702295133,
   967.827078069934
  ],
  [
   908.6293708577566,
   477.8650610244765
  ],
  [
   34.17292193006591,
   656.0624119688463
  ],
  [
   95.62735995416293,
   628.4084167937868
  ],
  [
   967.827078069934,
   860.030089677714
  ],
  [
   876.8113881875901,
   291.2588292156745
  ],
  [
   291.0536738020198,
   967.827078069934
  ],
  [
   255.22164060434736,
   199.89213700629836
  ],
  [
   669.0969420413685,
   581.4941875118244
  ],
  [
   638.3364968751104,
   708.5874636066945
  ],
  [
   967.827078069934,
   656.5378856487705
  ],
  [
   159.21972676113523,
   299.0572313388633
  ],
  [
   613.3024186028439,
   363.4776094601133
  ],
  [
   451.77583986213784,
   592.9011590811511
  ],
  [
   199.64189592266618,
   480.9962121672884
  ],
  [
   733.9750379124378,
   336.5184811691169
  ],
  [
   426.2880427690906,
   262.7802894780059
  ],
  [
   699.8305998476011,
   48.550378746525816
  ],
  [
   473.3851459276499,
   848.3040024610815
  ],
  [
   443.25866883605426,
   192.77465655080317
  ],
  [
   737.7039833235276,
   574.0147324351731
  ],
  [
   724.5865935151414,
   207.70617759297804
  ],
  [
   206.95386545560157,
   71.36449345143387
  ],
  [
   233.0763402690882,
   934.5884057294033
  ],
  [
   176.65841061855798,
   654.2519271198366
  ],
  [
   718.0221554528715,
   423.78830114878144
  ],
  [
   595.8813882925012,
   163.49068233503297
  ],
  [
   100.36941579223996,
   332.51015175653015
  ],
  [
   267.37025317260833,
   115.45462675686957
  ],
  [
   389.2129332314757,
   760.2585235842025
  ],
  [
   409.9386540395003,
   329.4768976067021
  ],
  [
   967.827078069934,
   381.19473159856045
  ],
  [
   967.827078069934,
   247.15121467211492
  ],
  [
   530.6069657521809,
   297.2386450207343
  ],
  [
   705.6012730178027,
   682.5062474677004
  ],
  [
   571.0124676765226,
   509.7893364059171
  ],
  [
   836.6856864309351,
   62.255543500437675
  ],
  [
   967.827078069934,
   447.9040188228852
  ],
  [
   510.5716088974127,
   905.4255032129822
  ],
  [
   326.77248373068875,
   734.9290496802214
  ],
  [
   358.2546742374087,
   894.1287659436097
  ],
  [
   222.39415587844874,
   706.5386980110119
  ],
  [
   829.4717118954303,
   893.7306379029453
  ],
  [
   712.4716531545223,
   273.51583271401887
  ],
  [
   457.5390504220281,
   112.89525475028773
  ],
  [
   884.2055398830262,
   651.3069018054982
  ],
  [
   603.4555245644755,
   569.3812773635833
  ],
  [
   967.827078069934,
   314.69638329096614
  ],
  [
   849.1520291550489,
   594.0774944940944
  ],
  [
   967.827078069934,
   179.5888033589116
  ],
  [
   896.5557315741544,
   875.6250653661517
  ],
  [
   44.30788762841093,
   967.827078069934
  ],
  [
   632.11003316233,
   34.17292193006591
  ],
  [
   274.4533813861611,
   361.3495597672037
  ],
  [
   188.13167461507805,
   226.40402719534285
  ],
  [
   648.0737241939994,
   257.451419668416
  ],
  [
   128.95290574182894,
   34.17292193006591
  ],
  [
   864.6804832505719,
   741.9605940659237
  ],
  [
   826.6023169134797,
   967.827078069934
  ],
  [
   954.4785935188593,
   764.5511926131612
  ],
  [
   667.8506527096764,
   323.7436258764622
  ],
  [
   34.17292193006591,
   831.8719875064529
  ],
  [
   372.521427063277,
   967.827078069934
  ],
  [
   151.89740100788495,
   815.1723267404766
  ],
  [
   633.5840967065228,
   638.0361285090039
  ],
  [
   808.1223381441939,
   826.4098866791086
  ],
  [
   967.827078069934,
   42.615567037172276
  ],
  [
   209.5060711419434,
   594.5054234745485
  ],
  [
   266.15999267418147,
   654.7724482432476
  ],
  [
   686.5710568172033,
   967.827078069934
  ],
  [
   845.9005974295708,
   456.2394493319572
  ],
  [
   396.15928254908187,
   34.17292193006591
  ],
  [
   711.3296148609166,
   826.6566474696933
  ],
  [
   241.5611269190904,
   302.88427630013837
  ],
  [
   34.17292193006591,
   169.59113371559988
  ],
  [
   111.0923591344115,
   907.407963893403
  ],
  [
   672.7880060894923,
   165.76607785841728
  ],
  [
   567.0260558436934,
   766.7619208337312
  ],
  [
   519.5917898733109,
   86.20435069890655
  ],
  [
   784.6772649770506,
   380.2406917731205
  ],
  [
   740.9548523623282,
   101.89518547542117
  ],
  [
   240.42555226292268,
   533.3265426877292
  ],
  [
   342.81173521721,
   93.82453198627492
  ],
  [
   351.53819396033987,
   611.1582764129217
  ],
  [
   425.2121717665312,
   430.0442493470848
  ],
  [
   901.5351894858319,
   34.17292193006591
  ],
  [
   34.17292193006591,
   500.946447627796
  ],
  [
   936.9782448900116,
   592.7449428691135
  ],
  [
   545.9233361546845,
   374.354978688741
  ],
  [
   825.9558640453198,
   522.2926625701715
  ],
  [
   131.51184878878755,
   745.6345088800311
  ],
  [
   498.0158773980953,
   232.51768315152083
  ],
  [
   752.9460999567387,
   966.1953558057438
  ],
  [
   295.90679071349234,
   256.9354330046166
  ],
  [
   780.138439072865,
   447.3858521519795
  ],
  [
   613.9512055113024,
   98.9432233750393
  ],
  [
   893.5856179008966,
   542.507075378743
  ],
  [
   521.6994679426251,
   718.3092715701287
  ],
  [
   210.4407462321802,
   871.930918936923
  ],
  [
   462.93809060189,
   34.17292193006591
  ],
  [
   817.4751962080769,
   322.3374004113815
  ],
  [
   34.17292193006591,
   344.32941557112844
  ],
  [
   479.5770504639078,
   373.89451523109966
  ],
  [
   753.5503637192381,
   508.96623503134344
  ],
  [
   851.2273250728443,
   388.683482744543
  ],
  [
   34.17292193006591,
   410.95234694872033
  ],
  [
   308.06094078084146,
   559.9139501544872
  ],
  [
   806.8194620350423,
   703.9916926132541
  ],
  [
   52.280875279373106,
   271.7116316999165
  ],
  [
   921.5734666943184,
   706.7889274300913
  ],
  [
   358.24115999080465,
   282.7973749759479
  ],
  [
   649.9766824222335,
   426.03587113231293
  ],
  [
   967.827078069934,
   515.346617185689
  ],
  [
   106.79654381798603,
   502.32923999103775
  ],
  [
   586.5744128588699,
   855.8650268704196
  ],
  [
   262.3956614994512,
   811.3828272564771
  ],
  [
   578.7492249357675,
   679.2388244273988
  ],
  [
   791.3084751001,
   256.6557188345552
  ],
  [
   340.9908346206508,
   494.6323509554522
  ],
  [
   414.49828859022784,
   527.6221775082585
  ],
  [
   788.8367453767711,
   172.74751381290892
  ],
  [
   773.3687223476284,
   34.17292193006591
  ],
  [
   657.2042154167832,
   905.5328233679797
  ],
  [
   922.0072830037117,
   130.3293455993398
  ],
  [
   145.3518787056751,
   559.7157966816692
  ],
  [
   345.3911232596301,
   351.9261120786916
  ],
  [
   299.09368237136346,
   425.95804447459597
  ],
  [
   758.5887870288523,
   638.8343523356024
  ],
  [
   417.0284017250631,
   653.0340522648488
  ],
  [
   67.71261138854989,
   567.3057687413004
  ],
  [
   967.827078069934,
   963.8328043700336
  ],
  [
   59.50580575323732,
   770.2655604841492
  ],
  [
   719.7107960192018,
   749.6310982304941
  ],
  [
   725.7040100389859,
   892.1579617535633
  ],
  [
   291.56805497005524,
   890.837159455105
  ],
  [
   583.2379018168419,
   230.6179095828079
  ]
 ]
}