{
 "Object_Radius": 30.157201754605374,
 "Object_Shape": "disc",
 "Workspace_Density": 0.4,
 "Workspace_Height": 1000,
 "Workspace_Width": 1000,
 "number_of_objects": 140,
 "point_list": [
  [
   802.5287740517505,
   195.29814315058024
  ],
  [
   967.827078069934,
   967.827078069934
  ],
  [
   34.17292193006591,
   957.5082925028889
  ],
  [
   394.57987377541906,
   100.58108190918063
  ],
  [
   749.4652460753439,
   840.1124471222952
  ],
  [
   936.9272742989446,
   34.17292193006591
  ],
  [
   493.07722289282384,
   306.1608351377299
  ],
  [
   742.1308486881621,
   622.4232919613739
  ],
  [
   716.4099465681267,
   559.845344713999
  ],
  [
   922.1058469686245,
   853.3961922958939
  ],
  [
   724.9981034308454,
   359.15893274386906
  ],
  [
   806.2144021437388,
   967.827078069934
  ],
  [
   261.10722911924336,
   127.04784305704331
  ],
  [
   784.0947251946932,
   445.10971520748564
  ],
  [
   809.0639848629986,
   625.4476135062984
  ],
  [
   611.1926895897062,
   413.070586679593
  ],
  [
   297.66244829355014,
   214.83415773493826
  ],
  [
   190.86182874626948,
   175.80354243084662
  ],
  [
   827.4946866629576,
   261.72760143162196
  ],
  [
   629.7247937338493,
   967.827078069934
  ],
  [
   34.17292193006591,
   266.44032285461645
  ],
  [
   202.09568139513175,
   34.17292193006591
  ],
  [
   327.21263551824137,
   137.96146702457617
  ],
  [
   544.4880871751545,
   672.0339780057734
  ],
  [
   540.4950356654808,
   943.8874974740185
  ],
  [
   645.2094894710341,
   533.7601923191997
  ],
  [
   426.43066540628854,
   594.6502644178516
  ],
  [
   34.17292193006591,
   510.05060337825824
  ],
  [
   967.827078069934,
   606.1036816879899
  ],
  [
   967.827078069934,
   901.4812342280784
  ],
  [
   319.3874169161783,
   912.3639941162998
  ],
  [
   967.827078069934,
   449.47834709590177
  ],
  [
   909.3736089178958,
   413.663489382672
  ],
  [
   270.1966405831855,
   861.8478619561241
  ],
  [
   462.4245445787914,
   950.4518445853681
  ],
  [
   220.9560880265299,
   575.0470180170041
  ],
  [
   209.60266875942222,
   416.29917434702344
  ],
  [
   741.5100462161954,
   248.18276037976673
  ],
  [
   83.48714188032972,
   901.4192604921342
  ],
  [
   101.54146570496938,
   733.770736489831
  ],
  [
   857.9196235142014,
   122.40066870152738
  ],
  [
   72.68725416109578,
   796.6139520034733
  ],
  [
   275.6593718249834,
   617.5433962943824
  ],
  [
   901.2342960214363,
   967.827078069934
  ],
  [
   697.0604571002273,
   115.58654870269828
  ],
  [
   554.4273120390367,
   450.9794565930883
  ],
  [
   904.1090743921623,
   482.2285531677262
  ],
  [
   282.8698299277655,
   967.827078069934
  ],
  [
   96.62012422378301,
   102.59211158943887
  ],
  [
   499.67063366209834,
   851.0319102906934
  ],
  [
   34.17292193006591,
   644.0721370960432
  ],
  [
   790.2844461398099,
   689.6728188340376
  ],
  [
   640.3807931797735,
   191.0779250724247
  ],
  [
   138.81842036249867,
   788.7434368764135
  ],
  [
   967.827078069934,
   805.2027993358843
  ],
  [
   967.827078069934,
   738.8036509676483
  ],
  [
   185.425389559806,
   715.7111593170129
  ],
  [
   896.6848887585616,
   622.4413569994496
  ],
  [
   630.1143726346579,
   672.2342972027838
  ],
  [
   680.5973373719123,
   840.6471440885382
  ],
  [
   730.2873078683448,
   34.17292193006591
  ],
  [
   556.4094788014238,
   560.9899126168127
  ],
  [
   903.8492007707612,
   756.6629920694658
  ],
  [
   189.0228677545851,
   100.39605575337536
  ],
  [
   685.8221878139512,
   413.13883024076364
  ],
  [
   584.6681304682018,
   237.39232746541438
  ],
  [
   34.17292193006591,
   130.8674697113669
  ],
  [
   967.827078069934,
   539.7573938773347
  ],
  [
   835.8669993579058,
   751.869300623868
  ],
  [
   285.5233361560323,
   684.8878621433239
  ],
  [
   733.9572793380125,
   737.0859643024045
  ],
  [
   511.5242768877697,
   159.8257199531798
  ],
  [
   967.827078069934,
   291.0474693448881
  ],
  [
   905.9554188096007,
   345.07958584554797
  ],
  [
   631.0579602882116,
   796.385985320126
  ],
  [
   97.2644546785435,
   473.640430484971
  ],
  [
   212.9470382843817,
   506.92945323094114
  ],
  [
   286.4428426565239,
   421.81323161625556
  ],
  [
   95.4457741792411,
   609.3232456036163
  ],
  [
   129.33878980718316,
   343.2354642690346
  ],
  [
   305.31981852253256,
   752.3919393871131
  ],
  [
   568.4038713561694,
   774.1534102379464
  ],
  [
   461.58430239358677,
   107.2556702715533
  ],
  [
   429.6681467642967,
   226.20407049518494
  ],
  [
   688.9383874172191,
   480.2750311505672
  ],
  [
   766.5087005553655,
   906.1839954401681
  ],
  [
   58.25831630320653,
   331.47705431926545
  ],
  [
   661.575437132576,
   737.2902304390889
  ],
  [
   127.89717825231602,
   668.0084256890659
  ],
  [
   508.23750268537594,
   401.8759303783643
  ],
  [
   924.6261779087723,
   104.16200636092408
  ],
  [
   211.1190640882844,
   967.827078069934
  ],
  [
   126.57437424811371,
   260.1335919480603
  ],
  [
   559.1683970878989,
   323.63928581861467
  ],
  [
   302.69908453078887,
   322.8398598233213
  ],
  [
   142.45057131458927,
   424.48314250316383
  ],
  [
   967.827078069934,
   217.9403754190974
  ],
  [
   299.93295359919625,
   499.4126264130758
  ],
  [
   34.17292193006591,
   576.4201093049171
  ],
  [
   433.3179068604296,
   830.7188513619657
  ],
  [
   209.9649592832748,
   899.882121813087
  ],
  [
   967.827078069934,
   369.1520629263027
  ],
  [
   402.3341091172739,
   663.0263090558734
  ],
  [
   392.40978639543977,
   967.827078069934
  ],
  [
   776.3183152193604,
   316.8761098224528
  ],
  [
   622.1806667508989,
   346.71711090323896
  ],
  [
   218.6406234614765,
   307.8327373137799
  ],
  [
   967.827078069934,
   672.4546771932894
  ],
  [
   34.17292193006591,
   440.75761377173814
  ],
  [
   82.09840529750267,
   393.5527403617757
  ],
  [
   355.8092265665268,
   440.63884032886983
  ],
  [
   719.2142620910571,
   185.53728144447868
  ],
  [
   510.29409468451905,
   741.1745137829928
  ],
  [
   899.010806331612,
   267.98791542106363
  ],
  [
   378.41797527200987,
   878.1499222681322
  ],
  [
   738.2014041378458,
   967.827078069934
  ],
  [
   868.5496118751388,
   34.17292193006591
  ],
  [
   339.65388133664953,
   639.5506134622655
  ],
  [
   34.17292193006591,
   197.50456469183104
  ],
  [
   849.9886213504154,
   528.6113449789843
  ],
  [
   579.261328881415,
   164.0635025662909
  ],
  [
   492.65213022488985,
   502.53003384722604
  ],
  [
   34.17292193006591,
   741.9634506399864
  ],
  [
   672.0959989117742,
   907.3646411172286
  ],
  [
   542.2220252785716,
   62.95315745172801
  ],
  [
   648.1137887452012,
   34.17292193006591
  ],
  [
   340.8873288216999,
   810.3197797787876
  ],
  [
   424.8558726685238,
   34.17292193006591
  ],
  [
   865.7826204169947,
   818.1078329455612
  ],
  [
   847.228998085218,
   902.7765488302535
  ],
  [
   801.5677735196314,
   34.17292193006591
  ],
  [
   362.0430797893161,
   364.0190655920453
  ],
  [
   423.0596693131131,
   318.43737572295464
  ],
  [
   673.2008284618369,
   613.2184093500257
  ],
  [
   496.1620796365024,
   596.1761592949712
  ],
  [
   841.5125434293461,
   398.99666912524185
  ],
  [
   840.8709694066158,
   332.1995998377783
  ],
  [
   34.17292193006591,
   854.260120518706
  ],
  [
   641.6892308380224,
   282.5472099062234
  ],
  [
   135.319427445848,
   47.679438447503884
  ]
 ]
}