{
 "Object_Length": 138.01311186847084,
 "Object_Shape": "cuboid",
 "Object_Width": 41.403933560541255,
 "Workspace_Density": 0.2,
 "Workspace_Height": 1000,
 "Workspace_Width": 1000,
 "number_of_objects": 35,
 "point_list": [
  [
   600.9388915978377,
   912.155898660655,
   0.498923440098
  ],
  [
   269.2871971817399,
   236.1933416012415,
   0.663741536216
  ],
  [
   635.3741592534367,
   212.75174537806322,
   2.08658188437
  ],
  [
   910.4869793849325,
   108.56481728888886,
   0.194539983108
  ],
  [
   135.26134132793663,
   579.9539100114416,
   1.1571449502
  ],
  [
   133.5643093680256,
   125.47547425441988,
   2.63339599519
  ],
  [
   89.87081318716027,
   407.763360652138,
   1.9669786186
  ],
  [
   710.1467431879589,
   911.983509213585,
   0.680046566632
  ],
  [
   395.81647766652804,
   552.1969203020243,
   1.79066052513
  ],
  [
   504.2929827378224,
   588.3037075700023,
   0.771960446254
  ],
  [
   443.66618416273735,
   816.7293703023655,
   2.19007809538
  ],
  [
   645.5763456150654,
   808.9399547180403,
   3.12778531824
  ],
  [
   582.325359130787,
   319.86214419837046,
   0.836376796532
  ],
  [
   298.3695833271344,
   369.1895969105176,
   2.74701374393
  ],
  [
   326.8218947252827,
   703.1006351494306,
   0.314979364959
  ],
  [
   395.7749879351612,
   193.98777209536826,
   0.52184783753
  ],
  [
   596.7536171968069,
   95.57225909010215,
   2.82619485498
  ],
  [
   202.34291478716656,
   866.1464715251931,
   2.89778971071
  ],
  [
   850.1855144819075,
   300.3960050355731,
   3.07036335099
  ],
  [
   268.0102980539515,
   560.7180164533263,
   1.65189018432
  ],
  [
   785.6097058812832,
   736.5262862628564,
   2.31868476058
  ],
  [
   639.9436376828568,
   716.7792603151154,
   0.654726106492
  ],
  [
   405.05669823448153,
   370.8148578377374,
   1.75679752224
  ],
  [
   559.924634918088,
   501.09576099993757,
   1.82368588814
  ],
  [
   488.0105656066287,
   449.5007838411375,
   1.67662166926
  ],
  [
   747.5232100852569,
   406.1712713731448,
   1.80693731068
  ],
  [
   909.7116076886324,
   553.5105988962729,
   3.05377352392
  ],
  [
   484.9606738891439,
   108.90049487148129,
   0.852072763521
  ],
  [
   796.5064106006788,
   123.4894394148995,
   1.25575275171
  ],
  [
   183.45745040238518,
   384.64237488835624,
   0.999102710145
  ],
  [
   708.2889465621915,
   292.0389062397605,
   0.00495712466335
  ],
  [
   772.0224002202258,
   25.886531828201754,
   0.0279343469961
  ],
  [
   185.01138520934208,
   263.8702405842452,
   1.02365978667
  ],
  [
   889.4059646132534,
   446.24398590937636,
   0.596368519896
  ],
  [
   703.5516275282924,
   96.89624563586514,
   1.11935382127
  ]
 ]
}