{
 "Object_Length": 138.01311186847084,
 "Object_Shape": "cuboid",
 "Object_Width": 41.403933560541255,
 "Workspace_Density": 0.2,
 "Workspace_Height": 1000,
 "Workspace_Width": 1000,
 "number_of_objects": 35,
 "point_list": [
  [
   502.6189308136224,
   450.3798261776054,
   3.10266280328
  ],
  [
   652.0004176828921,
   368.3418028444956,
   0.298272314912
  ],
  [
   352.1603994059991,
   825.4244334227153,
   2.31170249835
  ],
  [
   448.05882607459495,
   796.0689533882264,
   1.86926987155
  ],
  [
   891.9756810112752,
   729.6109803886366,
   2.30871744422
  ],
  [
   390.42410270349643,
   222.61180125325245,
   1.05037204837
  ],
  [
   529.9030420982654,
   154.39947618499278,
   2.06405776266
  ],
  [
   272.24417423077426,
   201.28974084042574,
   2.1196915202
  ],
  [
   309.6817259412059,
   539.9290697588224,
   1.36621777065
  ],
  [
   819.9420683904889,
   868.57248838079,
   1.08763310747
  ],
  [
   122.61135583015958,
   273.96583977437683,
   2.64631706348
  ],
  [
   495.1591249962448,
   548.6979532577867,
   2.15670547938
  ],
  [
   120.71802424281395,
   635.2898274110006,
   0.565254548132
  ],
  [
   772.5703719685793,
   484.51788111128786,
   0.137539716663
  ],
  [
   610.6819418765181,
   476.9337722249543,
   1.80499947072
  ],
  [
   908.651173371753,
   393.6399232686606,
   0.884528358553
  ],
  [
   924.6919009990157,
   608.8554961226196,
   0.881458941307
  ],
  [
   762.5427350446682,
   327.08812078514984,
   1.6820062054
  ],
  [
   666.234802549079,
   233.31160318514134,
   1.25706925999
  ],
  [
   446.72695269376146,
   87.61896424862506,
   1.45698435621
  ],
  [
   889.4199638350902,
   180.65239215274522,
   1.41789044671
  ],
  [
   672.6819549830777,
   756.1446753893138,
   0.580922409634
  ],
  [
   607.1006697348894,
   585.9544201318349,
   0.170141664082
  ],
  [
   152.58238209140023,
   833.5105214705413,
   0.283787226095
  ],
  [
   666.1251726309445,
   893.7685592646279,
   1.93015473026
  ],
  [
   334.54559300081144,
   369.24435367732883,
   1.5075384003
  ],
  [
   952.2079194731498,
   241.57841204815844,
   1.41561084954
  ],
  [
   79.90485032007015,
   479.05744085291906,
   0.397789226274
  ],
  [
   742.1653768719247,
   171.51140524673994,
   2.19513896798
  ],
  [
   543.4784889118754,
   271.29109986865836,
   0.0112896116428
  ],
  [
   189.14020343312706,
   134.3358424549726,
   0.32120132131
  ],
  [
   715.9710395264341,
   572.9056967118468,
   1.11795035986
  ],
  [
   780.2143766402994,
   719.8305679029099,
   1.36164313764
  ],
  [
   418.1984935302479,
   535.3402008965363,
   2.46119279145
  ],
  [
   715.1390990398206,
   98.43982048175329,
   2.4980231574
  ]
 ]
}