{
 "Object_Length": 138.01311186847084,
 "Object_Shape": "cuboid",
 "Object_Width": 41.403933560541255,
 "Workspace_Density": 0.2,
 "Workspace_Height": 1000,
 "Workspace_Width": 1000,
 "number_of_objects": 35,
 "point_list": [
  [
   931.543063911795,
   844.338251661337,
   1.42944978762
  ],
  [
   925.9018389247926,
   260.91505533625946,
   0.157192037906
  ],
  [
   558.4527962667959,
   141.34075858473716,
   2.89973364495
  ],
  [
   873.4002475485511,
   102.18739831896725,
   0.0774141655661
  ],
  [
   76.83886219148265,
   712.5825308425901,
   1.27510066433
  ],
  [
   322.0546419196391,
   695.0372496869385,
   2.20487203076
  ],
  [
   822.011229458079,
   893.1260955250851,
   0.291178584848
  ],
  [
   540.7596582686826,
   600.7117591012425,
   2.97677408865
  ],
  [
   462.59868185044115,
   464.11507111033825,
   0.413574206971
  ],
  [
   572.1651786588872,
   729.9689299191283,
   1.10880135986
  ],
  [
   384.7202243044026,
   832.6395824157246,
   2.80378415438
  ],
  [
   687.6199005384588,
   587.0381162289925,
   2.07480638178
  ],
  [
   627.0508414662573,
   477.81503224906334,
   1.90799819011
  ],
  [
   151.18969212522137,
   87.06451400293525,
   1.56103612683
  ],
  [
   496.6892674392744,
   208.1771287046775,
   0.408519921366
  ],
  [
   743.6824497315562,
   740.0340605770759,
   2.2421751216
  ],
  [
   363.19732850756577,
   249.32519333319573,
   0.949954341735
  ],
  [
   210.10089252192546,
   661.4786671026345,
   0.337533758893
  ],
  [
   688.0961098764461,
   314.21149559981893,
   2.49933450005
  ],
  [
   231.51593953653827,
   158.08729115964667,
   2.54953563625
  ],
  [
   326.066370806704,
   555.1020457850559,
   1.97100900366
  ],
  [
   136.47870560402276,
   899.2554302571317,
   1.24744718104
  ],
  [
   112.4816637224381,
   244.32832267915808,
   2.52660304641
  ],
  [
   843.8407339536133,
   625.5654279185811,
   0.493304455493
  ],
  [
   977.250373267711,
   708.7557723920817,
   1.54673658997
  ],
  [
   931.4282700030769,
   430.5781479255257,
   2.42115968401
  ],
  [
   609.014360536491,
   921.4254202814034,
   3.13596699396
  ],
  [
   52.24392925211987,
   849.1465278905225,
   1.2048638924
  ],
  [
   727.9864405522978,
   102.66546991527724,
   2.03222746718
  ],
  [
   186.38880680755608,
   414.50512761030353,
   0.876658586758
  ],
  [
   321.6523747963615,
   347.3659837384628,
   2.50389136862
  ],
  [
   384.26598704099706,
   927.8608094288337,
   0.00140530359165
  ],
  [
   489.99496315536544,
   835.0680675026347,
   2.60022499338
  ],
  [
   777.0447359850906,
   197.2593728953509,
   2.32782084264
  ],
  [
   97.37857237056892,
   476.03759291937536,
   0.864357459741
  ]
 ]
}