{
 "Object_Length": 138.01311186847084,
 "Object_Shape": "cuboid",
 "Object_Width": 41.403933560541255,
 "Workspace_Density": 0.2,
 "Workspace_Height": 1000,
 "Workspace_Width": 1000,
 "number_of_objects": 35,
 "point_list": [
  [
   212.2086333341699,
   480.2774410559531,
   1.91923041336
  ],
  [
   888.434236748212,
   134.6688627980134,
   0.688092460818
  ],
  [
   586.7569678418464,
   545.1636561565089,
   2.09954699868
  ],
  [
   300.390039804288,
   162.50723605521574,
   1.1057826926
  ],
  [
   638.5908493815258,
   366.9213858909169,
   0.74960701837
  ],
  [
   475.2819033730237,
   112.98251365008035,
   1.72887573401
  ],
  [
   841.3728700908836,
   508.4594278197195,
   1.72907483253
  ],
  [
   107.40601325355658,
   884.7454847310939,
   1.96708062591
  ],
  [
   47.72853084807144,
   434.485025183088,
   1.37468863939
  ],
  [
   91.97431540412808,
   181.08466701421918,
   1.92468189767
  ],
  [
   961.1347034239726,
   773.5240970613814,
   1.80263612807
  ],
  [
   515.2167205561109,
   822.3424939595288,
   1.92356434076
  ],
  [
   470.9293138195482,
   657.7697924873282,
   2.31387626664
  ],
  [
   383.7970862746998,
   203.63278783312361,
   2.15303601603
  ],
  [
   282.85174186937525,
   713.8399519131983,
   2.50345258499
  ],
  [
   334.0566218163959,
   468.69399546427803,
   1.44021571556
  ],
  [
   625.1886934043637,
   712.7919596210905,
   0.836484062338
  ],
  [
   212.60752726486538,
   136.1915306771379,
   1.16620673511
  ],
  [
   325.35913324823866,
   817.2401409805132,
   1.03898176885
  ],
  [
   742.1410968451645,
   280.2837522498051,
   2.67121612437
  ],
  [
   710.0136843658956,
   554.7048280324591,
   0.468455157589
  ],
  [
   832.6418622357688,
   659.6787917145778,
   0.613691863808
  ],
  [
   797.9821706432306,
   882.1410261968438,
   0.552321512333
  ],
  [
   117.51003600624564,
   581.7126354752617,
   0.87044954768
  ],
  [
   70.75894232408898,
   748.4187160241188,
   1.46997725037
  ],
  [
   652.2688885977739,
   245.93621769781655,
   3.06097083592
  ],
  [
   270.50662842190036,
   857.8560867703585,
   1.09845935559
  ],
  [
   763.3226971507344,
   114.62444217896837,
   1.03457486321
  ],
  [
   449.70975104006726,
   558.5601532351723,
   2.78332526395
  ],
  [
   910.2070968855662,
   854.7146559072377,
   0.411848497709
  ],
  [
   283.5327070996839,
   362.61818535034496,
   3.12284280102
  ],
  [
   163.92232351335394,
   337.67486458628696,
   2.231941817
  ],
  [
   415.6714695758643,
   785.9577872446413,
   2.5536791322
  ],
  [
   525.4642524599592,
   436.23624951624583,
   2.50426390936
  ],
  [
   705.4825516802794,
   840.0646424889188,
   1.53329202218
  ]
 ]
}