{
 "Object_Length": 138.01311186847084,
 "Object_Shape": "cuboid",
 "Object_Width": 41.403933560541255,
 "Workspace_Density": 0.2,
 "Workspace_Height": 1000,
 "Workspace_Width": 1000,
 "number_of_objects": 35,
 "point_list": [
  [
   152.61410525307855,
   176.58181305714803,
   2.35738991695
  ],
  [
   81.88755332749736,
   900.0344839194651,
   2.25979081075
  ],
  [
   786.4172998997767,
   171.91844682529984,
   0.659605314874
  ],
  [
   239.79140732546023,
   918.8434236512561,
   1.71209023635
  ],
  [
   769.83735440569,
   863.8943849959555,
   1.47995187349
  ],
  [
   513.5747101612125,
   902.16613817222,
   2.41751578628
  ],
  [
   771.6277703221657,
   652.8871914997945,
   0.639505220927
  ],
  [
   637.6927775253885,
   300.0919355919116,
   0.907069270791
  ],
  [
   874.8192468391144,
   537.60371626299,
   2.75494670297
  ],
  [
   579.0949116187377,
   117.53669924398034,
   1.54139059807
  ],
  [
   577.2222424926733,
   416.34882230392196,
   1.12696930512
  ],
  [
   572.2017935811435,
   764.38923054856,
   0.181821160818
  ],
  [
   710.7240387961307,
   556.8039482745891,
   0.116304367991
  ],
  [
   246.38018592249313,
   411.92497962452865,
   1.79814971577
  ],
  [
   484.06901568403,
   790.602845475293,
   0.569190961781
  ],
  [
   874.8880457987578,
   443.05801726623224,
   2.40680889923
  ],
  [
   323.3231285407888,
   59.38448050438275,
   0.248819365013
  ],
  [
   296.61034724607987,
   552.245456704707,
   0.110755063929
  ],
  [
   903.6427859763796,
   311.44618896851904,
   2.93222712137
  ],
  [
   118.95704285786789,
   791.5088091013245,
   2.72442502627
  ],
  [
   366.0581448021324,
   264.85469923808154,
   0.190288388276
  ],
  [
   954.4303208797418,
   161.96139879460986,
   1.60969924599
  ],
  [
   112.65726530910966,
   77.52379390114544,
   1.08921619826
  ],
  [
   513.6870993295078,
   539.2072685379501,
   2.72457502758
  ],
  [
   68.20272712404801,
   504.79603103052705,
   2.30647025719
  ],
  [
   846.5341619507283,
   138.553865444082,
   0.731445061183
  ],
  [
   393.5486034225851,
   197.3700901051139,
   3.12233779985
  ],
  [
   431.55486259571296,
   503.79234130511105,
   2.55799414203
  ],
  [
   947.0588544073273,
   864.2368015466651,
   1.09037361906
  ],
  [
   439.49718343959614,
   124.78065197320413,
   2.85472020634
  ],
  [
   476.02559042130326,
   47.780348175343825,
   3.01812190469
  ],
  [
   767.1751646100596,
   955.1607469695604,
   3.07350900764
  ],
  [
   220.64546745535853,
   683.273096657059,
   3.12765595798
  ],
  [
   843.222006157021,
   619.1525418931628,
   0.206032130609
  ],
  [
   860.1386992263714,
   901.244122982602,
   0.884549810745
  ]
 ]
}