{
 "Object_Length": 138.01311186847084,
 "Object_Shape": "cuboid",
 "Object_Width": 41.403933560541255,
 "Workspace_Density": 0.2,
 "Workspace_Height": 1000,
 "Workspace_Width": 1000,
 "number_of_objects": 35,
 "point_list": [
  [
   756.5635645839716,
   740.2893275293263,
   0.770022941316
  ],
  [
   102.84622479843769,
   522.8831987049891,
   2.63330854177
  ],
  [
   924.9170015924935,
   353.39733551423785,
   1.3972023672
  ],
  [
   803.5923040007434,
   73.39504965739624,
   1.38323390482
  ],
  [
   316.1286126456714,
   118.52502687961137,
   1.34516081265
  ],
  [
   407.2417273518213,
   718.2360174414532,
   1.13563397239
  ],
  [
   643.1102264676247,
   819.9523728091292,
   1.02213356413
  ],
  [
   378.96632690404425,
   412.600983772565,
   1.32795847026
  ],
  [
   864.4642050284488,
   217.04840927920694,
   2.56820720765
  ],
  [
   258.1940681378246,
   399.44562904547604,
   2.91969995802
  ],
  [
   640.7766051222511,
   351.9378026768469,
   0.389568145515
  ],
  [
   52.88076330461631,
   251.3105566498287,
   1.49701014643
  ],
  [
   795.2606676590838,
   927.0531323313444,
   0.623320031104
  ],
  [
   254.7802709206406,
   169.29459781114465,
   1.05931795783
  ],
  [
   831.5334876505314,
   383.9785808198499,
   2.50106006899
  ],
  [
   515.0583227651064,
   696.5219419750863,
   0.981603802827
  ],
  [
   661.4880898542654,
   664.4954773768775,
   2.22613711877
  ],
  [
   48.45120959772956,
   843.6083956508855,
   1.94320969133
  ],
  [
   160.98755510269206,
   776.8849251338361,
   1.71809983883
  ],
  [
   502.93053321639775,
   433.49422485010695,
   1.4624139688
  ],
  [
   420.43499036704884,
   873.8986651629785,
   1.9597842203
  ],
  [
   144.43857378547708,
   179.64625762390824,
   2.3092977804
  ],
  [
   750.2904358285405,
   285.4351426812094,
   1.57655864178
  ],
  [
   149.5766988367622,
   349.563404546039,
   2.47180159613
  ],
  [
   489.2797194444995,
   192.43619397544856,
   0.584745688981
  ],
  [
   509.9341546611274,
   946.8050819400512,
   0.0167251914188
  ],
  [
   216.99309343614505,
   624.4200841090942,
   2.27716241624
  ],
  [
   707.4056863294911,
   90.6064640438605,
   1.37638772898
  ],
  [
   265.7197764322036,
   456.4099162679421,
   2.82328468814
  ],
  [
   931.9158272881867,
   622.1029072883106,
   1.64679448472
  ],
  [
   776.7261065455169,
   514.6333144447061,
   1.76102193631
  ],
  [
   257.24669047350636,
   908.4202087568226,
   1.93866393144
  ],
  [
   634.4153907547873,
   159.10829312284264,
   2.10587591286
  ],
  [
   267.03226651327145,
   773.2367809022653,
   2.11966023761
  ],
  [
   296.42536558119497,
   546.6559996524499,
   1.02201049418
  ]
 ]
}