{
 "Object_Radius": 72.83656203947194,
 "Object_Shape": "disc",
 "Workspace_Density": 0.5,
 "Workspace_Height": 1000,
 "Workspace_Width": 1000,
 "number_of_objects": 30,
 "point_list": [
  [
   636.4880548210746,
   280.08810324481857
  ],
  [
   354.6145040349131,
   490.1940161949928
  ],
  [
   774.9216293687746,
   375.57338799585654
  ],
  [
   76.75002452105082,
   520.131608557586
  ],
  [
   717.3579569527949,
   76.75002452105082
  ],
  [
   290.8939256584572,
   224.9903467251445
  ],
  [
   517.3098003356031,
   925.2499754054093
  ],
  [
   76.75002452105082,
   794.0721814480589
  ],
  [
   238.78234507685858,
   925.2499718993107
  ],
  [
   925.134001684521,
   76.75002452105082
  ],
  [
   422.33656770738344,
   76.75002452105082
  ],
  [
   530.1385758213203,
   545.9232308557165
  ],
  [
   76.75002452105082,
   365.2181273553661
  ],
  [
   775.3677219169094,
   219.34308871405537
  ],
  [
   400.220204917192,
   330.0494401827317
  ],
  [
   356.378859007695,
   802.4667949521943
  ],
  [
   537.2843043984351,
   394.59165424911436
  ],
  [
   76.75002452105082,
   83.44733526498737
  ],
  [
   233.55847986244473,
   365.8402450554816
  ],
  [
   765.285896122322,
   675.4282070288093
  ],
  [
   925.1658627642992,
   403.5189147927103
  ],
  [
   925.2437171805036,
   242.25276866238542
  ],
  [
   503.02085383300124,
   207.55019600986822
  ],
  [
   924.1820247391308,
   650.9456105952974
  ],
  [
   207.6676716631904,
   604.5753400305393
  ],
  [
   612.1003989307226,
   676.1274860575965
  ],
  [
   670.7970316716707,
   487.25033956007775
  ],
  [
   925.2499732190828,
   823.345312700961
  ],
  [
   414.377853115885,
   647.2844853563014
  ],
  [
   258.7762853940078,
   76.75002452105082
  ]
 ]
}