{
 "Object_Radius": 72.83656203947194,
 "Object_Shape": "disc",
 "Workspace_Density": 0.5,
 "Workspace_Height": 1000,
 "Workspace_Width": 1000,
 "number_of_objects": 30,
 "point_list": [
  [
   261.65657320938965,
   253.56203916444133
  ],
  [
   845.0379892109288,
   491.5183420252802
  ],
  [
   428.2030730728411,
   269.77111879529355
  ],
  [
   229.31601819964672,
   401.56998887881315
  ],
  [
   925.249975473064,
   783.3038621488271
  ],
  [
   524.2556331122555,
   659.1434230910336
  ],
  [
   556.1303847114651,
   925.2499754746182
  ],
  [
   76.75002452105082,
   449.9460056497185
  ],
  [
   743.5673177513625,
   201.22647960164392
  ],
  [
   314.695556028364,
   747.1655631851803
  ],
  [
   381.70523997239764,
   592.9013377280412
  ],
  [
   303.0123473948785,
   76.75002452105082
  ],
  [
   459.73162504951085,
   796.2161265169185
  ],
  [
   458.53679654711596,
   76.75002452105082
  ],
  [
   228.825855747831,
   925.2499754745938
  ],
  [
   396.8257049427523,
   424.1727318992812
  ],
  [
   231.39613966362282,
   572.3252360286474
  ],
  [
   573.6182977113502,
   515.6632299366834
  ],
  [
   588.2003080203156,
   312.5942672870406
  ],
  [
   923.5479438712085,
   76.75002452105082
  ],
  [
   925.2497382089879,
   621.7625550280346
  ],
  [
   617.9569464422918,
   76.75002452105082
  ],
  [
   724.4708692245239,
   391.5974958334276
  ],
  [
   151.54917385131293,
   780.4334830757102
  ],
  [
   683.1246080973964,
   665.8680760745925
  ],
  [
   76.75002452105082,
   172.13338593693638
  ],
  [
   925.249975473064,
   304.9503563555673
  ],
  [
   380.3431457803747,
   925.2499754789492
  ],
  [
   76.75002452105082,
   925.249975473064
  ],
  [
   76.75002452105082,
   632.1286872435276
  ]
 ]
}