{
 "Object_Radius": 72.83656203947194,
 "Object_Shape": "disc",
 "Workspace_Density": 0.5,
 "Workspace_Height": 1000,
 "Workspace_Width": 1000,
 "number_of_objects": 30,
 "point_list": [
  [
   925.2499754692542,
   925.1954717740758
  ],
  [
   456.39298998847386,
   76.75002452105082
  ],
  [
   260.2176697623154,
   925.2499754692542
  ],
  [
   270.1547556908452,
   564.1193614680534
  ],
  [
   925.2499754720365,
   228.3580345011413
  ],
  [
   260.2920870818339,
   76.75002452105082
  ],
  [
   76.75002452105082,
   407.0979552011278
  ],
  [
   484.6544255960054,
   650.5689131094437
  ],
  [
   925.2499754720365,
   76.75002452105082
  ],
  [
   925.2499754758625,
   379.9284744465418
  ],
  [
   637.124372154436,
   788.9157724117085
  ],
  [
   409.09799417188253,
   894.4116237376719
  ],
  [
   925.2499754789492,
   682.9351042088953
  ],
  [
   755.9451203397241,
   925.0717280210679
  ],
  [
   693.2787564283921,
   615.8834051714198
  ],
  [
   386.58150980819755,
   211.23160229099045
  ],
  [
   781.9813375377971,
   443.95620806710974
  ],
  [
   624.9324167644629,
   443.5979314327784
  ],
  [
   785.0016173804897,
   740.2296313908166
  ],
  [
   233.27520385825085,
   226.8102317089349
  ],
  [
   598.2387163989998,
   251.58455894743858
  ],
  [
   480.0404643035924,
   499.136204225925
  ],
  [
   76.75002452105082,
   730.6892074974446
  ],
  [
   76.75002452105082,
   76.75002452105082
  ],
  [
   925.2499754773003,
   531.4346035574896
  ],
  [
   76.75002452105082,
   255.59741534637362
  ],
  [
   232.05573208406736,
   403.2942272982471
  ],
  [
   560.3695549897856,
   925.2498599756195
  ],
  [
   455.93376005008537,
   348.0467379395061
  ],
  [
   622.0985980803345,
   76.75002452105082
  ]
 ]
}