{
 "Object_Length": 182.57418583505537,
 "Object_Shape": "cuboid",
 "Object_Width": 54.772255750516614,
 "Workspace_Density": 0.4,
 "Workspace_Height": 1000,
 "Workspace_Width": 1000,
 "number_of_objects": 40,
 "point_list": [
  [
   488.072770209,
   191.764275264,
   1.41337465869
  ],
  [
   300.763002027,
   434.843350118,
   2.08683413522
  ],
  [
   395.921112287,
   748.801012684,
   0.807869186026
  ],
  [
   198.89268958,
   538.236008819,
   0.801818335404
  ],
  [
   299.331226904,
   872.107327041,
   0.356330242892
  ],
  [
   37.4962723938,
   328.25537944,
   1.56935830357
  ],
  [
   653.819565608,
   460.931769526,
   1.92520384443
  ],
  [
   405.713563909,
   550.349760747,
   2.10963292453
  ],
  [
   270.613073936,
   159.131841963,
   0.3356890642
  ],
  [
   807.210598723,
   476.438316649,
   1.92735071633
  ],
  [
   579.266149894,
   327.413619304,
   1.54688342932
  ],
  [
   535.862202652,
   653.458817212,
   0.611410645456
  ],
  [
   175.963700577,
   37.3536788066,
   0.000117173075053
  ],
  [
   233.792729271,
   962.699129464,
   3.14157529937
  ],
  [
   775.909310635,
   655.830891308,
   2.47927447145
  ],
  [
   37.3451467004,
   102.196831549,
   1.57081902838
  ],
  [
   492.695740215,
   715.606367543,
   0.621539621188
  ],
  [
   536.354674588,
   902.517618381,
   0.619218831629
  ],
  [
   149.760317078,
   687.905465308,
   2.37612669311
  ],
  [
   802.273424724,
   211.642981634,
   0.715364002447
  ],
  [
   199.2409407,
   354.679366179,
   1.43958332108
  ],
  [
   620.558788951,
   112.146999526,
   3.14149119334
  ],
  [
   111.658800529,
   298.341405275,
   1.56766619445
  ],
  [
   962.256288631,
   167.004495121,
   1.57023840799
  ],
  [
   289.615911965,
   745.925990497,
   0.807073316819
  ],
  [
   736.810523285,
   451.007919148,
   1.92654086461
  ],
  [
   461.296041849,
   393.815713246,
   0.833111724344
  ],
  [
   891.131734984,
   359.716272773,
   -2.78355804416
  ],
  [
   813.329281586,
   899.084644695,
   1.57009081218
  ],
  [
   921.128441419,
   624.254180651,
   1.11102424883
  ],
  [
   612.646573638,
   786.57268561,
   2.18947155992
  ],
  [
   750.304170411,
   770.340278222,
   2.48158972818
  ],
  [
   823.908693522,
   131.38288582,
   0.715383494804
  ],
  [
   962.245093953,
   898.49863188,
   1.57002488447
  ],
  [
   98.8802727009,
   633.355077011,
   2.37565425443
  ],
  [
   652.240249226,
   251.677400868,
   1.54685638138
  ],
  [
   888.131129195,
   891.333514742,
   1.57009489319
  ],
  [
   336.101691528,
   283.878239958,
   2.8102169318
  ],
  [
   637.632006827,
   37.3659011055,
   -2.72980573131e-05
  ],
  [
   555.680084294,
   569.804550303,
   0.539523810285
  ]
 ]
}