{
 "Object_Length": 182.57418583505537,
 "Object_Shape": "cuboid",
 "Object_Width": 54.772255750516614,
 "Workspace_Density": 0.4,
 "Workspace_Height": 1000,
 "Workspace_Width": 1000,
 "number_of_objects": 40,
 "point_list": [
  [
   406.221320095,
   793.490335099,
   1.83869375637
  ],
  [
   114.749462975,
   323.367873124,
   1.23649469055
  ],
  [
   894.292676489,
   114.815848295,
   -3.07309392575
  ],
  [
   736.067661619,
   459.709133966,
   1.56293102691
  ],
  [
   106.910789766,
   635.516796709,
   1.28301102098
  ],
  [
   290.002771502,
   187.686769782,
   2.31640851524
  ],
  [
   960.270668067,
   442.051917504,
   1.57091698991
  ],
  [
   839.442290954,
   523.383314026,
   2.09819551911
  ],
  [
   652.15297825,
   603.787077799,
   0.152868937769
  ],
  [
   665.786459997,
   937.451705633,
   0.264372204267
  ],
  [
   810.685158371,
   332.818674217,
   1.57124422965
  ],
  [
   534.224629853,
   892.448262215,
   1.83691809101
  ],
  [
   356.760638656,
   631.876231051,
   1.67727826063
  ],
  [
   735.777947246,
   763.166502463,
   1.58043707119
  ],
  [
   615.085100941,
   115.685086592,
   -3.10516094717
  ],
  [
   196.687577018,
   777.1790429,
   -0.0365780460259
  ],
  [
   595.829506772,
   384.364388475,
   0.666341872256
  ],
  [
   442.731610222,
   530.026576559,
   1.66413622867
  ],
  [
   210.289153232,
   163.899703179,
   2.31742528827
  ],
  [
   300.59895936,
   920.426117192,
   0.403796586478
  ],
  [
   594.764663239,
   752.835858761,
   -3.06395641674
  ],
  [
   306.914336497,
   369.948261918,
   1.51501915082
  ],
  [
   517.274400115,
   194.058500945,
   0.479517665479
  ],
  [
   620.202003294,
   41.0393544959,
   -3.10525083139
  ],
  [
   454.11521119,
   323.17284954,
   1.51581254998
  ],
  [
   510.578237258,
   606.571002495,
   1.66544664363
  ],
  [
   861.558527528,
   635.543256187,
   2.16445494352
  ],
  [
   885.432650966,
   823.95916232,
   1.57128531123
  ],
  [
   661.203518253,
   256.967245359,
   1.58423681578
  ],
  [
   139.127432782,
   37.3863356645,
   -3.1415909724
  ],
  [
   755.760529944,
   108.018081413,
   1.63926517874
  ],
  [
   810.724970594,
   867.727225699,
   1.57109996468
  ],
  [
   415.042279534,
   57.8074595688,
   0.0893452143505
  ],
  [
   960.213425753,
   823.78217928,
   1.57123872927
  ],
  [
   885.552193248,
   315.792219277,
   1.57219339017
  ],
  [
   459.829146117,
   880.720382557,
   1.83779876404
  ],
  [
   222.198783283,
   527.342122009,
   2.98550132751
  ],
  [
   169.917448562,
   460.092291078,
   -0.156185272872
  ],
  [
   377.616034771,
   293.456883076,
   1.51552174166
  ],
  [
   592.668067962,
   485.973528466,
   0.504613102487
  ]
 ]
}