{
 "Object_Length": 182.57418583505537,
 "Object_Shape": "cuboid",
 "Object_Width": 54.772255750516614,
 "Workspace_Density": 0.4,
 "Workspace_Height": 1000,
 "Workspace_Width": 1000,
 "number_of_objects": 40,
 "point_list": [
  [
   499.780262096,
   309.726710804,
   0.986357689003
  ],
  [
   880.087260737,
   418.652230564,
   1.64915894889
  ],
  [
   568.698905343,
   150.591797818,
   2.19607415523
  ],
  [
   555.567519471,
   701.134792738,
   1.79818824415
  ],
  [
   943.668713307,
   179.927654197,
   1.376049421
  ],
  [
   112.118085709,
   273.569339724,
   1.57049042675
  ],
  [
   823.9744246,
   833.677644977,
   -0.000190815958382
  ],
  [
   421.198422111,
   449.860660345,
   1.64284483964
  ],
  [
   823.796701457,
   37.387361488,
   -0.000123427991115
  ],
  [
   116.705572956,
   753.974293121,
   0.378255189525
  ],
  [
   37.946844337,
   880.001322233,
   1.57753367897
  ],
  [
   726.89513641,
   185.696806151,
   2.19458451403
  ],
  [
   896.145147054,
   645.933539915,
   2.51620688658
  ],
  [
   752.353951934,
   310.60951395,
   2.79654163343
  ],
  [
   416.226901177,
   753.725444007,
   0.900106946034
  ],
  [
   251.078372238,
   305.498787153,
   3.13552258266
  ],
  [
   727.751670848,
   644.678174902,
   -2.14915990718
  ],
  [
   416.292381505,
   188.381350014,
   2.33919938888
  ],
  [
   867.873989987,
   182.609545839,
   1.36113648872
  ],
  [
   679.442055329,
   818.818412143,
   1.79887627996
  ],
  [
   105.966566178,
   489.641125557,
   0.456804508081
  ],
  [
   104.372312099,
   131.870857161,
   3.04560944659
  ],
  [
   824.556482922,
   907.925588237,
   -3.14005011237
  ],
  [
   339.718501178,
   893.039081124,
   0.925050969804
  ],
  [
   410.56023327,
   867.737598175,
   0.905377520387
  ],
  [
   200.029530612,
   452.365707396,
   0.45528758522
  ],
  [
   605.18163524,
   336.280150774,
   1.08392611452
  ],
  [
   486.763342605,
   575.329759318,
   1.64190129614
  ],
  [
   693.322632151,
   447.696390841,
   2.58528320141
  ],
  [
   658.862367337,
   153.436577153,
   2.19598471591
  ],
  [
   37.392381411,
   300.444546483,
   1.57114091708
  ],
  [
   559.415206905,
   902.243524244,
   0.769228434482
  ],
  [
   259.026800311,
   107.035303267,
   1.79439531918
  ],
  [
   767.996270201,
   564.671388463,
   1.01218268992
  ],
  [
   962.65677395,
   895.04428202,
   1.57063963789
  ],
  [
   952.935746261,
   455.845229304,
   1.64905886468
  ],
  [
   346.489404098,
   446.208865639,
   1.64295078493
  ],
  [
   619.934246647,
   744.49303329,
   1.79887514529
  ],
  [
   178.244615176,
   909.243904342,
   2.49557049414
  ],
  [
   334.704727295,
   641.382944361,
   2.47102450874
  ]
 ]
}