{
 "Object_Radius": 21.850968611841584,
 "Object_Shape": "disc",
 "Workspace_Density": 0.3,
 "Workspace_Height": 1000,
 "Workspace_Width": 1000,
 "number_of_objects": 200,
 "point_list": [
  [
   976.9639345269743,
   142.9815178179739
  ],
  [
   104.6336787079244,
   247.97255503000906
  ],
  [
   877.6987823715682,
   872.4541689366473
  ],
  [
   416.3034959245224,
   625.8925678366388
  ],
  [
   495.4162761537981,
   726.7859436140152
  ],
  [
   810.1383978470689,
   366.21415410812455
  ],
  [
   838.2410430671241,
   314.5555636578102
  ],
  [
   147.5247674604425,
   313.6634040868092
  ],
  [
   710.1232639596653,
   86.563364443438
  ],
  [
   179.33784587364534,
   94.38289522463505
  ],
  [
   156.188724720586,
   976.9639345269743
  ],
  [
   287.38498508667215,
   563.8987399097197
  ],
  [
   630.7539698337595,
   564.8509880265395
  ],
  [
   697.1779863089449,
   800.7888533894323
  ],
  [
   169.8985774258653,
   172.94965756807204
  ],
  [
   126.837459216318,
   909.617048607784
  ],
  [
   582.3911954995932,
   25.03606547302574
  ],
  [
   231.15773751103632,
   440.3131191430569
  ],
  [
   642.9873215992542,
   737.3060989478569
  ],
  [
   586.2282288297351,
   218.10578077665105
  ],
  [
   249.81638859013952,
   533.2918331242628
  ],
  [
   475.21107553022694,
   804.5040117083223
  ],
  [
   838.6761532503513,
   195.65105999342416
  ],
  [
   48.657960539726794,
   918.2527965471818
  ],
  [
   451.5017949984159,
   25.03606547302574
  ],
  [
   976.9639345269743,
   869.945550528413
  ],
  [
   152.36355278981856,
   221.63809097102438
  ],
  [
   904.8099759968505,
   195.12616452080138
  ],
  [
   407.48496582857865,
   233.73545182158279
  ],
  [
   272.19246411559135,
   362.2918629931109
  ],
  [
   793.7645445540223,
   959.6573235183624
  ],
  [
   597.4919857736696,
   976.9639345269743
  ],
  [
   68.44537810177042,
   216.29602202573102
  ],
  [
   757.9896469810678,
   150.56131180903395
  ],
  [
   867.1253701478149,
   581.7756531888156
  ],
  [
   660.6988564001131,
   973.7865728979259
  ],
  [
   118.19544556360762,
   827.00427346381
  ],
  [
   311.7958322427972,
   170.4108386004699
  ],
  [
   789.5219109812299,
   829.3335716405869
  ],
  [
   250.90695069841024,
   663.4386449672523
  ],
  [
   849.9359006040319,
   97.26872126900291
  ],
  [
   933.1571793502643,
   556.4674198993149
  ],
  [
   615.8674020001041,
   828.0482004966875
  ],
  [
   350.5134090357336,
   32.34121163765984
  ],
  [
   119.02475281486174,
   86.12987458381707
  ],
  [
   729.7034120515953,
   189.43155320781997
  ],
  [
   790.0377287247863,
   317.20187337767476
  ],
  [
   194.6368180629999,
   479.161839795791
  ],
  [
   276.31538799057154,
   787.0937641320335
  ],
  [
   872.6906569650803,
   280.284380750201
  ],
  [
   30.18509199552834,
   321.53643984739125
  ],
  [
   548.6952305202745,
   877.228050162144
  ],
  [
   442.32389640653776,
   976.9639345269743
  ],
  [
   976.9639345269743,
   372.1642702050929
  ],
  [
   915.8912576199074,
   604.7752251458626
  ],
  [
   517.4032623152941,
   781.0062298271326
  ],
  [
   976.9639345269743,
   195.42428028375465
  ],
  [
   814.3452628396349,
   445.6969289898973
  ],
  [
   687.831958932215,
   498.1298571280327
  ],
  [
   216.7583197228727,
   615.790602998408
  ],
  [
   393.0391428444339,
   527.4815114772229
  ],
  [
   40.61999452046572,
   587.9448846125603
  ],
  [
   644.1398302920957,
   155.29958956218724
  ],
  [
   401.90343780243273,
   25.03606547302574
  ],
  [
   25.03606547302574,
   237.501377927645
  ],
  [
   897.3692504157932,
   333.3653191248138
  ],
  [
   946.9204233967503,
   951.6111604111446
  ],
  [
   361.251897493853,
   610.3787508969622
  ],
  [
   976.9639345269743,
   584.7307600220637
  ],
  [
   163.89511667890147,
   603.739507505035
  ],
  [
   302.6428265855225,
   507.12634575273364
  ],
  [
   25.03606547302574,
   645.3841749237833
  ],
  [
   666.8672297838136,
   112.82371121160607
  ],
  [
   927.3397974771327,
   371.1423683689535
  ],
  [
   211.28529019255896,
   564.455993195596
  ],
  [
   344.92883889964395,
   546.3683235130068
  ],
  [
   558.3261782845789,
   437.7918543151595
  ],
  [
   331.7329935505543,
   754.8117775129417
  ],
  [
   84.9386679330295,
   976.9639345269743
  ],
  [
   920.8481764659655,
   898.9312000492703
  ],
  [
   709.4101618455329,
   976.9639345269743
  ],
  [
   859.7824989057962,
   366.6650351794674
  ],
  [
   266.23186180662043,
   607.1873849959925
  ],
  [
   362.52848375371406,
   892.8959245449116
  ],
  [
   453.00483952869905,
   909.4351788333001
  ],
  [
   426.82449740396356,
   739.5694881202626
  ],
  [
   25.03606547302574,
   87.17865669755697
  ],
  [
   669.4205213507014,
   694.0733481684186
  ],
  [
   404.3365798754902,
   860.312736623459
  ],
  [
   284.5159840427878,
   25.03606547302574
  ],
  [
   169.9812606745168,
   534.134058610268
  ],
  [
   349.62835004887194,
   839.5438447731262
  ],
  [
   362.74847531471266,
   672.0091573863297
  ],
  [
   613.0077034194843,
   297.3082806917496
  ],
  [
   529.5257724198005,
   619.3228072461064
  ],
  [
   318.94666409614496,
   699.3577307880573
  ],
  [
   25.03606547302574,
   542.2214944113224
  ],
  [
   553.0881631813814,
   256.5385694520593
  ],
  [
   538.8995914683313,
   75.18285325697626
  ],
  [
   976.9639345269743,
   523.8175692003322
  ],
  [
   316.16593724620566,
   382.21819531257654
  ],
  [
   749.2209088317896,
   941.3533969107086
  ],
  [
   146.99748026167512,
   370.8450283642399
  ],
  [
   51.10232278653673,
   44.62720443288043
  ],
  [
   319.39862239692593,
   332.66398617710126
  ],
  [
   446.23355303070014,
   174.37328024116758
  ],
  [
   228.08976622627526,
   25.03606547302574
  ],
  [
   898.5671950134102,
   433.7748311860218
  ],
  [
   436.5186039272251,
   463.4731064823538
  ],
  [
   624.7894412039988,
   656.1060902231739
  ],
  [
   864.1593926979776,
   148.26685740148855
  ],
  [
   459.99773114451716,
   221.84647541567006
  ],
  [
   95.4858452567965,
   25.03606547302574
  ],
  [
   253.713982484583,
   163.27216872090244
  ],
  [
   357.8916189472301,
   976.9639345269743
  ],
  [
   922.6565095432701,
   288.385967259657
  ],
  [
   768.5454580365384,
   710.6856085969032
  ],
  [
   777.5990956073356,
   270.73464967849384
  ],
  [
   466.9683489561992,
   524.9807351459909
  ],
  [
   611.9006249453315,
   83.61139757102298
  ],
  [
   722.3298180172034,
   697.419730308146
  ],
  [
   689.8916862797527,
   216.44015224189917
  ],
  [
   515.0784131374112,
   505.4229883720255
  ],
  [
   351.66261102496134,
   480.4219550466752
  ],
  [
   271.12887220249786,
   410.4254296593786
  ],
  [
   25.03606547302574,
   185.2180252157732
  ],
  [
   493.874449250531,
   976.9639345269743
  ],
  [
   123.30904474881936,
   490.6060416191592
  ],
  [
   434.87251647815907,
   274.59034640363706
  ],
  [
   533.2675025655305,
   566.0133330415546
  ],
  [
   44.63782601737245,
   368.77451841651356
  ],
  [
   628.3350752542428,
   506.8405693018706
  ],
  [
   976.9639345269743,
   439.6072902732088
  ],
  [
   418.83394780340296,
   85.04780990534996
  ],
  [
   142.15883440547995,
   130.0706188542009
  ],
  [
   851.4499772658511,
   635.7281959365507
  ],
  [
   674.6375930003751,
   633.6867938015712
  ],
  [
   646.8231658800886,
   924.3068999240637
  ],
  [
   67.27097512483934,
   470.2597850802121
  ],
  [
   419.800031997967,
   812.7751762089737
  ],
  [
   226.59483651345354,
   109.57135466178028
  ],
  [
   197.5322570946569,
   299.01773193459775
  ],
  [
   306.62546349067634,
   268.5715346948709
  ],
  [
   632.6829753448166,
   25.03606547302574
  ],
  [
   799.175146713887,
   596.1017386527554
  ],
  [
   720.8629911964643,
   409.80206818861654
  ],
  [
   614.9007610658573,
   777.3876212538997
  ],
  [
   561.0600687838995,
   173.560353320152
  ],
  [
   490.7458209531748,
   590.4240725695108
  ],
  [
