{
 "Object_Radius": 21.850968611841584,
 "Object_Shape": "disc",
 "Workspace_Density": 0.3,
 "Workspace_Height": 1000,
 "Workspace_Width": 1000,
 "number_of_objects": 200,
 "point_list": [
  [
   322.22184538935835,
   440.04018950443646
  ],
  [
   440.62235875720097,
   976.9639345269743
  ],
  [
   514.5146608947911,
   761.9905674511167
  ],
  [
   306.19379829606663,
   334.0531528486777
  ],
  [
   813.2220586563935,
   889.4342917406927
  ],
  [
   338.93882632757646,
   801.1360490323086
  ],
  [
   825.4297116949266,
   733.9420797512414
  ],
  [
   25.03606547302574,
   104.55018734850863
  ],
  [
   659.5185685092972,
   838.2081016620674
  ],
  [
   683.4111916820667,
   217.747131704892
  ],
  [
   355.3876579930699,
   625.8214118462397
  ],
  [
   219.75505357838622,
   744.7722330002912
  ],
  [
   426.8432059205269,
   213.5311269002603
  ],
  [
   228.76618919809613,
   80.46496318585831
  ],
  [
   92.94427147574119,
   160.0166348825931
  ],
  [
   732.3748129003678,
   197.56083490160577
  ],
  [
   819.54945423453,
   455.92567135205246
  ],
  [
   461.73901535651464,
   383.3798330360587
  ],
  [
   371.4092216906759,
   36.884140527656314
  ],
  [
   774.3965122082071,
   566.0519454795959
  ],
  [
   976.9639345269743,
   59.28140373950341
  ],
  [
   275.7551632927998,
   513.2805293885157
  ],
  [
   614.9561931572787,
   586.3633736269859
  ],
  [
   976.9639345269743,
   889.968028108145
  ],
  [
   684.9436332686406,
   783.3988822134096
  ],
  [
   41.425965314057756,
   769.6713663750166
  ],
  [
   538.3146230621695,
   325.16796458807977
  ],
  [
   140.23445111069296,
   735.0652373780058
  ],
  [
   199.72711523920424,
   606.254216849126
  ],
  [
   715.0206990120494,
   129.90377417210976
  ],
  [
   711.3622092236398,
   25.03606547302574
  ],
  [
   976.9639345269743,
   798.6814072034663
  ],
  [
   670.731084637763,
   886.7216651617559
  ],
  [
   205.22505896967968,
   534.5473606406924
  ],
  [
   976.9639345269743,
   327.8987971704626
  ],
  [
   330.9497344781222,
   749.4022910906547
  ],
  [
   185.51677413486277,
   652.5812534265323
  ],
  [
   92.58977052494555,
   553.7201560817037
  ],
  [
   582.8587807236111,
   131.4218184680538
  ],
  [
   976.9639345269743,
   268.6282489603669
  ],
  [
   777.3501877598834,
   334.33922764958555
  ],
  [
   594.4787024107403,
   796.5084248679261
  ],
  [
   602.0650455590028,
   725.2751866045188
  ],
  [
   618.0888912037074,
   39.73736081185802
  ],
  [
   25.03606547302574,
   512.0221699562107
  ],
  [
   869.2645121574546,
   573.9330111002033
  ],
  [
   105.12551732420276,
   310.8721759403915
  ],
  [
   76.37403515508154,
   96.54762712575443
  ],
  [
   505.50348728465923,
   141.4822101054257
  ],
  [
   287.2762711561454,
   884.5891325193611
  ],
  [
   621.9811053990417,
   159.35698349402605
  ],
  [
   927.2689144829577,
   313.66984717409696
  ],
  [
   511.38147420262845,
   379.81244239392356
  ],
  [
   942.2331116211952,
   567.5052646436945
  ],
  [
   46.227070488353576,
   623.7327188400113
  ],
  [
   823.9416849188448,
   314.48273190592624
  ],
  [
   215.6880887335806,
   909.4348536971531
  ],
  [
   493.58830352671924,
   812.5983498806788
  ],
  [
   568.2732190499579,
   209.3424216870801
  ],
  [
   225.80699913598454,
   976.9639345269743
  ],
  [
   295.88243900706806,
   280.6999094631007
  ],
  [
   475.01779636723074,
   633.4756963772993
  ],
  [
   230.38788132267672,
   856.2050574350001
  ],
  [
   566.4553612044657,
   531.471724289115
  ],
  [
   25.03606547302574,
   575.0846460527115
  ],
  [
   543.2868593504273,
   800.5042188003342
  ],
  [
   133.75144169631943,
   116.24591300122744
  ],
  [
   644.1628114508514,
   756.1583727565769
  ],
  [
   976.9639345269743,
   426.5119221875114
  ],
  [
   879.2137759892734,
   709.3747277724289
  ],
  [
   496.61269566918173,
   284.983783746905
  ],
  [
   674.862527621236,
   382.74076087209284
  ],
  [
   616.5538850029787,
   419.05084010778336
  ],
  [
   790.7480981700139,
   504.2636833267812
  ],
  [
   548.3537186890012,
   164.9009607425795
  ],
  [
   662.6859873940214,
   706.5948148165227
  ],
  [
   567.1787818395236,
   25.03606547302574
  ],
  [
   767.338528318494,
   759.4557750124619
  ],
  [
   703.7902369541526,
   677.9370715169123
  ],
  [
   855.1490426337384,
   204.95004577698583
  ],
  [
   409.5716350380458,
   902.1528229611862
  ],
  [
   279.2330130234856,
   409.6659279464212
  ],
  [
   714.9145915420545,
   254.0862604011542
  ],
  [
   367.5012501970144,
   494.3525876944074
  ],
  [
   527.7896632018752,
   432.75567309381904
  ],
  [
   811.4217446552782,
   785.6518533699603
  ],
  [
   914.6521283010579,
   205.38159387460897
  ],
  [
   810.4774730605632,
   385.63812066794117
  ],
  [
   540.0204307877054,
   489.1888879617317
  ],
  [
   285.2902349323756,
   560.5772721790804
  ],
  [
   79.31857840910905,
   499.54780706965806
  ],
  [
   443.3491216384297,
   76.18149161177661
  ],
  [
   729.7240222173132,
   893.3513077257785
  ],
  [
   431.8051651356323,
   435.23542814877095
  ],
  [
   308.7706519276284,
   840.4293297290923
  ],
  [
   391.718702655745,
   541.7384873529336
  ],
  [
   430.6714300944326,
   25.03606547302574
  ],
  [
   230.2183491353557,
   446.7170511356322
  ],
  [
   25.03606547302574,
   682.165688351712
  ],
  [
   168.88012707851186,
   782.7694228145708
  ],
  [
   841.8894614805022,
   934.156713231593
  ],
  [
   872.054413802296,
   760.1332533030503
  ],
  [
   898.2194883575677,
   802.5191504428564
  ],
  [
   636.9109716729447,
   205.05194696589248
  ],
  [
   317.38300688466325,
   146.5250786479415
  ],
  [
   80.61443144306322,
   810.9489933937458
  ],
  [
   638.0515329225651,
   89.93930439171348
  ],
  [
   25.03606547302574,
   824.7039491428378
  ],
  [
   863.7929423022915,
   285.175131734369
  ],
  [
   710.9667570089338,
   626.3199009037788
  ],
  [
   867.8409445769707,
   976.9639345269743
  ],
  [
   768.2469620552547,
   40.38021741042685
  ],
  [
   180.75081007808603,
   440.3700338323762
  ],
  [
   72.72233135639058,
   976.9639345269743
  ],
  [
   306.1759715932918,
   615.566612510115
  ],
  [
   976.9639345269743,
   736.5919794325699
  ],
  [
   238.42869852622738,
   645.964851328357
  ],
  [
   431.26695489928466,
   654.4288299401687
  ],
  [
   576.9681331562288,
   446.91317727295797
  ],
  [
   607.6786583572147,
   637.7630808045192
  ],
  [
   666.8974844036787,
   264.949096785498
  ],
  [
   450.849512194166,
   543.9395407590738
  ],
  [
   210.2051815422883,
   811.4771727162899
  ],
  [
   316.15452897157417,
   928.8120146180133
  ],
  [
   976.9639345269743,
   165.9142035664742
  ],
  [
   500.2596660281868,
   585.5165940560355
  ],
  [
   127.97815516781321,
   976.9639345269743
  ],
  [
   767.1433664136762,
   140.77300795937018
  ],
  [
   179.7019242183734,
   324.79457402176246
  ],
  [
   385.1607961768439,
   726.4884732573678
  ],
  [
   796.2808892806654,
   690.041005901671
  ],
  [
   867.3199420434698,
   843.0211496800316
  ],
  [
   874.6107032951976,
   465.50663336002054
  ],
  [
   82.33701986961293,
   25.03606547302574
  ],
  [
   426.3549428493422,
   493.82682929376176
  ],
  [
   913.760381385085,
   25.03606547302574
  ],
  [
   778.8537514444906,
   229.77078469135665
  ],
  [
   146.62774990664218,
   25.03606547302574
  ],
  [
   90.96956716536803,
   929.1202596121473
  ],
  [
   976.9639345269743,
   976.9639345269743
  ],
  [
   903.1647859740423,
   399.6273045151535
  ],
  [
   113.42732031706049,
   860.059120550977
  ],
  [
   670.0334917800582,
   157.64867489492184
  ],
  [
   25.03606547302574,
   25.03606547302574
  ],
  [
   181.975580740022,
   703.0112045943946
  ],
  [
   379.47494883139717,
   435.4452526702422
  ],
  [
   25.03606547302574,
   369.7898446453762
  ],
  [
   504.9021663150149,
   25.03606547302574
  ],
  [
   627.8946233731101,
   942.1007534231895
  ],
  [
