{
 "Object_Radius": 21.850968611841584,
 "Object_Shape": "disc",
 "Workspace_Density": 0.3,
 "Workspace_Height": 1000,
 "Workspace_Width": 1000,
 "number_of_objects": 200,
 "point_list": [
  [
   641.0685914614647,
   609.5406647058986
  ],
  [
   532.083392809896,
   733.2369594750679
  ],
  [
   25.03606547302574,
   973.9763799999248
  ],
  [
   25.03606547302574,
   505.50426657000287
  ],
  [
   612.2564097902923,
   185.3619056883086
  ],
  [
   514.9900046464963,
   334.86535149557517
  ],
  [
   462.93840995373176,
   968.2855880241428
  ],
  [
   855.034539708067,
   153.1942909298635
  ],
  [
   772.2610404411117,
   444.8953763753677
  ],
  [
   695.805514417453,
   648.133710471365
  ],
  [
   402.59402227156085,
   698.7949211040379
  ],
  [
   104.5415114272988,
   917.109966465212
  ],
  [
   922.4594856886541,
   381.5771616638057
  ],
  [
   719.6566004109008,
   246.09393584754775
  ],
  [
   772.7251110373458,
   976.9639345269743
  ],
  [
   786.8344279876056,
   685.4330225858333
  ],
  [
   722.2439185275623,
   55.94682400312294
  ],
  [
   930.0824871238011,
   952.4985965040552
  ],
  [
   196.56844564840222,
   801.0266776019233
  ],
  [
   249.46059508252088,
   976.9639345269743
  ],
  [
   563.0718714078921,
   193.623692977048
  ],
  [
   551.8406564506042,
   271.4943332458491
  ],
  [
   400.99555316178396,
   123.00279846827644
  ],
  [
   137.10199980364504,
   186.0937147134677
  ],
  [
   253.79277643364097,
   553.8389524678887
  ],
  [
   146.209329772939,
   590.8039287323245
  ],
  [
   253.98862193790393,
   101.60865706036904
  ],
  [
   866.4677167953216,
   392.2977644121474
  ],
  [
   81.96533102796074,
   180.29818155023304
  ],
  [
   591.1910673064783,
   441.17419317231133
  ],
  [
   105.9958225573085,
   761.2311442485591
  ],
  [
   387.9761765613128,
   883.553544550722
  ],
  [
   706.4982673374437,
   469.4438204979787
  ],
  [
   392.9238710298173,
   511.62788496352175
  ],
  [
   751.2688754202211,
   498.1462069682369
  ],
  [
   572.2669440131046,
   806.2767717039973
  ],
  [
   237.40203336876422,
   369.98448211504353
  ],
  [
   638.4117835787283,
   969.2298928276829
  ],
  [
   175.2021091850149,
   488.723371379442
  ],
  [
   881.0025045810343,
   668.3966104408271
  ],
  [
   921.6326786366735,
   707.9169483769368
  ],
  [
   425.9190674618092,
   557.0659675976497
  ],
  [
   803.5782739894767,
   118.66502798778384
  ],
  [
   410.418257065704,
   437.6638277873161
  ],
  [
   459.8505447788802,
   481.2661279430172
  ],
  [
   441.1613562898269,
   71.83830621896368
  ],
  [
   192.4590829953415,
   245.14151888639753
  ],
  [
   622.8338958793456,
   295.3117664663891
  ],
  [
   278.15832418350027,
   826.5253753631217
  ],
  [
   140.65926596147582,
   240.39937233115253
  ],
  [
   753.3421130325771,
   802.2088592955321
  ],
  [
   296.84808710476256,
   697.4230486297391
  ],
  [
   651.3029607720088,
   92.77579695281729
  ],
  [
   674.6417778987025,
   43.69097783485872
  ],
  [
   738.710908523263,
   905.7610135884365
  ],
  [
   144.23494774522035,
   393.1131926965022
  ],
  [
   420.4685522320561,
   604.8281037966719
  ],
  [
   240.02677360212044,
   667.8340259332491
  ],
  [
   25.03606547302574,
   648.0527410088574
  ],
  [
   46.680616561296375,
   285.6967785606859
  ],
  [
   287.3589256967973,
   515.0133228969237
  ],
  [
   514.7760897164453,
   43.0360027493315
  ],
  [
   467.299587863496,
   827.5811911224251
  ],
  [
   522.596128783614,
   126.10184551796546
  ],
  [
   436.6126725820599,
   870.0618526461816
  ],
  [
   67.33488340208841,
   949.1489059762388
  ],
  [
   601.4735591659538,
   711.1156011121885
  ],
  [
   621.3213171983654,
   25.03606547302574
  ],
  [
   919.0285080417859,
   434.78425136508963
  ],
  [
   25.03606547302574,
   756.7779183742737
  ],
  [
   679.9684930591844,
   560.0663069919569
  ],
  [
   633.3667926273739,
   412.60538532832436
  ],
  [
   548.191854177335,
   635.366078578993
  ],
  [
   815.7429877615313,
   814.5685385754851
  ],
  [
   677.6947709334952,
   824.1053311378257
  ],
  [
   889.617655777131,
   265.8365263619889
  ],
  [
   32.546547403166144,
   900.2471750765326
  ],
  [
   877.9026221952786,
   77.31775277578251
  ],
  [
   153.77373383670755,
   826.021866919198
  ],
  [
   976.9639345269743,
   529.9958123150816
  ],
  [
   821.685773645449,
   976.9639345269743
  ],
  [
   154.1788047634948,
   140.77068815349477
  ],
  [
   928.107163620326,
   514.9228137638255
  ],
  [
   247.40351568052532,
   719.6616507517026
  ],
  [
   976.9639345269743,
   768.746596536974
  ],
  [
   832.4613726409044,
   719.3491718557808
  ],
  [
   60.71410965021773,
   121.97323538451359
  ],
  [
   692.0793986579246,
   181.15408492498307
  ],
  [
   25.03606547302574,
   590.9458382975658
  ],
  [
   200.97006755086971,
   976.9639345269743
  ],
  [
   496.5327845531247,
   647.4927530308579
  ],
  [
   953.6635728300846,
   217.2431896235409
  ],
  [
   740.9333037165436,
   290.2259195897734
  ],
  [
   25.03606547302574,
   696.2217005253985
  ],
  [
   256.9494081988374,
   51.12694029881939
  ],
  [
   793.0874789278447,
   873.3490898240242
  ],
  [
   185.51960153144208,
   677.1228862888714
  ],
  [
   976.9639345269743,
   829.5747002534706
  ],
  [
   796.8031908726849,
   627.8996441336762
  ],
  [
   969.2303728469226,
   717.1469688143006
  ],
  [
   275.74431352387126,
   400.6274743430099
  ],
  [
   762.7043698865813,
   25.03606547302574
  ],
  [
   103.72693229086481,
   367.15741961389216
  ],
  [
   393.9257707949225,
   756.2965693885429
  ],
  [
   617.8612690501565,
   770.7697429154571
  ],
  [
   25.03606547302574,
   154.81200024347686
  ],
  [
   837.5399478015794,
   199.88840385050582
  ],
  [
   463.9285868196235,
   778.2863053256347
  ],
  [
   562.4975003145156,
   542.5456695601148
  ],
  [
   177.93315550378912,
   25.03606547302574
  ],
  [
   261.54531873177547,
   623.8240127354632
  ],
  [
   372.13389745027877,
   596.4571301663271
  ],
  [
   133.12103424003146,
   317.8345290187354
  ],
  [
   567.8886156862062,
   98.9630817409391
  ],
  [
   148.3933489873053,
   530.8018249492318
  ],
  [
   854.2341666947117,
   878.512667509077
  ],
  [
   255.1127887174168,
   150.89034056374493
  ],
  [
   472.0211451291414,
   582.5001252050045
  ],
  [
   361.83731949753826,
   841.5376232677779
  ],
  [
   192.8472856972109,
   391.2407917772351
  ],
  [
   911.8635384892511,
   164.53683119731656
  ],
  [
   873.2048916334459,
   931.8194761479814
  ],
  [
   296.98029101922964,
   211.64248573338153
  ],
  [
   976.9639345269743,
   327.12578943520975
  ],
  [
   295.9588929076287,
   749.4498366477399
  ],
  [
   849.4710080622114,
   604.4632618984942
  ],
  [
   448.00458651938266,
   721.477463703461
  ],
  [
   321.51070562678694,
   976.9639345269743
  ],
  [
   299.66355208806175,
   871.7174295731159
  ],
  [
   605.1004275029665,
   134.52692387037123
  ],
  [
   150.5340125084838,
   954.4118989152092
  ],
  [
   210.75284760229744,
   452.1468339059664
  ],
  [
   25.03606547302574,
   445.48328300318934
  ],
  [
   976.9639345269743,
   976.9639345269743
  ],
  [
   976.9639345269743,
   71.17760342550017
  ],
  [
   305.60618071827605,
   602.0632627811369
  ],
  [
   178.06006676844055,
   909.38131716591
  ],
  [
   835.861788013324,
   478.3951426691949
  ],
  [
   564.1053433685807,
   25.03606547302574
  ],
  [
   694.1039010804676,
   702.8612198910856
  ],
  [
   976.9639345269743,
   274.7903285742209
  ],
  [
   831.7741189872087,
   667.5190541952829
  ],
  [
   541.3195181474927,
   585.9242722226684
  ],
  [
   143.5755499063108,
   64.87281942946728
  ],
  [
   730.926029695132,
   953.2094760800012
  ],
  [
   976.9639345269743,
   480.1105420817943
  ],
  [
   481.34165176398267,
   281.069324881783
  ],
  [
   815.1825460480896,
   25.03606547302574
  ],
  [
   333.01990799355724,
   73.77851106444254
  ],
  [
   108.9546110701782,
