{
 "Object_Radius": 21.850968611841584,
 "Object_Shape": "disc",
 "Workspace_Density": 0.3,
 "Workspace_Height": 1000,
 "Workspace_Width": 1000,
 "number_of_objects": 200,
 "point_list": [
  [
   143.39293076261987,
   835.8179638764176
  ],
  [
   835.8462112081231,
   25.03606547302574
  ],
  [
   75.9501792112465,
   250.2516258153752
  ],
  [
   491.5277321381664,
   102.22351732823965
  ],
  [
   565.4180321669529,
   829.0039376530658
  ],
  [
   946.5158535193322,
   873.0633808636428
  ],
  [
   808.3962769781176,
   388.2960285778317
  ],
  [
   545.3251186647308,
   902.0858130908815
  ],
  [
   190.04303360703045,
   401.5240556342175
  ],
  [
   643.3153711707441,
   649.9231100400788
  ],
  [
   235.3941220959098,
   296.96972116884024
  ],
  [
   627.0170375199951,
   25.03606547302574
  ],
  [
   891.0364538460101,
   445.96147047981486
  ],
  [
   868.4885079289436,
   675.2867188197902
  ],
  [
   289.9063407374259,
   976.9639345269743
  ],
  [
   785.9371109079095,
   138.4049247736457
  ],
  [
   282.9646123336805,
   129.3840061643354
  ],
  [
   178.40827434283173,
   617.4365688991475
  ],
  [
   654.1321572217897,
   545.321966914613
  ],
  [
   838.3668992516663,
   976.9639345269743
  ],
  [
   976.9639345269743,
   70.23478667866961
  ],
  [
   623.6822844433495,
   736.9673584145754
  ],
  [
   733.352181811651,
   63.929244329938456
  ],
  [
   54.307926614189924,
   565.3618165514549
  ],
  [
   865.4702715564365,
   245.6192489604805
  ],
  [
   719.6681089886148,
   264.1895630935874
  ],
  [
   149.16509093512332,
   196.30195571793763
  ],
  [
   782.6979748881474,
   289.1818417653946
  ],
  [
   599.1316838793604,
   401.3282051435785
  ],
  [
   510.31217824321976,
   937.0148440886024
  ],
  [
   765.2395553533592,
   25.03606547302574
  ],
  [
   213.39842950276903,
   571.4290680506364
  ],
  [
   586.9138282770166,
   697.8956439530821
  ],
  [
   52.8995681295937,
   864.5660873988388
  ],
  [
   606.1478444359728,
   934.4290563123503
  ],
  [
   235.50828732724995,
   801.8280833609117
  ],
  [
   706.8381498774481,
   104.46052069770408
  ],
  [
   25.03606547302574,
   769.3584516902346
  ],
  [
   976.9639345269743,
   292.17412545915414
  ],
  [
   98.90318602047381,
   889.2705719696535
  ],
  [
   205.24692235030034,
   75.71051254715742
  ],
  [
   393.1150272361831,
   436.10559252088973
  ],
  [
   102.39046946967568,
   184.69965453626935
  ],
  [
   901.9739037990574,
   52.84514071076807
  ],
  [
   25.03606547302574,
   92.09880422319247
  ],
  [
   217.61435947702813,
   179.30697188112444
  ],
  [
   802.9056850450777,
   896.4665094496385
  ],
  [
   923.0040948743532,
   643.7297336303825
  ],
  [
   650.5012147769032,
   854.6240153208988
  ],
  [
   357.37175810537036,
   634.573594560127
  ],
  [
   882.3504986179079,
   296.3604940914019
  ],
  [
   376.21652947566986,
   240.7652024834377
  ],
  [
   463.1522893466553,
   503.71076010559835
  ],
  [
   816.1392914538177,
   252.95360221823162
  ],
  [
   226.50968508840253,
   122.4629792283304
  ],
  [
   848.1863999966099,
   496.48302550908653
  ],
  [
   456.4128675301913,
   216.77594631961867
  ],
  [
   119.73406804034302,
   287.9524766865057
  ],
  [
   721.2141600318797,
   351.36712915918616
  ],
  [
   138.51735873656295,
   976.9639345269743
  ],
  [
   822.6634399376462,
   317.6072510449902
  ],
  [
   620.3540967408122,
   474.10281272578914
  ],
  [
   148.67474997833577,
   662.9846382083938
  ],
  [
   698.7147702570004,
   661.9369699435722
  ],
  [
   938.8156604871517,
   245.00372327282227
  ],
  [
   381.6174210666169,
   31.962813534210287
  ],
  [
   184.45238034136767,
   774.5826696825133
  ],
  [
   747.3183420522939,
   534.7595461406036
  ],
  [
   343.3245552870993,
   62.541722060565135
  ],
  [
   876.8026984707296,
   744.3035668404702
  ],
  [
   520.7595244757706,
   246.58411305432753
  ],
  [
   49.085851292930386,
   191.06179689655647
  ],
  [
   398.22752745673404,
   588.1677892355525
  ],
  [
   372.44440622096664,
   729.2024419195657
  ],
  [
   514.4174631534593,
   192.97513799256043
  ],
  [
   875.2868414059354,
   347.2464617471559
  ],
  [
   135.42840651276023,
   717.7283964970364
  ],
  [
   420.9194683642583,
   277.38869315755903
  ],
  [
   136.45962869769352,
   779.8731139290021
  ],
  [
   365.2992708888583,
   927.3049868855347
  ],
  [
   332.6583448065672,
   373.9752979913248
  ],
  [
   263.4747450262484,
   565.2767269601795
  ],
  [
   708.9286573389729,
   214.5454801704852
  ],
  [
   25.03606547302574,
   236.22103753980144
  ],
  [
   210.84394434413295,
   698.0014880641436
  ],
  [
   886.4164041226113,
   526.7180215953648
  ],
  [
   705.6049070167393,
   564.246814179338
  ],
  [
   528.7085363525512,
   729.7710775393178
  ],
  [
   761.8903732169838,
   947.2372332427194
  ],
  [
   25.03606547302574,
   719.4968238340495
  ],
  [
   666.689090016281,
   190.9864779532956
  ],
  [
   410.8602005623308,
   485.53803915649104
  ],
  [
   773.7069979460904,
   91.82180328284151
  ],
  [
   123.86040289897018,
   506.23793576075275
  ],
  [
   298.21517082699347,
   671.2015620358007
  ],
  [
   976.9639345269743,
   556.8588664585163
  ],
  [
   624.3847793356472,
   214.14693993361155
  ],
  [
   676.8990810298367,
   292.04807829781674
  ],
  [
   88.27801674975233,
   976.9639345269743
  ],
  [
   681.9861014227046,
   387.53096651607535
  ],
  [
   635.457065637223,
   369.3584940123675
  ],
  [
   564.591200996799,
   225.86273405281602
  ],
  [
   862.0301261294392,
   398.3028523032051
  ],
  [
   227.57550341935362,
   743.7185569970337
  ],
  [
   928.0608070606887,
   501.92522832724677
  ],
  [
   922.1944936026663,
   108.76217059542184
  ],
  [
   297.20181865795547,
   798.3848508929385
  ],
  [
   729.714173386267,
   484.656698963633
  ],
  [
   514.3634021684694,
   780.0916646939479
  ],
  [
   667.8462325816466,
   597.4105599219204
  ],
  [
   437.87144792468604,
   150.45685951664765
  ],
  [
   320.1593455475324,
   560.4729290221529
  ],
  [
   483.66936033032096,
   445.2001057442772
  ],
  [
   370.82211822208853,
   106.4096135880011
  ],
  [
   742.6254635939654,
   604.4248617305878
  ],
  [
   492.778260028953,
   593.088573605696
  ],
  [
   278.60902856868546,
   919.1677372061719
  ],
  [
   33.65378509738367,
   25.03606547302574
  ],
  [
   976.9639345269743,
   693.3831766582055
  ],
  [
   839.8067239157551,
   792.5815718304896
  ],
  [
   645.5521849330926,
   976.9639345269743
  ],
  [
   469.54142165727643,
   906.1338131354412
  ],
  [
   551.3514547412664,
   386.841651358796
  ],
  [
   641.9276417437396,
   258.94933330768134
  ],
  [
   869.6868973762404,
   149.60477142725986
  ],
  [
   749.0633236241089,
   875.0196973035856
  ],
  [
   868.8508637108957,
   101.46154404602252
  ],
  [
   613.5546998893519,
   818.7384677075439
  ],
  [
   976.9639345269743,
   507.9777322467485
  ],
  [
   611.9432668948609,
   522.0014188221527
  ],
  [
   25.03606547302574,
   958.1027498905617
  ],
  [
   269.11475768925715,
   712.7256839401443
  ],
  [
   872.3699767116311,
   616.7054737123555
  ],
  [
   674.4124668687375,
   340.059192051154
  ],
  [
   744.9758178232443,
   179.15871449883034
  ],
  [
   162.07379820164437,
   354.7159717152928
  ],
  [
   768.0875944168043,
   223.29646126669334
  ],
  [
   438.37995590672284,
   780.6723647012425
  ],
  [
   470.5370938180725,
   265.27301040905206
  ],
  [
   70.52298108591599,
   792.1569131017061
  ],
  [
   105.2467143390519,
   25.03606547302574
  ],
  [
   399.66356740311807,
   387.80249562880476
  ],
  [
   976.9639345269743,
   358.4945962105989
  ],
  [
   25.991109732533108,
   824.6798400385044
  ],
  [
   149.48784345484057,
   93.49801620917808
  ],
  [
   836.232113431093,
   446.63838530128106
  ],
  [
   236.6073570293128,
   947.5762041803216
  ],
  [
   976.9639345269743,
   762.6711207312451
  ],
  [
   167.51494815781138,
   552.4111663171109
