{
 "Object_Radius": 29.463840065584428,
 "Object_Shape": "disc",
 "Workspace_Density": 0.3,
 "Workspace_Height": 1000,
 "Workspace_Width": 1000,
 "number_of_objects": 110,
 "point_list": [
  [
   212.82669136900304,
   468.61429263287573
  ],
  [
   809.6128872223609,
   278.78375636096996
  ],
  [
   471.5397445120663,
   31.642393668207806
  ],
  [
   167.84746975759052,
   696.6646183921259
  ],
  [
   301.563843029819,
   788.1389332473838
  ],
  [
   258.7081954309458,
   589.0143292054508
  ],
  [
   268.7383333412525,
   209.75660205628978
  ],
  [
   647.2965059188022,
   780.5027981115999
  ],
  [
   636.0897819138222,
   466.94831716137395
  ],
  [
   791.8390027815668,
   191.27363504387955
  ],
  [
   770.5794076417203,
   658.1688283661018
  ],
  [
   369.8688558375081,
   175.8731669551322
  ],
  [
   937.8281489456355,
   543.9247114627177
  ],
  [
   596.4159858419871,
   970.3576063317922
  ],
  [
   34.66018469253762,
   833.3062122386544
  ],
  [
   45.91270060176766,
   38.45786929903139
  ],
  [
   145.36622529182932,
   444.0603945427597
  ],
  [
   116.42093881757569,
   158.69377326893178
  ],
  [
   249.91127411360213,
   862.6458005533085
  ],
  [
   316.65050886828703,
   550.5735934363272
  ],
  [
   93.54528695100817,
   787.1079144158224
  ],
  [
   362.3885041661926,
   827.0899125957122
  ],
  [
   816.1356814916863,
   777.191443030016
  ],
  [
   862.6427363938511,
   822.7850967506936
  ],
  [
   31.642393668207806,
   450.69829450026464
  ],
  [
   574.9396364462497,
   428.33894185650337
  ],
  [
   48.73231323601757,
   108.94795640750421
  ],
  [
   154.25713760201612,
   534.8222283236319
  ],
  [
   379.5715231472889,
   49.28028646434974
  ],
  [
   362.198789004428,
   111.01946240921676
  ],
  [
   350.8463865514994,
   404.94218986355077
  ],
  [
   352.3385150339691,
   470.8728406130008
  ],
  [
   473.355334721031,
   253.48406936246298
  ],
  [
   721.0114384626878,
   970.3576063317922
  ],
  [
   659.7149432735091,
   970.3576063317922
  ],
  [
   899.7948224043134,
   31.642393668207806
  ],
  [
   83.13830129695023,
   570.520370488845
  ],
  [
   513.0670025768817,
   970.3576063317922
  ],
  [
   166.32000383891634,
   244.6109090226355
  ],
  [
   970.3576063317922,
   970.3576063317922
  ],
  [
   782.6700538195748,
   970.3576063317922
  ],
  [
   500.96121539254756,
   658.7095111880727
  ],
  [
   307.80718212126425,
   333.8817790080578
  ],
  [
   223.75762353622093,
   641.2695482529035
  ],
  [
   920.0776044216102,
   387.09543566798936
  ],
  [
   509.6245918225606,
   82.19021684189697
  ],
  [
   713.34771052809,
   215.33078876213392
  ],
  [
   843.1106725915354,
   682.8521648378786
  ],
  [
   639.0214385375768,
   404.2057546016384
  ],
  [
   465.49327874005473,
   528.868406515655
  ],
  [
   790.1140489975714,
   495.5524714318027
  ],
  [
   517.0218271219279,
   460.4820615714463
  ],
  [
   44.29752326923447,
   632.6007595738456
  ],
  [
   852.700073324174,
   573.6037117802127
  ],
  [
   302.357183890774,
   970.3576063317922
  ],
  [
   690.6057076338072,
   900.6184041820535
  ],
  [
   701.0627435321928,
   365.6240343168401
  ],
  [
   835.8769436458176,
   135.193951104161
  ],
  [
   703.6212346346464,
   544.7700299503207
  ],
  [
   203.08996174606222,
   311.42856268905206
  ],
  [
   583.1545920287998,
   629.7721389019697
  ],
  [
   704.9502168922686,
   752.66707968072
  ],
  [
   72.45652876834154,
   329.08649761812
  ],
  [
   838.6431557235572,
   889.49592850965
  ],
  [
   844.4637574439816,
   459.6883021518117
  ],
  [
   673.396814320595,
   93.94114845108963
  ],
  [
   247.70658201353035,
   358.4526646772945
  ],
  [
   475.18528121667043,
   747.8314169373242
  ],
  [
   703.7180404017444,
   674.0492699101779
  ],
  [
   388.8982421865771,
   718.2803452220348
  ],
  [
   730.0591461126146,
   281.63774782985246
  ],
  [
   312.88848273891216,
   31.642393668207806
  ],
  [
   672.010290408182,
   841.9959564707382
  ],
  [
   470.82337669163365,
   191.53464399259641
  ],
  [
   732.5915070681592,
   112.55794133127715
  ],
  [
   516.0327860788856,
   388.3830105371048
  ],
  [
   407.6211139556897,
   307.36165956812727
  ],
  [
   918.1227291844244,
   934.1846013543742
  ],
  [
   31.642393668207806,
   697.3665779242292
  ],
  [
   412.15727609898505,
   785.759667106056
  ],
  [
   970.3576063317922,
   436.0500535402399
  ],
  [
   844.9692430888958,
   959.5698164916822
  ],
  [
   628.9856983247021,
   917.1374449096276
  ],
  [
   642.4016818046531,
   677.1942330420299
  ],
  [
   572.5207047178923,
   495.1410197233835
  ],
  [
   956.3263345988204,
   180.50699940863112
  ],
  [
   958.6306598728238,
   57.026432438847195
  ],
  [
   227.7644810496916,
   255.3303602674869
  ],
  [
   80.46348987247201,
   411.36496529508656
  ],
  [
   664.6197031095669,
   263.28420039119356
  ],
  [
   633.2641049169085,
   329.4890053830818
  ],
  [
   737.6008777663113,
   846.4974952708696
  ],
  [
   288.0215811842455,
   649.2146292954112
  ],
  [
   444.48591895261956,
   367.8234874627966
  ],
  [
   382.63395438873476,
   251.19737693316804
  ],
  [
   158.70641260026468,
   101.72196280098333
  ],
  [
   125.97689303058955,
   293.675940972691
  ],
  [
   765.5732153528695,
   740.7062122798814
  ],
  [
   580.642181746904,
   777.2884735675167
  ],
  [
   87.62298122477308,
   475.73992181585925
  ],
  [
   568.7279670877446,
   704.6667545167064
  ],
  [
   226.39782443830157,
   43.613229603268664
  ],
  [
   369.7066842487785,
   910.7119128586204
  ],
  [
   400.5902006736893,
   970.3576063317922
  ],
  [
   372.7807814624667,
   600.8378635462003
  ],
  [
   31.642393668207806,
   249.63333101739974
  ],
  [
   589.576500699687,
   113.59363505301485
  ],
  [
   328.8987717335676,
   221.63424151835795
  ],
  [
   569.3189714800835,
   251.12520098987068
  ],
  [
   896.1896939800986,
   758.5105962151126
  ]
 ]
}