{
 "Object_Radius": 29.463840065584428,
 "Object_Shape": "disc",
 "Workspace_Density": 0.3,
 "Workspace_Height": 1000,
 "Workspace_Width": 1000,
 "number_of_objects": 110,
 "point_list": [
  [
   116.59181836171784,
   259.75332886542947
  ],
  [
   475.8625294989138,
   899.618198593081
  ],
  [
   34.048128835414516,
   231.24463703295046
  ],
  [
   780.9762741179121,
   891.3242838416178
  ],
  [
   493.2877896853357,
   353.95941553834626
  ],
  [
   133.4702296060072,
   79.67434930066109
  ],
  [
   970.3576063317922,
   726.0179288895579
  ],
  [
   531.595769932854,
   447.90603568542514
  ],
  [
   455.2943908987129,
   489.50434682507426
  ],
  [
   439.8923627444631,
   172.75211939678368
  ],
  [
   881.9637974864805,
   828.727317967426
  ],
  [
   615.995122813571,
   803.643497339584
  ],
  [
   186.14155316441688,
   892.7097947292391
  ],
  [
   726.2459041667133,
   228.0488166023761
  ],
  [
   862.2477946640925,
   111.55093902613693
  ],
  [
   31.642393668207806,
   847.3733202274076
  ],
  [
   323.8966808382042,
   805.8810177747392
  ],
  [
   137.20482546549698,
   154.7345293552616
  ],
  [
   31.642393668207806,
   297.70196441449366
  ],
  [
   671.7906988970136,
   137.98222128202042
  ],
  [
   404.13344681002116,
   398.0357440154268
  ],
  [
   970.3576063317922,
   328.6903112002897
  ],
  [
   827.8841134406075,
   616.8719863375259
  ],
  [
   399.70809042751813,
   463.396955744186
  ],
  [
   537.3254715519781,
   584.4520454746579
  ],
  [
   878.2357047580583,
   522.483099601581
  ],
  [
   300.11630860433155,
   246.5460806435651
  ],
  [
   206.1878698124944,
   191.58393249248056
  ],
  [
   798.3916729846947,
   73.81943562181581
  ],
  [
   381.4434710708729,
   152.88026783970037
  ],
  [
   646.384352218708,
   495.99607084753404
  ],
  [
   315.91517510953963,
   872.8013907233227
  ],
  [
   202.2598516670421,
   322.2582569454237
  ],
  [
   163.23574037744632,
   779.3675165939836
  ],
  [
   828.9359429181573,
   164.27243997301235
  ],
  [
   809.6275066299689,
   740.4588787018243
  ],
  [
   774.6057368566181,
   579.8416218017411
  ],
  [
   639.2757155487595,
   282.4913138405247
  ],
  [
   716.0949931604398,
   356.22714324714514
  ],
  [
   295.89607468938465,
   729.7571256602124
  ],
  [
   182.37229430788457,
   382.0021598476413
  ],
  [
   424.39929379938934,
   31.709206155992433
  ],
  [
   493.88620865035114,
   833.4078596068344
  ],
  [
   332.20300803919685,
   191.88694342311393
  ],
  [
   886.666620966072,
   670.4556643144878
  ],
  [
   31.642393668207806,
   562.6616789444529
  ],
  [
   357.7286178446895,
   52.38497949680892
  ],
  [
   74.6629707505691,
   511.82933355603694
  ],
  [
   802.2695163212115,
   512.1783388946774
  ],
  [
   721.912106428563,
   292.11563541196296
  ],
  [
   655.626355418485,
   569.8004517429919
  ],
  [
   153.87101745395918,
   705.5775457426548
  ],
  [
   711.7002271372583,
   597.3401847029888
  ],
  [
   864.5261362712034,
   970.3576063317922
  ],
  [
   31.642393668207806,
   468.15188803928004
  ],
  [
   722.9003043886262,
   727.9099004847483
  ],
  [
   232.0908255541574,
   133.1787574264688
  ],
  [
   555.4726671490844,
   371.79991083113947
  ],
  [
   33.895738508559866,
   61.31134371234093
  ],
  [
   353.4094232682786,
   556.0731314092092
  ],
  [
   732.3647401580097,
   527.0106772137359
  ],
  [
   932.6393072967754,
   165.71196928064535
  ],
  [
   685.3659833615566,
   657.2871335519483
  ],
  [
   176.17580114736882,
   31.642393668207806
  ],
  [
   819.6722968415852,
   348.103825505816
  ],
  [
   968.5417801637312,
   473.2247238398402
  ],
  [
   91.31189461768935,
   861.3510099376823
  ],
  [
   127.13967816023127,
   911.2031890812739
  ],
  [
   914.681975622527,
   354.5101448355998
  ],
  [
   494.8916466790109,
   113.90076632914639
  ],
  [
   589.178558799416,
   551.7053157082538
  ],
  [
   438.51171201222587,
   609.6763989972688
  ],
  [
   408.30703242312586,
   861.2986662870081
  ],
  [
   31.642393668207806,
   359.2662577426342
  ],
  [
   650.7522056926161,
   862.2433298412185
  ],
  [
   562.1045866231012,
   763.7826897341172
  ],
  [
   647.6847576081605,
   77.25503228008506
  ],
  [
   590.2903713493589,
   426.63508369759614
  ],
  [
   141.51575539866397,
   532.6722420821064
  ],
  [
   912.721546479378,
   887.275531159063
  ],
  [
   592.2267153814661,
   243.1842421022398
  ],
  [
   331.9015851508638,
   307.38606059562557
  ],
  [
   219.6421957998159,
   494.3015342989532
  ],
  [
   219.97315650948323,
   657.2752813111404
  ],
  [
   541.1915711939853,
   508.75688481059836
  ],
  [
   281.99834220558944,
   31.642393668207806
  ],
  [
   638.4976825259698,
   344.8311646131048
  ],
  [
   925.1524587332435,
   561.9681208476452
  ],
  [
   485.34585204668696,
   655.0979564407706
  ],
  [
   389.65134526560774,
   286.87248366343675
  ],
  [
   652.4415219911731,
   939.2603136745579
  ],
  [
   771.2371153133124,
   387.647020217367
  ],
  [
   267.60935140620023,
   314.1221076512967
  ],
  [
   289.76021014736693,
   533.3753046810045
  ],
  [
   55.36280214743451,
   635.7872104007475
  ],
  [
   398.40789078889674,
   218.5487273138175
  ],
  [
   865.8347922668386,
   391.6550923413573
  ],
  [
   31.642393668207806,
   786.0703488551256
  ],
  [
   430.86338857479814,
   546.8676170819937
  ],
  [
   907.7754123420815,
   461.6363536433782
  ],
  [
   488.0792540985831,
   279.96458861293803
  ],
  [
   970.3576063317922,
   630.9246563375111
  ],
  [
   38.9592070451763,
   713.5164970677431
  ],
  [
   660.2976305637108,
   741.9201326481887
  ],
  [
   649.7618139242618,
   407.9167310107892
  ],
  [
   501.25240355568127,
   752.2477652247995
  ],
  [
   916.0607992070378,
   777.3414416868061
  ],
  [
   930.1764561081458,
   269.82773573968143
  ],
  [
   102.19668892600912,
   591.9219104313281
  ],
  [
   734.1730651055782,
   165.38687793862817
  ]
 ]
}