{
 "Object_Radius": 47.68272270088961,
 "Object_Shape": "disc",
 "Workspace_Density": 0.5,
 "Workspace_Height": 1000,
 "Workspace_Width": 1000,
 "number_of_objects": 70,
 "point_list": [
  [
   951.4099683806343,
   314.46460029551713
  ],
  [
   50.5900316089252,
   50.5900316089252
  ],
  [
   951.4097557505893,
   50.5900316089252
  ],
  [
   542.7653968886975,
   862.3044391559182
  ],
  [
   50.5900316089252,
   315.87057927477844
  ],
  [
   390.82608020800114,
   777.6161190258604
  ],
  [
   795.6809912098357,
   840.4704712056749
  ],
  [
   440.46331286621046,
   241.98490999627074
  ],
  [
   132.8388911021437,
   150.67108636639173
  ],
  [
   755.3832558401862,
   480.4435345640484
  ],
  [
   114.83361288753102,
   396.00694967171825
  ],
  [
   289.77017807064766,
   377.36105606931864
  ],
  [
   756.2028768212117,
   699.861017249858
  ],
  [
   494.4351174890398,
   147.04147646221543
  ],
  [
   149.84070421435743,
   50.5900316089252
  ],
  [
   446.6144046184289,
   50.5900316089252
  ],
  [
   237.7208929557823,
   651.4830427229426
  ],
  [
   50.5900316089252,
   931.4185585701748
  ],
  [
   626.3501527252996,
   950.8528271775147
  ],
  [
   783.9099308477896,
   153.4129758545109
  ],
  [
   50.5900316089252,
   795.5513174314435
  ],
  [
   663.3215570020617,
   783.1303955494789
  ],
  [
   239.22574149173366,
   523.2535159018582
  ],
  [
   951.4099683825634,
   597.6684778672528
  ],
  [
   951.3213201305791,
   723.5814034860252
  ],
  [
   755.4025617138511,
   50.5900316089252
  ],
  [
   541.0964886930061,
   594.2727515654817
  ],
  [
   330.4487179245893,
   468.14274020940894
  ],
  [
   347.85893386297124,
   59.757861645448465
  ],
  [
   493.0331147436861,
   951.4097921861542
  ],
  [
   408.24140786917326,
   892.1181346915217
  ],
  [
   606.5215930463535,
   673.5797826793469
  ],
  [
   50.5900316089252,
   652.1531032986263
  ],
  [
   156.8883446380131,
   951.3383998229327
  ],
  [
   853.8845079673804,
   73.71064122307247
  ],
  [
   433.74506918112615,
   463.57281515560135
  ],
  [
   620.5809063662119,
   295.13099381062545
  ],
  [
   196.5090116980054,
   336.8748371066737
  ],
  [
   523.4151368187677,
   357.69532901568147
  ],
  [
   149.4638253116108,
   700.1909038376649
  ],
  [
   384.45053831671225,
   333.5551291956928
  ],
  [
   857.9698809270046,
   552.3828434352785
  ],
  [
   881.2173092959424,
   951.4098305741671
  ],
  [
   426.5902074469914,
   605.7147623391047
  ],
  [
   82.24710931469836,
   490.60638466152074
  ],
  [
   866.8565149807997,
   661.6050385755791
  ],
  [
   642.5924130653219,
   50.5900316089252
  ],
  [
   891.7878963271307,
   808.7018546404357
  ],
  [
   388.95777626801174,
   150.06379614501344
  ],
  [
   492.35263162835616,
   681.9140436530669
  ],
  [
   230.6819057372077,
   243.76278661082475
  ],
  [
   357.30221595947233,
   684.1555668935065
  ],
  [
   50.5900316089252,
   213.65499040069483
  ],
  [
   653.1567448599808,
   582.1274921980599
  ],
  [
   891.0040685919843,
   401.5076654558306
  ],
  [
   260.46892762669745,
   149.15954833737987
  ],
  [
   224.79148771345567,
   877.8458685238619
  ],
  [
   951.4099267665724,
   202.63008132142662
  ],
  [
   599.4731606456961,
   140.98643675870719
  ],
  [
   132.3226636774806,
   577.1785109852954
  ],
  [
   249.1035007751658,
   50.5900316089252
  ],
  [
   951.398471680853,
   490.10204071565
  ],
  [
   561.7000440455851,
   473.8736283735781
  ],
  [
   285.92107025500496,
   768.5439034613622
  ],
  [
   708.6478485380186,
   368.65860233637807
  ],
  [
   750.8924480887572,
   599.8108133785237
  ],
  [
   783.511818637732,
   298.82939236030506
  ],
  [
   685.8331283735146,
   190.19843163730133
  ],
  [
   855.6480992847615,
   229.79975373903034
  ],
  [
   549.9609803922416,
   763.304317102455
  ]
 ]
}