{
 "Object_Radius": 47.68272270088961,
 "Object_Shape": "disc",
 "Workspace_Density": 0.5,
 "Workspace_Height": 1000,
 "Workspace_Width": 1000,
 "number_of_objects": 70,
 "point_list": [
  [
   446.5756760609168,
   641.3179929581779
  ],
  [
   116.11089546163696,
   844.6692340054763
  ],
  [
   738.6820786951204,
   627.6720040900461
  ],
  [
   521.8529560256754,
   799.458445506571
  ],
  [
   843.2678374027126,
   634.7276267602972
  ],
  [
   482.7119407456328,
   163.40446860179264
  ],
  [
   596.672166627777,
   898.9540050198401
  ],
  [
   50.5900316089252,
   327.47499089572733
  ],
  [
   207.62547369256782,
   792.8922649630712
  ],
  [
   355.3124919921692,
   50.5900316089252
  ],
  [
   354.13749482535667,
   454.48818748349373
  ],
  [
   273.6598770647274,
   682.9358111002795
  ],
  [
   653.856964504049,
   50.5900316089252
  ],
  [
   642.8150822907835,
   296.76217981695805
  ],
  [
   332.3373141623295,
   951.4079560338158
  ],
  [
   852.2296175320365,
   50.5900316089252
  ],
  [
   951.4099683696618,
   167.56518482794277
  ],
  [
   325.1403516386836,
   828.8630402414107
  ],
  [
   501.35322875291456,
   536.4925999265737
  ],
  [
   157.42765900578274,
   690.5695319135623
  ],
  [
   455.49683221419906,
   50.5900316089252
  ],
  [
   158.42435313606177,
   951.4099683696618
  ],
  [
   397.6914200732242,
   551.7657178648346
  ],
  [
   669.2901313220581,
   552.9177410995375
  ],
  [
   951.393600331932,
   390.7479137616884
  ],
  [
   852.9237132689093,
   407.9717611789146
  ],
  [
   753.0464598190594,
   50.5900316089252
  ],
  [
   709.3534303788043,
   448.26845431881037
  ],
  [
   255.98493200988673,
   50.5900316089252
  ],
  [
   496.63232138481084,
   332.89404174375915
  ],
  [
   88.14870146207596,
   502.73503188574017
  ],
  [
   50.5900316089252,
   149.25927125370728
  ],
  [
   775.350451612028,
   843.0726052633972
  ],
  [
   819.1409107500149,
   281.17125010607924
  ],
  [
   800.6512385972957,
   951.4099673356358
  ],
  [
   372.46183228090644,
   353.29714919643163
  ],
  [
   484.5247555400472,
   949.1529324268078
  ],
  [
   387.47843154237376,
   746.9186203295742
  ],
  [
   285.56481736757905,
   540.0414032026741
  ],
  [
   50.5900316089252,
   609.7415454258
  ],
  [
   235.22666487683637,
   147.8953498868217
  ],
  [
   155.5191334144394,
   50.5900316089252
  ],
  [
   680.937388123458,
   951.40818507312
  ],
  [
   581.9470948102224,
   613.6683778409041
  ],
  [
   335.90281761125686,
   150.94149718994
  ],
  [
   707.2873218428855,
   208.6614947928743
  ],
  [
   50.5900316089252,
   720.779384023272
  ],
  [
   734.9201083233003,
   333.5501030755436
  ],
  [
   174.20381489916386,
   306.6363858711688
  ],
  [
   615.3216954553802,
   152.24955143013037
  ],
  [
   951.4099683910748,
   50.5900316089252
  ],
  [
   472.97032097317197,
   439.73109553009436
  ],
  [
   50.5900316089252,
   951.4099672773797
  ],
  [
   653.4420478018883,
   686.7289734903816
  ],
  [
   308.9742317103405,
   246.43239786898977
  ],
  [
   825.15082091947,
   532.5048313507833
  ],
  [
   248.37463310600646,
   892.7152060387741
  ],
  [
   951.0179133658936,
   951.4099673356358
  ],
  [
   554.6769038892254,
   50.5900316089252
  ],
  [
   552.8320310044907,
   248.80623560265403
  ],
  [
   951.4099683660826,
   492.2945320865698
  ],
  [
   841.1511752816864,
   151.75679036026847
  ],
  [
   951.4099683742895,
   592.4198326571676
  ],
  [
   201.94843409068505,
   413.28491797738343
  ],
  [
   951.4099683696618,
   695.1930439636698
  ],
  [
   143.52221537797664,
   186.1211870681571
  ],
  [
   951.4099683696618,
   283.56276071994716
  ],
  [
   527.5292640442797,
   698.6868033495812
  ],
  [
   882.6419570446058,
   772.955641284724
  ],
  [
   423.0603993585002,
   244.8465693723756
  ]
 ]
}