{
 "Object_Radius": 47.68272270088961,
 "Object_Shape": "disc",
 "Workspace_Density": 0.5,
 "Workspace_Height": 1000,
 "Workspace_Width": 1000,
 "number_of_objects": 70,
 "point_list": [
  [
   50.5900316089252,
   225.2932133771956
  ],
  [
   358.55796459276996,
   50.5900316089252
  ],
  [
   822.0380515813137,
   220.57369342020937
  ],
  [
   50.5900316089252,
   370.66378569352713
  ],
  [
   214.214625092498,
   583.5059398538483
  ],
  [
   128.17329951456634,
   534.0975569178315
  ],
  [
   951.3900737193154,
   653.2469650581089
  ],
  [
   751.2635590834227,
   951.4099683841356
  ],
  [
   892.3063358109316,
   327.7405637216437
  ],
  [
   711.8126919610348,
   534.8976833646053
  ],
  [
   133.52577215711585,
   814.7629674186537
  ],
  [
   133.81022251595178,
   700.1061040220478
  ],
  [
   358.3754235606533,
   737.7561183093513
  ],
  [
   235.8772195841771,
   683.4210293402866
  ],
  [
   943.9310324236988,
   243.0369906198522
  ],
  [
   936.2880113608322,
   50.5900316089252
  ],
  [
   951.4099683844072,
   753.0417876627527
  ],
  [
   951.3807442083158,
   510.0122890610181
  ],
  [
   850.9833106614918,
   951.4099683829235
  ],
  [
   651.9241846086321,
   951.4099683801595
  ],
  [
   814.6211011880898,
   697.2155078736936
  ],
  [
   130.77369358439734,
   951.4097151920096
  ],
  [
   441.3040311584865,
   794.7420703475324
  ],
  [
   614.3740829927623,
   515.0901331202689
  ],
  [
   222.44307591532672,
   895.9791468636685
  ],
  [
   140.3944390068052,
   416.65686680045775
  ],
  [
   632.466893021322,
   313.1193190016489
  ],
  [
   607.9349979420444,
   50.5900316089252
  ],
  [
   584.8923389561692,
   194.3178662156658
  ],
  [
   856.2582745578359,
   479.0756564381639
  ],
  [
   620.0478078837332,
   717.9069114856229
  ],
  [
   526.0157869565752,
   278.1566835713759
  ],
  [
   882.047359387097,
   581.2621700217741
  ],
  [
   951.4099683866704,
   852.2286422163589
  ],
  [
   743.0240541500328,
   847.0864263772697
  ],
  [
   266.6014392538708,
   806.8306348561014
  ],
  [
   555.2159381770085,
   595.3644857601557
  ],
  [
   951.4098687057258,
   410.81294576282914
  ],
  [
   697.5834073355264,
   229.74800389826723
  ],
  [
   951.4099683866704,
   951.4099412182917
  ],
  [
   550.7133742099378,
   377.70014217202583
  ],
  [
   488.86713253135923,
   82.18839511381852
  ],
  [
   316.2480551135807,
   951.3901720517022
  ],
  [
   238.54509438215976,
   432.2343785749707
  ],
  [
   133.56797898981543,
   286.3933320087205
  ],
  [
   262.22630044719284,
   270.15890255598805
  ],
  [
   122.91357069654961,
   50.5900316089252
  ],
  [
   325.2913004588693,
   619.1128227760369
  ],
  [
   521.7732226395449,
   704.5356433126911
  ],
  [
   431.14307768221346,
   664.250541443465
  ],
  [
   50.5900316089252,
   642.6427683632832
  ],
  [
   449.97593300968805,
   951.3849004410114
  ],
  [
   713.2259037385259,
   751.9334349106929
  ],
  [
   217.25278796493018,
   147.99853463123142
  ],
  [
   242.8773594308934,
   50.5900316089252
  ],
  [
   551.3037519122793,
   951.379700603324
  ],
  [
   636.8092732492041,
   825.277149061024
  ],
  [
   50.5900316089252,
   469.85879487780176
  ],
  [
   760.9508426312005,
   445.6585244682622
  ],
  [
   290.04138509326776,
   519.564715377764
  ],
  [
   656.1751067447397,
   413.72844894668606
  ],
  [
   364.240231843503,
   453.74860086685106
  ],
  [
   792.8436904226476,
   320.8030636184104
  ],
  [
   785.0527743126281,
   601.9763755731841
  ],
  [
   495.1955448001782,
   511.88092583701706
  ],
  [
   696.8477833837409,
   647.3277990311248
  ],
  [
   845.0159834410015,
   831.0967422953584
  ],
  [
   382.9075377027545,
   875.85861115905
  ],
  [
   455.65459992825095,
   410.8069589671217
  ],
  [
   540.2815758724897,
   802.0389142380005
  ]
 ]
}