{
 "Object_Radius": 47.68272270088961,
 "Object_Shape": "disc",
 "Workspace_Density": 0.5,
 "Workspace_Height": 1000,
 "Workspace_Width": 1000,
 "number_of_objects": 70,
 "point_list": [
  [
   951.409968386061,
   260.4729941394693
  ],
  [
   305.7385453743958,
   951.4099683345789
  ],
  [
   154.95352905597412,
   698.9465319557492
  ],
  [
   251.23043844595165,
   674.9967462923856
  ],
  [
   853.6491132656537,
   140.7889968848353
  ],
  [
   775.9385848537156,
   350.5418619093707
  ],
  [
   442.45336503061407,
   951.4099458966348
  ],
  [
   595.8548232384428,
   377.16478075783795
  ],
  [
   155.0014200250415,
   599.7418411112338
  ],
  [
   696.4567242848041,
   664.0366151041746
  ],
  [
   679.8338943893821,
   320.32992135028513
  ],
  [
   455.64387801123,
   840.9435083881717
  ],
  [
   540.5024303169388,
   781.516339955546
  ],
  [
   432.5226503168778,
   50.5900316089252
  ],
  [
   490.40230153957367,
   579.1916285448308
  ],
  [
   50.5900316089252,
   376.0642643020801
  ],
  [
   234.3333432011518,
   406.47060847860865
  ],
  [
   50.5900316089252,
   610.5682295862939
  ],
  [
   754.5682680131438,
   136.35401419891363
  ],
  [
   357.1258744810849,
   854.5530435916485
  ],
  [
   667.6815395604829,
   848.707298058992
  ],
  [
   326.9560591728186,
   575.2469446786946
  ],
  [
   191.1217896519869,
   951.4099683190688
  ],
  [
   487.281961894565,
   392.51342688867345
  ],
  [
   315.3477311046943,
   341.81287047203585
  ],
  [
   130.20261432385874,
   795.9881320097388
  ],
  [
   800.4467942810181,
   447.4196859801447
  ],
  [
   402.30949604073936,
   755.9190296723917
  ],
  [
   913.209637057585,
   859.7364480217839
  ],
  [
   951.4099683865991,
   469.8456467441944
  ],
  [
   440.4466633171646,
   161.01155768386022
  ],
  [
   951.4099683861518,
   668.5930774233749
  ],
  [
   951.4069759891029,
   158.3927574121666
  ],
  [
   456.26236887368475,
   287.82217421327624
  ],
  [
   951.4081325177457,
   767.9430115050147
  ],
  [
   569.9398038657719,
   50.5900316089252
  ],
  [
   951.4099683781404,
   50.5900316089252
  ],
  [
   720.094880643731,
   229.35277547508238
  ],
  [
   729.924842315457,
   535.1284671978038
  ],
  [
   50.5900316089252,
   858.0581556558009
  ],
  [
   845.5885384477533,
   762.7768031062794
  ],
  [
   810.2623613600081,
   50.5900316089252
  ],
  [
   638.2217518585805,
   750.1136565188297
  ],
  [
   816.2969454637051,
   255.87947007131663
  ],
  [
   50.5900316089252,
   718.3399906374575
  ],
  [
   704.7501970430397,
   50.5900316089252
  ],
  [
   50.5900316089252,
   50.5900316089252
  ],
  [
   346.8569411951605,
   112.61936527167839
  ],
  [
   365.0373397625803,
   244.57903802275462
  ],
  [
   280.76656543954516,
   187.5330977878618
  ],
  [
   801.8824383539067,
   671.0206825554313
  ],
  [
   951.4071287355619,
   951.3999703569746
  ],
  [
   181.56923559702327,
   179.69203050607103
  ],
  [
   951.4099683865485,
   569.1902498877781
  ],
  [
   623.7154497875943,
   951.409968388127
  ],
  [
   144.1221573504591,
   83.86699467460267
  ],
  [
   617.5612812326162,
   215.21203596601416
  ],
  [
   729.6686715849457,
   951.4099683470488
  ],
  [
   84.12470695152092,
   247.44190092496783
  ],
  [
   634.911675626199,
   469.99392649291383
  ],
  [
   546.1554419456987,
   887.4376091157927
  ],
  [
   410.3982597894051,
   643.4590274487148
  ],
  [
   146.61800218486232,
   351.0549886718085
  ],
  [
   90.2976558496608,
   951.4058693569375
  ],
  [
   356.08762259264364,
   445.4672399846692
  ],
  [
   541.1429192132553,
   149.0074353243876
  ],
  [
   451.41524372222113,
   485.41654216426383
  ],
  [
   244.86497402993209,
   50.5900316089252
  ],
  [
   628.4884957866648,
   576.7227728298302
  ],
  [
   214.13663624662706,
   275.8095603237916
  ]
 ]
}