{
 "Object_Radius": 47.68272270088961,
 "Object_Shape": "disc",
 "Workspace_Density": 0.5,
 "Workspace_Height": 1000,
 "Workspace_Width": 1000,
 "number_of_objects": 70,
 "point_list": [
  [
   442.06994388751076,
   422.7010796094087
  ],
  [
   505.65630080567735,
   589.8650402982462
  ],
  [
   329.27336776640806,
   157.6135364925503
  ],
  [
   82.46024666810689,
   417.9881121423807
  ],
  [
   220.67202794486371,
   128.92707003944724
  ],
  [
   532.5897065310222,
   338.90119114484605
  ],
  [
   701.6429087254696,
   731.0730551679516
  ],
  [
   635.8183661941034,
   346.48603673222954
  ],
  [
   756.5570434884164,
   302.4718331031134
  ],
  [
   951.3836543681,
   581.1248089309868
  ],
  [
   50.5900316089252,
   722.5293111903012
  ],
  [
   435.1420896022054,
   812.787869960653
  ],
  [
   259.60279143366614,
   951.4099578665591
  ],
  [
   625.6847478423268,
   607.7943912232898
  ],
  [
   530.5800658673651,
   778.8226630892711
  ],
  [
   133.91689021728865,
   776.8946789583996
  ],
  [
   697.4623763334764,
   847.1730751448046
  ],
  [
   50.5900316089252,
   50.5900316089252
  ],
  [
   951.3934101068162,
   939.7141334699734
  ],
  [
   864.554827679876,
   528.4127713604398
  ],
  [
   345.4554772384672,
   505.56311731333705
  ],
  [
   337.5697000691455,
   406.03585249128923
  ],
  [
   513.9555706280759,
   491.0327953478198
  ],
  [
   848.3196514440091,
   951.4099683775481
  ],
  [
   829.1536811045855,
   396.5867352726833
  ],
  [
   99.6936916980391,
   237.7596188684124
  ],
  [
   434.7267516931661,
   50.5900316089252
  ],
  [
   657.2282864415396,
   249.54395784694452
  ],
  [
   50.5900316089252,
   621.3274674191788
  ],
  [
   951.2712115474367,
   471.2212913914263
  ],
  [
   693.1410096838417,
   951.2045093128695
  ],
  [
   198.44123625516738,
   225.5837929442425
  ],
  [
   140.8917451702084,
   568.4729090670037
  ],
  [
   765.2152078304493,
   180.36035082510378
  ],
  [
   304.8927990704767,
   675.8627415373707
  ],
  [
   50.5900316089252,
   323.99706393854217
  ],
  [
   493.8265674514181,
   202.64336915970134
  ],
  [
   729.9936702237001,
   611.0295234554994
  ],
  [
   890.3048912678071,
   664.7070856693192
  ],
  [
   819.3606262496178,
   795.5063950524313
  ],
  [
   951.4099578665591,
   223.6372419296645
  ],
  [
   722.207037958062,
   396.872585041754
  ],
  [
   317.5344399555817,
   50.5900316089252
  ],
  [
   545.3620273908716,
   680.7503527575058
  ],
  [
   599.7489500207301,
   885.9907042630185
  ],
  [
   182.41290068842835,
   404.83646202800855
  ],
  [
   736.4839630953617,
   50.5900316089252
  ],
  [
   520.4774154758477,
   951.086112223194
  ],
  [
   735.2905508252742,
   511.6129824551039
  ],
  [
   951.3802156274488,
   337.1468881787109
  ],
  [
   216.47141772556148,
   501.5458948528255
  ],
  [
   951.4099683775481,
   824.9281397306248
  ],
  [
   403.00828077080206,
   587.0113822274993
  ],
  [
   348.17205361556074,
   765.1048344346499
  ],
  [
   293.85074348699555,
   849.7709306457077
  ],
  [
   859.3763528573754,
   295.0037260708759
  ],
  [
   50.5900316089252,
   835.8075849698117
  ],
  [
   217.86135721730722,
   723.7942986808725
  ],
  [
   278.3230947328885,
   580.1486896657241
  ],
  [
   528.2014472500314,
   83.98077335901468
  ],
  [
   50.5900316089252,
   951.3814857098788
  ],
  [
   154.11596743972729,
   50.5900316089252
  ],
  [
   948.5450444498073,
   107.14354779767996
  ],
  [
   50.5900316089252,
   151.38677416652465
  ],
  [
   50.5900316089252,
   517.1799416181955
  ],
  [
   395.37828580043623,
   231.74323530044356
  ],
  [
   793.073486519043,
   689.7536074826808
  ],
  [
   402.3056316541585,
   330.86932427026693
  ],
  [
   836.0475322193519,
   50.5900316089252
  ],
  [
   598.1236892374718,
   438.5687869385691
  ]
 ]
}