{
 "Object_Radius": 47.68272270088961,
 "Object_Shape": "disc",
 "Workspace_Density": 0.5,
 "Workspace_Height": 1000,
 "Workspace_Width": 1000,
 "number_of_objects": 70,
 "point_list": [
  [
   270.86454820504485,
   50.5900316089252
  ],
  [
   661.3635405375225,
   645.1260874304521
  ],
  [
   372.50030827445033,
   254.84267985464655
  ],
  [
   781.6031674930414,
   306.41068013102114
  ],
  [
   50.5900316089252,
   634.520414743918
  ],
  [
   801.4677211933631,
   844.6784966042107
  ],
  [
   951.4099683845698,
   454.9867840321718
  ],
  [
   156.74792595571367,
   153.03019100762776
  ],
  [
   591.7243353663106,
   257.0703452204631
  ],
  [
   327.8598995286773,
   757.4245071775176
  ],
  [
   845.0831453042368,
   738.7439454001632
  ],
  [
   647.8818309019371,
   875.5477989784849
  ],
  [
   469.02151858857917,
   228.73517198686397
  ],
  [
   50.5900316089252,
   256.2564932731764
  ],
  [
   951.3582622250084,
   298.50771511922426
  ],
  [
   580.7414030495181,
   951.4099683810822
  ],
  [
   951.4099683910748,
   951.4099683910748
  ],
  [
   194.16938623539937,
   595.2765457112035
  ],
  [
   951.4099683910748,
   852.2299051979137
  ],
  [
   99.4951421959674,
   496.14374335777137
  ],
  [
   647.0351990804933,
   769.620389160348
  ],
  [
   680.0916698525117,
   307.84062025578527
  ],
  [
   253.02761466446822,
   951.4099002081603
  ],
  [
   792.539684695077,
   411.7889799578872
  ],
  [
   531.7194064135916,
   50.5900316089252
  ],
  [
   951.4092485990412,
   150.36771886074763
  ],
  [
   887.2870897424722,
   378.55933635853233
  ],
  [
   294.2021523098072,
   508.14141583872185
  ],
  [
   50.5900316089252,
   151.75566624478196
  ],
  [
   470.4166918720884,
   329.62813555229275
  ],
  [
   531.1244096063764,
   572.8784785363863
  ],
  [
   719.9745962563484,
   211.0637301665368
  ],
  [
   559.6742505142902,
   694.1010389936814
  ],
  [
   203.7370803938428,
   733.7114235138164
  ],
  [
   752.1402094915394,
   605.1691224131955
  ],
  [
   754.2020200125982,
   506.01016476531424
  ],
  [
   204.52331384238718,
   833.9331241762976
  ],
  [
   875.6119445888235,
   215.21079212062656
  ],
  [
   50.5900316089252,
   923.6820274741867
  ],
  [
   536.3155704466236,
   152.11717008515217
  ],
  [
   390.29472073616296,
   152.79802821870558
  ],
  [
   153.54973835731278,
   50.5900316089252
  ],
  [
   854.538846519825,
   620.0154847871755
  ],
  [
   951.4099683880509,
   653.8233811535832
  ],
  [
   121.19288322685198,
   326.00026368219983
  ],
  [
   410.3946961793156,
   409.59254066828225
  ],
  [
   218.84026456763866,
   346.9137882027738
  ],
  [
   457.8543484522698,
   726.9100596391519
  ],
  [
   750.8725367987473,
   704.5804771066895
  ],
  [
   50.5900316089252,
   50.5900316089252
  ],
  [
   412.43076012414474,
   593.6293099000607
  ],
  [
   951.4099683880512,
   753.0465752533333
  ],
  [
   318.60428401121646,
   342.18684447253094
  ],
  [
   483.7849308988997,
   867.8547731849987
  ],
  [
   632.0948610464411,
   50.5900316089252
  ],
  [
   948.1490199238208,
   50.5900316089252
  ],
  [
   638.9189732541433,
   151.35610930667158
  ],
  [
   789.6487876853373,
   134.91568957604204
  ],
  [
   236.4973461904725,
   227.54756243448637
  ],
  [
   735.6694705791435,
   50.5900316089252
  ],
  [
   182.40691845645497,
   441.67987873288797
  ],
  [
   492.9533225969948,
   465.616409321398
  ],
  [
   631.8772461060883,
   426.0262775578027
  ],
  [
   627.4173851714378,
   533.0354433566727
  ],
  [
   848.6676025804024,
   50.5900316089252
  ],
  [
   50.5900316089252,
   783.7310030183971
  ],
  [
   50.5900316089252,
   403.00856809917093
  ],
  [
   778.2927306713171,
   951.4086138098912
  ],
  [
   403.3204002310965,
   50.5900316089252
  ],
  [
   951.4099683865462,
   554.4797058474301
  ]
 ]
}