{
 "Object_Radius": 47.68272270088961,
 "Object_Shape": "disc",
 "Workspace_Density": 0.5,
 "Workspace_Height": 1000,
 "Workspace_Width": 1000,
 "number_of_objects": 70,
 "point_list": [
  [
   657.5853592055171,
   244.91593412937647
  ],
  [
   157.58924939812445,
   50.5900316089252
  ],
  [
   358.80788057684447,
   743.0427897797674
  ],
  [
   622.0454872526758,
   400.21390022112405
  ],
  [
   848.0855933860252,
   951.1603084718889
  ],
  [
   176.17097458492498,
   757.0846058980111
  ],
  [
   604.3894825156304,
   832.1022622730567
  ],
  [
   653.8340039752825,
   50.5900316089252
  ],
  [
   323.0758692496896,
   628.5314134106168
  ],
  [
   761.0033625632067,
   641.9731953420364
  ],
  [
   421.0845212505978,
   608.3859019845356
  ],
  [
   764.1866128291811,
   297.62202603556005
  ],
  [
   130.99385347493407,
   464.7329014607246
  ],
  [
   152.13072712425088,
   260.7325420113328
  ],
  [
   256.89996531564344,
   50.5900316089252
  ],
  [
   294.04456492177644,
   144.3406980619967
  ],
  [
   509.59642546839746,
   241.69550287244073
  ],
  [
   515.3534977655153,
   385.30601655332674
  ],
  [
   554.5965058163409,
   50.5900316089252
  ],
  [
   405.9573489464042,
   893.4321750854496
  ],
  [
   571.0690235142346,
   733.0974118020272
  ],
  [
   865.6257621794036,
   313.25242282572106
  ],
  [
   871.3616812659301,
   686.665212381686
  ],
  [
   50.5900316089252,
   692.8736869445393
  ],
  [
   410.80704879646834,
   306.00142991635687
  ],
  [
   50.5900316089252,
   900.2446197812889
  ],
  [
   847.0013744607356,
   841.6064337394432
  ],
  [
   753.0140671970381,
   50.5900316089252
  ],
  [
   949.6248960109822,
   822.7692342317501
  ],
  [
   706.332339482242,
   881.0720360249853
  ],
  [
   239.79375105505116,
   464.7617360091333
  ],
  [
   133.7338715929634,
   361.2094344719596
  ],
  [
   817.1335332768626,
   446.87869276371276
  ],
  [
   323.50042313520913,
   406.0949016925181
  ],
  [
   74.3742161978211,
   183.58736216712865
  ],
  [
   942.528572213539,
   194.4214483732407
  ],
  [
   319.72907608455625,
   836.2902773105899
  ],
  [
   229.33626836260814,
   333.21827604807623
  ],
  [
   754.2594638584659,
   538.5622579902376
  ],
  [
   237.03100454225813,
   898.9674253624188
  ],
  [
   609.1013870087897,
   588.3960656474901
  ],
  [
   852.1952537376242,
   50.5900316089252
  ],
  [
   455.4094063303033,
   52.848847329224014
  ],
  [
   951.4098389059073,
   50.5900316089252
  ],
  [
   143.23437029243678,
   857.1586689533252
  ],
  [
   262.3170666402339,
   707.5082767546775
  ],
  [
   50.5900316089252,
   50.5900316089252
  ],
  [
   915.1912610777488,
   417.9781941992213
  ],
  [
   475.9424279193313,
   525.3876431198245
  ],
  [
   950.8558069781708,
   951.404213904581
  ],
  [
   356.1727044208845,
   50.5900316089252
  ],
  [
   675.1607283126389,
   700.9911990330539
  ],
  [
   726.181393178444,
   398.9066171651573
  ],
  [
   582.1461246654885,
   309.33733070894976
  ],
  [
   518.314573475056,
   628.892481489977
  ],
  [
   721.2535830880392,
   164.7731859144599
  ],
  [
   667.8290296641931,
   488.27453314854677
  ],
  [
   855.1018449422696,
   542.5128723728933
  ],
  [
   568.1884997808328,
   485.9039009949206
  ],
  [
   50.5900316089252,
   294.76480681881037
  ],
  [
   951.4099683910748,
   566.2112944220811
  ],
  [
   60.269175783098135,
   794.6039081101592
  ],
  [
   322.6175278220998,
   951.3644971538566
  ],
  [
   422.9136819455205,
   441.3480203242573
  ],
  [
   50.5900316089252,
   523.5553113384873
  ],
  [
   455.82760871626874,
   705.9934035017721
  ],
  [
   355.8367973681974,
   222.4930306264901
  ],
  [
   512.3248582038982,
   141.81514110155175
  ],
  [
   257.1569712982654,
   237.80582417777367
  ],
  [
   318.66298588593355,
   525.7266045807588
  ]
 ]
}