{
 "Object_Radius": 47.68272270088961,
 "Object_Shape": "disc",
 "Workspace_Density": 0.5,
 "Workspace_Height": 1000,
 "Workspace_Width": 1000,
 "number_of_objects": 70,
 "point_list": [
  [
   854.4205375061136,
   636.7222261586344
  ],
  [
   50.5900316089252,
   318.6686058672087
  ],
  [
   429.6058966797629,
   356.55543027174986
  ],
  [
   50.5900316089252,
   418.3410433639092
  ],
  [
   219.14231173149156,
   430.4328562281552
  ],
  [
   951.4099683894275,
   348.1307944454823
  ],
  [
   852.1974173619355,
   50.5900316089252
  ],
  [
   842.212685697178,
   740.2487164155599
  ],
  [
   950.591378406803,
   542.6614634244419
  ],
  [
   753.0131651099886,
   50.5900316089252
  ],
  [
   202.64715934556975,
   698.8046163714054
  ],
  [
   540.1199593307402,
   601.8287407970383
  ],
  [
   951.4099683910748,
   50.5900316089252
  ],
  [
   138.0980653383134,
   371.28608792509317
  ],
  [
   320.7461516883296,
   852.7463305769179
  ],
  [
   385.1985296739737,
   261.15049974925324
  ],
  [
   237.07434447035723,
   585.835860597987
  ],
  [
   296.7731521510305,
   342.48783788485594
  ],
  [
   951.4062976243932,
   658.1542790138965
  ],
  [
   148.1642138504179,
   785.3331341968245
  ],
  [
   55.15306984338993,
   155.78515050271332
  ],
  [
   509.6756462928049,
   819.695220495557
  ],
  [
   212.68327398174182,
   865.3477111000867
  ],
  [
   50.5900316089252,
   815.6469194855807
  ],
  [
   653.8046636218196,
   175.1167523856069
  ],
  [
   366.74014560043804,
   764.480614713655
  ],
  [
   482.6743918276152,
   444.74951169451384
  ],
  [
   50.5900316089252,
   616.8284692208088
  ],
  [
   50.5900316089252,
   517.6448520922243
  ],
  [
   417.10907738455063,
   50.5900316089252
  ],
  [
   951.4099683849844,
   248.95014440222036
  ],
  [
   653.8049237505032,
   50.5900316089252
  ],
  [
   951.4099683910748,
   149.77008069255797
  ],
  [
   673.5964350197003,
   947.2611575604528
  ],
  [
   50.5900316089252,
   921.3738454175738
  ],
  [
   310.8778481741078,
   50.5900316089252
  ],
  [
   598.435942194973,
   868.3885599121783
  ],
  [
   50.5900316089252,
   716.0085242201166
  ],
  [
   777.5650556423722,
   417.9131263160367
  ],
  [
   566.9661637851036,
   715.6238205219464
  ],
  [
   570.2763109340127,
   396.99527437072226
  ],
  [
   308.1694567681415,
   156.52587328789593
  ],
  [
   825.7079074433619,
   507.1958041818789
  ],
  [
   756.4651841417464,
   790.5343439936057
  ],
  [
   790.422248988746,
   951.4099683825893
  ],
  [
   554.5602452814685,
   50.5900316089252
  ],
  [
   321.76979708633337,
   637.6176682493748
  ],
  [
   644.8428047045152,
   778.9558701215634
  ],
  [
   84.33972729266702,
   60.845403031865665
  ],
  [
   209.82162043510877,
   50.5900316089252
  ],
  [
   140.03419347855004,
   564.5994656602138
  ],
  [
   206.40880480908592,
   198.32025060573974
  ],
  [
   675.844400945896,
   636.7716780948348
  ],
  [
   951.3508429495209,
   912.4022451512391
  ],
  [
   758.8271642013844,
   158.94073595792042
  ],
  [
   114.57881387516046,
   242.5894149413826
  ],
  [
   891.2459047507289,
   432.736966825273
  ],
  [
   204.7516247384385,
   297.60547936150436
  ],
  [
   701.7199836599585,
   353.035788028082
  ],
  [
   767.586686012842,
   588.5484391239135
  ],
  [
   597.5123521052008,
   500.0296682507659
  ],
  [
   385.91894868981956,
   472.21665033585117
  ],
  [
   835.7378079076774,
   231.14158456186055
  ],
  [
   514.2996587093945,
   951.3647342005632
  ],
  [
   420.6753266622979,
   913.6870228013569
  ],
  [
   702.838798930206,
   502.3725313094854
  ],
  [
   419.92662477022515,
   680.1113540685756
  ],
  [
   290.80915293872386,
   502.00792098252657
  ],
  [
   438.4296970178368,
   577.2787658088859
  ],
  [
   306.3428484415169,
   951.1721216845078
  ]
 ]
}