{
 "Object_Length": 129.09944487358058,
 "Object_Shape": "cuboid",
 "Object_Width": 38.729833462074176,
 "Workspace_Density": 0.2,
 "Workspace_Height": 1000,
 "Workspace_Width": 1000,
 "number_of_objects": 40,
 "point_list": [
  [
   379.34002948259143,
   468.05375180429337,
   0.376809319839
  ],
  [
   898.6033295602044,
   941.8784419776491,
   0.475516867971
  ],
  [
   799.3082096288994,
   702.6896250058969,
   2.117448602
  ],
  [
   569.8155910282279,
   454.6983594613073,
   0.0603387619961
  ],
  [
   483.711984396649,
   568.7261469132022,
   0.619307469526
  ],
  [
   796.8055014121163,
   849.8336808528231,
   2.27584399872
  ],
  [
   187.21999663573024,
   290.7357794636165,
   1.19903352832
  ],
  [
   642.9894518406545,
   863.1254519598434,
   2.37299730796
  ],
  [
   890.7023178761635,
   358.32349539964235,
   1.3915335154
  ],
  [
   214.50869884737966,
   795.3631899351501,
   2.07674700035
  ],
  [
   716.6567912015649,
   251.05061049348865,
   2.38584089625
  ],
  [
   620.9398370228164,
   77.74746268738255,
   2.56283881379
  ],
  [
   531.907115845984,
   767.651485800706,
   1.03474559086
  ],
  [
   700.4178833723486,
   686.8154350519336,
   2.783917661
  ],
  [
   910.7160623251967,
   196.12300648181116,
   1.46495223584
  ],
  [
   869.9244628080249,
   650.26989688776,
   1.16280381572
  ],
  [
   628.2219620078143,
   299.09790326284536,
   0.890191756332
  ],
  [
   523.5307791980781,
   211.63766130429224,
   2.02024273211
  ],
  [
   372.5566203891525,
   162.38627409769325,
   3.03892898002
  ],
  [
   59.425519529865866,
   388.21167653369594,
   1.23647967583
  ],
  [
   788.8459183389913,
   494.47548036544885,
   2.7153599176
  ],
  [
   285.85353264224744,
   888.6632461955495,
   1.65490792291
  ],
  [
   287.06164129830285,
   113.93132693645212,
   2.07798929961
  ],
  [
   867.7890743980576,
   122.84384994509094,
   2.38854133821
  ],
  [
   117.11817892719083,
   566.396192783253,
   2.61358697679
  ],
  [
   387.2256411116507,
   683.3636465128642,
   2.98917715736
  ],
  [
   550.536056026177,
   378.3147325010036,
   2.88060496802
  ],
  [
   126.18471467109325,
   868.211507913392,
   1.79672991757
  ],
  [
   410.0615117497064,
   826.7324319834961,
   1.33833222462
  ],
  [
   460.0196376166,
   900.779190265593,
   2.73878740838
  ],
  [
   286.1707530101824,
   550.7003647883888,
   0.448589623718
  ],
  [
   921.800893588392,
   873.1335620762092,
   0.260314056609
  ],
  [
   265.97626036020176,
   343.2827271500834,
   2.49458543677
  ],
  [
   168.6127594587666,
   168.64076039012357,
   0.546629588961
  ],
  [
   670.6268744869033,
   153.96615404900055,
   2.65898858391
  ],
  [
   496.55567171827073,
   40.76166061361765,
   0.210280776176
  ],
  [
   670.0843349863203,
   591.177662906068,
   0.327449270598
  ],
  [
   807.4374933741074,
   211.993162340345,
   1.1718283324
  ],
  [
   894.729527348683,
   518.9628169187208,
   1.57953736344
  ],
  [
   43.27418581000532,
   180.4088518205014,
   1.52424644078
  ]
 ]
}