{
 "Object_Length": 129.09944487358058,
 "Object_Shape": "cuboid",
 "Object_Width": 38.729833462074176,
 "Workspace_Density": 0.2,
 "Workspace_Height": 1000,
 "Workspace_Width": 1000,
 "number_of_objects": 40,
 "point_list": [
  [
   195.6697191224863,
   826.310192869098,
   0.919366182735
  ],
  [
   811.3579594320112,
   324.56532245442406,
   2.62379339226
  ],
  [
   884.3114138159319,
   512.1642207408865,
   2.869126301
  ],
  [
   901.5386383000794,
   134.26276548425423,
   1.90009973303
  ],
  [
   592.2539069626749,
   107.11239085433695,
   3.1168065676
  ],
  [
   321.45136707973654,
   669.8350890333953,
   0.242244868021
  ],
  [
   105.7087315904546,
   390.26875299582457,
   0.704931710086
  ],
  [
   917.9138764761112,
   803.392484319028,
   0.983566909709
  ],
  [
   445.4702084198851,
   723.1926193364142,
   1.8657505487
  ],
  [
   306.25681117653073,
   407.3510071818836,
   0.637590906615
  ],
  [
   307.06354741868523,
   905.7049157969728,
   2.30533777744
  ],
  [
   90.55002580737808,
   196.90389431609128,
   0.142716883965
  ],
  [
   698.6886701299603,
   898.6432286859416,
   2.95797945922
  ],
  [
   355.53190407817635,
   303.3020970409188,
   1.19638352847
  ],
  [
   797.6682698753413,
   116.55951566410445,
   2.86266434893
  ],
  [
   287.04362488665925,
   486.44929713449403,
   0.373206432357
  ],
  [
   69.49013635992488,
   626.573806672707,
   2.38733305386
  ],
  [
   156.66005327767704,
   511.59449353380694,
   2.77149433363
  ],
  [
   715.6473580438496,
   805.9028014695939,
   1.3370412789
  ],
  [
   730.5884004038991,
   207.19940270062057,
   0.0578459938403
  ],
  [
   631.4270158333873,
   614.716076880568,
   2.65930480386
  ],
  [
   795.5510978194972,
   725.6721570551789,
   0.777019377287
  ],
  [
   348.9217548574525,
   167.0743277296355,
   1.42561019215
  ],
  [
   503.2898033861906,
   400.8345375324352,
   2.08622266068
  ],
  [
   596.7903065292978,
   790.9905496442151,
   2.65654104086
  ],
  [
   465.07921980160927,
   925.0040724290495,
   0.465588258127
  ],
  [
   107.82335920627143,
   918.8547810493014,
   1.24795031752
  ],
  [
   143.95308755358286,
   115.08026973717654,
   0.637356194113
  ],
  [
   913.7946320604425,
   651.3393578805296,
   2.74510729391
  ],
  [
   604.9813771109481,
   274.7929015233194,
   2.89070834383
  ],
  [
   540.5625621913141,
   722.1191684794521,
   1.52782343005
  ],
  [
   809.8745630867281,
   432.15960472792653,
   1.15951101196
  ],
  [
   710.1238586590212,
   302.5535497653913,
   1.90043546662
  ],
  [
   574.4850306823969,
   158.99499401000554,
   0.0965047647286
  ],
  [
   393.85112285327034,
   804.8973932244526,
   0.443917199507
  ],
  [
   589.0323173822776,
   498.64030804747705,
   1.71265452652
  ],
  [
   687.0060108264018,
   533.6764584176868,
   0.811277888969
  ],
  [
   711.3762457428905,
   472.57469625316764,
   0.362202291808
  ],
  [
   435.6687405274119,
   436.534095672709,
   1.88545246159
  ],
  [
   508.577971320365,
   514.738298071465,
   2.30099045057
  ]
 ]
}