{
 "Object_Length": 129.09944487358058,
 "Object_Shape": "cuboid",
 "Object_Width": 38.729833462074176,
 "Workspace_Density": 0.2,
 "Workspace_Height": 1000,
 "Workspace_Width": 1000,
 "number_of_objects": 40,
 "point_list": [
  [
   331.94441315319494,
   105.42350162041606,
   0.272046859093
  ],
  [
   692.111544033494,
   374.00179195232056,
   3.03383104178
  ],
  [
   834.7746007680763,
   162.66307458622424,
   2.85423381404
  ],
  [
   245.4949831075001,
   921.4901582694613,
   1.30277685811
  ],
  [
   577.9624373599303,
   146.40342811078895,
   1.97831061486
  ],
  [
   798.2837993051444,
   571.0399584272332,
   0.942992024925
  ],
  [
   958.1093707337274,
   852.7341858279771,
   1.62653139892
  ],
  [
   378.45459859449534,
   397.3035686566287,
   1.3881678891
  ],
  [
   260.36268143577024,
   381.2016432942835,
   1.56901506384
  ],
  [
   349.5623886579984,
   853.875653788933,
   1.86464843508
  ],
  [
   693.3960959918925,
   676.3313993852603,
   1.83469609816
  ],
  [
   878.7739512501971,
   722.7078553329726,
   2.13706538331
  ],
  [
   69.6839177089402,
   478.4268907498806,
   1.92272607109
  ],
  [
   219.79525569433844,
   638.0735174950457,
   1.19327350501
  ],
  [
   210.23478643917838,
   784.4944312535823,
   2.55892208234
  ],
  [
   928.3642287236154,
   193.57003214964948,
   2.39511235157
  ],
  [
   66.87233133673583,
   681.9517300506996,
   0.503440282172
  ],
  [
   559.8112932499052,
   532.2026627635931,
   2.95890817696
  ],
  [
   820.8279706384345,
   461.1980633865853,
   0.827118335432
  ],
  [
   561.0303299294893,
   291.94645552764297,
   2.22761405236
  ],
  [
   142.05643821797332,
   660.3904308740201,
   0.756478653479
  ],
  [
   430.05067732400056,
   205.1514041727999,
   3.0180613992
  ],
  [
   433.5673371097686,
   112.98110149773235,
   1.91473306847
  ],
  [
   506.82850130133335,
   720.8183744710307,
   0.153496841484
  ],
  [
   120.97185906228701,
   311.9693728818499,
   1.53977790756
  ],
  [
   667.3695984371964,
   272.9742669198146,
   2.48069111791
  ],
  [
   124.45827838369652,
   156.5737343620321,
   1.93416605062
  ],
  [
   698.9986625683947,
   44.50984474010799,
   0.220153572649
  ],
  [
   772.8767689068634,
   128.48374271775208,
   2.96974541691
  ],
  [
   352.7671356790238,
   499.2392963439327,
   0.9020459172
  ],
  [
   775.0329440055634,
   275.55834582003536,
   1.94484243885
  ],
  [
   238.2044930052999,
   166.70454276123306,
   0.195334322934
  ],
  [
   748.7259025741037,
   836.7586953181876,
   1.34223731748
  ],
  [
   453.18336909323193,
   654.6396704330749,
   2.98065539927
  ],
  [
   865.9794135898451,
   321.6983321289695,
   3.04369840353
  ],
  [
   463.0499919876189,
   254.3361971921045,
   2.84112758828
  ],
  [
   202.53053713903563,
   227.17491911430145,
   0.69055222679
  ],
  [
   783.2820574766768,
   939.134316713911,
   3.00357714428
  ],
  [
   91.98544331481817,
   828.7990619241159,
   1.69427692861
  ],
  [
   628.8997279467417,
   817.6926054123703,
   2.51944271789
  ]
 ]
}