{
 "Object_Length": 129.09944487358058,
 "Object_Shape": "cuboid",
 "Object_Width": 38.729833462074176,
 "Workspace_Density": 0.2,
 "Workspace_Height": 1000,
 "Workspace_Width": 1000,
 "number_of_objects": 40,
 "point_list": [
  [
   551.2601383147964,
   362.73497599075483,
   1.96750728415
  ],
  [
   580.3733152021788,
   213.62310629899622,
   1.35829929705
  ],
  [
   215.20178266888396,
   650.9061533282704,
   1.29870418702
  ],
  [
   228.43772152617208,
   299.7549561345486,
   2.30113896224
  ],
  [
   926.8324640835916,
   63.03455168444845,
   0.213389995682
  ],
  [
   777.2895542921913,
   367.6405767819904,
   1.46335235179
  ],
  [
   931.9782094787613,
   511.9687285774275,
   1.40043117296
  ],
  [
   401.94691179819466,
   320.98779423784805,
   2.37917238182
  ],
  [
   503.7498204960025,
   865.3859884139972,
   0.172403870384
  ],
  [
   464.0755824207305,
   191.7983437479541,
   1.26170295227
  ],
  [
   279.68794008105203,
   466.4336940723024,
   1.14837654126
  ],
  [
   86.25641975691335,
   661.817685152012,
   0.887388613328
  ],
  [
   747.5896955067832,
   928.9209532028273,
   2.19314182996
  ],
  [
   363.549235388069,
   867.7862676491586,
   0.126578459617
  ],
  [
   784.5160136584213,
   261.04915266697907,
   2.66321396979
  ],
  [
   366.06619715227816,
   505.8001020884914,
   0.824214479206
  ],
  [
   919.9347272762941,
   711.4585737106321,
   0.786214108421
  ],
  [
   654.9207603451384,
   572.4441156675864,
   0.431518907028
  ],
  [
   828.5259831152028,
   381.3093780176481,
   1.63956399935
  ],
  [
   428.9758221111873,
   632.7873161301364,
   0.821183987891
  ],
  [
   396.46532322133726,
   946.441128517717,
   0.33798236396
  ],
  [
   145.362484512976,
   516.0122669954541,
   1.68969580463
  ],
  [
   647.5137776287063,
   850.3030447766164,
   1.83100790963
  ],
  [
   660.5911685209678,
   150.2518277267398,
   0.860731488606
  ],
  [
   348.670739826802,
   239.43818568896907,
   2.6170407331
  ],
  [
   235.77396284668376,
   836.5310913278803,
   2.4226004755
  ],
  [
   731.8470098226967,
   793.0774674213637,
   0.45598372149
  ],
  [
   540.0975570416065,
   577.5032292508498,
   0.684714769167
  ],
  [
   829.1752525497736,
   892.0042475378959,
   2.25307757881
  ],
  [
   310.0134872213645,
   594.3105311473058,
   1.81325591531
  ],
  [
   70.80755117767046,
   765.6767460017794,
   0.0559496069628
  ],
  [
   699.0249882687358,
   897.9667180593918,
   1.95942076855
  ],
  [
   67.70097338397127,
   274.089443266599,
   1.78746015258
  ],
  [
   960.2317759650518,
   318.3236941286473,
   1.38965549222
  ],
  [
   555.9854700866043,
   78.99921325391861,
   2.75665481779
  ],
  [
   70.02408587816876,
   845.7907572495182,
   2.81335442428
  ],
  [
   132.11970109666527,
   89.0187710525576,
   0.785417076202
  ],
  [
   434.28162323776377,
   754.8915640043774,
   1.3173928221
  ],
  [
   776.140731550679,
   127.94404401341922,
   1.12077004366
  ],
  [
   648.1806749423736,
   455.5663150631232,
   1.13475232321
  ]
 ]
}