{
 "Object_Length": 129.09944487358058,
 "Object_Shape": "cuboid",
 "Object_Width": 38.729833462074176,
 "Workspace_Density": 0.2,
 "Workspace_Height": 1000,
 "Workspace_Width": 1000,
 "number_of_objects": 40,
 "point_list": [
  [
   537.6694267096728,
   71.41977024669077,
   0.606749669096
  ],
  [
   896.8675239050037,
   785.4063781201734,
   2.30781739756
  ],
  [
   349.739562169033,
   503.03007600282797,
   2.81949114104
  ],
  [
   198.09331960827916,
   154.31952359548023,
   0.39252266558
  ],
  [
   641.0313671694599,
   410.8897487450189,
   2.97820446371
  ],
  [
   349.23284060820305,
   709.9976074833108,
   2.84300054032
  ],
  [
   905.6382695735401,
   230.11115816612948,
   2.11801236035
  ],
  [
   200.42395144102406,
   792.1540521717051,
   1.13422349954
  ],
  [
   538.5812064358507,
   613.3078529046957,
   1.06984604864
  ],
  [
   208.36394966226896,
   263.4352625489885,
   0.664616774869
  ],
  [
   623.096175257959,
   741.0899844781006,
   2.84797247673
  ],
  [
   74.09310470766873,
   222.2574340486522,
   0.676712668998
  ],
  [
   910.3366173302134,
   711.4618402610566,
   2.46129066642
  ],
  [
   71.02817960009983,
   395.1305110274249,
   0.933037505449
  ],
  [
   815.3515057940243,
   356.6395965154676,
   3.11212401971
  ],
  [
   769.321650747495,
   779.1799808978875,
   2.5444043967
  ],
  [
   392.68877102113055,
   134.70781196166632,
   0.737509341754
  ],
  [
   250.87388164839817,
   386.8118581350201,
   0.0597830708839
  ],
  [
   560.0139413743561,
   934.9769393345549,
   2.76379819905
  ],
  [
   536.5944362293851,
   482.4642833131606,
   2.73814272074
  ],
  [
   857.3711661571958,
   871.1951228247952,
   3.04761430287
  ],
  [
   741.2397301415596,
   570.780550405521,
   1.52360144074
  ],
  [
   208.50456511166664,
   525.5307655864688,
   0.786278673344
  ],
  [
   532.2323260286913,
   323.0283583318728,
   0.0309546835871
  ],
  [
   872.9552396857421,
   500.9655875882357,
   1.94125185968
  ],
  [
   739.1986605450103,
   900.8093462057781,
   2.09473199647
  ],
  [
   78.12353241551637,
   843.405495092691,
   1.74696990009
  ],
  [
   425.253578178613,
   559.3611521723894,
   2.31136760158
  ],
  [
   176.376565236329,
   650.4763782050067,
   2.01911808519
  ],
  [
   819.1584246391114,
   138.39000936684297,
   0.238979469453
  ],
  [
   256.18435669297844,
   82.98693291436467,
   2.80058930385
  ],
  [
   419.829472420884,
   382.7100524359194,
   1.67645061294
  ],
  [
   667.665099581379,
   281.7929302388753,
   0.262659634522
  ],
  [
   549.3420944460067,
   876.2190760692141,
   2.4447525618
  ],
  [
   396.7189347925368,
   37.524889428833305,
   0.274691292623
  ],
  [
   104.15728299029206,
   157.75143218701103,
   0.929637825965
  ],
  [
   463.5845161822088,
   751.3506860076393,
   2.95046087242
  ],
  [
   531.8322009253238,
   242.73959611151724,
   0.154756708858
  ],
  [
   136.3745461873424,
   590.9559747574153,
   1.65444177194
  ],
  [
   681.2383332437792,
   207.10069479959728,
   3.053387911
  ]
 ]
}