{
 "Object_Length": 129.09944487358058,
 "Object_Shape": "cuboid",
 "Object_Width": 38.729833462074176,
 "Workspace_Density": 0.2,
 "Workspace_Height": 1000,
 "Workspace_Width": 1000,
 "number_of_objects": 40,
 "point_list": [
  [
   169.55712099538772,
   536.1309258041885,
   0.0767914444952
  ],
  [
   898.5131550608231,
   523.0404259365628,
   2.9839541073
  ],
  [
   821.6678248743058,
   635.5599438104908,
   0.577734503324
  ],
  [
   596.5900871402474,
   606.4616089714359,
   1.63541899519
  ],
  [
   713.8672436057001,
   907.5538997079815,
   2.89809256857
  ],
  [
   639.7471310861114,
   189.7168652940785,
   2.26078039208
  ],
  [
   257.8117130296711,
   441.10355914844826,
   1.72534971817
  ],
  [
   810.2368477231336,
   464.3313697951125,
   3.06905299349
  ],
  [
   978.9651404118326,
   176.89938478211835,
   1.56803197093
  ],
  [
   786.2394107574986,
   821.7428038238587,
   0.66738850319
  ],
  [
   537.340872625246,
   899.8303829862897,
   0.772524642303
  ],
  [
   443.2819050969519,
   298.5405557203211,
   0.757016120927
  ],
  [
   802.5165456053574,
   59.87102088384086,
   0.627928410795
  ],
  [
   559.1461145268476,
   176.01610218806513,
   2.66255345167
  ],
  [
   92.1971309119062,
   366.2672674791778,
   2.43416993221
  ],
  [
   395.96475829815097,
   770.0966946028553,
   2.00424444865
  ],
  [
   756.748483975379,
   138.1304437820789,
   0.472428866401
  ],
  [
   807.8290351991984,
   225.69561080648828,
   2.70907238635
  ],
  [
   499.12413210069434,
   690.843226821936,
   0.928105726632
  ],
  [
   704.4411282766247,
   580.1592986143423,
   2.24041984496
  ],
  [
   160.69989498361235,
   676.3524355819112,
   2.5154126908
  ],
  [
   460.9261454701197,
   474.8093874327464,
   2.01152994104
  ],
  [
   275.7582713812989,
   248.10531930356018,
   1.90068502135
  ],
  [
   876.6674914309868,
   762.9187598192972,
   2.17879444414
  ],
  [
   344.4600738239162,
   296.53705289961255,
   1.51669649801
  ],
  [
   370.177346487698,
   618.4853476771983,
   2.23018615696
  ],
  [
   920.9536478412672,
   401.2041959022989,
   0.72296454273
  ],
  [
   112.27540147757509,
   596.941129095313,
   0.422058155598
  ],
  [
   194.92116075029634,
   256.9679868233392,
   2.18678229813
  ],
  [
   139.05863111440675,
   48.718198497652835,
   0.0819952815722
  ],
  [
   172.07682914079044,
   438.75059623813183,
   1.14229701779
  ],
  [
   79.13980932586374,
   677.5211013186665,
   2.5479867661
  ],
  [
   639.9668077812917,
   68.13591336916093,
   0.270225410767
  ],
  [
   453.82295402538836,
   928.9606896726723,
   1.2103205815
  ],
  [
   813.7728632263077,
   567.1094254641631,
   0.80929989263
  ],
  [
   533.54067845503,
   569.2723507372987,
   1.25104953285
  ],
  [
   163.34264485526492,
   932.6657944281436,
   2.7600458698
  ],
  [
   599.6632244606059,
   780.091586737837,
   1.06864681997
  ],
  [
   680.6819242405902,
   389.9420325774797,
   0.536457900252
  ],
  [
   458.6284417063241,
   83.80194789269447,
   0.326285037426
  ]
 ]
}