{
 "Object_Length": 129.09944487358058,
 "Object_Shape": "cuboid",
 "Object_Width": 38.729833462074176,
 "Workspace_Density": 0.2,
 "Workspace_Height": 1000,
 "Workspace_Width": 1000,
 "number_of_objects": 40,
 "point_list": [
  [
   127.79837391415992,
   815.6501559699911,
   0.34068324909
  ],
  [
   214.75501408044522,
   373.87757188901907,
   2.58461588281
  ],
  [
   856.0807078158584,
   98.97359734543139,
   2.27895991912
  ],
  [
   913.167815320117,
   496.48522000888994,
   3.09366966726
  ],
  [
   681.9447201776879,
   280.1723666930818,
   2.371478898
  ],
  [
   217.23815330885378,
   269.6668541795052,
   0.62035154905
  ],
  [
   348.60552791140555,
   606.9660382624419,
   1.22267015895
  ],
  [
   369.90203976541005,
   230.7189350132591,
   1.73054286037
  ],
  [
   578.6509083377496,
   394.5847186296428,
   3.11814387551
  ],
  [
   541.9719818591459,
   924.104054251045,
   2.43913660376
  ],
  [
   235.8826947878953,
   612.290073105947,
   2.52522847979
  ],
  [
   709.4851732195226,
   943.7866896753591,
   0.465317609538
  ],
  [
   32.73123158442585,
   686.4138634444761,
   1.66330590859
  ],
  [
   599.2007271401352,
   591.6748436715628,
   0.604539439076
  ],
  [
   370.20057016118267,
   816.670826424505,
   0.150533274348
  ],
  [
   765.5461039674698,
   257.6291404164302,
   2.23180255488
  ],
  [
   598.74024006824,
   114.29397695362391,
   0.230356835743
  ],
  [
   907.506742530743,
   337.08498276369073,
   2.9355138717
  ],
  [
   102.16382171199214,
   328.3376414624027,
   3.1272540294
  ],
  [
   728.319414274624,
   485.85316054670005,
   1.93371989163
  ],
  [
   817.1175093293855,
   713.8409831236751,
   1.13184028354
  ],
  [
   894.7858609665393,
   192.81725311231617,
   1.23407748128
  ],
  [
   25.35518951331999,
   887.7220992718226,
   1.51314670896
  ],
  [
   328.06667869677307,
   391.85382867574793,
   2.71641006361
  ],
  [
   589.7493772514742,
   687.1685674902592,
   2.84619501756
  ],
  [
   140.61999672178626,
   930.8176392479588,
   2.29167275422
  ],
  [
   247.1720883038696,
   547.7769634416954,
   2.6506719601
  ],
  [
   594.4986628949961,
   497.87783937835457,
   0.540702800777
  ],
  [
   117.62028930370755,
   588.6076658638185,
   1.2837592861
  ],
  [
   87.06330612220837,
   217.40954709415632,
   0.135517744522
  ],
  [
   413.8672715183517,
   103.50757530887475,
   1.66211643114
  ],
  [
   919.3457105743676,
   839.7225308274935,
   1.13505497859
  ],
  [
   443.0007952328229,
   453.6536720491902,
   1.67124323203
  ],
  [
   806.1002753154763,
   573.0556105837018,
   0.910636240032
  ],
  [
   416.7220361566337,
   726.9857670738352,
   0.579939507526
  ],
  [
   860.6144257312609,
   429.6956481523574,
   2.63997724341
  ],
  [
   290.8452093636222,
   141.91448844478373,
   1.40170820094
  ],
  [
   289.5530288793009,
   776.1664904033978,
   2.24469906299
  ],
  [
   740.3199969912794,
   162.99521251603002,
   3.0802908394
  ],
  [
   911.566904883998,
   603.7617476840373,
   1.2397527968
  ]
 ]
}