{
 "Object_Length": 129.09944487358058,
 "Object_Shape": "cuboid",
 "Object_Width": 38.729833462074176,
 "Workspace_Density": 0.2,
 "Workspace_Height": 1000,
 "Workspace_Width": 1000,
 "number_of_objects": 40,
 "point_list": [
  [
   650.6261153309038,
   718.198691054643,
   1.79049997868
  ],
  [
   821.1297652538807,
   598.8385494937729,
   0.189189241693
  ],
  [
   223.792101150275,
   913.877540505575,
   0.348562148421
  ],
  [
   347.1298800155572,
   149.12265274577845,
   0.713580301438
  ],
  [
   604.0040883497346,
   63.85993117253196,
   2.67198661284
  ],
  [
   184.78920463025645,
   178.88003428850087,
   0.114447121424
  ],
  [
   498.2228979425067,
   140.87911510763615,
   0.781625607665
  ],
  [
   673.4999874974603,
   817.5608341745593,
   0.245730331107
  ],
  [
   632.9803246152442,
   151.53148438049433,
   0.0646541461415
  ],
  [
   260.1412070060554,
   633.6946505373041,
   0.0144710659297
  ],
  [
   520.4642700226336,
   424.32880520511475,
   2.97918264901
  ],
  [
   319.0181296777701,
   854.3417905449381,
   2.64523937322
  ],
  [
   867.3267699855559,
   705.2776092475389,
   2.24790158388
  ],
  [
   341.5840658619103,
   747.588804241237,
   0.417949254398
  ],
  [
   579.5348225318128,
   495.564139701847,
   2.97412559396
  ],
  [
   564.5664352025092,
   903.3320135849747,
   2.61237947705
  ],
  [
   691.2135585840194,
   326.4235492143463,
   1.06940109998
  ],
  [
   889.4425426224677,
   853.9644981967904,
   2.62865877226
  ],
  [
   401.34098470139065,
   49.9765330589852,
   3.04408128723
  ],
  [
   180.39970546983977,
   702.5623005586534,
   0.430287318778
  ],
  [
   477.1287174921227,
   879.1524485798749,
   2.74227480965
  ],
  [
   876.1931807393703,
   346.7785862168645,
   2.06588945936
  ],
  [
   452.60208110370814,
   220.86828908450724,
   2.56687516896
  ],
  [
   131.14670990816737,
   298.6612497838681,
   0.798289566774
  ],
  [
   728.7362305650075,
   206.8251947750036,
   2.49009618917
  ],
  [
   301.3883612373566,
   270.9724348317489,
   1.13102316256
  ],
  [
   459.6456158427455,
   525.5258232863367,
   0.369493885059
  ],
  [
   293.89540666720137,
   505.1440607200584,
   1.93312647891
  ],
  [
   484.55534291782084,
   312.8313550216983,
   1.05920538616
  ],
  [
   138.68526560897095,
   69.8520951798946,
   2.50046436468
  ],
  [
   85.9203699038522,
   441.4758644906844,
   2.83096043578
  ],
  [
   755.1931927782812,
   78.72668101366654,
   2.83774771711
  ],
  [
   746.8734557058445,
   737.9773593704942,
   1.70303412645
  ],
  [
   757.8863459437981,
   914.4740540039445,
   2.93016108077
  ],
  [
   819.2972736094446,
   447.78517250726134,
   0.943226009411
  ],
  [
   806.4081829659351,
   827.7517174090082,
   2.67720673097
  ],
  [
   955.3927984855749,
   363.78335683985387,
   1.41667187854
  ],
  [
   594.2293101852164,
   332.2487570263611,
   1.12878931361
  ],
  [
   377.3845904703504,
   419.0443370402714,
   0.885090197853
  ],
  [
   615.5686054627021,
   609.7371123838369,
   1.68348128892
  ]
 ]
}