{
 "Object_Length": 316.22776601683796,
 "Object_Shape": "cuboid",
 "Object_Width": 94.86832980505139,
 "Workspace_Density": 0.3,
 "Workspace_Height": 1000,
 "Workspace_Width": 1000,
 "number_of_objects": 10,
 "point_list": [
  [
   249.65412730957405,
   688.8718966639799,
   1.21803538875
  ],
  [
   767.9081705881907,
   752.6517475547134,
   1.91089017353
  ],
  [
   658.558561688273,
   269.39686201543896,
   1.61383247207
  ],
  [
   864.24961296292,
   266.38730525816993,
   1.3223216601
  ],
  [
   233.50347872889728,
   419.27689878282996,
   0.0152251501571
  ],
  [
   310.8923878253387,
   190.4946176203188,
   3.04800449566
  ],
  [
   594.2901236974125,
   498.7806696466604,
   0.252839036907
  ],
  [
   540.4185546261865,
   626.6327506411471,
   0.183962479289
  ],
  [
   191.12044834959255,
   891.1234707315517,
   0.419538088899
  ],
  [
   476.0760701850064,
   835.147762117268,
   1.20984478527
  ]
 ]
}