{
 "Object_Length": 316.22776601683796,
 "Object_Shape": "cuboid",
 "Object_Width": 94.86832980505139,
 "Workspace_Density": 0.3,
 "Workspace_Height": 1000,
 "Workspace_Width": 1000,
 "number_of_objects": 10,
 "point_list": [
  [
   791.8909540805108,
   883.0692555317476,
   0.199749420408
  ],
  [
   432.15987121914543,
   481.6120292091033,
   0.115312759633
  ],
  [
   338.23864350393956,
   168.54196022429176,
   0.530200099129
  ],
  [
   638.9798082143581,
   322.39292851894464,
   3.08805599558
  ],
  [
   295.97744768989116,
   711.9808468126855,
   0.959957704988
  ],
  [
   138.45711985087686,
   174.8107350687412,
   1.10217579543
  ],
  [
   823.6806750825145,
   414.4277285433166,
   2.45814196519
  ],
  [
   167.37314237617173,
   850.4515634631884,
   0.331394680525
  ],
  [
   784.4096390137008,
   687.731459149672,
   2.88129779216
  ],
  [
   831.9401457010678,
   150.68633219999535,
   0.615907355518
  ]
 ]
}