{
 "Object_Length": 316.22776601683796,
 "Object_Shape": "cuboid",
 "Object_Width": 94.86832980505139,
 "Workspace_Density": 0.3,
 "Workspace_Height": 1000,
 "Workspace_Width": 1000,
 "number_of_objects": 10,
 "point_list": [
  [
   174.39011437827597,
   429.42355522968137,
   2.4783669586
  ],
  [
   820.6153266561785,
   384.5691098556931,
   3.07769243321
  ],
  [
   807.6553538388388,
   813.0722816675174,
   0.154225804769
  ],
  [
   589.3703157494972,
   680.4575268899814,
   2.46957819971
  ],
  [
   303.69811888089083,
   867.0845462912341,
   0.103906377555
  ],
  [
   779.0737194369542,
   166.00738211494524,
   0.875033266337
  ],
  [
   493.52977579034666,
   477.86079157394886,
   1.25781512143
  ],
  [
   370.412607247429,
   546.9240493835626,
   1.52978844556
  ],
  [
   209.90455158020947,
   131.02129187105953,
   2.91797871639
  ],
  [
   479.4203877913278,
   202.87800076904188,
   2.8743411088
  ]
 ]
}