{
 "Object_Length": 316.22776601683796,
 "Object_Shape": "cuboid",
 "Object_Width": 94.86832980505139,
 "Workspace_Density": 0.3,
 "Workspace_Height": 1000,
 "Workspace_Width": 1000,
 "number_of_objects": 10,
 "point_list": [
  [
   452.2887890998953,
   706.434951809723,
   0.688377661052
  ],
  [
   661.7313018163335,
   256.4310559387782,
   1.69995140632
  ],
  [
   460.14110167330995,
   103.16987913041602,
   0.333519527913
  ],
  [
   831.7948654688405,
   696.6775466602004,
   0.612366190021
  ],
  [
   496.97338331170226,
   368.63543537794885,
   1.96904216601
  ],
  [
   713.4123051484171,
   932.4038358700199,
   0.0963314614271
  ],
  [
   200.59897358723578,
   251.4378471644108,
   1.93995049049
  ],
  [
   114.77787677791335,
   779.3070719567498,
   1.10144372732
  ],
  [
   858.0238921020851,
   455.4011686252941,
   2.24281108995
  ],
  [
   413.18188911951586,
   830.4563817748142,
   0.837365551584
  ]
 ]
}