{
 "Object_Length": 316.22776601683796,
 "Object_Shape": "cuboid",
 "Object_Width": 94.86832980505139,
 "Workspace_Density": 0.3,
 "Workspace_Height": 1000,
 "Workspace_Width": 1000,
 "number_of_objects": 10,
 "point_list": [
  [
   181.35753779368872,
   820.6228615692471,
   2.33645895733
  ],
  [
   632.994353957277,
   678.1506024173231,
   2.58213441991
  ],
  [
   692.7498918176261,
   373.32286321870606,
   0.340944996115
  ],
  [
   479.63965416558364,
   148.53222896637612,
   2.88643017383
  ],
  [
   790.6611779898021,
   937.5218856507764,
   3.05480837166
  ],
  [
   916.2894516218146,
   251.3993365271468,
   1.40419303966
  ],
  [
   718.2653966078925,
   750.0270266380319,
   2.61462578489
  ],
  [
   459.926056589064,
   474.39147978830675,
   0.499392125217
  ],
  [
   134.02609549807698,
   443.22336204614624,
   1.04724102869
  ],
  [
   151.04411332570956,
   249.72600844127498,
   0.856827670068
  ]
 ]
}