{
 "Object_Length": 316.22776601683796,
 "Object_Shape": "cuboid",
 "Object_Width": 94.86832980505139,
 "Workspace_Density": 0.3,
 "Workspace_Height": 1000,
 "Workspace_Width": 1000,
 "number_of_objects": 10,
 "point_list": [
  [
   334.79467477625315,
   934.8622085625723,
   3.05181089379
  ],
  [
   238.46351435257472,
   570.2024395080041,
   3.08945574996
  ],
  [
   791.1339810824297,
   859.1427740014317,
   2.5762213033
  ],
  [
   653.1111499736428,
   538.7883880655096,
   0.357566599489
  ],
  [
   867.5870796443157,
   214.0540503706461,
   0.949183727613
  ],
  [
   585.8485382772966,
   192.04657539973343,
   1.86598711226
  ],
  [
   358.2962392395219,
   240.97769575245758,
   2.33602432685
  ],
  [
   844.7176672619534,
   383.5616583151857,
   0.753211243953
  ],
  [
   230.57398868113324,
   751.5605096666086,
   0.322367146563
  ],
  [
   611.8445627619433,
   777.7472531949536,
   1.94467934451
  ]
 ]
}