{
 "Object_Radius": 195.441004761168,
 "Object_Shape": "disc",
 "Workspace_Density": 0.6,
 "Workspace_Height": 1000,
 "Workspace_Width": 1000,
 "number_of_objects": 5,
 "point_list": [
  [
   797.7413550483852,
   204.2586449516147
  ],
  [
   204.2586449516147,
   769.8170725314702
  ],
  [
   204.2586449516147,
   204.2586449516147
  ],
  [
   496.7497191190588,
   486.57987998135224
  ],
  [
   797.7413550483852,
   764.6634190825883
  ]
 ]
}