{
 "Object_Radius": 195.441004761168,
 "Object_Shape": "disc",
 "Workspace_Density": 0.6,
 "Workspace_Height": 1000,
 "Workspace_Width": 1000,
 "number_of_objects": 5,
 "point_list": [
  [
   204.2586449516147,
   797.7413550483852
  ],
  [
   204.2586449516147,
   204.2586449516147
  ],
  [
   797.7413550483852,
   204.2586449516147
  ],
  [
   797.7413550483852,
   797.7413550483852
  ],
  [
   519.3790172164994,
   501.07672728280227
  ]
 ]
}