{
 "Object_Radius": 65.147001587056,
 "Object_Shape": "disc",
 "Workspace_Density": 0.4,
 "Workspace_Height": 1000,
 "Workspace_Width": 1000,
 "number_of_objects": 30,
 "point_list": [
  [
   585.4628722612018,
   933.2471183494617
  ],
  [
   68.75288165053824,
   234.87053355550734
  ],
  [
   633.3715184882124,
   436.3838591283681
  ],
  [
   933.2471183494617,
   933.2471183494617
  ],
  [
   181.22933320699536,
   636.7390835270546
  ],
  [
   764.8195362053588,
   782.20277135139
  ],
  [
   520.2413693741173,
   68.75288165053824
  ],
  [
   933.2471183494617,
   68.75288165053824
  ],
  [
   723.0216347822521,
   933.2471183494617
  ],
  [
   68.75288165053824,
   714.7784743551256
  ],
  [
   669.0274471223257,
   305.6527935055274
  ],
  [
   317.2452662750154,
   754.5257144258384
  ],
  [
   933.2471183494617,
   524.986324330821
  ],
  [
   503.3464904703901,
   481.0158145175404
  ],
  [
   794.7665345602337,
   411.2071061179457
  ],
  [
   641.9465202767557,
   697.0478077395272
  ],
  [
   772.6108433386961,
   68.75288165053824
  ],
  [
   439.6879370832675,
   933.2471183494617
  ],
  [
   707.918891315849,
   549.5470702385527
  ],
  [
   933.2471183494617,
   661.3890660174233
  ],
  [
   933.2471183494617,
   797.3481383539695
  ],
  [
   68.75288165053824,
   933.2471183494617
  ],
  [
   509.9889585821922,
   653.6616178886796
  ],
  [
   618.3543640063284,
   179.97837937114002
  ],
  [
   798.1094038308975,
   650.6978001630656
  ],
  [
   353.0020071829055,
   304.6008102785864
  ],
  [
   933.2471183494617,
   387.2477965866075
  ],
  [
   801.175050943497,
   275.672219591241
  ],
  [
   447.4083095886482,
   796.7174337243977
  ],
  [
   933.2471183494617,
   244.1629988824202
  ]
 ]
}