{
 "Object_Radius": 65.147001587056,
 "Object_Shape": "disc",
 "Workspace_Density": 0.4,
 "Workspace_Height": 1000,
 "Workspace_Width": 1000,
 "number_of_objects": 30,
 "point_list": [
  [
   933.2471183494617,
   68.75288165053824
  ],
  [
   667.8639912391646,
   279.5664557489337
  ],
  [
   68.75288165053824,
   785.7279942965256
  ],
  [
   915.597881582459,
   606.0832950780948
  ],
  [
   182.22410873778006,
   912.5872847650475
  ],
  [
   68.75288165053824,
   423.63764753315394
  ],
  [
   933.2471183494617,
   460.71315028104476
  ],
  [
   514.0820604815513,
   582.9906886728331
  ],
  [
   372.66959787245844,
   68.75288165053824
  ],
  [
   617.2380914333618,
   68.75288165053824
  ],
  [
   711.9654725164698,
   448.76400211280986
  ],
  [
   425.06313372899507,
   933.2471183494617
  ],
  [
   251.12422567819146,
   413.1452361156258
  ],
  [
   298.770610631216,
   834.4786580894469
  ],
  [
   183.52250119949554,
   538.3121704838832
  ],
  [
   731.3737246027811,
   641.0712574920956
  ],
  [
   933.2471183494617,
   772.8979932348911
  ],
  [
   802.7642327235604,
   262.91419197791913
  ],
  [
   787.683960275205,
   933.2471183494617
  ],
  [
   547.3733924006407,
   217.56527352229136
  ],
  [
   68.75288165053824,
   643.3185805054562
  ],
  [
   68.75288165053824,
   285.61914133307425
  ],
  [
   582.9068104754157,
   788.1668771758126
  ],
  [
   642.5192827079672,
   933.2471183494617
  ],
  [
   365.9046922509577,
   594.3508790159641
  ],
  [
   757.097859116142,
   114.76918320017349
  ],
  [
   68.75288165053824,
   146.26185039093664
  ],
  [
   933.2471183494617,
   305.6696047021888
  ],
  [
   782.9606410626744,
   776.476699297528
  ],
  [
   475.100390928066,
   441.9127813274222
  ]
 ]
}