{
 "Object_Radius": 65.147001587056,
 "Object_Shape": "disc",
 "Workspace_Density": 0.4,
 "Workspace_Height": 1000,
 "Workspace_Width": 1000,
 "number_of_objects": 30,
 "point_list": [
  [
   197.10585856005105,
   278.6973190739732
  ],
  [
   356.90964390467985,
   933.2471183494617
  ],
  [
   68.75288165053824,
   695.1527693014556
  ],
  [
   843.7094292822746,
   812.853492908932
  ],
  [
   250.04170034146634,
   663.6379596276956
  ],
  [
   448.06654572778245,
   68.75288165053824
  ],
  [
   156.61275149775733,
   448.7384890129541
  ],
  [
   933.2471183494617,
   461.0572556916193
  ],
  [
   539.9661841948546,
   624.065962550223
  ],
  [
   559.0504691944972,
   358.3634950352858
  ],
  [
   543.4976216132787,
   933.2471183494617
  ],
  [
   618.0484827317614,
   765.3514354193169
  ],
  [
   586.7241259613533,
   68.75288165053824
  ],
  [
   933.2471183494617,
   933.2471183494617
  ],
  [
   845.2874634994384,
   607.8888683364323
  ],
  [
   732.0460831880625,
   118.94975407513486
  ],
  [
   933.2471183494617,
   710.9660595178397
  ],
  [
   933.2471183494617,
   151.4936250316532
  ],
  [
   137.20089937319992,
   870.8170457446437
  ],
  [
   68.75288165053824,
   334.63318745218373
  ],
  [
   271.2760383816083,
   823.0605742676418
  ],
  [
   68.75288165053824,
   554.6069989751055
  ],
  [
   443.39362623706216,
   763.356449139829
  ],
  [
   686.2518489942078,
   285.34262402430477
  ],
  [
   487.9457883435009,
   485.1840079456674
  ],
  [
   779.8064258540941,
   933.2471183494617
  ],
  [
   873.4407052518227,
   285.42534787204704
  ],
  [
   385.2711439909609,
   589.1101057722425
  ],
  [
   425.09647904201313,
   326.42757569555386
  ],
  [
   746.5983656170091,
   442.7477918591207
  ]
 ]
}