{
 "Object_Radius": 65.147001587056,
 "Object_Shape": "disc",
 "Workspace_Density": 0.4,
 "Workspace_Height": 1000,
 "Workspace_Width": 1000,
 "number_of_objects": 30,
 "point_list": [
  [
   769.852378278734,
   286.92723007797116
  ],
  [
   208.89202764774458,
   603.1258744546778
  ],
  [
   730.9918072038867,
   523.9584997243079
  ],
  [
   158.019305245469,
   263.1660937058103
  ],
  [
   773.3344583469845,
   933.2471183494617
  ],
  [
   933.2471183494617,
   495.00368692322735
  ],
  [
   787.0817931252874,
   143.0106418994364
  ],
  [
   219.7192326534997,
   386.23347053141686
  ],
  [
   623.47619332537,
   933.2471183494617
  ],
  [
   464.879497350711,
   68.75288165053824
  ],
  [
   68.75288165053824,
   157.98206841089566
  ],
  [
   68.75288165053824,
   930.2004904711466
  ],
  [
   933.2471183494617,
   204.57688641816696
  ],
  [
   344.7369895538763,
   933.2471183494617
  ],
  [
   68.75288165053824,
   619.3995125695864
  ],
  [
   598.3458875813833,
   486.58884060009467
  ],
  [
   933.2471183494617,
   933.2471183494617
  ],
  [
   487.6117941310957,
   933.2471183494617
  ],
  [
   933.2471183494617,
   792.9432845908123
  ],
  [
   902.3836766129883,
   68.75288165053824
  ],
  [
   933.2471183494617,
   341.7764189300546
  ],
  [
   421.69355225509224,
   595.0951084510732
  ],
  [
   207.48051142378674,
   933.2471183494617
  ],
  [
   556.9544384622658,
   637.8227014467051
  ],
  [
   428.4412420900224,
   208.81726988737176
  ],
  [
   268.2805526999918,
   812.1473115838598
  ],
  [
   316.8691308662785,
   685.6380798734889
  ],
  [
   675.75681371273,
   735.1847056970627
  ],
  [
   933.2471183494617,
   654.2325782172976
  ],
  [
   815.6064251955627,
   417.4824824643571
  ]
 ]
}