{
 "Object_Radius": 65.147001587056,
 "Object_Shape": "disc",
 "Workspace_Density": 0.4,
 "Workspace_Height": 1000,
 "Workspace_Width": 1000,
 "number_of_objects": 30,
 "point_list": [
  [
   648.4282751523867,
   344.03818633568847
  ],
  [
   580.9366905248083,
   188.13318509274785
  ],
  [
   933.2471183494617,
   360.05970605626334
  ],
  [
   342.9853212153467,
   68.75288165053824
  ],
  [
   373.48554532105874,
   658.2042392158672
  ],
  [
   684.5786752187792,
   492.9815095881616
  ],
  [
   520.9159934723187,
   790.3130162544752
  ],
  [
   197.19080462536908,
   711.9330167866025
  ],
  [
   513.2248777423135,
   334.9909091785409
  ],
  [
   68.75288165053824,
   400.8637417839934
  ],
  [
   922.2259957484255,
   632.4657951838946
  ],
  [
   377.07726215732197,
   933.2471183494617
  ],
  [
   933.2471183494617,
   68.75288165053824
  ],
  [
   264.36021000608906,
   526.0557491751289
  ],
  [
   933.2471183494617,
   209.7137917576298
  ],
  [
   777.8777305541124,
   384.32520522341775
  ],
  [
   512.3638150465488,
   68.75288165053824
  ],
  [
   666.9188825785012,
   68.75288165053824
  ],
  [
   205.43520372248992,
   68.75288165053824
  ],
  [
   68.75288165053824,
   663.9281235055333
  ],
  [
   837.2325116954302,
   506.1414873333037
  ],
  [
   503.30085252704754,
   535.9953413916952
  ],
  [
   933.2471183494617,
   782.4578070988356
  ],
  [
   159.36761556128556,
   933.2471183494617
  ],
  [
   220.25943936851527,
   346.13878346999206
  ],
  [
   373.2920688171046,
   444.9350305468002
  ],
  [
   877.8596757628691,
   933.2471183494617
  ],
  [
   390.09132728402926,
   277.27635110005303
  ],
  [
   800.8726170669376,
   246.68036417907248
  ],
  [
   68.75288165053824,
   68.75288165053824
  ]
 ]
}