{
 "Object_Length": 163.29931618554522,
 "Object_Shape": "cuboid",
 "Object_Width": 48.98979485566357,
 "Workspace_Density": 0.2,
 "Workspace_Height": 1000,
 "Workspace_Width": 1000,
 "number_of_objects": 25,
 "point_list": [
  [
   80.29187690168148,
   470.72500449772866,
   2.03990255201
  ],
  [
   347.21580089184,
   695.6218703248658,
   1.11253653427
  ],
  [
   177.94296329594528,
   717.1580247583761,
   0.077703050456
  ],
  [
   704.380887246543,
   445.4889723617416,
   2.52171313582
  ],
  [
   449.09787639136545,
   232.9332519959292,
   0.769536737631
  ],
  [
   170.35909319616292,
   215.20684334536026,
   2.39109517637
  ],
  [
   162.7509192681605,
   859.9759543524797,
   0.0619861073243
  ],
  [
   844.4310236226983,
   688.3115513733808,
   0.387157588035
  ],
  [
   911.3491746566398,
   514.8012317730348,
   0.0941103745791
  ],
  [
   100.31402936420272,
   60.93347993881948,
   3.01140043068
  ],
  [
   564.2484211893287,
   429.353485385933,
   2.32802195392
  ],
  [
   624.2996463088335,
   188.66437296353303,
   1.37968469546
  ],
  [
   910.4844580047595,
   401.22539530235076,
   1.06610566383
  ],
  [
   542.1672866920951,
   552.8451052952319,
   2.5159453427
  ],
  [
   402.0120344139836,
   922.6469324088666,
   0.584667067538
  ],
  [
   500.2571270949536,
   417.0630419299794,
   2.25976918463
  ],
  [
   774.7816650271093,
   777.61945660678,
   2.00681883325
  ],
  [
   664.9207419973474,
   747.3925180535095,
   2.3618068977
  ],
  [
   642.9969555099526,
   911.3303429610336,
   0.870581422487
  ],
  [
   207.52184118235235,
   496.5473674820389,
   1.64420845134
  ],
  [
   964.0968299084171,
   127.10906397774252,
   1.52671716088
  ],
  [
   914.698163949859,
   842.576160298781,
   1.36904613831
  ],
  [
   639.5580145269298,
   337.35185060607574,
   0.502402532398
  ],
  [
   322.3323686900569,
   328.83650602756137,
   0.567671770406
  ],
  [
   482.1575924726366,
   825.2129441666577,
   0.379704593039
  ]
 ]
}