{
 "Object_Length": 163.29931618554522,
 "Object_Shape": "cuboid",
 "Object_Width": 48.98979485566357,
 "Workspace_Density": 0.2,
 "Workspace_Height": 1000,
 "Workspace_Width": 1000,
 "number_of_objects": 25,
 "point_list": [
  [
   84.63691182001112,
   793.0315630653062,
   0.966102406993
  ],
  [
   607.1366772357652,
   92.03929322946361,
   0.926978672588
  ],
  [
   375.83470356182033,
   486.07945207267653,
   3.05736020794
  ],
  [
   788.3744127607079,
   554.9790069541134,
   0.753597365682
  ],
  [
   44.6385933008348,
   492.1073325521445,
   1.73328710832
  ],
  [
   665.1157091168967,
   657.8777878520367,
   0.508519179612
  ],
  [
   490.74880316382,
   940.3886996686308,
   2.80205566535
  ],
  [
   824.9861112222845,
   322.1862511085922,
   0.159577206348
  ],
  [
   64.82085371793225,
   191.31625304514785,
   1.64832935923
  ],
  [
   774.008037290672,
   120.61259143553968,
   0.563935678466
  ],
  [
   278.937781040122,
   865.0860794080344,
   1.89020384269
  ],
  [
   254.1504938066937,
   160.47669976828644,
   1.52794350097
  ],
  [
   438.32749105216175,
   296.39978994064245,
   0.73142909707
  ],
  [
   227.97117439756357,
   596.5847032947756,
   0.0433463059009
  ],
  [
   611.9772426420453,
   469.99664225723575,
   1.49446546082
  ],
  [
   573.7723021455258,
   782.3717018130792,
   3.01837365028
  ],
  [
   440.5035873621594,
   766.3245192690937,
   1.38897054584
  ],
  [
   269.24583092242455,
   744.8379270445224,
   2.29229663364
  ],
  [
   771.4825579359217,
   778.5823894890641,
   2.75210092319
  ],
  [
   526.2317585289703,
   602.7771098975528,
   2.55861900278
  ],
  [
   899.4835911605189,
   216.43771117498733,
   2.9101990778
  ],
  [
   286.78445967024834,
   394.07230826323075,
   0.270423335569
  ],
  [
   350.48788114629656,
   330.87893004112817,
   0.78320554606
  ],
  [
   179.82890604149205,
   911.5385657530645,
   1.81971184319
  ],
  [
   869.036193621075,
   889.1498801084618,
   1.974580264
  ]
 ]
}