{
 "Object_Length": 163.29931618554522,
 "Object_Shape": "cuboid",
 "Object_Width": 48.98979485566357,
 "Workspace_Density": 0.2,
 "Workspace_Height": 1000,
 "Workspace_Width": 1000,
 "number_of_objects": 25,
 "point_list": [
  [
   280.0982180389889,
   361.34483344244927,
   2.63364206345
  ],
  [
   511.74296852068017,
   154.01140110704588,
   2.55234186459
  ],
  [
   141.64641597992215,
   837.0619826194516,
   0.110594511714
  ],
  [
   657.3894636567934,
   863.6618590532753,
   0.716242834153
  ],
  [
   259.04282622123435,
   700.4247060314524,
   1.06948180725
  ],
  [
   671.6658745651691,
   387.31642982219955,
   2.68887071937
  ],
  [
   197.7090569346493,
   69.16307218824588,
   2.95229624372
  ],
  [
   921.2600308804045,
   796.2792994616524,
   1.54968070959
  ],
  [
   913.855386169229,
   458.3757743712115,
   3.13682789877
  ],
  [
   247.7595867775733,
   197.60341592754497,
   0.589245762643
  ],
  [
   123.85977014275953,
   453.4960682449995,
   0.380589271304
  ],
  [
   123.11194145479243,
   898.759941368049,
   3.13283386936
  ],
  [
   529.1971058861129,
   367.35575882367414,
   0.964552865421
  ],
  [
   334.4464627339482,
   925.7091524609223,
   2.72071353134
  ],
  [
   383.99031508107896,
   381.3822582982133,
   2.03703100583
  ],
  [
   727.5591692084812,
   284.19337722174265,
   0.324164400943
  ],
  [
   33.22120619943371,
   213.83683139262632,
   1.47648227613
  ],
  [
   397.46910420433585,
   519.8082121568048,
   2.39454520779
  ],
  [
   825.2147318757255,
   642.7354472602818,
   2.16636882483
  ],
  [
   752.8245859872777,
   476.65302692364946,
   1.57264945436
  ],
  [
   564.4495174429396,
   253.10391106660558,
   1.47964364414
  ],
  [
   382.97798956259766,
   689.4985810533818,
   2.23417084029
  ],
  [
   368.6589051077922,
   104.47007101364733,
   2.26544281089
  ],
  [
   923.8362627401598,
   207.43432198296563,
   1.63716008225
  ],
  [
   142.2930535081478,
   639.9969883841583,
   0.911175974182
  ]
 ]
}