{
 "Object_Radius": 42.64872372458462,
 "Object_Shape": "disc",
 "Workspace_Density": 0.4,
 "Workspace_Height": 1000,
 "Workspace_Width": 1000,
 "number_of_objects": 70,
 "point_list": [
  [
   295.45115323413154,
   200.84461879329862
  ],
  [
   256.45085206552505,
   553.5470528339208
  ],
  [
   45.354672673568004,
   45.354672673568004
  ],
  [
   321.0845296389695,
   771.0888858303974
  ],
  [
   399.5338484552701,
   356.67672715935254
  ],
  [
   878.1537905236448,
   625.2079901501302
  ],
  [
   493.0562263359354,
   575.1305511261662
  ],
  [
   381.1216168693339,
   252.68691433857992
  ],
  [
   68.33731045074117,
   703.6594304068999
  ],
  [
   164.3618636485218,
   895.6514265617609
  ],
  [
   589.9241231722114,
   622.0432345842579
  ],
  [
   683.0180801532205,
   45.354672673568004
  ],
  [
   231.6306525347205,
   956.645327326432
  ],
  [
   138.94998372307964,
   363.21385165409896
  ],
  [
   84.94552676776273,
   470.5610972419689
  ],
  [
   45.354672673568004,
   795.0110261073256
  ],
  [
   315.35254124174395,
   325.80674044774287
  ],
  [
   889.6517365388612,
   521.393829126479
  ],
  [
   375.3397669978682,
   127.09358460529177
  ],
  [
   871.918749259108,
   333.53135000098206
  ],
  [
   599.6316534592961,
   533.6426552017125
  ],
  [
   782.1491034644681,
   568.4633968894074
  ],
  [
   303.41816132036286,
   868.6506107345381
  ],
  [
   45.354672673568004,
   956.645327326432
  ],
  [
   789.2983100405315,
   956.645327326432
  ],
  [
   539.2144016170887,
   829.6551069394673
  ],
  [
   866.9465291739041,
   893.2786502274683
  ],
  [
   691.4694940005583,
   193.07168904497485
  ],
  [
   434.8652548217527,
   643.5407257927493
  ],
  [
   282.48226909697945,
   411.82389609881614
  ],
  [
   463.871535554155,
   878.5246366490964
  ],
  [
   766.0802234873598,
   480.4006200868532
  ],
  [
   45.354672673568004,
   376.5848201343513
  ],
  [
   680.3281898424425,
   586.4815517660961
  ],
  [
   956.645327326432,
   690.3136406697959
  ],
  [
   808.0740842941624,
   209.8057085733661
  ],
  [
   931.1033238624885,
   956.645327326432
  ],
  [
   859.1037576751289,
   713.2333049295146
  ],
  [
   180.56876268540117,
   604.7532684736407
  ],
  [
   55.56236262409122,
   569.0911991807075
  ],
  [
   796.3145462101318,
   392.41980699989233
  ],
  [
   517.8444250870252,
   956.645327326432
  ],
  [
   479.1611559820026,
   409.9456431522166
  ],
  [
   683.4437469473163,
   881.2068433271745
  ],
  [
   483.67679134258077,
   225.50730146796226
  ],
  [
   522.7353903697639,
   329.3319711276821
  ],
  [
   745.177144057472,
   662.2925819863534
  ],
  [
   671.5625777937566,
   464.7434337405851
  ],
  [
   521.0296085074132,
   489.2792932853225
  ],
  [
   239.97310532323746,
   272.5364845025287
  ],
  [
   174.40910517568904,
   512.3829091394696
  ],
  [
   96.09266161168084,
   237.69204794693422
  ],
  [
   871.9319985829158,
   801.397191870872
  ],
  [
   626.7329303060475,
   121.96438835617106
  ],
  [
   467.848346219396,
   749.4044122332577
  ],
  [
   774.8235911774128,
   838.6245985354349
  ],
  [
   599.159172144556,
   917.6411729609524
  ],
  [
   239.90535127164188,
   735.3217150765096
  ],
  [
   151.2005144437707,
   736.2159416279063
  ],
  [
   211.16231207509182,
   170.14012847400704
  ],
  [
   520.4227848657728,
   677.8409781989822
  ],
  [
   222.82392046724118,
   48.10760551274779
  ],
  [
   329.06923115150005,
   956.645327326432
  ],
  [
   309.6508840676486,
   67.44797264726785
  ],
  [
   385.42712197765104,
   832.822685828732
  ],
  [
   360.04460105823443,
   691.3321130064389
  ],
  [
   956.645327326432,
   424.10207601521904
  ],
  [
   134.1313486843897,
   45.354672673568004
  ],
  [
   105.75801173776213,
   138.66894304025047
  ],
  [
   420.6514499213175,
   956.645327326432
  ]
 ]
}