{
 "Object_Radius": 42.64872372458462,
 "Object_Shape": "disc",
 "Workspace_Density": 0.4,
 "Workspace_Height": 1000,
 "Workspace_Width": 1000,
 "number_of_objects": 70,
 "point_list": [
  [
   544.1651927910855,
   956.645327326432
  ],
  [
   45.354672673568004,
   956.645327326432
  ],
  [
   956.645327326432,
   669.4628073174853
  ],
  [
   861.3346690124067,
   343.89715266320604
  ],
  [
   857.9371257871665,
   461.1803901886201
  ],
  [
   728.9077655845762,
   45.354672673568004
  ],
  [
   956.645327326432,
   300.0721220529295
  ],
  [
   633.4168849773532,
   956.645327326432
  ],
  [
   649.0760699581388,
   864.2736463443708
  ],
  [
   589.2946704196243,
   512.2126089926
  ],
  [
   793.7857230088713,
   775.098982987406
  ],
  [
   870.4415858666723,
   620.9178239924779
  ],
  [
   623.6856345957631,
   610.6166478818686
  ],
  [
   294.8522834035895,
   147.4609687566311
  ],
  [
   635.1483447754135,
   45.354672673568004
  ],
  [
   956.645327326432,
   115.5683793699699
  ],
  [
   45.354672673568004,
   437.176146791405
  ],
  [
   877.1701079759484,
   813.4189126690802
  ],
  [
   276.5082889029421,
   528.2342404153093
  ],
  [
   793.7358537810342,
   677.2901952106281
  ],
  [
   956.645327326432,
   855.3020128480174
  ],
  [
   296.72623933810263,
   45.354672673568004
  ],
  [
   782.4322267817064,
   510.91444380260816
  ],
  [
   486.2768415030898,
   314.5061096378686
  ],
  [
   45.354672673568004,
   600.8754802783573
  ],
  [
   872.2831826023302,
   724.7623893018992
  ],
  [
   676.2801891676946,
   482.685223678461
  ],
  [
   956.645327326432,
   956.645327326432
  ],
  [
   457.0199528807725,
   633.0971817374412
  ],
  [
   956.645327326432,
   392.1240634756707
  ],
  [
   722.1403221694195,
   956.645327326432
  ],
  [
   896.9015628621153,
   45.354672673568004
  ],
  [
   687.4080569942001,
   367.01606583623175
  ],
  [
   45.354672673568004,
   45.354672673568004
  ],
  [
   95.23467314309441,
   255.38188615527068
  ],
  [
   45.354672673568004,
   727.7384834975811
  ],
  [
   532.7625697451892,
   45.354672673568004
  ],
  [
   198.86664585504803,
   902.4344394925639
  ],
  [
   403.68677246926876,
   349.38017070029423
  ],
  [
   549.0066175522411,
   421.9799316621518
  ],
  [
   380.2672854239179,
   110.42990693516485
  ],
  [
   423.77151508836306,
   828.4912522184987
  ],
  [
   188.25374865511466,
   772.741950494421
  ],
  [
   956.645327326432,
   577.3224451018892
  ],
  [
   271.9950249407691,
   326.342447431759
  ],
  [
   701.9625238643123,
   669.5609852386885
  ],
  [
   647.1993101939362,
   263.2666972561913
  ],
  [
   875.884343121637,
   164.50168067055284
  ],
  [
   811.1477468475031,
   956.645327326432
  ],
  [
   444.0532333368923,
   45.354672673568004
  ],
  [
   760.5539847055775,
   423.1977922126352
  ],
  [
   45.354672673568004,
   152.49636922215103
  ],
  [
   543.5744051666246,
   867.6106382758165
  ],
  [
   468.49348874643545,
   721.4848284925544
  ],
  [
   429.26174939563384,
   189.07937740108838
  ],
  [
   702.8052021040611,
   763.0998040775697
  ],
  [
   956.645327326432,
   766.4893907436525
  ],
  [
   719.0301493179708,
   576.7218555635317
  ],
  [
   591.2747410475848,
   335.13517729484045
  ],
  [
   676.2937441801822,
   168.49196335688325
  ],
  [
   622.4293771559692,
   717.1372631915061
  ],
  [
   203.8339535446001,
   631.7525125319972
  ],
  [
   534.2959346672781,
   586.8963153917014
  ],
  [
   494.8206575092588,
   502.3043089900582
  ],
  [
   956.645327326432,
   485.04845428375745
  ],
  [
   881.5662375413644,
   902.5520607711474
  ],
  [
   956.645327326432,
   208.08030951543958
  ],
  [
   536.8662875598181,
   140.17008117322257
  ],
  [
   45.354672673568004,
   867.2902511362215
  ],
  [
   775.574898102268,
   862.2670568719509
  ]
 ]
}