{
 "Object_Radius": 42.64872372458462,
 "Object_Shape": "disc",
 "Workspace_Density": 0.4,
 "Workspace_Height": 1000,
 "Workspace_Width": 1000,
 "number_of_objects": 70,
 "point_list": [
  [
   641.5492655611039,
   97.49632010844635
  ],
  [
   746.459182569529,
   764.696837911232
  ],
  [
   50.05236330693008,
   867.2111752869891
  ],
  [
   641.0066115860668,
   956.645327326432
  ],
  [
   956.645327326432,
   253.75723380932786
  ],
  [
   473.20664477531756,
   135.15641535892837
  ],
  [
   467.44791998938337,
   497.5910826226597
  ],
  [
   232.86604151568952,
   217.31592734579974
  ],
  [
   419.30939579164396,
   812.7660507647308
  ],
  [
   389.55458816859476,
   896.4657374685728
  ],
  [
   292.9461967780425,
   705.8132632799903
  ],
  [
   956.645327326432,
   618.2413615794017
  ],
  [
   264.4251126844957,
   324.749161969793
  ],
  [
   320.5728802115836,
   240.2837407617967
  ],
  [
   371.5247368123005,
   45.354672673568004
  ],
  [
   581.9568739528755,
   648.9451236867919
  ],
  [
   45.354672673568004,
   45.354672673568004
  ],
  [
   502.31601005191624,
   850.7431164400068
  ],
  [
   465.0423601460785,
   45.354672673568004
  ],
  [
   483.8468442311346,
   738.5587485160237
  ],
  [
   561.9048552423361,
   136.56191117185762
  ],
  [
   544.6444065155875,
   223.58270474398827
  ],
  [
   634.1685407581468,
   213.9981313132859
  ],
  [
   813.4473439090282,
   694.5562276299339
  ],
  [
   698.2976198189001,
   276.81719576508004
  ],
  [
   956.645327326432,
   416.78047148077445
  ],
  [
   701.266530283164,
   678.895004302909
  ],
  [
   654.7015905814676,
   590.8681220653448
  ],
  [
   549.3043686418844,
   956.645327326432
  ],
  [
   324.23771154099325,
   956.645327326432
  ],
  [
   396.587301455191,
   181.8959240431473
  ],
  [
   825.9868172715487,
   369.36075568672817
  ],
  [
   956.645327326432,
   94.49609632724419
  ],
  [
   180.07649705857966,
   295.4386030401162
  ],
  [
   229.05859484683444,
   125.60064640079581
  ],
  [
   422.7734033419526,
   270.569313502873
  ],
  [
   536.506412159035,
   389.92591597591434
  ],
  [
   717.6802332717035,
   45.354672673568004
  ],
  [
   198.62379207922604,
   956.645327326432
  ],
  [
   788.0592535019822,
   278.008581868724
  ],
  [
   246.18407421436086,
   874.7617137179443
  ],
  [
   292.2092440723652,
   592.8250802328728
  ],
  [
   839.7762780858997,
   804.3801019511586
  ],
  [
   322.1317551195781,
   128.20417008773455
  ],
  [
   127.57827275143859,
   633.208072283726
  ],
  [
   183.13534046679825,
   45.354672673568004
  ],
  [
   640.7803269480515,
   388.73795424822526
  ],
  [
   817.2088127052195,
   193.02412772057306
  ],
  [
   956.645327326432,
   708.7024790383216
  ],
  [
   45.354672673568004,
   723.4178371718152
  ],
  [
   722.567890570011,
   151.687697775765
  ],
  [
   133.459249386893,
   818.1266811436647
  ],
  [
   726.7790571487416,
   366.4659355071489
  ],
  [
   809.8626429440827,
   104.4658582555977
  ],
  [
   387.6892550324812,
   557.321452534231
  ],
  [
   259.48890313205635,
   488.4177274289476
  ],
  [
   45.354672673568004,
   306.604823440446
  ],
  [
   280.72082400606723,
   45.354672673568004
  ],
  [
   876.2212739412383,
   45.354672673568004
  ],
  [
   578.5182581702338,
   749.3591856384298
  ],
  [
   148.8739997079728,
   730.7096660876525
  ],
  [
   821.5045800149389,
   942.6044014827503
  ],
  [
   441.90458573758605,
   360.22408971084593
  ],
  [
   956.645327326432,
   806.9012247664805
  ],
  [
   354.7535772169211,
   330.23645729730646
  ],
  [
   728.5732421419542,
   918.950806378731
  ],
  [
   383.20088208270806,
   731.1764581183777
  ],
  [
   790.9238809890534,
   476.87789478160704
  ],
  [
   559.2424653444762,
   45.354672673568004
  ],
  [
   915.2668755946149,
   956.645327326432
  ]
 ]
}