{
 "Object_Radius": 42.64872372458462,
 "Object_Shape": "disc",
 "Workspace_Density": 0.4,
 "Workspace_Height": 1000,
 "Workspace_Width": 1000,
 "number_of_objects": 70,
 "point_list": [
  [
   294.5710803227005,
   522.6710255341084
  ],
  [
   45.354672673568004,
   339.7895433433278
  ],
  [
   45.354672673568004,
   45.354672673568004
  ],
  [
   543.2727052508252,
   277.78374809566986
  ],
  [
   223.91519971758288,
   45.354672673568004
  ],
  [
   818.8625004288089,
   642.2931971542596
  ],
  [
   490.04985973672177,
   45.354672673568004
  ],
  [
   564.1310583285987,
   94.15348372210734
  ],
  [
   794.6651753984462,
   942.0579900023479
  ],
  [
   690.0224808005617,
   914.9789467187675
  ],
  [
   956.645327326432,
   658.8887479912112
  ],
  [
   528.6959525957253,
   473.46482642370904
  ],
  [
   169.55270423698676,
   536.0096408964741
  ],
  [
   235.9817436050516,
   613.1400063630191
  ],
  [
   829.2432008540108,
   45.354672673568004
  ],
  [
   446.9725450893575,
   176.78190978400352
  ],
  [
   644.5933051495986,
   219.70107363074897
  ],
  [
   515.6452611253112,
   871.5264391993577
  ],
  [
   45.354672673568004,
   517.5383244011863
  ],
  [
   251.93669507102524,
   759.8976917053417
  ],
  [
   715.5841887398203,
   149.09270898443336
  ],
  [
   45.354672673568004,
   428.8072556900865
  ],
  [
   464.7062268588239,
   956.645327326432
  ],
  [
   956.645327326432,
   522.8350814712267
  ],
  [
   956.645327326432,
   756.0036906517657
  ],
  [
   635.1090685200114,
   508.9953828065209
  ],
  [
   903.8338685514077,
   345.5572032186839
  ],
  [
   814.4767324442025,
   140.00656595677168
  ],
  [
   280.83287813661286,
   190.32719155642172
  ],
  [
   288.9857745241388,
   426.0180216011701
  ],
  [
   720.7822739070441,
   469.60901824178796
  ],
  [
   460.57555203787246,
   719.8472175480844
  ],
  [
   124.23053762406377,
   719.2830726714748
  ],
  [
   853.3453593086153,
   736.4702665105143
  ],
  [
   45.354672673568004,
   654.506368353772
  ],
  [
   935.1186241138063,
   942.5410000208483
  ],
  [
   354.1756150616402,
   248.5582633660848
  ],
  [
   268.83587240964437,
   280.53955111418117
  ],
  [
   618.8585851639104,
   421.7792442056359
  ],
  [
   134.68807308772273,
   45.354672673568004
  ],
  [
   45.354672673568004,
   145.50201450502792
  ],
  [
   346.9313962042462,
   741.2226142215684
  ],
  [
   401.3363569229224,
   45.354672673568004
  ],
  [
   632.1224457133802,
   324.6431717712754
  ],
  [
   805.1344143091028,
   536.6275740351787
  ],
  [
   193.0492483243525,
   328.6781983879279
  ],
  [
   238.9855301805103,
   925.3611181736463
  ],
  [
   45.354672673568004,
   935.815567727929
  ],
  [
   801.4424688710302,
   816.2946674752831
  ],
  [
   707.3621365291028,
   378.07409011148985
  ],
  [
   646.7222675285387,
   610.3347654704539
  ],
  [
   45.354672673568004,
   251.07888545615387
  ],
  [
   630.8204370610665,
   711.5601276014596
  ],
  [
   183.85858793745658,
   416.9233596543312
  ],
  [
   442.68717060561454,
   285.752039258807
  ],
  [
   813.2779540850511,
   352.3678969367756
  ],
  [
   916.8710726770258,
   71.60644713650235
  ],
  [
   476.62860193864276,
   566.1893657228577
  ],
  [
   684.3939035931324,
   50.55856089289825
  ],
  [
   546.9222579452595,
   632.9434423850566
  ],
  [
   835.3456670377846,
   260.53211574538074
  ],
  [
   363.7388664703585,
   348.67913167744194
  ],
  [
   937.0454909794059,
   205.13018367495627
  ],
  [
   863.7274182077609,
   457.615759132385
  ],
  [
   159.02519550359423,
   228.59139895487664
  ],
  [
   735.4345495115134,
   259.2010468482817
  ],
  [
   388.3678168753627,
   607.564176195171
  ],
  [
   747.0911986788499,
   723.7870229848871
  ],
  [
   312.62519457431955,
   45.354672673568004
  ],
  [
   883.1295415480174,
   581.0993109635889
  ]
 ]
}