{
 "Object_Radius": 42.64872372458462,
 "Object_Shape": "disc",
 "Workspace_Density": 0.4,
 "Workspace_Height": 1000,
 "Workspace_Width": 1000,
 "number_of_objects": 70,
 "point_list": [
  [
   738.4869674160752,
   277.36810405413763
  ],
  [
   895.0714612081681,
   122.6441161709355
  ],
  [
   181.52216581194597,
   813.6252465010209
  ],
  [
   419.099161858705,
   956.645327326432
  ],
  [
   721.0199380333746,
   532.4163105291351
  ],
  [
   352.9672771928918,
   523.4936846624526
  ],
  [
   45.354672673568004,
   900.713898262555
  ],
  [
   761.2132580860052,
   628.6966889716267
  ],
  [
   676.9164025460578,
   376.389044516252
  ],
  [
   868.7776777865762,
   810.1494339024457
  ],
  [
   55.021122246210645,
   808.9844534493965
  ],
  [
   771.8287411479912,
   457.8489354060861
  ],
  [
   580.6512061789011,
   312.4655655783296
  ],
  [
   734.9654309735166,
   797.8931408033081
  ],
  [
   264.4142601628968,
   748.5311480494973
  ],
  [
   231.58899132389521,
   54.99194454069148
  ],
  [
   53.62365385119242,
   627.0831955618372
  ],
  [
   375.2261298613252,
   219.26039086838315
  ],
  [
   632.2560398687797,
   501.23944716428235
  ],
  [
   136.25827195717704,
   926.2171299593083
  ],
  [
   275.8682806566794,
   607.1118741784727
  ],
  [
   328.2724185450855,
   141.32026610124808
  ],
  [
   716.9802348477377,
   165.82100865478347
  ],
  [
   442.8629041923794,
   815.0183101316314
  ],
  [
   45.354672673568004,
   379.53400018722584
  ],
  [
   546.3514141170614,
   764.5719429190441
  ],
  [
   169.85649669027893,
   131.92259239392885
  ],
  [
   654.7096396626689,
   956.645327326432
  ],
  [
   552.7762534703022,
   195.2658678273173
  ],
  [
   956.645327326432,
   532.0650276497271
  ],
  [
   619.8486374704928,
   45.354672673568004
  ],
  [
   956.645327326432,
   203.0023230227957
  ],
  [
   390.5031597339922,
   309.21002381729966
  ],
  [
   233.66481551447038,
   956.645327326432
  ],
  [
   710.5170661390723,
   887.6890991578794
  ],
  [
   956.645327326432,
   357.80769588603556
  ],
  [
   159.82342948499087,
   637.5319729668795
  ],
  [
   230.32570186746455,
   323.1589896016319
  ],
  [
   561.0485868080525,
   411.25099118459605
  ],
  [
   53.75448373722305,
   278.09712318805913
  ],
  [
   635.317120384502,
   840.0615812037732
  ],
  [
   466.3890794759989,
   233.39893946816264
  ],
  [
   45.354672673568004,
   718.0990326707881
  ],
  [
   45.354672673568004,
   475.7168928253793
  ],
  [
   798.095582666042,
   901.8082643945681
  ],
  [
   465.59915266233713,
   676.7209382902549
  ],
  [
   867.8655056020457,
   956.645327326432
  ],
  [
   956.645327326432,
   956.645327326432
  ],
  [
   641.0268119437108,
   231.02849874470556
  ],
  [
   156.97066129716143,
   545.8402821931162
  ],
  [
   298.1274098169082,
   384.79212773243887
  ],
  [
   873.3819734751933,
   305.8452999067879
  ],
  [
   790.2376563710354,
   354.238114648985
  ],
  [
   630.3968742616056,
   136.35128718502122
  ],
  [
   236.3999892880069,
   219.89653935445807
  ],
  [
   348.85734888076473,
   798.8631809037367
  ],
  [
   374.34506822140145,
   657.1902696754701
  ],
  [
   956.645327326432,
   45.354672673568004
  ],
  [
   867.1838018700555,
   206.8559152651547
  ],
  [
   45.354672673568004,
   176.18036821320962
  ],
  [
   122.5990176270239,
   45.354672673568004
  ],
  [
   876.02446242678,
   720.4784289893538
  ],
  [
   408.58235183505917,
   45.354672673568004
  ],
  [
   519.2685669473294,
   45.354672673568004
  ],
  [
   521.8806917416003,
   935.6171423165738
  ],
  [
   440.12617236755057,
   483.7105320412949
  ],
  [
   380.37854131040973,
   418.0619497908139
  ],
  [
   134.292895510565,
   213.35137433374484
  ],
  [
   434.2534247815637,
   139.67993124734332
  ],
  [
   539.6826806397753,
   499.8918322552933
  ]
 ]
}