{
 "Object_Radius": 126.156626101008,
 "Object_Shape": "disc",
 "Workspace_Density": 0.5,
 "Workspace_Height": 1000,
 "Workspace_Width": 1000,
 "number_of_objects": 10,
 "point_list": [
  [
   839.3857061396587,
   366.12206837467903
  ],
  [
   869.7971088513048,
   869.7971088513048
  ],
  [
   258.03920241580477,
   631.3637685200608
  ],
  [
   410.87033150764495,
   270.2060356544114
  ],
  [
   602.1887085852542,
   516.0774236520427
  ],
  [
   132.2028911450483,
   401.08128223827083
  ],
  [
   523.5641038241406,
   839.6800251288341
  ],
  [
   132.2028911450483,
   132.2028911450483
  ],
  [
   637.8571982443153,
   132.2028911450483
  ],
  [
   132.2028911450483,
   869.7953157242324
  ]
 ]
}