{
 "Object_Radius": 126.156626101008,
 "Object_Shape": "disc",
 "Workspace_Density": 0.5,
 "Workspace_Height": 1000,
 "Workspace_Width": 1000,
 "number_of_objects": 10,
 "point_list": [
  [
   529.0532665385011,
   403.47021520438307
  ],
  [
   849.5908473453808,
   454.44905707315763
  ],
  [
   591.9822958615807,
   132.2028911450483
  ],
  [
   869.7971088549517,
   716.0767434198816
  ],
  [
   657.1309537181196,
   869.7971088549517
  ],
  [
   394.678316487518,
   869.7971088516307
  ],
  [
   132.2028911450483,
   132.2028911450483
  ],
  [
   132.2028911450483,
   535.6721998026892
  ],
  [
   132.2028911450483,
   869.7971088516307
  ],
  [
   847.9450212705825,
   190.18160896671208
  ]
 ]
}