{
 "Object_Radius": 126.156626101008,
 "Object_Shape": "disc",
 "Workspace_Density": 0.5,
 "Workspace_Height": 1000,
 "Workspace_Width": 1000,
 "number_of_objects": 10,
 "point_list": [
  [
   402.2990530322313,
   869.7971088549517
  ],
  [
   473.972385153376,
   132.2028911450483
  ],
  [
   335.2186947795426,
   602.6658634354513
  ],
  [
   869.7971088549517,
   869.7971088549517
  ],
  [
   132.2028911450483,
   869.797108829506
  ],
  [
   869.797107080516,
   413.5628109747727
  ],
  [
   132.2028911450483,
   132.2028911450483
  ],
  [
   869.7971088093043,
   132.2028911450483
  ],
  [
   132.2028911450483,
   396.3590744201668
  ],
  [
   636.2910276418899,
   749.9924969506677
  ]
 ]
}