{
 "Object_Radius": 126.156626101008,
 "Object_Shape": "disc",
 "Workspace_Density": 0.5,
 "Workspace_Height": 1000,
 "Workspace_Width": 1000,
 "number_of_objects": 10,
 "point_list": [
  [
   135.5793678042131,
   399.2887980803774
  ],
  [
   333.33099658417643,
   580.7794260331411
  ],
  [
   132.2028911450483,
   132.2028911450483
  ],
  [
   607.3692764494078,
   132.2028911450483
  ],
  [
   789.5130946168629,
   869.795712895127
  ],
  [
   869.7971088535639,
   132.2028911450483
  ],
  [
   469.6897416791906,
   355.58852251685187
  ],
  [
   798.3015437537489,
   556.1650385742627
  ],
  [
   387.7359506435669,
   843.0489340225062
  ],
  [
   132.2028911450483,
   749.3851151023927
  ]
 ]
}