{
 "Object_Radius": 35.682482323055424,
 "Object_Shape": "disc",
 "Workspace_Density": 0.4,
 "Workspace_Height": 1000,
 "Workspace_Width": 1000,
 "number_of_objects": 100,
 "point_list": [
  [
   776.4144534087992,
   206.1596012465855
  ],
  [
   64.85217851885798,
   415.40518961929956
  ],
  [
   378.76218989998426,
   217.26947143559997
  ],
  [
   942.1806890457021,
   698.6073994062207
  ],
  [
   439.9546205406955,
   377.4201739674657
  ],
  [
   925.1507588191186,
   159.55506854459168
  ],
  [
   487.47536076089943,
   309.20401141575906
  ],
  [
   711.2890299457165,
   398.0503200294556
  ],
  [
   200.32469381523623,
   963.8902183840223
  ],
  [
   481.9656229244903,
   963.8902183840223
  ],
  [
   315.4386446069001,
   520.3102562602153
  ],
  [
   963.8902183840223,
   470.95508062591733
  ],
  [
   480.9502184809427,
   63.38466412922577
  ],
  [
   652.2920203870192,
   509.5501748859168
  ],
  [
   645.9703878816013,
   433.35663521215133
  ],
  [
   623.4267886375518,
   359.4639583893665
  ],
  [
   963.8902183840223,
   222.9177388443492
  ],
  [
   556.6520701893526,
   963.8902183840223
  ],
  [
   493.55175024190544,
   614.3765138667153
  ],
  [
   910.2704905112839,
   38.109781615977646
  ],
  [
   639.6732111669521,
   127.36011545316454
  ],
  [
   451.6439697486551,
   551.3922264329551
  ],
  [
   564.4916211634467,
   644.554999237753
  ],
  [
   455.00271346671633,
   171.4939844997978
  ],
  [
   249.91535094503524,
   139.66374577672826
  ],
  [
   144.80478657195815,
   293.75105743799594
  ],
  [
   235.77758182392068,
   220.6282100916298
  ],
  [
   192.22198998919353,
   613.5420960301074
  ],
  [
   358.13708376936404,
   429.65970108265816
  ],
  [
   38.109781615977646,
   184.02502399931268
  ],
  [
   627.0651035351142,
   202.03004051340994
  ],
  [
   38.109781615977646,
   609.8060302548399
  ],
  [
   475.5819382911115,
   871.5685154148013
  ],
  [
   579.693170294783,
   83.25439736772945
  ],
  [
   49.28805462574548,
   520.3645439440455
  ],
  [
   629.9319945640616,
   714.7207768771858
  ],
  [
   415.68776865752545,
   102.93634661223038
  ],
  [
   896.9220731742298,
   255.2854323932294
  ],
  [
   559.3062257255234,
   407.5180226026083
  ],
  [
   38.109781615977646,
   758.45611064088
  ],
  [
   714.0860458410756,
   126.34182478626278
  ],
  [
   963.8902183840223,
   549.2624397704368
  ],
  [
   528.756365521112,
   140.15922634029602
  ],
  [
   271.93330640058696,
   603.7605558159969
  ],
  [
   38.109781615977646,
   908.7280520325758
  ],
  [
   561.5288603061397,
   317.85705960924525
  ],
  [
   220.2916971169696,
   59.6035260459441
  ],
  [
   116.03627791026612,
   606.5553273521676
  ],
  [
   389.19746952125325,
   511.22174494513695
  ],
  [
   38.109781615977646,
   833.3207296803234
  ],
  [
   358.3434974337642,
   334.6464977418311
  ],
  [
   118.7951594333139,
   963.8902183840223
  ],
  [
   640.2907073589996,
   276.1403269078463
  ],
  [
   181.74931241431418,
   790.3525050161413
  ],
  [
   265.424445480323,
   359.2563137969554
  ],
  [
   64.85401024642832,
   682.0128760646293
  ],
  [
   725.6132862344184,
   772.5398236762611
  ],
  [
   367.29030180067315,
   38.109781615977646
  ],
  [
   340.65975248096646,
   929.7488941524286
  ],
  [
   859.8018408492369,
   625.6303833976998
  ],
  [
   210.21529933416915,
   530.1070966995194
  ],
  [
   61.855417905452974,
   270.55952114154184
  ],
  [
   852.2972058426834,
   192.67576146266958
  ],
  [
   49.47734359669146,
   95.08064127463
  ],
  [
   448.99537756349986,
   245.47003117557603
  ],
  [
   631.497827076846,
   963.8902183840223
  ],
  [
   140.4331895511135,
   677.0329396435385
  ],
  [
   638.7569032017245,
   639.3054078956461
  ],
  [
   594.3866710108986,
   780.731844256135
  ],
  [
   261.3027224676687,
   462.64930350050633
  ],
  [
   786.2022003267431,
   346.171313950661
  ],
  [
   516.13609148895,
   792.7319495591493
  ],
  [
   193.53143030046073,
   394.0755548809014
  ],
  [
   697.9063845179438,
   324.40346409118894
  ],
  [
   471.13400975550906,
   690.055873259632
  ],
  [
   534.5674219434654,
   506.3572207033883
  ],
  [
   963.8902183840223,
   309.08261446486824
  ],
  [
   174.4081149768861,
   867.1793368558727
  ],
  [
   99.27361356322729,
   38.109781615977646
  ],
  [
   463.387584122768,
   473.78279442672914
  ],
  [
   829.2086703909438,
   285.6817244031285
  ],
  [
   276.83881064786294,
   753.5876709528854
  ],
  [
   805.8981041450282,
   527.911585484371
  ],
  [
   923.2141502566022,
   383.60781007333605
  ],
  [
   733.3581026735893,
   38.109781615977646
  ],
  [
   787.5396706949274,
   420.3793102272
  ],
  [
   401.56939231110636,
   877.2288780840074
  ],
  [
   432.59037706663486,
   759.7157798564867
  ],
  [
   963.8902183840223,
   96.21945228888258
  ],
  [
   894.159910350025,
   963.8902183840223
  ],
  [
   252.72818985260747,
   848.9081232664842
  ],
  [
   766.8778959901598,
   908.567758377002
  ],
  [
   206.22436476464773,
   718.7763732719975
  ],
  [
   407.5203320686447,
   963.8902183840223
  ],
  [
   123.0544466030282,
   367.8286770308588
  ],
  [
   643.4624838407552,
   38.109781615977646
  ],
  [
   547.6291180761928,
   722.0845340105998
  ],
  [
   319.90030342617735,
   165.30836646749913
  ],
  [
   728.2795531525704,
   490.1815734573197
  ],
  [
   351.7107982655894,
   767.7736847370578
  ]
 ]
}