{
 "Object_Radius": 35.682482323055424,
 "Object_Shape": "disc",
 "Workspace_Density": 0.4,
 "Workspace_Height": 1000,
 "Workspace_Width": 1000,
 "number_of_objects": 100,
 "point_list": [
  [
   963.8902183840223,
   924.0836448492935
  ],
  [
   361.46213426197767,
   38.109781615977646
  ],
  [
   541.2921754585692,
   510.0139898013575
  ],
  [
   561.0150735101836,
   125.53598727884423
  ],
  [
   579.2991190650982,
   888.0559142747319
  ],
  [
   206.833265267522,
   127.4712312808033
  ],
  [
   337.8286105623802,
   138.65567509471077
  ],
  [
   688.9875623864266,
   963.8902183840223
  ],
  [
   733.1589085891272,
   186.04074108291778
  ],
  [
   329.535943796199,
   696.0230836938337
  ],
  [
   731.661862352206,
   902.7415544175863
  ],
  [
   654.1851790838317,
   894.2505710273975
  ],
  [
   747.8733709455138,
   300.55740484390776
  ],
  [
   230.20155976121742,
   344.68587980710004
  ],
  [
   413.8661741921881,
   529.8540922062862
  ],
  [
   486.61101264246236,
   704.3167976218509
  ],
  [
   885.8824061137827,
   364.7375227083292
  ],
  [
   684.7172844955163,
   662.2409732889848
  ],
  [
   409.59141726617054,
   168.12559236120194
  ],
  [
   764.5319031577326,
   835.0041053346586
  ],
  [
   963.8902183840223,
   38.109781615977646
  ],
  [
   181.21837838234032,
   963.8902183840223
  ],
  [
   405.024128633877,
   716.3838110010046
  ],
  [
   259.60433916447766,
   963.8902183840223
  ],
  [
   787.506875305171,
   236.59041225426589
  ],
  [
   860.6578491440307,
   222.9093138261067
  ],
  [
   360.2321784640604,
   376.29541385649964
  ],
  [
   233.89444257639207,
   610.2866713035089
  ],
  [
   38.109781615977646,
   332.5048122009625
  ],
  [
   268.6708199918387,
   168.55254803743443
  ],
  [
   963.8902183840223,
   612.633924522591
  ],
  [
   963.8902183840223,
   446.8510581438685
  ],
  [
   730.6745537033646,
   38.109781615977646
  ],
  [
   564.9974531899483,
   295.656291616202
  ],
  [
   930.4068858485352,
   716.2876564942671
  ],
  [
   244.91721058206963,
   505.6130094102664
  ],
  [
   428.42987957731793,
   410.96212213650693
  ],
  [
   646.4977825342462,
   38.109781615977646
  ],
  [
   568.9748565372137,
   376.721440937317
  ],
  [
   904.1163848091267,
   511.1290392211951
  ],
  [
   373.1748037143168,
   784.9199366051673
  ],
  [
   133.77578395995744,
   609.3654334453365
  ],
  [
   95.54728806223767,
   963.8902183840223
  ],
  [
   99.56303546398726,
   124.97458304932208
  ],
  [
   410.1604463123669,
   963.8902183840223
  ],
  [
   754.3863017317102,
   569.250786898482
  ],
  [
   784.5139195906431,
   963.8902183840223
  ],
  [
   963.8902183840223,
   273.12513908451166
  ],
  [
   504.0676325089668,
   963.8902183840223
  ],
  [
   627.4908187969032,
   161.54687615272923
  ],
  [
   557.1747033424149,
   41.566952772163766
  ],
  [
   894.1610732725082,
   963.8902183840223
  ],
  [
   821.4072147915831,
   316.3744702825984
  ],
  [
   906.61948093341,
   786.5937095636641
  ],
  [
   890.8315637928881,
   83.91784588880392
  ],
  [
   38.109781615977646,
   629.6866492148362
  ],
  [
   101.70009016701343,
   539.7529770687155
  ],
  [
   842.4982288095196,
   425.0825355844745
  ],
  [
   179.79666013578657,
   880.7386754380957
  ],
  [
   798.2294505394475,
   654.1389889552627
  ],
  [
   698.0751124337438,
   735.3314953332202
  ],
  [
   252.00134587242766,
   255.04163303550516
  ],
  [
   673.0879523980138,
   229.63002804557877
  ],
  [
   737.9260593391361,
   111.97424626052967
  ],
  [
   503.58910493446336,
   882.3549363842876
  ],
  [
   811.2044923928105,
   135.29910014736427
  ],
  [
   315.4662071714199,
   302.8799235449091
  ],
  [
   38.109781615977646,
   870.6204114841622
  ],
  [
   835.0648964865914,
   809.264610338157
  ],
  [
   475.47584361903796,
   624.696947390482
  ],
  [
   892.7648193866497,
   651.5531969221838
  ],
  [
   339.7858771738526,
   503.86056033939474
  ],
  [
   618.4282710174798,
   501.4358959330565
  ],
  [
   963.8902183840223,
   367.47173247315413
  ],
  [
   819.2744200570573,
   38.109781615977646
  ],
  [
   532.5070637858524,
   200.5026821326283
  ],
  [
   866.8197324153726,
   577.4884833566947
  ],
  [
   770.3690655850592,
   758.9926737684945
  ],
  [
   963.8902183840223,
   113.39525494489057
  ],
  [
   614.3877090103089,
   712.4714585755675
  ],
  [
   764.9519404864507,
   376.6657694293131
  ],
  [
   580.5710101482633,
   805.8031911451912
  ],
  [
   677.5169907148227,
   549.7802773097292
  ],
  [
   553.6998997329454,
   598.9500422956552
  ],
  [
   198.29287591734916,
   435.3770644362872
  ],
  [
   295.00859870972744,
   422.9856771341879
  ],
  [
   840.9760903222873,
   731.5995875242268
  ],
  [
   654.6119036807787,
   795.7269500526711
  ],
  [
   896.5046244042329,
   157.9202778482267
  ],
  [
   626.804244434265,
   612.4323357726074
  ],
  [
   893.6919358163643,
   878.2038497987469
  ],
  [
   486.5380555686988,
   306.36858936812894
  ],
  [
   730.2219287859909,
   449.9367223969564
  ],
  [
   963.8902183840223,
   839.2303042364907
  ],
  [
   891.5633410624273,
   290.5699532008557
  ],
  [
   963.8902183840223,
   191.51334158237108
  ],
  [
   160.6798994196702,
   689.4644754588261
  ],
  [
   503.2702194709882,
   780.6481080757726
  ],
  [
   290.77824334724966,
   75.44643663520924
  ],
  [
   589.4700503191011,
   963.8902183840223
  ]
 ]
}