{
 "Object_Radius": 35.682482323055424,
 "Object_Shape": "disc",
 "Workspace_Density": 0.4,
 "Workspace_Height": 1000,
 "Workspace_Width": 1000,
 "number_of_objects": 100,
 "point_list": [
  [
   387.6962202667448,
   963.8902183840223
  ],
  [
   802.2278785162453,
   641.4079708142086
  ],
  [
   98.63906908142488,
   457.8270171287189
  ],
  [
   227.69658613076362,
   690.4180809583141
  ],
  [
   477.0296557790791,
   165.40553073534306
  ],
  [
   315.8429454755161,
   316.6588338854633
  ],
  [
   214.87890446004414,
   430.2135246611688
  ],
  [
   277.53777568063254,
   751.0522523617587
  ],
  [
   322.4525427586267,
   176.6054052930398
  ],
  [
   235.44930943941026,
   963.8902183840223
  ],
  [
   774.2919949309833,
   853.2570199177899
  ],
  [
   474.1462059321547,
   498.25236720046684
  ],
  [
   304.8756929296488,
   653.3436827381624
  ],
  [
   343.01351898091065,
   798.658169966647
  ],
  [
   801.5265856757289,
   368.2075364973904
  ],
  [
   880.4364510288985,
   300.4768521453958
  ],
  [
   70.70170672993856,
   226.84250828078964
  ],
  [
   444.97852326253405,
   569.7388725450285
  ],
  [
   876.7724578568981,
   38.109781615977646
  ],
  [
   771.9517388127747,
   212.23010627150953
  ],
  [
   493.92195117256756,
   392.57778904177457
  ],
  [
   583.6423713115894,
   500.61393627091167
  ],
  [
   38.109781615977646,
   155.3921185910558
  ],
  [
   624.0456824705701,
   286.6821594915703
  ],
  [
   746.7265491736279,
   963.8902183840223
  ],
  [
   499.1173560505,
   769.5548374689756
  ],
  [
   722.8096794634483,
   38.109781615977646
  ],
  [
   38.109781615977646,
   963.8902183840223
  ],
  [
   606.2330746257085,
   190.43312456789045
  ],
  [
   38.109781615977646,
   791.7897603440409
  ],
  [
   860.6631889861696,
   865.7894458389487
  ],
  [
   711.6656718832056,
   782.8154971651826
  ],
  [
   799.0997438610206,
   38.109781615977646
  ],
  [
   359.7342626023303,
   392.71953045230197
  ],
  [
   38.109781615977646,
   531.9070076193282
  ],
  [
   423.27235109802444,
   38.109781615977646
  ],
  [
   235.61945733523396,
   884.6243210822635
  ],
  [
   226.31921062636772,
   195.04278595416193
  ],
  [
   235.25319862178898,
   332.1449402397357
  ],
  [
   559.9482508500638,
   427.50963640177866
  ],
  [
   911.7184234185138,
   800.9560182189533
  ],
  [
   963.8902183840223,
   185.71675000126075
  ],
  [
   527.3677175055545,
   221.0598505928016
  ],
  [
   119.3728366149412,
   630.5391557990757
  ],
  [
   125.21131162182853,
   933.5978536662913
  ],
  [
   463.8877863198489,
   847.7237052119945
  ],
  [
   69.508908743569,
   880.2558284063796
  ],
  [
   166.92864339596346,
   487.0389920711313
  ],
  [
   690.0298855628301,
   858.7625298465692
  ],
  [
   38.109781615977646,
   414.754804429883
  ],
  [
   659.0853462922174,
   525.6285929750165
  ],
  [
   963.8902183840223,
   111.49703027407365
  ],
  [
   158.7666842230837,
   226.6279885233791
  ],
  [
   963.8902183840223,
   330.64507548291795
  ],
  [
   950.4829898288212,
   674.4716371798493
  ],
  [
   963.8902183840223,
   415.65792566885904
  ],
  [
   963.8902183840223,
   911.7070224101072
  ],
  [
   151.21636230554765,
   134.86010042999152
  ],
  [
   736.0542489032377,
   578.4532148867113
  ],
  [
   234.13022025567705,
   594.9185549474763
  ],
  [
   713.9336632271147,
   330.76750212394444
  ],
  [
   917.4463247699222,
   600.6218412829872
  ],
  [
   672.6197493069628,
   93.71348412289053
  ],
  [
   115.88699461307021,
   287.6883736542087
  ],
  [
   855.0458377254585,
   732.9265583569133
  ],
  [
   303.57263636851405,
   499.16033965343445
  ],
  [
   947.7658363927386,
   258.1636123496308
  ],
  [
   670.1127512816557,
   436.5796536019967
  ],
  [
   164.40205622595755,
   355.5533173768594
  ],
  [
   713.7323586651622,
   157.95655742351772
  ],
  [
   358.2699609080732,
   555.9089452560993
  ],
  [
   420.9815446080017,
   437.34534168683206
  ],
  [
   902.7424640705389,
   963.8902183840223
  ],
  [
   539.612370210765,
   963.8902183840223
  ],
  [
   419.8166870344777,
   115.663495362982
  ],
  [
   743.9832787998582,
   421.8005571888092
  ],
  [
   796.6418789532651,
   120.01956125268337
  ],
  [
   120.55878863874854,
   789.8486712438274
  ],
  [
   85.31437916897337,
   356.1716934230553
  ],
  [
   667.2464509399069,
   940.7418056552417
  ],
  [
   484.77758481176033,
   691.2085056841839
  ],
  [
   823.2685837441672,
   963.8902183840223
  ],
  [
   311.59059031205544,
   890.1470695881483
  ],
  [
   589.0368034092813,
   900.2539562333866
  ],
  [
   659.9364367405256,
   605.1279808179879
  ],
  [
   38.109781615977646,
   63.74738980541594
  ],
  [
   728.3220729319885,
   497.1725780565133
  ],
  [
   419.7914109924246,
   639.7542748614891
  ],
  [
   952.8045815094622,
   38.109781615977646
  ],
  [
   556.0630465593923,
   713.1957350409629
  ],
  [
   603.4988375884923,
   653.3585944993899
  ],
  [
   629.9014713539341,
   739.3420494002924
  ],
  [
   487.4402592890429,
   84.31319768173347
  ],
  [
   176.9756287945847,
   53.07894540348402
  ],
  [
   38.109781615977646,
   637.3754486422523
  ],
  [
   120.89201533990119,
   709.8656388486364
  ],
  [
   822.9449201897298,
   536.9522428141487
  ],
  [
   683.588391855414,
   225.85889557683493
  ],
  [
   545.9488427829966,
   38.109781615977646
  ],
  [
   622.1451313834418,
   38.109781615977646
  ]
 ]
}