{
 "Object_Radius": 35.682482323055424,
 "Object_Shape": "disc",
 "Workspace_Density": 0.4,
 "Workspace_Height": 1000,
 "Workspace_Width": 1000,
 "number_of_objects": 100,
 "point_list": [
  [
   963.8902183840223,
   552.0229387456931
  ],
  [
   189.17270708881193,
   590.1926739105872
  ],
  [
   206.47732604225496,
   315.96212447257875
  ],
  [
   963.8902183840223,
   698.8491991288906
  ],
  [
   963.8902183840223,
   323.96804563431954
  ],
  [
   919.4628440926757,
   215.96627418496865
  ],
  [
   715.4671224007488,
   796.9216083911708
  ],
  [
   640.497314200875,
   38.109781615977646
  ],
  [
   508.040866137672,
   963.8902183840223
  ],
  [
   583.1238357191794,
   442.44639579025807
  ],
  [
   118.71028304556333,
   556.8317381129921
  ],
  [
   494.69848508470193,
   714.0421456547231
  ],
  [
   821.9010134509501,
   559.9600823014453
  ],
  [
   604.7762622631107,
   119.48005511824545
  ],
  [
   701.7745627893343,
   493.5369305035451
  ],
  [
   507.26183197477746,
   814.031472977212
  ],
  [
   765.8182134483375,
   417.63834178151757
  ],
  [
   887.7283102349329,
   112.69028623942087
  ],
  [
   527.8474532855788,
   134.19614736394357
  ],
  [
   782.6571428901573,
   963.8902183840223
  ],
  [
   194.62596005065697,
   516.1736854914569
  ],
  [
   552.6481858646835,
   350.83925792965044
  ],
  [
   501.01347123101357,
   213.59112973679206
  ],
  [
   93.06648787787313,
   482.89747932354624
  ],
  [
   343.6178793983217,
   38.109781615977646
  ],
  [
   681.1338264953229,
   636.8157690128255
  ],
  [
   415.4703594732843,
   860.9964197217971
  ],
  [
   487.2417367640272,
   389.1440919875525
  ],
  [
   38.109781615977646,
   299.5236568971457
  ],
  [
   899.391959264782,
   387.7842717946264
  ],
  [
   507.2776035760145,
   289.5609825627382
  ],
  [
   752.8931093852646,
   862.5678276564136
  ],
  [
   701.1969181931371,
   359.3329943870985
  ],
  [
   779.7568337769868,
   496.1636317255755
  ],
  [
   625.082601387448,
   331.47968988437214
  ],
  [
   857.4732052815062,
   464.2015121400907
  ],
  [
   963.8902183840223,
   864.8852744754744
  ],
  [
   844.1081663190824,
   291.49994382707564
  ],
  [
   808.1101390209941,
   110.49324076912784
  ],
  [
   187.71110449827037,
   242.0276349559843
  ],
  [
   659.8400972854624,
   432.0341734556286
  ],
  [
   651.610797331152,
   882.43628831387
  ],
  [
   276.32462544392166,
   781.7216482103975
  ],
  [
   364.29154251725237,
   119.26808189453173
  ],
  [
   606.9652570123876,
   526.2360781539546
  ],
  [
   38.109781615977646,
   963.8902183840223
  ],
  [
   624.4744257284348,
   963.8902183840223
  ],
  [
   963.8902183840223,
   963.8902183840223
  ],
  [
   278.5257872554633,
   540.4318499781124
  ],
  [
   200.809607889814,
   883.6403059940142
  ],
  [
   492.05727408635084,
   38.109781615977646
  ],
  [
   895.6865516466422,
   798.5381548277772
  ],
  [
   566.2777515430178,
   38.109781615977646
  ],
  [
   269.39429135111044,
   38.109781615977646
  ],
  [
   714.7168777172255,
   38.109781615977646
  ],
  [
   663.3387802756448,
   260.1020700383032
  ],
  [
   191.7344085033984,
   166.48117818268338
  ],
  [
   601.9228638938172,
   624.1809958500062
  ],
  [
   164.73929968521244,
   51.2430036071193
  ],
  [
   127.11274136379211,
   894.9297272729128
  ],
  [
   280.25494241399116,
   889.885374410281
  ],
  [
   152.1190111815506,
   370.42469785102537
  ],
  [
   170.07189558432833,
   963.8902183840223
  ],
  [
   826.8181315455475,
   367.2501942350119
  ],
  [
   869.5222345314055,
   881.7107636653129
  ],
  [
   406.48459515438566,
   392.5844891713911
  ],
  [
   511.47954884175476,
   471.19923086476643
  ],
  [
   937.361901953153,
   43.33726789712833
  ],
  [
   742.8899419589369,
   687.9731258694128
  ],
  [
   515.3210072309668,
   559.6244040154824
  ],
  [
   120.6876382326333,
   700.1171877225923
  ],
  [
   293.62153087153627,
   155.2468372377506
  ],
  [
   38.109781615977646,
   593.8434230255995
  ],
  [
   350.7362173750999,
   777.2936826661477
  ],
  [
   701.5785694106821,
   190.48753775364608
  ],
  [
   430.58925057522003,
   488.9106013280149
  ],
  [
   600.8560270425477,
   195.3154806619824
  ],
  [
   337.16172844903065,
   963.8902183840223
  ],
  [
   812.5019031017182,
   782.756254026886
  ],
  [
   422.51197891639185,
   963.8902183840223
  ],
  [
   149.04302396829917,
   786.4704690567809
  ],
  [
   578.454657826459,
   706.4932136771379
  ],
  [
   250.83652413403007,
   697.4477037006216
  ],
  [
   961.0543743876773,
   446.6282784862905
  ],
  [
   857.6660285911856,
   963.8902183840223
  ],
  [
   702.1538517433016,
   963.8902183840223
  ],
  [
   892.0430098817559,
   589.2414707785151
  ],
  [
   788.9366385362734,
   38.109781615977646
  ],
  [
   417.8374929243862,
   38.109781615977646
  ],
  [
   659.8936596334158,
   722.1961207668263
  ],
  [
   38.109781615977646,
   425.6150083540904
  ],
  [
   821.6190868165149,
   210.71773690562455
  ],
  [
   785.5653758385279,
   625.9700577218213
  ],
  [
   223.90174837393545,
   97.49028728263147
  ],
  [
   583.0074942306182,
   269.84702382866396
  ],
  [
   113.42023114142708,
   238.02200217451227
  ],
  [
   863.1575014083871,
   38.109781615977646
  ],
  [
   963.8902183840223,
   131.9164236708012
  ],
  [
   170.79418165547855,
   444.4662157028867
  ],
  [
   91.3142266454883,
   62.61629595373878
  ]
 ]
}