{
 "Object_Radius": 35.682482323055424,
 "Object_Shape": "disc",
 "Workspace_Density": 0.4,
 "Workspace_Height": 1000,
 "Workspace_Width": 1000,
 "number_of_objects": 100,
 "point_list": [
  [
   913.0342476336399,
   38.109781615977646
  ],
  [
   757.6733558616413,
   187.50325534846158
  ],
  [
   216.84674688429584,
   518.5053453458634
  ],
  [
   394.30391260173064,
   963.8902183840223
  ],
  [
   294.0158242396929,
   763.8177971189351
  ],
  [
   38.109781615977646,
   759.5820911439725
  ],
  [
   38.109781615977646,
   857.718996819149
  ],
  [
   285.84466239940394,
   551.6953292910641
  ],
  [
   319.6151328022943,
   169.58894366555617
  ],
  [
   121.37770900206633,
   352.3039232527587
  ],
  [
   532.68890289885,
   678.4075845452169
  ],
  [
   183.65067165289634,
   38.109781615977646
  ],
  [
   745.5372867293671,
   420.3069773422796
  ],
  [
   431.9935910222979,
   512.738119588485
  ],
  [
   607.2656804299578,
   801.7733306636306
  ],
  [
   689.5020540229455,
   563.8952746109879
  ],
  [
   502.39672046913495,
   38.109781615977646
  ],
  [
   866.4949025333368,
   942.9959204179119
  ],
  [
   859.6625279180593,
   199.9152743518434
  ],
  [
   429.3688234383997,
   845.5800419335526
  ],
  [
   350.93989297386054,
   823.2949929059449
  ],
  [
   38.109781615977646,
   472.42336450764566
  ],
  [
   102.21532330324258,
   268.62461199175425
  ],
  [
   720.3486362590507,
   810.054807843112
  ],
  [
   192.258031574422,
   134.52508627545416
  ],
  [
   226.53475204821856,
   206.3608070404631
  ],
  [
   109.42262182572479,
   38.109781615977646
  ],
  [
   577.0567504907026,
   247.41482601875342
  ],
  [
   262.715219454643,
   623.1492151736085
  ],
  [
   137.52809442693302,
   737.2552823112057
  ],
  [
   890.2164983783862,
   847.193870670501
  ],
  [
   865.2375058816992,
   374.89519392098134
  ],
  [
   902.6130802644933,
   745.9922672850142
  ],
  [
   187.63156951367142,
   450.27766348537614
  ],
  [
   735.3127239990406,
   963.8902183840223
  ],
  [
   963.8902183840223,
   216.47271693519332
  ],
  [
   428.9152398829743,
   334.8106001765001
  ],
  [
   874.9624308652474,
   670.2806780805334
  ],
  [
   116.53479301846092,
   428.9694431529255
  ],
  [
   630.0186913559337,
   877.9082507817723
  ],
  [
   142.9983492813965,
   199.55098767236032
  ],
  [
   305.77605821339597,
   684.5389532250547
  ],
  [
   483.58920969042254,
   429.99623317334203
  ],
  [
   963.8902183840223,
   681.8495716322265
  ],
  [
   507.24865444520896,
   959.6221263431814
  ],
  [
   130.29248623525106,
   511.2984530843801
  ],
  [
   362.646443867746,
   546.5834916141997
  ],
  [
   707.5110478888575,
   698.2394442520795
  ],
  [
   257.8702389862745,
   38.109781615977646
  ],
  [
   38.109781615977646,
   953.2621934709256
  ],
  [
   583.2631214948846,
   38.109781615977646
  ],
  [
   772.9285813131049,
   741.6821591476106
  ],
  [
   963.8902183840223,
   888.639798667081
  ],
  [
   176.80586005103035,
   272.3997994717355
  ],
  [
   772.6349415828904,
   654.7299399875566
  ],
  [
   786.7817212213441,
   345.3402976369143
  ],
  [
   199.7218920770762,
   363.3466875052631
  ],
  [
   739.4375606998904,
   277.66485207290816
  ],
  [
   120.28058768516217,
   814.1051138098771
  ],
  [
   963.8902183840223,
   352.748949330327
  ],
  [
   886.7699840792964,
   560.3442537246939
  ],
  [
   38.109781615977646,
   308.49937139746993
  ],
  [
   404.8127632313911,
   618.2829399644945
  ],
  [
   185.7545800557856,
   668.1253861584362
  ],
  [
   193.8083965921939,
   963.8902183840223
  ],
  [
   112.89330406241353,
   963.8902183840223
  ],
  [
   332.25622362789267,
   38.109781615977646
  ],
  [
   391.4491129395081,
   150.9209566233938
  ],
  [
   117.68778400217778,
   634.1805464320291
  ],
  [
   342.81972331365176,
   311.9585701582984
  ],
  [
   943.7923064931341,
   963.8902183840223
  ],
  [
   276.81751556925036,
   934.3050756902214
  ],
  [
   381.7999782147866,
   695.2827441935459
  ],
  [
   38.109781615977646,
   563.1205356795075
  ],
  [
   527.0632447999197,
   359.30026971982795
  ],
  [
   599.392684309164,
   416.76017375223483
  ],
  [
   595.4480906976927,
   322.39528877166316
  ],
  [
   550.5916571226255,
   479.7664414028337
  ],
  [
   411.95648794312655,
   238.36799360971563
  ],
  [
   670.1216921209447,
   379.6733116450937
  ],
  [
   59.21683526651787,
   153.06898552468527
  ],
  [
   809.9307414697497,
   893.0152216343463
  ],
  [
   38.109781615977646,
   58.70301180568874
  ],
  [
   250.36805968459313,
   282.25769876395753
  ],
  [
   628.3323363396436,
   730.331607330356
  ],
  [
   705.8734003497067,
   895.7565695713585
  ],
  [
   767.505183920734,
   578.3015787685466
  ],
  [
   963.8902183840223,
   806.559701146505
  ],
  [
   891.0031254278197,
   116.97034632559279
  ],
  [
   743.4387280135326,
   95.37010783592655
  ],
  [
   212.55027973950905,
   784.9222565268775
  ],
  [
   502.47415177467406,
   244.42325344881488
  ],
  [
   313.7415009179977,
   243.62671548501305
  ],
  [
   38.109781615977646,
   650.0738099403957
  ],
  [
   38.109781615977646,
   391.7158093107013
  ],
  [
   38.109781615977646,
   230.72045248888998
  ],
  [
   274.2541329962063,
   110.56628064243095
  ],
  [
   278.5611900732672,
   352.384105567399
  ],
  [
   815.5653732062243,
   118.05088370995985
  ],
  [
   837.4687792991093,
   781.5656461966291
  ]
 ]
}