{
 "Object_Radius": 35.682482323055424,
 "Object_Shape": "disc",
 "Workspace_Density": 0.4,
 "Workspace_Height": 1000,
 "Workspace_Width": 1000,
 "number_of_objects": 100,
 "point_list": [
  [
   260.9866049967463,
   963.8902183840223
  ],
  [
   38.109781615977646,
   789.6265094438929
  ],
  [
   227.6205539135004,
   150.58251605729168
  ],
  [
   481.9246402273708,
   628.8753475452248
  ],
  [
   519.7170985113779,
   257.85732062721723
  ],
  [
   253.32795716670148,
   885.475810332957
  ],
  [
   938.2440150340053,
   204.1461817338841
  ],
  [
   517.7637354953987,
   334.61813518184357
  ],
  [
   38.109781615977646,
   415.3445949276179
  ],
  [
   186.68552066474786,
   963.8902183840223
  ],
  [
   643.7037106742335,
   688.6857908043002
  ],
  [
   186.91571117537848,
   38.109781615977646
  ],
  [
   544.0688377268191,
   554.9550853036777
  ],
  [
   411.572612974783,
   670.4836026848719
  ],
  [
   112.32949105514689,
   963.8902183840223
  ],
  [
   416.8059060193985,
   356.34516647927325
  ],
  [
   38.109781615977646,
   688.998010679197
  ],
  [
   444.55004005644327,
   111.77495732741815
  ],
  [
   677.8039756880452,
   276.47585094035094
  ],
  [
   526.2314324337918,
   112.0712887148783
  ],
  [
   716.6031572531243,
   480.9357179036909
  ],
  [
   38.109781615977646,
   38.109781615977646
  ],
  [
   814.5984990862879,
   439.22263043359584
  ],
  [
   261.139613478278,
   38.109781615977646
  ],
  [
   117.08358476680309,
   696.9229964551911
  ],
  [
   819.8263117587597,
   595.4654663950288
  ],
  [
   266.44991034039924,
   510.4219523105181
  ],
  [
   564.8590917870856,
   38.109781615977646
  ],
  [
   38.109781615977646,
   877.7380588903736
  ],
  [
   608.3165257341028,
   594.3672900816791
  ],
  [
   340.58551634877284,
   636.6969930017516
  ],
  [
   459.9525383396994,
   904.5878854140632
  ],
  [
   320.89296903005334,
   456.052023945038
  ],
  [
   335.38696881464256,
   38.109781615977646
  ],
  [
   331.614119924624,
   336.22961390148555
  ],
  [
   465.6025065632602,
   549.7867814298429
  ],
  [
   491.0117429260776,
   186.4468453010939
  ],
  [
   759.8863199068682,
   72.54628030656005
  ],
  [
   370.3289409606212,
   132.56942848155475
  ],
  [
   761.8826713840483,
   165.19200763556907
  ],
  [
   728.0074739103247,
   576.4774537977981
  ],
  [
   412.1884360892641,
   963.8902183840223
  ],
  [
   113.83333472907366,
   881.0647014255026
  ],
  [
   190.05162900442303,
   844.3607881597106
  ],
  [
   594.7524416442499,
   376.7235818109461
  ],
  [
   185.2664902365455,
   334.2155092195913
  ],
  [
   411.8782676926207,
   197.22767357771312
  ],
  [
   38.109781615977646,
   119.70391813938853
  ],
  [
   409.60661455514804,
   38.109781615977646
  ],
  [
   814.9915968342242,
   893.7357974724706
  ],
  [
   394.1510763759311,
   506.50781756318867
  ],
  [
   591.9090357375543,
   963.8902183840223
  ],
  [
   519.2497596655813,
   480.8189974367311
  ],
  [
   38.109781615977646,
   963.8902183840223
  ],
  [
   183.31477845186345,
   736.8074536431157
  ],
  [
   277.1367716565907,
   392.28234837967454
  ],
  [
   152.24399657834033,
   512.9726238189342
  ],
  [
   111.73732814069976,
   393.6292478787741
  ],
  [
   726.1984371120321,
   706.8478820335722
  ],
  [
   586.1562125005793,
   170.45232793254658
  ],
  [
   391.8721513499256,
   430.64458395517073
  ],
  [
   274.6557630969312,
   592.2449297570397
  ],
  [
   38.109781615977646,
   195.82863323897482
  ],
  [
   38.109781615977646,
   337.1711498629515
  ],
  [
   848.2979865797346,
   513.7905825363868
  ],
  [
   128.4104721855304,
   791.1094891709395
  ],
  [
   963.8902183840223,
   485.9728811455441
  ],
  [
   660.4565311690845,
   532.3654637196728
  ],
  [
   103.27536769555567,
   238.78794719873147
  ],
  [
   898.169994166195,
   703.0652776610833
  ],
  [
   477.69047923732563,
   712.1813453246998
  ],
  [
   320.04522551636853,
   747.1464347555433
  ],
  [
   933.2684197671891,
   394.8646740574523
  ],
  [
   641.2371707195507,
   781.9205015973573
  ],
  [
   55.78634612556106,
   505.6987715314346
  ],
  [
   953.1441640712351,
   72.59303426870135
  ],
  [
   112.69615014809283,
   38.109781615977646
  ],
  [
   340.18720780772924,
   887.1748565714435
  ],
  [
   590.7048795988084,
   295.6766775433576
  ],
  [
   258.27661452830245,
   319.10992027400397
  ],
  [
   295.10031515173006,
   114.5322113439596
  ],
  [
   963.8902183840223,
   658.1048952518165
  ],
  [
   654.0936763537584,
   38.109781615977646
  ],
  [
   185.2705167451246,
   607.6477136236467
  ],
  [
   354.6035212010798,
   257.5885111212073
  ],
  [
   486.5751846254575,
   38.109781615977646
  ],
  [
   279.2076545460481,
   244.72569612076632
  ],
  [
   38.109781615977646,
   595.6902909801021
  ],
  [
   383.8113604096198,
   802.3830640507978
  ],
  [
   336.3122274640562,
   963.8902183840223
  ],
  [
   260.66212018835455,
   795.6783021316963
  ],
  [
   109.68673955623575,
   315.51290921474737
  ],
  [
   149.5150500731248,
   179.6807583289027
  ],
  [
   115.57236564827113,
   113.23540543258258
  ],
  [
   271.893078096918,
   688.3124360883628
  ],
  [
   647.2948201865738,
   448.8160741195014
  ],
  [
   200.53695292588128,
   235.52626091207406
  ],
  [
   470.18296312987735,
   418.80153093622204
  ],
  [
   670.1269886234686,
   363.4502230331751
  ],
  [
   535.8864253360808,
   908.1699766691896
  ]
 ]
}