{
 "Object_Radius": 154.50968080927584,
 "Object_Shape": "disc",
 "Workspace_Density": 0.6,
 "Workspace_Height": 1000,
 "Workspace_Width": 1000,
 "number_of_objects": 8,
 "point_list": [
  [
   493.9227483141401,
   161.69006804164687
  ],
  [
   717.22006450453,
   516.3951335548228
  ],
  [
   823.678959836267,
   211.95939906009485
  ],
  [
   449.3482556425229,
   840.3099319583531
  ],
  [
   389.91722295367185,
   465.7830708991869
  ],
  [
   840.3099319583531,
   840.3099319583531
  ],
  [
   161.69006804164687,
   161.69006804164687
  ],
  [
   161.69006804164687,
   696.9987086816888
  ]
 ]
}