{
 "Object_Radius": 154.50968080927584,
 "Object_Shape": "disc",
 "Workspace_Density": 0.6,
 "Workspace_Height": 1000,
 "Workspace_Width": 1000,
 "number_of_objects": 8,
 "point_list": [
  [
   161.69006804164687,
   161.69006804164687
  ],
  [
   840.3099319583531,
   187.21975476734477
  ],
  [
   161.69006804164687,
   840.3099319583531
  ],
  [
   483.07020411814375,
   840.3099319583531
  ],
  [
   161.69006804164687,
   510.91496684968604
  ],
  [
   507.5931417354077,
   483.74913905307454
  ],
  [
   804.4873071146211,
   840.3099319583531
  ],
  [
   840.3099319583531,
   512.514231497669
  ]
 ]
}