{
 "Object_Radius": 154.50968080927584,
 "Object_Shape": "disc",
 "Workspace_Density": 0.6,
 "Workspace_Height": 1000,
 "Workspace_Width": 1000,
 "number_of_objects": 8,
 "point_list": [
  [
   840.3099319583531,
   195.32442520282495
  ],
  [
   161.69006804164687,
   352.0032370367877
  ],
  [
   769.8133955712243,
   508.87733978321506
  ],
  [
   812.6475175475865,
   840.3099319583531
  ],
  [
   483.0937837663986,
   840.3099319583531
  ],
  [
   161.69006804164687,
   840.3099319583531
  ],
  [
   444.045429527445,
   510.4782021744995
  ],
  [
   471.1592181793136,
   161.69006804164687
  ]
 ]
}