{
 "Object_Radius": 154.50968080927584,
 "Object_Shape": "disc",
 "Workspace_Density": 0.6,
 "Workspace_Height": 1000,
 "Workspace_Width": 1000,
 "number_of_objects": 8,
 "point_list": [
  [
   840.3099319583531,
   840.3099319583531
  ],
  [
   161.69006804164687,
   161.69006804164687
  ],
  [
   161.69006804164687,
   840.3099319583531
  ],
  [
   332.22425207520934,
   533.4882729991182
  ],
  [
   804.6410370925308,
   161.69006804164687
  ],
  [
   840.3099319583531,
   500.8781171525999
  ],
  [
   495.91558924321305,
   825.259156770919
  ],
  [
   483.0702041207692,
   161.69006804164687
  ]
 ]
}