{
 "Object_Radius": 154.50968080927584,
 "Object_Shape": "disc",
 "Workspace_Density": 0.6,
 "Workspace_Height": 1000,
 "Workspace_Width": 1000,
 "number_of_objects": 8,
 "point_list": [
  [
   161.69006804164687,
   518.9297958681202
  ],
  [
   840.3099319583531,
   840.3099319583531
  ],
  [
   745.8355074081555,
   161.69006804164687
  ],
  [
   499.2720165521379,
   516.3787757393244
  ],
  [
   500.5840385787174,
   840.3099319583531
  ],
  [
   161.69006804164687,
   840.3099319583531
  ],
  [
   329.37550696543997,
   239.76751025504495
  ],
  [
   840.3099319583531,
   475.0012431726916
  ]
 ]
}