{
 "Object_Radius": 154.50968080927584,
 "Object_Shape": "disc",
 "Workspace_Density": 0.6,
 "Workspace_Height": 1000,
 "Workspace_Width": 1000,
 "number_of_objects": 8,
 "point_list": [
  [
   840.3099319583531,
   840.3099319583531
  ],
  [
   840.3099319583531,
   510.64732830990005
  ],
  [
   161.69006804164687,
   494.60756720290885
  ],
  [
   840.3099319583531,
   161.69006804164687
  ],
  [
   194.06547816581258,
   161.69006804164687
  ],
  [
   515.7644252275682,
   161.69006804164687
  ],
  [
   482.79821411962956,
   481.3882484183619
  ],
  [
   161.69006804164687,
   840.3099319583531
  ]
 ]
}