{
 "Object_Radius": 154.50968080927584,
 "Object_Shape": "disc",
 "Workspace_Density": 0.6,
 "Workspace_Height": 1000,
 "Workspace_Width": 1000,
 "number_of_objects": 8,
 "point_list": [
  [
   517.5243658959122,
   840.3099319583531
  ],
  [
   840.3099319583531,
   161.69006804164687
  ],
  [
   507.4744023575683,
   161.69006804164687
  ],
  [
   840.3099319583531,
   840.3099319583531
  ],
  [
   161.69006804164687,
   268.20152510626446
  ],
  [
   687.3489782043575,
   461.2990410599832
  ],
  [
   377.7739982036864,
   547.6040245997291
  ],
  [
   161.69006804164687,
   840.3099319583531
  ]
 ]
}