{
 "Object_Radius": 154.50968080927584,
 "Object_Shape": "disc",
 "Workspace_Density": 0.6,
 "Workspace_Height": 1000,
 "Workspace_Width": 1000,
 "number_of_objects": 8,
 "point_list": [
  [
   477.7655262360514,
   541.3872295052449
  ],
  [
   483.15694700088744,
   161.69006804164687
  ],
  [
   780.3058347810778,
   306.719914223776
  ],
  [
   161.69006804164687,
   815.379886025161
  ],
  [
   161.69006804164687,
   483.23657857038137
  ],
  [
   600.0428576875939,
   840.3099319583531
  ],
  [
   161.69006804164687,
   161.69006804164687
  ],
  [
   840.3099319583531,
   622.9262401325849
  ]
 ]
}