{
 "Object_Radius": 27.367214656948697,
 "Object_Shape": "disc",
 "Workspace_Density": 0.4,
 "Workspace_Height": 1000,
 "Workspace_Width": 1000,
 "number_of_objects": 170,
 "point_list": [
  [
   932.2069486676323,
   638.9382590890785
  ],
  [
   813.4122605764987,
   489.4325630715374
  ],
  [
   902.3956914163256,
   813.999200655651
  ],
  [
   31.18248036414245,
   883.4044833211163
  ],
  [
   311.88170643246303,
   825.8980023336464
  ],
  [
   76.48357407097491,
   718.3360893735648
  ],
  [
   299.83263540040355,
   390.59499886633245
  ],
  [
   763.303010972364,
   926.6445271933597
  ],
  [
   31.103936122643564,
   556.495547112622
  ],
  [
   31.103936122643564,
   678.3737918636009
  ],
  [
   31.103936122643564,
   31.103936122643564
  ],
  [
   534.9747539708794,
   857.5199083091479
  ],
  [
   710.7068236100299,
   544.6737234973867
  ],
  [
   133.24053206667497,
   698.1615639010379
  ],
  [
   383.48642630175266,
   129.7729670783737
  ],
  [
   102.34146940924494,
   31.103936122643564
  ],
  [
   663.4893360315706,
   287.62465202397937
  ],
  [
   595.6663222581168,
   428.52176850945784
  ],
  [
   170.2021265723233,
   970.8960638773565
  ],
  [
   146.66976219220894,
   183.32440730003822
  ],
  [
   540.1873968591445,
   404.15561591319374
  ],
  [
   245.88504220252796,
   150.64005790780973
  ],
  [
   284.44682550665834,
   494.02162171427614
  ],
  [
   31.103936122643564,
   617.5389089882063
  ],
  [
   761.4443423580503,
   31.103936122643564
  ],
  [
   381.61708550329377,
   319.66751258797774
  ],
  [
   687.497028054768,
   970.8960638773565
  ],
  [
   903.8481816216763,
   177.04452310199505
  ],
  [
   261.629066522055,
   712.8336284861767
  ],
  [
   564.6711366744399,
   614.8011280962385
  ],
  [
   488.20119898539303,
   476.48917899506347
  ],
  [
   688.238556649184,
   31.103936122643564
  ],
  [
   183.72125373511588,
   596.4557724589644
  ],
  [
   643.3877779538423,
   466.13081129939866
  ],
  [
   744.9830472529214,
   175.8504166933478
  ],
  [
   738.6848270545097,
   777.309144878839
  ],
  [
   576.5296492700276,
   777.2237511205875
  ],
  [
   31.103936122643564,
   154.32425082846953
  ],
  [
   235.16695574337515,
   535.9040196665444
  ],
  [
   970.8960638773565,
   175.87329510005435
  ],
  [
   887.0574636700195,
   31.103936122643564
  ],
  [
   199.959890032834,
   31.103936122643564
  ],
  [
   610.4517517637762,
   129.3215414486163
  ],
  [
   75.70270033140717,
   391.31467730297476
  ],
  [
   475.96301120490403,
   695.2400609552897
  ],
  [
   344.5213727954722,
   505.59922876423934
  ],
  [
   622.0802908379674,
   950.7712793451998
  ],
  [
   683.4576704488477,
   610.1086072457535
  ],
  [
   711.4977598739418,
   87.81235276216691
  ],
  [
   220.16606495823513,
   419.16235116692394
  ],
  [
   361.5194070821125,
   937.3877840483611
  ],
  [
   537.6834865448433,
   728.8270107726505
  ],
  [
   531.0484500635837,
   519.4833251935294
  ],
  [
   193.9613992269099,
   711.5873255984734
  ],
  [
   488.7985818370911,
   767.0629404405801
  ],
  [
   383.6883647822068,
   67.71242467551589
  ],
  [
   785.272959604172,
   342.9926345789905
  ],
  [
   795.1950702121674,
   578.7182062051827
  ],
  [
   479.16334570940626,
   409.50318444680096
  ],
  [
   371.401891156887,
   568.1519363722028
  ],
  [
   589.5360948703798,
   365.20464217159304
  ],
  [
   83.39246360151621,
   121.61815866078855
  ],
  [
   171.88981817728924,
   835.2597857592311
  ],
  [
   374.1022873444959,
   411.9360585684911
  ],
  [
   624.4025663415815,
   622.4278323393416
  ],
  [
   320.7875645958404,
   677.0941959281263
  ],
  [
   72.63396238173199,
   451.4442965592433
  ],
  [
   619.7485230233198,
   722.1846464161071
  ],
  [
   678.5449440851656,
   799.0508094160302
  ],
  [
   425.6514435340916,
   454.28474323862326
  ],
  [
   31.103936122643564,
   350.8673073104165
  ],
  [
   453.3555807833308,
   211.24629977842284
  ],
  [
   722.8300742917904,
   328.5315755637296
  ],
  [
   462.0854588040703,
   147.96590990006584
  ],
  [
   706.7491195707262,
   473.7824258520126
  ],
  [
   427.248271316052,
   371.169595130623
  ],
  [
   140.8964314862902,
   406.8068654482338
  ],
  [
   897.0276663960115,
   260.4755876424951
  ],
  [
   99.01289393088688,
   774.3553041804981
  ],
  [
   431.0339737692726,
   279.11164435817074
  ],
  [
   766.7119166376101,
   449.00455001623385
  ],
  [
   262.0496218799139,
   293.19583724378987
  ],
  [
   526.645178003245,
   210.23990456053525
  ],
  [
   304.436728232138,
   563.2238879424918
  ],
  [
   874.7102484413598,
   405.79251533255723
  ],
  [
   588.6642587177229,
   496.8142150991187
  ],
  [
   161.33646970983577,
   244.68728598248927
  ],
  [
   947.2224368228863,
   763.4391434145128
  ],
  [
   169.62696091610024,
   536.6150765306537
  ],
  [
   111.33110944370617,
   342.43357027971354
  ],
  [
   970.8960638773565,
   706.8896896372128
  ],
  [
   624.5902495317356,
   889.8973746617083
  ],
  [
   198.99381583226463,
   294.6704757221453
  ],
  [
   380.66349392483653,
   790.7632626942617
  ],
  [
   824.0176790097156,
   181.28811425681477
  ],
  [
   936.8461413149727,
   438.0978152576187
  ],
  [
   381.7675686829397,
   235.8322891520968
  ],
  [
   970.8960638773565,
   112.63887345004963
  ],
  [
   363.6487028681187,
   629.558378123738
  ],
  [
   970.8960638773565,
   553.8609429833385
  ],
  [
   511.52863554417496,
   583.6149762402399
  ],
  [
   247.6183941151341,
   354.0686682579925
  ],
  [
   908.4816843492245,
   544.1966951294316
  ],
  [
   137.6772710940169,
   95.09688298886
  ],
  [
   898.0332321310664,
   714.9296727282668
  ],
  [
   835.3619169663104,
   301.4700978298964
  ],
  [
   99.47698798643498,
   556.5409418999322
  ],
  [
   361.0951110994906,
   729.1541458236377
  ],
  [
   540.0133147837856,
   970.8960638773565
  ],
  [
   138.69330086706373,
   636.5191341581636
  ],
  [
   467.1644563946745,
   542.075730355862
  ],
  [
   664.1398988334604,
   373.4093028655587
  ],
  [
   668.5953516915885,
   169.24075379548503
  ],
  [
   525.7992671957326,
   271.47184271589975
  ],
  [
   127.98301626140889,
   475.1428976961268
  ],
  [
   404.52141429997374,
   676.38011313413
  ],
  [
   31.103936122643564,
   822.8957143765741
  ],
  [
   688.0601986815587,
   229.49153218037787
  ],
  [
   835.0667610257606,
   659.8692289132159
  ],
  [
   788.5450435208062,
   699.2749058277225
  ],
  [
   31.103936122643564,
   757.9088613946806
  ],
  [
   182.25205793081673,
   356.811444256276
  ],
  [
   970.8960638773565,
   824.1408308944913
  ],
  [
   593.4223196554,
   836.1213339010733
  ],
  [
   307.6796243432492,
   152.32256632887297
  ],
  [
   487.83718001420294,
   345.88695592829447
  ],
  [
   970.8960638773565,
   488.966142031011
  ],
  [
   92.5052616555226,
   902.8850006526227
  ],
  [
   887.0193122879559,
   484.2996410387439
  ],
  [
   635.180744824825,
   66.59984742310581
  ],
  [
   317.93139460691435,
   221.24193871161347
  ],
  [
   600.1707488983542,
   303.7169499166936
  ],
  [
   411.6484258743521,
   516.141820832648
  ],
  [
   645.7013840251338,
   536.9085429611235
  ],
  [
   954.6925322409065,
   31.103936122643564
  ],
  [
   295.3888117347799,
   766.1977233696963
  ],
  [
   855.2462321092522,
   574.306009170693
  ],
  [
   800.563935459512,
   801.2578549060333
  ],
  [
   331.2509924739549,
   31.103936122643564
  ],
  [
   839.0416029990465,
   970.8960638773565
  ],
  [
   823.3817989226806,
   31.103936122643564
  ],
  [
   927.5014441522192,
   876.8349419361697
  ],
  [
   757.5678998102281,
   265.19351283774097
  ],
  [
   530.0212584088249,
   145.52091738179217
  ],
  [
   725.3547033827849,
   400.14507205598653
  ],
  [
   195.0687741789129,
   477.13318450841444
  ],
  [
   845.3685042938616,
   114.2774139826524
  ],
  [
   474.47306671104417,
   876.3637038843051
  ],
  [
   582.5482818091425,
   31.103936122643564
  ],
  [
