{
 "Object_Radius": 27.367214656948697,
 "Object_Shape": "disc",
 "Workspace_Density": 0.4,
 "Workspace_Height": 1000,
 "Workspace_Width": 1000,
 "number_of_objects": 170,
 "point_list": [
  [
   656.0286421964662,
   318.8554245983212
  ],
  [
   862.9724119268834,
   511.2190546190372
  ],
  [
   237.41040804044727,
   875.1793008769496
  ],
  [
   961.6704350304836,
   552.183599852712
  ],
  [
   524.1627583801269,
   196.38928848322863
  ],
  [
   468.59480194922367,
   402.4451731696373
  ],
  [
   298.0813352895157,
   542.6736234838584
  ],
  [
   31.103936122643564,
   528.8392632932776
  ],
  [
   258.4604735036833,
   91.78436508048432
  ],
  [
   375.5334634286327,
   169.47563012022658
  ],
  [
   345.0617379367324,
   897.5132707006054
  ],
  [
   852.075574982578,
   237.68836750074155
  ],
  [
   533.5239162307323,
   525.8348504489123
  ],
  [
   845.8950653395837,
   741.0400367355221
  ],
  [
   455.93563514260177,
   551.2072430845068
  ],
  [
   917.3596109258517,
   741.3547627062414
  ],
  [
   31.103936122643564,
   155.7260916681299
  ],
  [
   416.554806433968,
   91.64968728560314
  ],
  [
   605.9511907918762,
   121.50587230562557
  ],
  [
   454.64109704886675,
   31.103936122643564
  ],
  [
   383.09674855859606,
   357.8195469402072
  ],
  [
   395.1396079859665,
   229.89491983043726
  ],
  [
   748.0475082347889,
   400.51216913932745
  ],
  [
   519.266490292278,
   912.9565300702225
  ],
  [
   613.526936243851,
   969.8491416691136
  ],
  [
   321.87896491798745,
   31.103936122643564
  ],
  [
   171.26810668838917,
   560.8356853037732
  ],
  [
   549.8928256232753,
   970.8960638773565
  ],
  [
   970.8960638773565,
   211.8111651371341
  ],
  [
   57.34279996494527,
   970.8960638773565
  ],
  [
   970.8960638773565,
   344.3610872260698
  ],
  [
   31.103936122643564,
   437.60056768283465
  ],
  [
   364.7296047443798,
   707.9029418612803
  ],
  [
   464.4443660959986,
   231.49826338127062
  ],
  [
   519.9775255670286,
   31.103936122643564
  ],
  [
   481.11282459047146,
   296.4571984009576
  ],
  [
   458.8508886409982,
   913.4153817672002
  ],
  [
   127.11391065853137,
   626.5328454815515
  ],
  [
   237.56973192668113,
   524.2686208094487
  ],
  [
   711.5212033053073,
   31.103936122643564
  ],
  [
   638.2907017726845,
   867.1076007809021
  ],
  [
   932.5661361141588,
   393.68674834423786
  ],
  [
   416.70328058818075,
   287.6462226716778
  ],
  [
   876.7331982858315,
   421.4186448128012
  ],
  [
   493.2691766915158,
   607.6560178210656
  ],
  [
   512.5265506331777,
   351.58403688952205
  ],
  [
   354.6865119391697,
   445.49919765412506
  ],
  [
   970.8960638773565,
   272.0193822577518
  ],
  [
   379.75042443168536,
   645.638559923061
  ],
  [
   304.8346633373488,
   133.08059503850131
  ],
  [
   487.15005448589557,
   143.37715236421255
  ],
  [
   560.0711126036733,
   795.1959243498037
  ],
  [
   263.03104335161464,
   224.48804538443815
  ],
  [
   348.6881705551793,
   769.6526261034116
  ],
  [
   579.7336830328649,
   916.5932463363733
  ],
  [
   282.30544192304063,
   766.6510577623518
  ],
  [
   286.0744666721098,
   328.92397495154165
  ],
  [
   920.5821771030061,
   305.23004379407723
  ],
  [
   598.2065672230668,
   299.70131980496143
  ],
  [
   354.7716536304788,
   278.44999377051397
  ],
  [
   735.8588057611282,
   970.8960638773565
  ],
  [
   601.6951028673793,
   746.562182743645
  ],
  [
   921.8667943106602,
   961.6609171007229
  ],
  [
   729.4955879507484,
   205.68130912091976
  ],
  [
   178.9378549939123,
   31.103936122643564
  ],
  [
   258.6616595648807,
   466.72256580047843
  ],
  [
   216.18469076542397,
   770.9799711332512
  ],
  [
   225.21922525563747,
   415.0415917793907
  ],
  [
   403.5278093511976,
   881.4546900096442
  ],
  [
   601.7563297519305,
   183.59748739817115
  ],
  [
   181.7726348228711,
   957.5739212690823
  ],
  [
   91.56641477437837,
   745.1722956214786
  ],
  [
   556.4505904907124,
   400.3602735391427
  ],
  [
   970.8960638773565,
   31.103936122643564
  ],
  [
   349.25728871472137,
   505.48936581774643
  ],
  [
   255.8454040713444,
   31.103936122643564
  ],
  [
   227.6072860916731,
   275.8523297605054
  ],
  [
   830.9321759563184,
   681.7590239139587
  ],
  [
   744.7154618110276,
   81.42429861978715
  ],
  [
   970.8960638773565,
   91.39481712174407
  ],
  [
   119.71270967482761,
   970.8960638773565
  ],
  [
   192.9954439805841,
   692.7684127387929
  ],
  [
   354.7690703973106,
   90.76996571587361
  ],
  [
   513.0953217140275,
   669.8352538264679
  ],
  [
   818.4569175599532,
   596.5059446008197
  ],
  [
   499.8642133193935,
   456.2210384178555
  ],
  [
   706.6636218251837,
   131.24147984742632
  ],
  [
   303.7579923471214,
   703.3123123009141
  ],
  [
   471.19858269007085,
   837.8425934200454
  ],
  [
   846.0849695817798,
   865.3277952833291
  ],
  [
   182.99507159388273,
   370.23560084496575
  ],
  [
   970.8960638773565,
   863.1282586153752
  ],
  [
   739.1286996800421,
   814.093328874851
  ],
  [
   444.59735920560297,
   345.5867037586855
  ],
  [
   657.5665154145669,
   721.1423866126729
  ],
  [
   285.33160760101487,
   838.5643403908704
  ],
  [
   100.06545656540962,
   152.67808537981466
  ],
  [
   667.4484901869979,
   188.89061751527856
  ],
  [
   92.01002406307482,
   31.103936122643564
  ],
  [
   837.2022280408771,
   31.103936122643564
  ],
  [
   253.5725488210371,
   588.5709671500908
  ],
  [
   382.08683982495927,
   31.103936122643564
  ],
  [
   788.6553550745646,
   927.7863103869834
  ],
  [
   804.2041268131188,
   817.5702570336775
  ],
  [
   169.65899650712578,
   135.40486285769774
  ],
  [
   369.0497155879136,
   827.0081654010526
  ],
  [
   31.103936122643564,
   356.2766760026764
  ],
  [
   246.2953915545801,
   970.8960638773565
  ],
  [
   286.32408518791254,
   912.122908284389
  ],
  [
   31.103936122643564,
   218.27425501946772
  ],
  [
   309.6441101203407,
   610.5196540887995
  ],
  [
   157.9659257634051,
   305.3375186408806
  ],
  [
   514.4091286611325,
   749.6555313014696
  ],
  [
   92.25169947985886,
   462.04153303048247
  ],
  [
   31.103936122643564,
   31.103936122643564
  ],
  [
   607.9163317949893,
   31.103936122643564
  ],
  [
   464.3060072262106,
   716.1280583396372
  ],
  [
   78.97901532718984,
   397.9515214692415
  ],
  [
   909.1379796087293,
   213.05033129108338
  ],
  [
   31.103936122643564,
   620.6293002151104
  ],
  [
   960.759790042382,
   659.6983983417003
  ],
  [
   706.5249964616295,
   884.9369339771118
  ],
  [
   728.6434920988811,
   504.42086014235707
  ],
  [
   774.9339308572653,
   462.1623820622263
  ],
  [
   64.52450348617504,
   910.890265065801
  ],
  [
   96.06266858007449,
   531.3017891771979
  ],
  [
   171.89529881854375,
   498.89782798659314
  ],
  [
   489.38380415740374,
   970.8960638773565
  ],
  [
   793.8219722667101,
   175.77346458628713
  ],
  [
   867.9668095247146,
   632.3370529419396
  ],
  [
   50.984649538010096,
   95.6529669361492
  ],
  [
   389.59019329801697,
   583.674758595913
  ],
  [
   94.40233315135501,
   224.87483300026952
  ],
  [
   970.8960638773565,
   790.7342945206864
  ],
  [
   588.2004773588123,
   585.7218520231282
  ],
  [
   308.18923030769145,
   970.8960638773565
  ],
  [
   805.4017998049817,
   84.57706690377415
  ],
  [
   852.0752649154969,
   970.8960638773565
  ],
  [
   970.8960638773565,
   151.60268791439827
  ],
  [
   202.18680839281944,
   620.8581482932923
  ],
  [
   132.27023607817094,
   699.7027485297491
  ],
  [
   414.5596092038699,
   433.74039568549574
  ],
  [
   128.72457702849348,
   84.37600076275133
  ],
  [
   68.77663109380816,
   804.3076364191531
  ],
  [
   603.2125078577131,
   501.8659268963192
  ],
  [
   580.2331839726401,
   240.11002856961835
  ],
  [
   784.9647790092354,
   542.5155438753101
  ],
  [
   443.4997153697742,
   658.3588746130773
  ],
  [
   435.90201088175195,
