{
 "Object_Radius": 27.367214656948697,
 "Object_Shape": "disc",
 "Workspace_Density": 0.4,
 "Workspace_Height": 1000,
 "Workspace_Width": 1000,
 "number_of_objects": 170,
 "point_list": [
  [
   31.103936122643564,
   719.2006467123833
  ],
  [
   885.5086202478404,
   219.08820033104203
  ],
  [
   608.8751729038303,
   900.9615134448206
  ],
  [
   143.13245683103736,
   560.9560539111345
  ],
  [
   505.3419173423425,
   824.2599282263799
  ],
  [
   970.8960638773565,
   549.6452922151088
  ],
  [
   63.050152871157266,
   258.8464558395447
  ],
  [
   31.103936122643564,
   623.6373461664334
  ],
  [
   361.725606073642,
   152.16270939954757
  ],
  [
   837.6125389710262,
   661.3555751929912
  ],
  [
   458.6499091411958,
   527.7201887521737
  ],
  [
   523.3664732064981,
   533.9291230470847
  ],
  [
   703.5310162746975,
   176.11898540790264
  ],
  [
   664.3100407012765,
   545.7224397994555
  ],
  [
   631.6274251571622,
   186.31787609585217
  ],
  [
   572.0225933979566,
   150.86375973283145
  ],
  [
   889.7016499205861,
   692.1978456426274
  ],
  [
   727.465576456924,
   445.5297233418762
  ],
  [
   640.5626948723897,
   601.7931867947988
  ],
  [
   31.103936122643564,
   207.2299054366408
  ],
  [
   464.6794814896435,
   897.9120500961587
  ],
  [
   554.8763261753721,
   31.103936122643564
  ],
  [
   444.31467214910595,
   823.0008683709956
  ],
  [
   83.50233724004558,
   529.911457856354
  ],
  [
   152.17115323079827,
   911.7604506311047
  ],
  [
   494.619049163528,
   31.103936122643564
  ],
  [
   808.181833922039,
   952.3082430992604
  ],
  [
   476.8667319130322,
   433.80813284588
  ],
  [
   823.128289510859,
   602.5942690983459
  ],
  [
   413.3868147278921,
   362.3595679194325
  ],
  [
   814.2313226507572,
   69.513628481766
  ],
  [
   246.44585386413573,
   250.9776351324298
  ],
  [
   90.57598285413444,
   156.98989271074356
  ],
  [
   813.7605205155483,
   428.82874703082905
  ],
  [
   433.5288372258687,
   31.103936122643564
  ],
  [
   156.99652070576101,
   668.3724722805126
  ],
  [
   567.426507742086,
   763.666729888704
  ],
  [
   347.03934371897856,
   723.642927994316
  ],
  [
   891.818657163678,
   31.103936122643564
  ],
  [
   228.14760545282672,
   655.2761746148874
  ],
  [
   388.6323113398812,
   798.4405117739952
  ],
  [
   794.5955171302481,
   341.4414283244196
  ],
  [
   324.5580244809151,
   790.8930391932091
  ],
  [
   212.85743586402026,
   31.103936122643564
  ],
  [
   31.103936122643564,
   416.38503721321086
  ],
  [
   373.0553456227241,
   31.103936122643564
  ],
  [
   754.4499520809144,
   623.0856867965732
  ],
  [
   365.36893403075663,
   92.02702954833272
  ],
  [
   622.9926635278723,
   91.36963329230387
  ],
  [
   395.6418575277849,
   423.39220795899564
  ],
  [
   932.325359669144,
   97.3545275772685
  ],
  [
   970.8960638773565,
   153.28711201190185
  ],
  [
   675.4630037221366,
   31.103936122643564
  ],
  [
   454.6620089369166,
   637.5057277380145
  ],
  [
   340.0942506761873,
   563.5281257336599
  ],
  [
   929.8092757672906,
   272.28719641411857
  ],
  [
   623.4504912093261,
   351.29163100862485
  ],
  [
   424.54415797894836,
   970.8960638773565
  ],
  [
   109.15579764797377,
   31.103936122643564
  ],
  [
   427.46611206139846,
   92.79630407810654
  ],
  [
   478.93225619194783,
   372.7835796972751
  ],
  [
   299.0801189251859,
   677.9374122029591
  ],
  [
   262.9013504635016,
   181.5496487765546
  ],
  [
   186.0277508196622,
   970.8960638773565
  ],
  [
   334.2707137969069,
   970.8960638773565
  ],
  [
   400.16037741998764,
   610.7080836751032
  ],
  [
   176.5966740245717,
   86.25085759101322
  ],
  [
   644.219956044497,
   470.97470944576673
  ],
  [
   712.8372966205203,
   932.3694844585667
  ],
  [
   783.4903456653819,
   556.8856263701795
  ],
  [
   761.8072698442664,
   394.37474109215276
  ],
  [
   258.4710105283523,
   829.6709998555863
  ],
  [
   214.28560739567007,
   907.0116793171774
  ],
  [
   31.103936122643564,
   562.9131274189418
  ],
  [
   124.23634309369224,
   773.5759303465427
  ],
  [
   877.6671667643583,
   149.19562175929528
  ],
  [
   31.103936122643564,
   970.8960638773565
  ],
  [
   333.26067659712777,
   451.2874021667471
  ],
  [
   878.5687335525018,
   820.4075148803239
  ],
  [
   686.3222974713054,
   800.9657025397579
  ],
  [
   719.4073255528419,
   872.257190422026
  ],
  [
   910.8001947257308,
   765.3514350581327
  ],
  [
   282.80334310835303,
   376.98588537650625
  ],
  [
   568.9084465724931,
   275.4845807892705
  ],
  [
   574.4134078913454,
   215.0582405983923
  ],
  [
   766.8042752962893,
   222.33827294533472
  ],
  [
   243.51398714730473,
   541.3391106029796
  ],
  [
   85.08356152084178,
   914.8426878891062
  ],
  [
   259.696281511296,
   320.9740625570819
  ],
  [
   31.77764452951097,
   482.8686081392932
  ],
  [
   970.8960638773565,
   51.10253506129995
  ],
  [
   488.87777181080185,
   970.8960638773565
  ],
  [
   399.42961006509853,
   300.23848974987476
  ],
  [
   149.42727599073612,
   140.8039911759292
  ],
  [
   782.3210548681317,
   163.90601494451303
  ],
  [
   863.3621661256085,
   553.0028757771938
  ],
  [
   507.6477954594586,
   238.3860594926617
  ],
  [
   970.8960638773565,
   429.22955267924533
  ],
  [
   710.6243742573807,
   318.4787563658895
  ],
  [
   866.9535758970753,
   400.1088203986114
  ],
  [
   319.45212428621727,
   620.85954967516
  ],
  [
   721.5658212346634,
   70.58888566341251
  ],
  [
   114.76046307266542,
   970.8960638773565
  ],
  [
   123.91103314679911,
   256.0573462869907
  ],
  [
   970.8960638773565,
   489.43742302319384
  ],
  [
   31.103936122643564,
   146.21207432238114
  ],
  [
   90.28136675487204,
   600.8061202202664
  ],
  [
   482.0614650823981,
   161.78791971247603
  ],
  [
   255.88997306909226,
   600.8577196219326
  ],
  [
   895.4294624950257,
   346.7261839136698
  ],
  [
   203.18544359420133,
   172.61045091376985
  ],
  [
   312.06385917506424,
   31.103936122643564
  ],
  [
   305.5981988942428,
   277.1088201745395
  ],
  [
   512.290485763747,
   597.8292385158093
  ],
  [
   542.5585442216409,
   942.7743936874824
  ],
  [
   846.7052599262303,
   311.2251890402488
  ],
  [
   490.64250268042963,
   97.83402602907185
  ],
  [
   70.77507710799061,
   817.2773952101677
  ],
  [
   643.9028662622238,
   662.7147262877912
  ],
  [
   568.3623419988608,
   626.7183303748611
  ],
  [
   535.604309504322,
   394.4525612455277
  ],
  [
   721.6011353788364,
   568.0193152404306
  ],
  [
   587.2009581685692,
   685.1972685301284
  ],
  [
   190.1217907695899,
   506.89819033254344
  ],
  [
   463.35003379569497,
   296.5820606268605
  ],
  [
   521.8621358049113,
   722.1618023272231
  ],
  [
   345.5647297120379,
   361.82241035860477
  ],
  [
   949.6746425431606,
   372.8855942651922
  ],
  [
   578.8169147010216,
   559.6415889866472
  ],
  [
   391.5956628038606,
   674.2042800962292
  ],
  [
   545.7525125474709,
   331.42522660394815
  ],
  [
   347.3080732692512,
   851.7319794456146
  ],
  [
   771.1952330123935,
   284.20266842182895
  ],
  [
   306.2764170093815,
   106.35539214559192
  ],
  [
   579.2324561584467,
   441.78299241537536
  ],
  [
   274.49513213728,
   487.3073365308954
  ],
  [
   546.2872391655733,
   881.955391599426
  ],
  [
   811.3246245119107,
   838.8969485891791
  ],
  [
   944.5532795139881,
   660.9286006300823
  ],
  [
   399.66051247386156,
   543.6449803720363
  ],
  [
   969.5812633268647,
   214.38798335482784
  ],
  [
   970.8960638773565,
   316.5414357975164
  ],
  [
   150.43808756507883,
   201.9207876895672
  ],
  [
   922.4178790690764,
   594.6605083769823
  ],
  [
   246.81340779177629,
   82.75302217291613
  ],
  [
   103.65712549881646,
   94.52075667620214
  ],
  [
   362.8345121623772,
   246.33441853410562
  ],
  [
   624.1684289072181,
   733.1404951115965
  ],
  [
   253.55378152943032,
   970.8960638773565
  ],
  [
