{
 "Object_Radius": 27.367214656948697,
 "Object_Shape": "disc",
 "Workspace_Density": 0.4,
 "Workspace_Height": 1000,
 "Workspace_Width": 1000,
 "number_of_objects": 170,
 "point_list": [
  [
   245.1029587008814,
   862.573589078104
  ],
  [
   197.0944993092033,
   583.0108842282237
  ],
  [
   659.5951588791038,
   804.4225847988452
  ],
  [
   359.328933849839,
   54.138527573464486
  ],
  [
   231.06009200168018,
   800.721764340603
  ],
  [
   786.054463565003,
   225.49455087801257
  ],
  [
   258.89591360508376,
   186.413221998514
  ],
  [
   396.1582570042096,
   550.4908484123911
  ],
  [
   51.35531678600837,
   911.4627842665258
  ],
  [
   157.895120972314,
   851.4713114208445
  ],
  [
   207.2731687195265,
   331.038881756564
  ],
  [
   31.103936122643564,
   136.580336653207
  ],
  [
   714.8945421005417,
   160.3668562389647
  ],
  [
   130.253000272031,
   720.0864320780079
  ],
  [
   550.8994518705562,
   901.4051772459085
  ],
  [
   404.8407533063847,
   433.827273857214
  ],
  [
   786.9344495435737,
   562.9164213880485
  ],
  [
   970.8960638773565,
   425.2948557116466
  ],
  [
   845.8246364234366,
   970.8960638773565
  ],
  [
   31.103936122643564,
   340.1129572446892
  ],
  [
   814.6004355169785,
   31.103936122643564
  ],
  [
   970.8960638773565,
   272.1151380101935
  ],
  [
   350.32727632472745,
   801.9952742348655
  ],
  [
   485.1717010827064,
   655.1497658067373
  ],
  [
   674.3419300578233,
   488.21904550492195
  ],
  [
   556.9065024416707,
   778.8385640641652
  ],
  [
   970.8960638773565,
   569.4432247759574
  ],
  [
   916.9810616638274,
   522.3223961681613
  ],
  [
   920.104955318924,
   133.93763620576902
  ],
  [
   221.788856758255,
   392.20976658795064
  ],
  [
   523.9749523839033,
   210.18012929953886
  ],
  [
   332.04327321106524,
   970.8960638773565
  ],
  [
   821.1348046937673,
   649.7072359516965
  ],
  [
   463.5838211414144,
   199.69731762599167
  ],
  [
   280.56690059893964,
   350.4735876736376
  ],
  [
   364.66767372644773,
   614.123209860546
  ],
  [
   291.9636661402758,
   31.103936122643564
  ],
  [
   847.7491544330654,
   413.92677739092545
  ],
  [
   866.5584755048025,
   181.64962990106957
  ],
  [
   581.6492711113436,
   723.2361109700071
  ],
  [
   356.741438554961,
   914.4071504296296
  ],
  [
   754.6817169523338,
   72.94869660108698
  ],
  [
   896.3378475277412,
   585.6031999034151
  ],
  [
   291.06889820931235,
   714.7043351042554
  ],
  [
   342.41163467806257,
   379.2592370805568
  ],
  [
   91.31181118015742,
   970.8960638773565
  ],
  [
   99.94975304119346,
   302.8529583584
  ],
  [
   404.15778216179245,
   362.9370536343663
  ],
  [
   840.7119692138854,
   291.2682097816842
  ],
  [
   476.714434642228,
   542.3397912336162
  ],
  [
   190.30075225582056,
   270.9387632034678
  ],
  [
   66.32867869493187,
   31.103936122643564
  ],
  [
   31.103936122643564,
   793.1752659363832
  ],
  [
   392.3045394904222,
   970.8960638773565
  ],
  [
   248.6229810040047,
   540.8729025488256
  ],
  [
   199.94210605708685,
   209.9250558427859
  ],
  [
   92.55550561061682,
   104.72917106570448
  ],
  [
   898.7041307066067,
   659.2837431908378
  ],
  [
   970.8960638773565,
   970.8960638773565
  ],
  [
   912.4693726555331,
   406.1566620184617
  ],
  [
   766.4243692804705,
   889.2788539542686
  ],
  [
   151.53439541627893,
   970.8960638773565
  ],
  [
   632.4621953865807,
   292.9395329992194
  ],
  [
   612.1695610019727,
   93.9576500895594
  ],
  [
   452.2245711947961,
   601.6373406884431
  ],
  [
   970.8960638773565,
   97.31097974344785
  ],
  [
   444.330607490831,
   906.1026356844411
  ],
  [
   76.14964556458482,
   681.7069269516224
  ],
  [
   380.5638863799222,
   857.0270049222617
  ],
  [
   922.7550350819521,
   205.7398330994148
  ],
  [
   325.23987712751097,
   540.0434644701708
  ],
  [
   517.0555345065836,
   731.8251285199331
  ],
  [
   186.25881338207665,
   512.3221944289365
  ],
  [
   261.46522289727665,
   480.04836224593276
  ],
  [
   409.1912302600494,
   745.0382249207745
  ],
  [
   775.0178619052166,
   145.33039769133418
  ],
  [
   613.701181637021,
   669.893213686656
  ],
  [
   211.89093693616795,
   970.8960638773565
  ],
  [
   459.9775334729646,
   259.7980574520417
  ],
  [
   105.70728663472754,
   779.9516891406629
  ],
  [
   825.3348210305717,
   475.1274136123681
  ],
  [
   970.8960638773565,
   31.103936122643564
  ],
  [
   114.18633705348893,
   900.9556733594937
  ],
  [
   873.1225625770505,
   358.8041606569724
  ],
  [
   574.9339558161934,
   373.5206062171736
  ],
  [
   31.103936122643564,
   421.1832620344099
  ],
  [
   970.8960638773565,
   166.4814413305759
  ],
  [
   310.4093069743046,
   432.8025335419334
  ],
  [
   726.8151919525229,
   950.9214530979496
  ],
  [
   31.103936122643564,
   970.8960638773565
  ],
  [
   204.92590389204918,
   453.5056658825589
  ],
  [
   887.846552869497,
   31.103936122643564
  ],
  [
   673.8858440561379,
   405.5760113866642
  ],
  [
   747.4708561981488,
   422.6987293645608
  ],
  [
   656.1421011766233,
   138.35787120908827
  ],
  [
   31.103936122643564,
   279.6630845882687
  ],
  [
   541.2189823964057,
   550.7697982585496
  ],
  [
   892.8420807853844,
   258.76292983390624
  ],
  [
   650.0833851292782,
   217.32504119102444
  ],
  [
   804.0259235815473,
   801.3921759946127
  ],
  [
   179.3966280538153,
   74.71516151828627
  ],
  [
   581.1857449190568,
   835.4807915356688
  ],
  [
   935.3191299934043,
   770.8305187359192
  ],
  [
   516.781550764745,
   59.122573671837216
  ],
  [
   174.83562136105823,
   912.4761442774806
  ],
  [
   294.8138819575995,
   909.8456763769576
  ],
  [
   407.1320959509466,
   673.2379355704102
  ],
  [
   452.5592680929585,
   970.8960638773565
  ],
  [
   418.1519064580921,
   806.8293308831894
  ],
  [
   674.6750542683053,
   696.0435716485177
  ],
  [
   937.7883687226966,
   854.8512074909048
  ],
  [
   287.3262787806852,
   587.4731965762667
  ],
  [
   186.14430324856227,
   697.2377116858326
  ],
  [
   105.03042279143583,
   367.21469035828125
  ],
  [
   852.2945241340935,
   531.2831819100642
  ],
  [
   795.3342206214111,
   353.7141640755692
  ],
  [
   919.6061574777717,
   319.8007347508786
  ],
  [
   481.6377682000861,
   802.1351418684617
  ],
  [
   970.8960638773565,
   488.69752899046716
  ],
  [
   58.10699486083324,
   739.1477714928801
  ],
  [
   961.4049346466901,
   637.761659194874
  ],
  [
   175.02309963786018,
   151.52226909975155
  ],
  [
   636.594860762012,
   748.6137521418688
  ],
  [
   700.8932130421955,
   307.7523078114328
  ],
  [
   785.2279427497093,
   970.8960638773565
  ],
  [
   120.6529664288414,
   593.8605884006715
  ],
  [
   762.5539098364162,
   686.3874155816168
  ],
  [
   31.103936122643564,
   640.5755564860461
  ],
  [
   604.25533718236,
   929.390033900131
  ],
  [
   846.5854609469604,
   124.50005331621463
  ],
  [
   122.76038968498723,
   221.28449142271714
  ],
  [
   433.11122385486976,
   87.32823466886374
  ],
  [
   459.6928689443079,
   711.6717916048781
  ],
  [
   180.77653612024392,
   762.3393715723034
  ],
  [
   162.00209381262698,
   403.2400313759384
  ],
  [
   765.375062528747,
   486.3277400053045
  ],
  [
   501.5580928148628,
   935.9088580590405
  ],
  [
   683.3047405040702,
   907.8256533089906
  ],
  [
   132.33450026786045,
   659.7173222013112
  ],
  [
   315.03045677340674,
   659.4536673562217
  ],
  [
   613.727634223777,
   531.9315132144932
  ],
  [
   499.05731198619685,
   133.4673516140402
  ],
  [
   658.0169150442589,
   970.8960638773565
  ],
  [
   564.5312117771184,
   131.65653373959012
  ],
  [
   537.8156607294645,
   286.6788665233666
  ],
  [
   871.3230610768466,
   744.37704043345
  ],
  [
   31.103936122643564,
   200.88887952865306
  ],
  [
   553.9363286448914,
   970.8960638773565
  ],
  [
   31.103936122643564,
   502.21300653935896
  ],
  [
   638.2945317346858,
