{
 "Object_Radius": 27.367214656948697,
 "Object_Shape": "disc",
 "Workspace_Density": 0.4,
 "Workspace_Height": 1000,
 "Workspace_Width": 1000,
 "number_of_objects": 170,
 "point_list": [
  [
   565.075750428242,
   771.198791672811
  ],
  [
   75.14121683663897,
   853.7639546942836
  ],
  [
   910.3665625369173,
   79.92953199286472
  ],
  [
   230.15270870626054,
   277.7137263079071
  ],
  [
   879.670595763815,
   359.6481387466118
  ],
  [
   930.5404209544248,
   520.9075116626375
  ],
  [
   446.6267656030556,
   202.38316234811478
  ],
  [
   289.5965954913227,
   200.21401892989164
  ],
  [
   161.88173501854956,
   328.71839701153505
  ],
  [
   970.8960638773565,
   716.6279637104071
  ],
  [
   31.103936122643564,
   306.07453507375686
  ],
  [
   647.3679311588604,
   592.6448230354246
  ],
  [
   970.8960638773565,
   807.2635978393353
  ],
  [
   46.67796514200211,
   632.431451350368
  ],
  [
   560.0059908584033,
   309.68957144159793
  ],
  [
   468.8381239510095,
   395.28491631206884
  ],
  [
   31.103936122643564,
   574.271574472921
  ],
  [
   750.0966036758273,
   718.2026853737779
  ],
  [
   493.5828045618588,
   118.63035426339808
  ],
  [
   970.8960638773565,
   79.93289564342787
  ],
  [
   615.8528492905893,
   274.5062999107411
  ],
  [
   362.5100336772582,
   432.7094154844017
  ],
  [
   918.5177211983237,
   770.8069172774782
  ],
  [
   877.2513100261434,
   296.0545246123985
  ],
  [
   91.95654200251357,
   512.3267488478505
  ],
  [
   652.5057289295884,
   865.7578799745878
  ],
  [
   728.2441262119498,
   31.103936122643564
  ],
  [
   407.2243770393534,
   502.1832119432254
  ],
  [
   31.103936122643564,
   120.79064094596633
  ],
  [
   505.56148203195994,
   873.1050377776228
  ],
  [
   440.07088723696336,
   338.1545335584213
  ],
  [
   403.25189066825203,
   633.4488703044287
  ],
  [
   424.924740003325,
   440.420816489234
  ],
  [
   572.1982024377464,
   538.2188865455649
  ],
  [
   575.378837059922,
   842.3107297115043
  ],
  [
   818.4090410795135,
   277.4111389178828
  ],
  [
   771.8738191672277,
   574.6877353471658
  ],
  [
   463.9280248645508,
   263.63994932899675
  ],
  [
   874.6713819749187,
   31.103936122643564
  ],
  [
   446.5086154792555,
   839.3360353154163
  ],
  [
   677.0630058644834,
   136.55902792584337
  ],
  [
   277.71973323777655,
   365.9279771757319
  ],
  [
   92.64750194361858,
   171.15259780926053
  ],
  [
   758.0127413949746,
   514.0208440370089
  ],
  [
   840.1680822799991,
   474.3056265567612
  ],
  [
   31.103936122643564,
   690.5901872512661
  ],
  [
   369.92625561517843,
   563.5923903010474
  ],
  [
   191.42850123027918,
   124.31792032079917
  ],
  [
   736.0843300543787,
   123.98184298203307
  ],
  [
   231.79622595699902,
   407.23626539859526
  ],
  [
   613.8795988200475,
   363.5004287960874
  ],
  [
   160.16911499519662,
   177.61002420282074
  ],
  [
   31.103936122643564,
   497.02414082144685
  ],
  [
   380.9923389913796,
   317.8578882281734
  ],
  [
   31.103936122643564,
   750.7980592775574
  ],
  [
   857.9670265689662,
   970.8960638773565
  ],
  [
   220.21534322404005,
   346.4006428044382
  ],
  [
   811.6225567766667,
   216.5396192146676
  ],
  [
   518.6269699168168,
   810.4718152657898
  ],
  [
   722.6098509105943,
   346.9526455387381
  ],
  [
   807.7239769461694,
   700.7444361399025
  ],
  [
   515.1518890696931,
   203.3382529542213
  ],
  [
   729.7432073162926,
   849.73986361147
  ],
  [
   886.1235137095456,
   913.2161146429588
  ],
  [
   756.0468746392518,
   293.50688943104745
  ],
  [
   220.6230989707731,
   970.8960638773565
  ],
  [
   677.2012691017632,
   390.2212102888289
  ],
  [
   674.6118034321286,
   922.8654405305191
  ],
  [
   595.6880297303381,
   912.9191653518255
  ],
  [
   287.2004749710895,
   484.95332599560584
  ],
  [
   753.8019035475324,
   233.33778858015967
  ],
  [
   946.2605145392605,
   329.89759660293635
  ],
  [
   357.53949197628896,
   970.8960638773565
  ],
  [
   703.5505612258316,
   473.83874183227135
  ],
  [
   105.84145791752204,
   621.2653190979782
  ],
  [
   126.28647283474008,
   564.1825261054125
  ],
  [
   232.31320953638135,
   779.9887399768155
  ],
  [
   546.2125229080931,
   477.87821889637974
  ],
  [
   721.4242742086765,
   182.5755770375889
  ],
  [
   133.82002146671883,
   675.418250120566
  ],
  [
   600.9636291914699,
   52.59012200287302
  ],
  [
   337.83082889627815,
   375.5504559964095
  ],
  [
   571.878723919201,
   408.9918565251777
  ],
  [
   419.383421929904,
   970.8960638773565
  ],
  [
   314.6021462310631,
   879.3125840368962
  ],
  [
   477.9534996606952,
   673.7429797534331
  ],
  [
   159.100588907041,
   737.6258344610774
  ],
  [
   233.1309810143506,
   536.7730983760375
  ],
  [
   409.777279780806,
   722.4441078342778
  ],
  [
   86.16722620465386,
   719.2242712907682
  ],
  [
   48.719676206170014,
   51.72141419515208
  ],
  [
   222.36866265501203,
   475.7093725296082
  ],
  [
   451.62507089270684,
   778.7716959629432
  ],
  [
   856.568150681041,
   793.9939212036244
  ],
  [
   31.103936122643564,
   366.36494175321405
  ],
  [
   788.6946389553059,
   970.8960638773565
  ],
  [
   793.2950722504451,
   351.5957914252395
  ],
  [
   586.4998686539225,
   598.980911114505
  ],
  [
   927.4519028807341,
   633.9826249402396
  ],
  [
   897.1199554089196,
   138.72331408990382
  ],
  [
   812.1394476963524,
   31.103936122643564
  ],
  [
   37.826984961245934,
   901.4342792872908
  ],
  [
   712.6460406598965,
   970.8960638773565
  ],
  [
   131.9233820568067,
   830.9497369295315
  ],
  [
   271.66821270274716,
   679.4545403786914
  ],
  [
   291.60116658088344,
   138.20677072620066
  ],
  [
   212.33497909063496,
   905.6230917597305
  ],
  [
   291.7966062968554,
   970.8960638773565
  ],
  [
   970.8960638773565,
   908.9006306797098
  ],
  [
   834.8957601545089,
   614.7554308060376
  ],
  [
   306.08809076906016,
   548.9260421423185
  ],
  [
   970.8960638773565,
   469.3260911789252
  ],
  [
   397.10839992219417,
   259.58071398447925
  ],
  [
   706.0172322844218,
   759.2210368921891
  ],
  [
   860.2159355805227,
   671.2530428067728
  ],
  [
   46.190520128303135,
   425.2354807894815
  ],
  [
   505.9981280604433,
   31.103936122643564
  ],
  [
   249.44634204362097,
   850.9180097452858
  ],
  [
   455.1978285109486,
   913.6288244194516
  ],
  [
   218.06993596619913,
   719.8433421558462
  ],
  [
   276.8526344211654,
   739.4472875113713
  ],
  [
   616.7643166389146,
   138.3126811689247
  ],
  [
   557.2445529954244,
   109.82870681809578
  ],
  [
   216.10275790117765,
   615.7477434574412
  ],
  [
   391.7814612781175,
   176.5311619043892
  ],
  [
   782.8314149113294,
   162.7951834949788
  ],
  [
   603.9104842604629,
   657.2074425560533
  ],
  [
   753.223321195061,
   918.1989249614737
  ],
  [
   582.353465476458,
   187.7994811125961
  ],
  [
   672.8245688983981,
   72.60705311500632
  ],
  [
   870.2888470368805,
   526.5098125476813
  ],
  [
   677.013781480776,
   289.0919128981655
  ],
  [
   160.8516292920943,
   511.8869899867895
  ],
  [
   204.09207938289276,
   31.103936122643564
  ],
  [
   912.892138698254,
   700.4710195012433
  ],
  [
   268.18712860838866,
   79.69762277400392
  ],
  [
   319.4738440567068,
   781.9821693012091
  ],
  [
   447.7687131576763,
   68.08751264694301
  ],
  [
   497.0471016786838,
   314.8052366725455
  ],
  [
   124.13875014452113,
   434.61992771947985
  ],
  [
   672.73380672402,
   531.05901575462
  ],
  [
   827.8450891980984,
   875.0593863342361
  ],
  [
   302.06493707904366,
   261.23002032158104
  ],
  [
   785.4427585480782,
   825.8862239804708
  ],
  [
   484.03943624151793,
   457.2519111715459
  ],
  [
   434.5149004256528,
   561.5917356800435
  ],
  [
   843.0018553307276,
   165.12092226167692
  ],
  [
   111.19723178253733,
   774.2740894445142
  ],
  [
   503.33322878954147,
   546.6146481931552
  ],
  [
