{
 "Object_Radius": 27.367214656948697,
 "Object_Shape": "disc",
 "Workspace_Density": 0.4,
 "Workspace_Height": 1000,
 "Workspace_Width": 1000,
 "number_of_objects": 170,
 "point_list": [
  [
   490.66172892757265,
   850.528887772557
  ],
  [
   407.29736714267045,
   90.17424620185359
  ],
  [
   967.6837794670013,
   282.3814342567906
  ],
  [
   606.2909316414081,
   430.8892150251044
  ],
  [
   224.08700029631555,
   31.103936122643564
  ],
  [
   744.9854251987617,
   787.0863324863831
  ],
  [
   690.9838370171469,
   970.8960638773565
  ],
  [
   209.1247379150761,
   719.1343818596112
  ],
  [
   385.47577621533486,
   970.8960638773565
  ],
  [
   554.6147157745625,
   970.8960638773565
  ],
  [
   187.53347467532944,
   970.8960638773565
  ],
  [
   970.8960638773565,
   152.21230148319648
  ],
  [
   317.83646666251985,
   744.125328797777
  ],
  [
   415.32815080655723,
   249.6775268899107
  ],
  [
   970.8960638773565,
   31.103936122643564
  ],
  [
   31.103936122643564,
   212.293606250856
  ],
  [
   304.21321727450504,
   301.6582180137508
  ],
  [
   200.33091269834713,
   396.4837402118763
  ],
  [
   566.10998713655,
   769.6333178099783
  ],
  [
   895.6674099637635,
   740.7104791493874
  ],
  [
   34.54934983654356,
   816.0788803621209
  ],
  [
   326.3815419729292,
   947.9230137927947
  ],
  [
   779.6782557757873,
   316.24546009365565
  ],
  [
   970.8960638773565,
   650.2169740025065
  ],
  [
   446.8901983956644,
   480.9432232770239
  ],
  [
   556.743874046112,
   659.4149748922925
  ],
  [
   904.9636007324483,
   217.40388175415734
  ],
  [
   658.1061593525534,
   886.7070968095475
  ],
  [
   885.24093590831,
   665.1515453934278
  ],
  [
   424.4823287609271,
   31.103936122643564
  ],
  [
   680.8455466304553,
   400.4384453327517
  ],
  [
   273.2926037990671,
   190.50624153600188
  ],
  [
   683.4815225869712,
   31.103936122643564
  ],
  [
   446.49342958475313,
   970.8960638773565
  ],
  [
   561.9213611688343,
   343.1151078085612
  ],
  [
   849.0357193474975,
   194.73739283050583
  ],
  [
   698.8032676416225,
   568.8710605090768
  ],
  [
   309.16402028004603,
   383.9602865415398
  ],
  [
   84.49907353642762,
   908.6688288233406
  ],
  [
   424.0432605308646,
   544.4814139439663
  ],
  [
   630.8978701148536,
   65.41096451686131
  ],
  [
   967.6668255488656,
   220.89061847938348
  ],
  [
   93.96284493008125,
   970.8960638773565
  ],
  [
   763.2360195955554,
   31.103936122643564
  ],
  [
   238.77106862387703,
   92.45299495093776
  ],
  [
   471.68779699512146,
   584.8254213943857
  ],
  [
   801.9974146382742,
   808.2458769938158
  ],
  [
   158.03660688690087,
   463.4458491484669
  ],
  [
   31.103936122643564,
   749.9735874210194
  ],
  [
   546.2272591957123,
   80.48399561691775
  ],
  [
   902.427724228151,
   354.368677031145
  ],
  [
   162.7718447070798,
   347.30781165168366
  ],
  [
   627.5493337066149,
   589.3132255859724
  ],
  [
   510.4014605003152,
   389.76875634072076
  ],
  [
   703.5765196697009,
   629.1848352066974
  ],
  [
   846.5840865286907,
   970.8960638773565
  ],
  [
   812.386030209697,
   146.84062170503526
  ],
  [
   777.8341172798605,
   869.9067990791151
  ],
  [
   31.103936122643564,
   91.83419749372281
  ],
  [
   261.53085418333063,
   420.8175421402807
  ],
  [
   144.2792232239328,
   727.2874011632218
  ],
  [
   970.8960638773565,
   437.45378835285175
  ],
  [
   543.5905838852908,
   141.77411559903337
  ],
  [
   479.26430287150583,
   151.8703036532473
  ],
  [
   767.7667753302819,
   476.1113905598663
  ],
  [
   970.8960638773565,
   713.0426511766151
  ],
  [
   342.3707739950459,
   841.5694396004994
  ],
  [
   930.0108543969708,
   105.53944648818586
  ],
  [
   239.58853280622864,
   771.110329773745
  ],
  [
   82.76669162635395,
   437.1428152194143
  ],
  [
   158.04758630036346,
   211.9209524938744
  ],
  [
   438.18980147067896,
   690.1846475354141
  ],
  [
   874.4081189018796,
   280.2280740177382
  ],
  [
   133.62413363640584,
   272.04291664266515
  ],
  [
   756.8770914788386,
   174.07150430209518
  ],
  [
   719.6774905348018,
   912.6426229406801
  ],
  [
   100.1874242254682,
   496.8157142250844
  ],
  [
   262.825121187034,
   681.4249682026334
  ],
  [
   369.5332766928676,
   357.4051553090642
  ],
  [
   112.73449117048159,
   166.4489201813025
  ],
  [
   724.8212410042026,
   81.00804573462068
  ],
  [
   360.05430801743904,
   31.103936122643564
  ],
  [
   725.4592967367328,
   228.06259224327735
  ],
  [
   715.7387614515258,
   351.372665863905
  ],
  [
   474.8472471825979,
   262.5992239146944
  ],
  [
   226.90924463932203,
   921.633468579839
  ],
  [
   143.17800221072093,
   928.3792623388557
  ],
  [
   894.7192558616164,
   31.103936122643564
  ],
  [
   116.11254065186507,
   561.3196966025941
  ],
  [
   253.98269735368524,
   342.4519056244456
  ],
  [
   889.9661406999571,
   497.79177485700984
  ],
  [
   77.20108549859579,
   251.0285316305602
  ],
  [
   165.45349696807574,
   524.8850007534513
  ],
  [
   510.3502375037362,
   532.1576469429613
  ],
  [
   265.7446255586247,
   548.0538427851948
  ],
  [
   908.6708098151095,
   970.8960638773565
  ],
  [
   31.103936122643564,
   152.08404348270528
  ],
  [
   782.7394706353806,
   379.14379515070834
  ],
  [
   371.81835021614575,
   421.23141669408994
  ],
  [
   693.7950564454218,
   823.3974691963184
  ],
  [
   839.0630844782085,
   342.1329752683965
  ],
  [
   970.8960638773565,
   774.7164810614464
  ],
  [
   954.970548160971,
   508.25804076138087
  ],
  [
   153.0306054867711,
   793.0889425677523
  ],
  [
   559.2307390518075,
   493.3239601764771
  ],
  [
   966.8167293834327,
   369.92622101071265
  ],
  [
   970.8960638773565,
   970.8960638773565
  ],
  [
   467.720525489273,
   85.8119030106641
  ],
  [
   195.55005212902807,
   283.61759230914305
  ],
  [
   802.4696864867221,
   87.13822494549346
  ],
  [
   706.5982580025332,
   490.5925614451998
  ],
  [
   654.5362010380928,
   287.7877958358728
  ],
  [
   96.45176802392635,
   31.103936122643564
  ],
  [
   178.72388846254688,
   98.98116485868587
  ],
  [
   970.8960638773565,
   836.4823382096068
  ],
  [
   704.2135751697114,
   144.34691611514668
  ],
  [
   357.805410715454,
   561.7252587217627
  ],
  [
   344.9553609930254,
   215.43301755789338
  ],
  [
   832.7266168673574,
   752.8193367318596
  ],
  [
   93.75710241364953,
   109.12009311091583
  ],
  [
   533.4540322692553,
   284.33040079394493
  ],
  [
   399.23268082571064,
   184.57181260228182
  ],
  [
   767.265786496165,
   600.1577066218822
  ],
  [
   208.24091922431919,
   570.4329313927806
  ],
  [
   407.0024013588843,
   741.7250053890646
  ],
  [
   825.5425642391904,
   31.103936122643564
  ],
  [
   246.77151885024207,
   621.3431709789661
  ],
  [
   719.2620641184387,
   289.3948901548093
  ],
  [
   493.8687900927003,
   31.103936122643564
  ],
  [
   570.2185936313383,
   225.76725753048856
  ],
  [
   728.6119640721694,
   688.9620812578946
  ],
  [
   31.103936122643564,
   686.9817188483715
  ],
  [
   87.41963983461137,
   776.094553971167
  ],
  [
   600.9873201185308,
   173.67234612122564
  ],
  [
   41.158587371282806,
   300.1367510703417
  ],
  [
   363.5708174567587,
   784.1535886369683
  ],
  [
   363.16298283201036,
   279.9470787589491
  ],
  [
   808.1543309740623,
   243.32055491634
  ],
  [
   31.103936122643564,
   947.9259767720187
  ],
  [
   506.52660019238374,
   781.834613331131
  ],
  [
   31.103936122643564,
   401.0612040254551
  ],
  [
   31.103936122643564,
   31.103936122643564
  ],
  [
   31.103936122643564,
   623.6267808764205
  ],
  [
   284.64346364797063,
   815.6930273523054
  ],
  [
   295.3312706357283,
   125.30885541094013
  ],
  [
   289.55806629138755,
   59.95674993957216
  ],
  [
   622.2266749597165,
   739.2800440657973
  ],
  [
   221.86603761128876,
   150.31852663344375
  ],
  [
   433.95705227235135,
   802.4109257387942
