{
 "Object_Radius": 27.367214656948697,
 "Object_Shape": "disc",
 "Workspace_Density": 0.4,
 "Workspace_Height": 1000,
 "Workspace_Width": 1000,
 "number_of_objects": 170,
 "point_list": [
  [
   275.677601075051,
   31.103936122643564
  ],
  [
   140.39509722200148,
   442.34678062540826
  ],
  [
   174.32531343646917,
   249.144586634589
  ],
  [
   801.3620545719567,
   255.41336379314706
  ],
  [
   344.598816209968,
   107.22242833467564
  ],
  [
   970.8960638773565,
   398.62257763506335
  ],
  [
   452.25507655758156,
   597.599685410361
  ],
  [
   970.8960638773565,
   459.08737961088957
  ],
  [
   746.9291386546903,
   864.0379894323017
  ],
  [
   144.21566443324548,
   799.8039658391
  ],
  [
   957.519489286324,
   838.0826199487403
  ],
  [
   970.8960638773565,
   338.41332857430007
  ],
  [
   400.30273553172975,
   144.70265870300707
  ],
  [
   212.03599818434228,
   365.8089052222917
  ],
  [
   785.0413280656321,
   808.7427589047401
  ],
  [
   724.6461356392928,
   650.3915628540782
  ],
  [
   31.103936122643564,
   31.103936122643564
  ],
  [
   360.2521837197789,
   375.6547327738578
  ],
  [
   245.01289330231432,
   651.0952489499019
  ],
  [
   206.4859808800554,
   903.3718882574898
  ],
  [
   304.69193083454553,
   961.6361289135001
  ],
  [
   437.3405045612828,
   934.1911066460364
  ],
  [
   910.5932763253177,
   478.08975126563416
  ],
  [
   31.103936122643564,
   893.527830460078
  ],
  [
   334.02782489595086,
   852.404198678726
  ],
  [
   787.5850779221753,
   323.16005879748957
  ],
  [
   336.51207380157143,
   31.103936122643564
  ],
  [
   330.6062787116765,
   246.0204513479223
  ],
  [
   970.8960638773565,
   95.16520109143153
  ],
  [
   970.8960638773565,
   278.18593094710906
  ],
  [
   511.2999353280875,
   487.1628019908327
  ],
  [
   872.991214167174,
   31.103936122643564
  ],
  [
   58.007842038200025,
   319.5197861058968
  ],
  [
   552.6769857343877,
   970.8960638773565
  ],
  [
   448.8821010730792,
   305.16996617476826
  ],
  [
   473.7296798307588,
   171.5451231183018
  ],
  [
   492.4028046024392,
   229.54455913288163
  ],
  [
   906.2287315776354,
   87.05696946983245
  ],
  [
   82.34497841085717,
   200.51007104407813
  ],
  [
   497.09956519891364,
   552.6510071991712
  ],
  [
   311.0620936581061,
   324.3489195966738
  ],
  [
   223.93851648392962,
   717.4931557526775
  ],
  [
   274.34963486720756,
   755.874643626152
  ],
  [
   593.8065289906174,
   737.2541358677876
  ],
  [
   467.22183577180607,
   31.103936122643564
  ],
  [
   906.2369245689088,
   548.8057237096284
  ],
  [
   387.90898478597745,
   514.8756109024432
  ],
  [
   905.296226426223,
   400.50440568904764
  ],
  [
   493.61062557316916,
   825.3642614593925
  ],
  [
   37.0703261259721,
   260.0957446928924
  ],
  [
   668.2594252621132,
   227.95561325306528
  ],
  [
   163.63253959250832,
   731.2689082434381
  ],
  [
   765.8395347347712,
   739.3231582167858
  ],
  [
   244.91605478250955,
   506.37102627632476
  ],
  [
   31.103936122643564,
   568.2815821107066
  ],
  [
   211.895308760879,
   191.68963719137426
  ],
  [
   724.79366458466,
   803.9327739568664
  ],
  [
   349.19803639823107,
   750.2069325824731
  ],
  [
   190.47398888711635,
   133.51925233268747
  ],
  [
   447.1843822098151,
   658.7203909785055
  ],
  [
   850.5606145335854,
   660.8848185286095
  ],
  [
   214.58432956925512,
   31.103936122643564
  ],
  [
   267.9379384673091,
   905.1085154246399
  ],
  [
   126.73266230452433,
   152.44907182014694
  ],
  [
   541.0219416193129,
   704.182611562641
  ],
  [
   486.6456148607665,
   970.8960638773565
  ],
  [
   559.2967692810896,
   288.35859554462326
  ],
  [
   572.6672017944385,
   806.2828794565837
  ],
  [
   264.08722610036176,
   593.4926106780639
  ],
  [
   335.73574263245445,
   168.84339414787806
  ],
  [
   392.18916131895304,
   619.5713388262163
  ],
  [
   469.64083396990884,
   429.72942354198756
  ],
  [
   970.8960638773565,
   639.7929025865927
  ],
  [
   798.9758601970833,
   970.8960638773565
  ],
  [
   715.5831789617382,
   186.04621314198766
  ],
  [
   669.1698402002193,
   373.2076222769977
  ],
  [
   656.066080533137,
   905.8153715421004
  ],
  [
   31.103936122643564,
   446.62742875416427
  ],
  [
   377.0907527685702,
   970.8960638773565
  ],
  [
   723.4193826353261,
   126.21879475801501
  ],
  [
   168.8858176786206,
   580.7534440463256
  ],
  [
   215.4491589584265,
   781.5347892262545
  ],
  [
   333.5105924954282,
   591.2097198522207
  ],
  [
   117.30494131231818,
   89.01771755052775
  ],
  [
   651.5064238725713,
   754.8741986908612
  ],
  [
   129.08798196426454,
   340.77304832788263
  ],
  [
   745.2670809261631,
   545.156569137257
  ],
  [
   113.85568521484709,
   970.8960638773565
  ],
  [
   737.9151459474778,
   244.0836809967446
  ],
  [
   31.103936122643564,
   970.8960638773565
  ],
  [
   627.5167691111587,
   529.6832252959568
  ],
  [
   370.8685255837333,
   449.39684833252755
  ],
  [
   217.13190670059785,
   300.5900533581287
  ],
  [
   274.3044681658421,
   176.5829785138498
  ],
  [
   687.0572849082381,
   853.1411851713809
  ],
  [
   390.6028552005351,
   254.18776989285934
  ],
  [
   591.1978317579084,
   591.0645587709778
  ],
  [
   522.7711657627906,
   617.6211512474083
  ],
  [
   849.2020413605807,
   317.4174645837706
  ],
  [
   427.1955707585809,
   798.713189335362
  ],
  [
   515.8827618141047,
   764.5497935900534
  ],
  [
   679.2890673042422,
   432.5696529875779
  ],
  [
   533.6750893789628,
   31.103936122643564
  ],
  [
   31.103936122643564,
   167.78733227906267
  ],
  [
   295.6807607204715,
   472.1836330037098
  ],
  [
   851.2469657661093,
   442.0351788394585
  ],
  [
   827.6183572453672,
   380.9575027856114
  ],
  [
   253.82711926300263,
   251.0538648535347
  ],
  [
   748.2328228388354,
   67.2407839117581
  ],
  [
   87.10911362044469,
   915.6780794848586
  ],
  [
   242.58027192153892,
   970.8960638773565
  ],
  [
   841.3558684179803,
   775.204694163899
  ],
  [
   970.8960638773565,
   900.3100771772479
  ],
  [
   706.7667058709842,
   712.2746415578616
  ],
  [
   191.80956537988519,
   838.3636665456096
  ],
  [
   970.8960638773565,
   519.3392901025315
  ],
  [
   421.6590181224324,
   86.92892182056187
  ],
  [
   106.51041534756752,
   698.2427344926706
  ],
  [
   798.3257919881141,
   31.103936122643564
  ],
  [
   723.0873028523346,
   303.31602929276306
  ],
  [
   97.01375276269758,
   761.6415283231088
  ],
  [
   703.854158422965,
   592.6750247313873
  ],
  [
   893.5201502090363,
   823.3875887002877
  ],
  [
   93.16248097256234,
   31.103936122643564
  ],
  [
   443.65175495636333,
   868.5969700325062
  ],
  [
   31.103936122643564,
   105.39898361214237
  ],
  [
   839.9703106102603,
   599.9418381450065
  ],
  [
   153.61773370991975,
   31.103936122643564
  ],
  [
   452.9352894825316,
   733.5089123129516
  ],
  [
   154.04183215979052,
   504.1606333383839
  ],
  [
   970.8960638773565,
   217.97760875999757
  ],
  [
   669.3763934449572,
   970.8960638773565
  ],
  [
   789.6480311745827,
   674.1295227429862
  ],
  [
   569.5934033085482,
   198.54898828999546
  ],
  [
   493.14574701750615,
   90.66770508683061
  ],
  [
   501.3832168997727,
   909.1312868215524
  ],
  [
   906.8619345296039,
   682.9646987733748
  ],
  [
   752.3013934758978,
   373.2683819803799
  ],
  [
   659.8452795798892,
   104.80977497526975
  ],
  [
   492.606010289305,
   371.70416673221547
  ],
  [
   649.247887767537,
   618.0523843187963
  ],
  [
   565.1523344919705,
   876.4060197945165
  ],
  [
   891.2737799084089,
   741.3074362811902
  ],
  [
   140.66762469768986,
   888.1188950825346
  ],
  [
   708.8254354644936,
   492.4971838105514
  ],
  [
   567.1919845250674,
   89.25573765689816
  ],
  [
   795.0245575235123,
   908.5937887897423
  ],
  [
   315.9429464556254,
   671.2756147890997
  ],
  [
   111.7556286718908,
   600.0979479864291
