{
 "Object_Radius": 43.70193722368317,
 "Object_Shape": "disc",
 "Workspace_Density": 0.6,
 "Workspace_Height": 1000,
 "Workspace_Width": 1000,
 "number_of_objects": 100,
 "point_list": [
  [
   863.6840327135751,
   855.4406363009767
  ],
  [
   857.2658741083023,
   758.4054093426835
  ],
  [
   955.5335971102753,
   46.45001471263049
  ],
  [
   431.2342377707667,
   870.8626215934662
  ],
  [
   313.05808350376657,
   46.45001471263049
  ],
  [
   46.45001471263049,
   500.9983733067044
  ],
  [
   319.7050130409387,
   667.9545979681961
  ],
  [
   955.5045116094005,
   488.52771359161903
  ],
  [
   712.6914864375427,
   373.43991233569756
  ],
  [
   886.0492821473435,
   243.94747962699768
  ],
  [
   46.45001471263049,
   46.45001471263049
  ],
  [
   154.8402732874095,
   420.1777797992257
  ],
  [
   46.45001471263049,
   955.5499852873695
  ],
  [
   230.943492875282,
   704.5497114280998
  ],
  [
   46.45001471263049,
   137.35132009287258
  ],
  [
   175.7794733378676,
   792.8691182107899
  ],
  [
   453.98900216667215,
   655.7996593635496
  ],
  [
   766.382822245901,
   138.25850061107872
  ],
  [
   450.06563139172886,
   747.3318710288044
  ],
  [
   784.1792051909536,
   315.2573244124903
  ],
  [
   384.38410771204525,
   313.2512426293991
  ],
  [
   473.48075153995495,
   340.815314204011
  ],
  [
   955.5499852720072,
   144.22693415431868
  ],
  [
   775.713379051076,
   46.45001471263049
  ],
  [
   785.5947264268611,
   664.4559204412271
  ],
  [
   249.4043996931092,
   403.48639998566466
  ],
  [
   865.5311492905056,
   60.93016407830918
  ],
  [
   622.5757788399443,
   465.90373596705604
  ],
  [
   790.2205076659426,
   544.2303551610345
  ],
  [
   297.1475837929212,
   955.5499708058644
  ],
  [
   46.45001471263049,
   773.749050856192
  ],
  [
   533.7809827592998,
   496.7890220122218
  ],
  [
   955.5499852767412,
   393.8087079218044
  ],
  [
   337.9521517610768,
   844.0677400571251
  ],
  [
   46.45001471263049,
   228.25951509499777
  ],
  [
   140.14106578477492,
   885.2765615753124
  ],
  [
   542.4552280820318,
   185.01583088279006
  ],
  [
   46.45001471263049,
   682.8470999379115
  ],
  [
   220.94337853625626,
   46.45001471263049
  ],
  [
   681.8919443022188,
   46.45001471263049
  ],
  [
   388.2153809142339,
   955.3936977543566
  ],
  [
   234.72962190242285,
   493.84627968224396
  ],
  [
   347.62425825562076,
   402.9213116342795
  ],
  [
   625.3792437419772,
   222.49584206144286
  ],
  [
   638.0958308781388,
   946.2785088188713
  ],
  [
   538.0768306167664,
   404.8206098040373
  ],
  [
   46.45001471263049,
   864.6499687086283
  ],
  [
   46.45001471263049,
   319.16122570476756
  ],
  [
   873.7152532061766,
   640.7025757755232
  ],
  [
   507.5276515942555,
   820.0746440328958
  ],
  [
   662.2755224295112,
   839.3997014371243
  ],
  [
   481.3154983053168,
   955.5499852720072
  ],
  [
   405.3419825314949,
   46.45001471263049
  ],
  [
   675.2221909248252,
   140.6536296995117
  ],
  [
   625.6233716116183,
   752.7515318357335
  ],
  [
   137.8137568499227,
   239.45948299360313
  ],
  [
   353.22900537026214,
   498.7740176871641
  ],
  [
   393.3925128331386,
   206.94783677126296
  ],
  [
   203.64498692727528,
   955.5200917799446
  ],
  [
   478.0809187512874,
   249.68268876153365
  ],
  [
   715.5884583776664,
   727.2112867698899
  ],
  [
   870.7572145571127,
   953.9067632937084
  ],
  [
   243.94937210055977,
   858.8776189270853
  ],
  [
   780.313222724973,
   437.93268024289057
  ],
  [
   619.7777094787594,
   364.3312222097253
  ],
  [
   204.5103542963219,
   176.10986806696977
  ],
  [
   861.6722067219624,
   154.9281208112941
  ],
  [
   882.157670331871,
   543.0365186878226
  ],
  [
   633.2890420995723,
   556.3809345246076
  ],
  [
   300.3947573258665,
   226.97606747734824
  ],
  [
   450.9028248073454,
   435.4507787016677
  ],
  [
   955.5403242653786,
   865.2029134394039
  ],
  [
   181.30174713414897,
   614.892592759575
  ],
  [
   46.45001471263049,
   591.9198721531199
  ],
  [
   953.071462512887,
   754.8856411933795
  ],
  [
   955.5474321279953,
   302.8537431020326
  ],
  [
   279.91232541332954,
   581.1614883241261
  ],
  [
   732.5963199788189,
   954.4556369602188
  ],
  [
   708.1926113042621,
   262.2967322514025
  ],
  [
   287.7932840092801,
   135.3217640565728
  ],
  [
   588.8031079472462,
   46.45001471263049
  ],
  [
   514.7312894461625,
   586.8150790317195
  ],
  [
   717.4982766585065,
   598.866430169071
  ],
  [
   496.84586643753545,
   46.45001471263049
  ],
  [
   709.9946972929764,
   500.93144558184224
  ],
  [
   46.45001471263049,
   410.07475005444763
  ],
  [
   149.37590154373197,
   525.7482954210074
  ],
  [
   555.4240823008977,
   298.2759437607872
  ],
  [
   598.0733730452158,
   642.8828339055344
  ],
  [
   874.7835372321163,
   445.2104490477922
  ],
  [
   867.592515040336,
   352.11749886938975
  ],
  [
   358.27759752858253,
   751.8039380224386
  ],
  [
   381.0302730382457,
   592.4229858509593
  ],
  [
   796.5235279407372,
   224.43102291311553
  ],
  [
   557.8270592561777,
   899.2308094073493
  ],
  [
   539.3212057539487,
   723.9068144221465
  ],
  [
   955.5220100027926,
   599.16745301838
  ],
  [
   462.09768043686967,
   137.5954766807798
  ],
  [
   134.76898351102008,
   82.42704770040011
  ],
  [
   139.483729289933,
   708.0116007463492
  ]
 ]
}