{
 "Object_Radius": 43.70193722368317,
 "Object_Shape": "disc",
 "Workspace_Density": 0.6,
 "Workspace_Height": 1000,
 "Workspace_Width": 1000,
 "number_of_objects": 100,
 "point_list": [
  [
   258.75600520816494,
   314.27228294383787
  ],
  [
   131.7532478855288,
   146.53567171891257
  ],
  [
   436.55312345935107,
   490.96598060270884
  ],
  [
   183.3449053033482,
   230.51399467312703
  ],
  [
   568.8149719097242,
   663.627512499491
  ],
  [
   329.88849082670924,
   802.2160177017466
  ],
  [
   955.5499852849422,
   682.8452005776047
  ],
  [
   46.45001471263049,
   467.794240079005
  ],
  [
   46.45001471263049,
   862.3735393530358
  ],
  [
   682.7928367363778,
   955.5499852726779
  ],
  [
   955.5499852855419,
   319.15025829864305
  ],
  [
   864.1407110499738,
   311.4133091332135
  ],
  [
   229.7299332016408,
   139.92824326401993
  ],
  [
   955.5499852873695,
   955.5499800915198
  ],
  [
   642.4315086620339,
   170.7459196136337
  ],
  [
   46.45001471263049,
   283.7655770181754
  ],
  [
   410.08398873542654,
   955.5499852148884
  ],
  [
   773.7019127694638,
   955.5499852726853
  ],
  [
   274.14970619966266,
   221.28747223541313
  ],
  [
   346.6402062328776,
   526.7146071056662
  ],
  [
   229.25150171307936,
   799.3339233716107
  ],
  [
   162.99241819171618,
   46.45001471263049
  ],
  [
   841.9348457476771,
   630.4601414522161
  ],
  [
   230.8331151841616,
   416.45376684119003
  ],
  [
   500.98614934108156,
   955.5499852624581
  ],
  [
   141.08020921403258,
   758.4305753008996
  ],
  [
   955.5499307829136,
   46.45001471263049
  ],
  [
   141.2613891843308,
   856.7862633003764
  ],
  [
   955.549985282271,
   500.96136776211745
  ],
  [
   669.4909737825103,
   406.91275789317467
  ],
  [
   351.11026333702085,
   288.63865235274193
  ],
  [
   858.7430767421439,
   191.5377005804374
  ],
  [
   603.4131521208478,
   252.86438812983906
  ],
  [
   46.45001471263049,
   955.5499852730675
  ],
  [
   410.43143947434527,
   397.0450608467659
  ],
  [
   198.2416181651421,
   686.5397370207223
  ],
  [
   457.0737204086658,
   289.97766256714993
  ],
  [
   667.7442573300407,
   672.8577846042458
  ],
  [
   864.6173972145144,
   955.5113046214342
  ],
  [
   955.5499852849422,
   864.648459019412
  ],
  [
   228.2777589890937,
   955.5499852726779
  ],
  [
   717.0823209345826,
   826.1075333875675
  ],
  [
   272.49701668455833,
   46.45001471263049
  ],
  [
   441.67216223068857,
   850.283464707923
  ],
  [
   46.45001471263049,
   601.0895719080046
  ],
  [
   414.069607144409,
   590.4021942166752
  ],
  [
   708.2183349708902,
   106.61344425849236
  ],
  [
   571.62565680158,
   446.0684279429903
  ],
  [
   864.0946109478548,
   864.0909530408004
  ],
  [
   451.7404216652431,
   119.43165838699821
  ],
  [
   394.37102786255235,
   46.45001471263049
  ],
  [
   419.7202475192697,
   204.56828457591413
  ],
  [
   165.22993986640998,
   323.3058477431218
  ],
  [
   636.9096388937016,
   46.45001471263049
  ],
  [
   863.9930567869224,
   726.5157766551251
  ],
  [
   802.8863023939559,
   795.9258352493837
  ],
  [
   632.5985431907332,
   757.2036726165853
  ],
  [
   759.5082133592852,
   419.97921392447915
  ],
  [
   955.5499852849422,
   773.7469688117384
  ],
  [
   591.8879534446829,
   955.5499852849422
  ],
  [
   154.75175342158522,
   508.852451185517
  ],
  [
   656.594328938156,
   498.0517794694447
  ],
  [
   287.18634776603966,
   720.2866732155696
  ],
  [
   135.3554900214908,
   416.0232334463676
  ],
  [
   536.9882910826493,
   759.5800411566773
  ],
  [
   256.380204973589,
   506.5843301952168
  ],
  [
   778.9841627808714,
   46.45001471263049
  ],
  [
   593.2680806353793,
   344.386788787596
  ],
  [
   758.8752948261107,
   708.5247640285224
  ],
  [
   955.5499852855419,
   228.2501036647364
  ],
  [
   86.12534834587842,
   685.4365791406605
  ],
  [
   955.5496832799713,
   410.0542147846642
  ],
  [
   517.4271966540925,
   46.45001471263049
  ],
  [
   46.45001471263049,
   62.68924557445936
  ],
  [
   327.3728782180637,
   434.66633296965574
  ],
  [
   955.5499852148884,
   591.9449952602768
  ],
  [
   424.3635154048722,
   755.8828802195673
  ],
  [
   745.4758860155729,
   603.5008401558476
  ],
  [
   865.3705220452052,
   89.50716763692917
  ],
  [
   517.7796407130213,
   221.6930039681328
  ],
  [
   545.8814948408733,
   132.99026760711874
  ],
  [
   469.05300333192037,
   674.6579938572394
  ],
  [
   769.1150289927249,
   513.1345452118047
  ],
  [
   46.45001471263049,
   770.0672153959573
  ],
  [
   773.2078898605138,
   321.84484962441786
  ],
  [
   46.45001471263049,
   374.6944318602801
  ],
  [
   558.2490973625154,
   860.3648484387854
  ],
  [
   955.5499852855418,
   137.35004261166745
  ],
  [
   138.62501666293338,
   605.4804510278184
  ],
  [
   362.330582936743,
   668.407981122751
  ],
  [
   758.5788792191732,
   183.94858952251607
  ],
  [
   629.2674985134902,
   589.3642635110915
  ],
  [
   46.45001471263049,
   180.40329505147037
  ],
  [
   333.3120197813472,
   133.10292867847673
  ],
  [
   535.9502595374619,
   532.7873865764269
  ],
  [
   275.19420983797886,
   611.8569059583334
  ],
  [
   137.35091926102868,
   955.5499852730675
  ],
  [
   861.3218902762127,
   538.4740894717826
  ],
  [
   319.17961218325513,
   955.549985284287
  ],
  [
   507.70230542743747,
   379.04498394903624
  ]
 ]
}