{
 "Object_Radius": 43.70193722368317,
 "Object_Shape": "disc",
 "Workspace_Density": 0.6,
 "Workspace_Height": 1000,
 "Workspace_Width": 1000,
 "number_of_objects": 100,
 "point_list": [
  [
   289.1763326045292,
   455.60514867266704
  ],
  [
   955.5499852721547,
   227.14357544129118
  ],
  [
   137.75457650160922,
   431.41734980758696
  ],
  [
   379.6808388213099,
   707.6093164480984
  ],
  [
   586.9624159274466,
   701.3749155601681
  ],
  [
   759.8223794580246,
   645.3159918990868
  ],
  [
   500.95405215504707,
   955.5499376907151
  ],
  [
   747.220977701567,
   46.45001471263049
  ],
  [
   955.5499852720842,
   318.1218391010157
  ],
  [
   902.0532494691699,
   132.3510822817357
  ],
  [
   227.1335942323604,
   789.7564135921739
  ],
  [
   640.3629352927466,
   295.5080853924537
  ],
  [
   721.2769120433364,
   846.5322494715047
  ],
  [
   46.45001471263049,
   519.0315697800179
  ],
  [
   46.45001471263049,
   680.8764025250883
  ],
  [
   141.92975199538077,
   523.7362970441833
  ],
  [
   865.7222904255614,
   941.261234100519
  ],
  [
   844.6479989246283,
   708.3421289345899
  ],
  [
   558.1786824293741,
   245.56477290134535
  ],
  [
   955.5499852776512,
   591.0539880359411
  ],
  [
   269.5151323426898,
   871.6211021580574
  ],
  [
   225.29436164667635,
   244.4186642928821
  ],
  [
   46.45001471263049,
   173.91169544976913
  ],
  [
   255.40484075277212,
   700.5622220531242
  ],
  [
   667.8270313661659,
   659.4653085577522
  ],
  [
   542.7766095074529,
   874.8295179331348
  ],
  [
   609.4877141852654,
   456.68164962770595
  ],
  [
   846.7734850405382,
   617.2777629550578
  ],
  [
   79.94449292701796,
   280.1496185808494
  ],
  [
   136.25093770335494,
   787.6855438486339
  ],
  [
   382.6698698004508,
   203.31195617811275
  ],
  [
   809.0609825248906,
   870.1511843349871
  ],
  [
   854.5200452886859,
   429.49966901446163
  ],
  [
   276.10112085926437,
   321.1747642485026
  ],
  [
   682.8348267257894,
   955.5121552176867
  ],
  [
   137.35004387652774,
   955.5499852873695
  ],
  [
   410.0509164741971,
   955.5499852855387
  ],
  [
   451.6437646180213,
   874.1199842560384
  ],
  [
   773.7358137733002,
   955.5499852855554
  ],
  [
   233.54272888039972,
   527.5120805404964
  ],
  [
   318.18121352619517,
   782.0133770102188
  ],
  [
   864.0056830268954,
   797.7153548251378
  ],
  [
   444.58299097756594,
   46.45001471263049
  ],
  [
   822.3448454484522,
   337.4776703706854
  ],
  [
   864.7090946432726,
   215.56194270649567
  ],
  [
   665.9925946221783,
   385.1397717642969
  ],
  [
   769.9226727663251,
   769.6270789284557
  ],
  [
   451.28739669272,
   643.4235814195399
  ],
  [
   408.35348677376686,
   793.9619340721207
  ],
  [
   182.5756971676915,
   610.3172382590899
  ],
  [
   141.81125082599766,
   693.1354540465696
  ],
  [
   565.5673713998362,
   536.2768567205768
  ],
  [
   672.9168449770302,
   755.6403188117005
  ],
  [
   702.0840118388223,
   485.9088953883386
  ],
  [
   298.3623615371822,
   46.45001471263049
  ],
  [
   46.45001471263049,
   427.008356995329
  ],
  [
   273.4706085368478,
   609.3517912339897
  ],
  [
   46.45001471263049,
   773.1136623801273
  ],
  [
   537.8973876955877,
   46.45001471263049
  ],
  [
   319.1506270988136,
   955.5499852855387
  ],
  [
   46.45001471263049,
   955.5499852712921
  ],
  [
   955.5499852750405,
   682.014509243661
  ],
  [
   345.2350098193392,
   382.00922207596096
  ],
  [
   633.5900097355914,
   870.5211221350957
  ],
  [
   511.8008187947938,
   461.4795106926791
  ],
  [
   955.5499852750405,
   773.0194774491999
  ],
  [
   871.8149557359559,
   46.45001471263049
  ],
  [
   476.386377618542,
   555.4712844721936
  ],
  [
   363.98899757691333,
   617.976200074375
  ],
  [
   955.5499852720842,
   409.0739695234034
  ],
  [
   422.7156475481775,
   482.06461627425597
  ],
  [
   91.60418726864847,
   600.3495385381625
  ],
  [
   46.45001471263049,
   864.3639945523406
  ],
  [
   777.6566452342214,
   242.15839914274477
  ],
  [
   955.5499852720842,
   500.058538864037
  ],
  [
   955.5499852758999,
   863.9846771544147
  ],
  [
   173.315188713768,
   871.9462573372531
  ],
  [
   860.0702189787892,
   521.9614666218606
  ],
  [
   436.48291160703866,
   391.78100495896996
  ],
  [
   591.9327603112843,
   955.5499852791236
  ],
  [
   360.5679414034296,
   873.2866098706171
  ],
  [
   475.23983296715096,
   731.1827365186358
  ],
  [
   158.2067670974987,
   328.7195405879179
  ],
  [
   221.17985860134806,
   394.9044155455109
  ],
  [
   761.6814852425068,
   414.9250399186604
  ],
  [
   344.16774324269693,
   529.1606086868961
  ],
  [
   492.47402265868425,
   319.87485063425623
  ],
  [
   190.57621090778906,
   160.31098077158515
  ],
  [
   732.0953258371325,
   321.34727909696915
  ],
  [
   193.73966419686883,
   67.15688242478123
  ],
  [
   364.5501262335135,
   293.1672016072028
  ],
  [
   955.5463282567991,
   955.5493868843068
  ],
  [
   629.3096186798111,
   46.45001471263049
  ],
  [
   568.9548345169493,
   373.93045504989374
  ],
  [
   772.3303971652649,
   553.84964768138
  ],
  [
   540.0022095949992,
   623.5398928755104
  ],
  [
   652.2094502537043,
   569.7352704745982
  ],
  [
   692.5672312062817,
   208.73871483967778
  ],
  [
   549.1242756850382,
   784.1513908299754
  ],
  [
   228.2502282384281,
   955.5499852855387
  ]
 ]
}