{
 "Object_Radius": 43.70193722368317,
 "Object_Shape": "disc",
 "Workspace_Density": 0.6,
 "Workspace_Height": 1000,
 "Workspace_Width": 1000,
 "number_of_objects": 100,
 "point_list": [
  [
   356.2824237659721,
   778.4247609616664
  ],
  [
   353.4558439081889,
   276.14918210929824
  ],
  [
   856.7584607209732,
   725.696693478408
  ],
  [
   261.8902587243799,
   313.9792933729819
  ],
  [
   639.7591430589221,
   955.5499852575571
  ],
  [
   622.3176557021459,
   132.12464729944782
  ],
  [
   46.45001471263049,
   955.5499852779669
  ],
  [
   46.45001471263049,
   860.550255274922
  ],
  [
   523.0678886704329,
   389.4413331435562
  ],
  [
   548.4664321145787,
   955.5499852575571
  ],
  [
   720.9996860759887,
   619.9726435426785
  ],
  [
   410.10408308531044,
   46.45001471263049
  ],
  [
   661.3818075657263,
   465.07774050787594
  ],
  [
   137.35027353337387,
   46.45001471263049
  ],
  [
   348.9676616382909,
   955.5499852575571
  ],
  [
   139.426958717746,
   477.8997423863511
  ],
  [
   152.92634203958957,
   248.07011994862012
  ],
  [
   662.0614981568041,
   291.14046610148347
  ],
  [
   380.5835744962404,
   596.6600136462627
  ],
  [
   955.5499756406412,
   229.64318696502585
  ],
  [
   46.45001471263049,
   768.8860812291923
  ],
  [
   117.3803140415013,
   711.8567701367751
  ],
  [
   571.7024247533692,
   306.85010479642557
  ],
  [
   866.9303008622667,
   455.70466760464745
  ],
  [
   748.270278144596,
   262.2718422060998
  ],
  [
   790.3583411793436,
   406.56476287219175
  ],
  [
   903.0781926656464,
   552.2080584164634
  ],
  [
   539.0168552011685,
   771.5529761605648
  ],
  [
   182.71940237034812,
   777.1017263915636
  ],
  [
   955.5499852779669,
   46.45001471263049
  ],
  [
   204.7594649646048,
   686.7076120893381
  ],
  [
   529.093420089831,
   482.3651487057435
  ],
  [
   700.7865904101482,
   814.6041724505934
  ],
  [
   435.99840186249355,
   133.81219480423042
  ],
  [
   46.45001471263049,
   375.5423625781658
  ],
  [
   140.84830004894823,
   865.7818189010001
  ],
  [
   690.9654259449495,
   191.70980862588502
  ],
  [
   46.45001471263049,
   191.3990729374921
  ],
  [
   319.1503459031964,
   46.45001471263049
  ],
  [
   749.4168014492398,
   487.7501813298386
  ],
  [
   955.5497513272269,
   476.2110326705657
  ],
  [
   636.7436480986308,
   659.0554952710384
  ],
  [
   228.25031191113823,
   46.45001471263049
  ],
  [
   229.79770781263105,
   493.93723879220414
  ],
  [
   447.0209023183295,
   760.6213074339231
  ],
  [
   818.4906289407498,
   320.03932113839295
  ],
  [
   433.32643920560736,
   228.72601962424812
  ],
  [
   790.0712528103668,
   788.7849099480597
  ],
  [
   955.5499852838972,
   138.7093614274689
  ],
  [
   46.45001471263049,
   46.45001471263049
  ],
  [
   591.9140909180071,
   46.45001471263049
  ],
  [
   863.9711180761789,
   138.78590419448827
  ],
  [
   305.4508000535747,
   545.3191332050333
  ],
  [
   46.45001471263049,
   646.0985974112498
  ],
  [
   137.10640133221688,
   385.25535714677693
  ],
  [
   739.1057071336804,
   711.7948556313979
  ],
  [
   229.0825848066511,
   599.002268564956
  ],
  [
   480.8159132160376,
   308.44612853298094
  ],
  [
   322.81519162973564,
   863.217092246707
  ],
  [
   630.5508326471816,
   752.1545818250617
  ],
  [
   46.45001471263049,
   468.8739705212364
  ],
  [
   691.0806954736486,
   50.077109013567615
  ],
  [
   908.5503742460501,
   307.4538855114674
  ],
  [
   431.63806837716265,
   385.5090542861166
  ],
  [
   513.7532968606871,
   184.8593595509049
  ],
  [
   442.92243161020156,
   955.5499852575571
  ],
  [
   521.9174691962245,
   573.081305387155
  ],
  [
   46.45001471263049,
   284.337667219878
  ],
  [
   602.3754715595622,
   221.28114189934567
  ],
  [
   245.7078410825565,
   221.2057127785413
  ],
  [
   303.31811936341023,
   653.8902509552831
  ],
  [
   955.5499852666425,
   693.3077787897807
  ],
  [
   461.7763055556077,
   641.4112143028108
  ],
  [
   230.9054757988167,
   399.4354659473091
  ],
  [
   140.77117711677568,
   622.1368135220198
  ],
  [
   444.62215122609825,
   853.5296582445101
  ],
  [
   723.8236446744872,
   903.6408035349708
  ],
  [
   608.6964001806999,
   539.1737487267724
  ],
  [
   706.2256349638812,
   371.6380791575096
  ],
  [
   545.9166874644997,
   679.6918661626647
  ],
  [
   385.8828767437787,
   692.1799754269642
  ],
  [
   76.63311910872544,
   555.4263346962663
  ],
  [
   855.9924663041862,
   918.590433825846
  ],
  [
   256.81782264740923,
   955.5499852798437
  ],
  [
   501.01201099763915,
   46.45001471263049
  ],
  [
   318.0652983958271,
   455.16877752952297
  ],
  [
   119.91484508058069,
   137.24692073578925
  ],
  [
   955.5499852666425,
   787.2478404958715
  ],
  [
   872.8809022655854,
   827.2159282466733
  ],
  [
   231.2208785926204,
   855.0637635435238
  ],
  [
   165.65734219447432,
   955.5499852798437
  ],
  [
   342.75137600542257,
   366.4605914737001
  ],
  [
   864.0584848295395,
   46.45001471263049
  ],
  [
   778.0441140397185,
   80.06853735414056
  ],
  [
   436.36337755953906,
   476.791109326226
  ],
  [
   955.5499196126277,
   955.5499852575571
  ],
  [
   614.6947153519023,
   386.94126430390725
  ],
  [
   780.5684188411274,
   175.42533904697322
  ],
  [
   955.5499120996265,
   385.28936387606865
  ],
  [
   812.1915199334517,
   553.7943893913159
  ]
 ]
}