{
 "Object_Radius": 43.70193722368317,
 "Object_Shape": "disc",
 "Workspace_Density": 0.6,
 "Workspace_Height": 1000,
 "Workspace_Width": 1000,
 "number_of_objects": 100,
 "point_list": [
  [
   347.42275313919004,
   251.89645704675723
  ],
  [
   415.44894648876743,
   145.66514308377967
  ],
  [
   853.8252986317888,
   333.2352812022088
  ],
  [
   584.5682536943773,
   708.2663993164415
  ],
  [
   955.234378641693,
   893.3629261852127
  ],
  [
   597.2471648734672,
   137.7818565383458
  ],
  [
   500.999141331949,
   46.45001471263049
  ],
  [
   955.5498042281656,
   608.0488620778351
  ],
  [
   137.41448515381995,
   482.0896330490941
  ],
  [
   955.5499849465411,
   699.1487623129648
  ],
  [
   630.1976271699108,
   222.74820445389912
  ],
  [
   146.8936915127703,
   847.4749604474597
  ],
  [
   282.4800098532381,
   409.62318022443424
  ],
  [
   463.3389934157108,
   541.5452840592469
  ],
  [
   121.03499812535162,
   348.8438004971342
  ],
  [
   778.73931001523,
   435.01897166479426
  ],
  [
   729.0971535076638,
   868.7657383659306
  ],
  [
   794.7258149998357,
   603.2173695222939
  ],
  [
   191.5733345676589,
   407.16871542949207
  ],
  [
   524.8436300326101,
   955.5340677145916
  ],
  [
   955.5499852723138,
   516.2571534276664
  ],
  [
   479.22023894688493,
   449.14678652807396
  ],
  [
   762.2244663482084,
   345.32168566539787
  ],
  [
   199.09336390253142,
   550.0626021292913
  ],
  [
   46.45001471263049,
   955.5499766592222
  ],
  [
   873.8672156325266,
   648.1265784140452
  ],
  [
   46.45001471263049,
   681.3867722302224
  ],
  [
   687.2326794875082,
   151.83912156680933
  ],
  [
   243.69037833172368,
   855.4377276986454
  ],
  [
   955.5499852723138,
   233.22667168189656
  ],
  [
   771.7698071023017,
   955.5374331213064
  ],
  [
   955.5499842801836,
   46.45001471263049
  ],
  [
   675.3026585891116,
   569.7541198806157
  ],
  [
   437.4410370279236,
   795.4651424450312
  ],
  [
   752.9287425497089,
   522.3547891907784
  ],
  [
   46.45001471263049,
   772.5297205466928
  ],
  [
   228.2959169890295,
   46.45001471263049
  ],
  [
   776.2947637753753,
   692.4342963938341
  ],
  [
   868.7217198521421,
   448.20859252589577
  ],
  [
   652.9442271940253,
   955.5499852710053
  ],
  [
   541.2938839583135,
   802.5149149443316
  ],
  [
   354.0163235850893,
   886.7823777956877
  ],
  [
   506.2192308529898,
   138.87714866004353
  ],
  [
   372.8650859609351,
   552.0722512610029
  ],
  [
   214.11228190073385,
   227.2075926407148
  ],
  [
   951.9207971969174,
   790.3208736034559
  ],
  [
   863.0673467934453,
   236.50083339983817
  ],
  [
   303.16452766757493,
   169.01620287283865
  ],
  [
   552.8394502962423,
   503.02226106817267
  ],
  [
   46.45001471263049,
   46.45001471263049
  ],
  [
   777.5304326339516,
   163.86333987445272
  ],
  [
   663.1557760150584,
   660.6258689898351
  ],
  [
   436.59472516010834,
   368.8560586535753
  ],
  [
   46.45001471263049,
   590.1729218670631
  ],
  [
   702.177632572835,
   745.2252141557428
  ],
  [
   319.1960053614486,
   46.45001471263049
  ],
  [
   137.3844761242091,
   46.45001471263049
  ],
  [
   347.1233622259409,
   343.8809918668987
  ],
  [
   672.1203757171294,
   475.5592629060798
  ],
  [
   46.45001471263049,
   406.815065657037
  ],
  [
   539.2638769201321,
   224.8860897807582
  ],
  [
   266.28200175004844,
   955.5499599976896
  ],
  [
   591.9080297499454,
   46.45001471263049
  ],
  [
   872.5496987424244,
   739.252103580682
  ],
  [
   588.4369575484952,
   890.3355267283437
  ],
  [
   46.45001471263049,
   195.07738116015494
  ],
  [
   864.6553885145568,
   137.39102667651784
  ],
  [
   303.13345578497064,
   614.0984799789469
  ],
  [
   284.8820734530068,
   518.7462969323526
  ],
  [
   955.5499852723138,
   328.9395148216279
  ],
  [
   599.8882575023533,
   319.15676840194914
  ],
  [
   632.5761099119597,
   805.8438479736001
  ],
  [
   585.8182616306843,
   587.8361591277728
  ],
  [
   380.63365352469884,
   455.88152655639647
  ],
  [
   210.25799002926897,
   318.0684605055687
  ],
  [
   175.38535380896408,
   953.8374135922048
  ],
  [
   955.5053871396896,
   141.38409189726087
  ],
  [
   359.6086468594466,
   726.7558032543508
  ],
  [
   504.70675156975796,
   631.0159561785529
  ],
  [
   46.45001471263049,
   863.9852921317697
  ],
  [
   771.2031103951539,
   254.7283398227397
  ],
  [
   415.46677750274864,
   955.4250479266549
  ],
  [
   142.81398297859224,
   663.982546436192
  ],
  [
   587.4875892079344,
   410.4013225778409
  ],
  [
   509.0769606114558,
   311.04455598398084
  ],
  [
   410.09645642759,
   46.45001471263049
  ],
  [
   674.7611947550416,
   384.19191517544954
  ],
  [
   687.155420015048,
   293.71550877066437
  ],
  [
   114.48772596270102,
   257.3753231993866
  ],
  [
   187.48846412080474,
   140.0179817565906
  ],
  [
   790.7241964581044,
   782.191473988211
  ],
  [
   46.45001471263049,
   497.7156805188251
  ],
  [
   437.199477751752,
   237.64908475137074
  ],
  [
   184.65622854235104,
   745.7264346127926
  ],
  [
   861.0998148430109,
   46.45001471263049
  ],
  [
   955.5090690007212,
   420.48858167415364
  ],
  [
   493.523028997989,
   722.2140354323033
  ],
  [
   771.5778969462776,
   72.70863666729429
  ],
  [
   413.83370089550476,
   633.2314675192672
  ],
  [
   684.5480858315059,
   46.45001471263049
  ]
 ]
}