{
 "Object_Length": 210.81851067789196,
 "Object_Shape": "cuboid",
 "Object_Width": 63.245553203367585,
 "Workspace_Density": 0.4,
 "Workspace_Height": 1000,
 "Workspace_Width": 1000,
 "number_of_objects": 30,
 "point_list": [
  [
   368.78275074,
   824.388863371,
   1.49138851492
  ],
  [
   269.854609217,
   330.140827912,
   2.5602497551
  ],
  [
   552.084800333,
   298.599951512,
   1.52217985269
  ],
  [
   874.43904957,
   654.787230752,
   1.56668827869
  ],
  [
   800.197984629,
   800.117764029,
   0.453250799176
  ],
  [
   500.894338473,
   533.782706645,
   2.16445221043
  ],
  [
   724.943244103,
   449.830796895,
   1.55026125641
  ],
  [
   755.330846354,
   958.29088699,
   0.000787084405525
  ],
  [
   958.011234562,
   826.469653015,
   1.57131838372
  ],
  [
   602.630479852,
   662.753164653,
   2.37734353196
  ],
  [
   469.879623772,
   322.109350385,
   1.52220706894
  ],
  [
   715.635258588,
   217.156057851,
   1.50137624634
  ],
  [
   881.36920842,
   413.477962383,
   -0.0230706444391
  ],
  [
   874.31688419,
   118.787665331,
   1.49840130471
  ],
  [
   289.81417255,
   881.661738625,
   1.49153571664
  ],
  [
   41.5975905465,
   478.198360247,
   1.57090745186
  ],
  [
   112.422017157,
   222.544233619,
   1.44143386832
  ],
  [
   637.244760508,
   41.6036859417,
   0.000144344325448
  ],
  [
   328.446570444,
   490.861621279,
   2.50468772221
  ],
  [
   422.892773495,
   148.313193551,
   2.33308901126
  ],
  [
   802.147470387,
   256.340447052,
   1.49844672414
  ],
  [
   116.793486857,
   798.080425998,
   1.58172524821
  ],
  [
   391.39249063,
   649.210697431,
   0.593845084437
  ],
  [
   499.936215103,
   877.632295865,
   1.98849122979
  ],
  [
   883.099441199,
   496.724315978,
   -0.0230361057226
  ],
  [
   200.8859497,
   482.150860095,
   -0.633114560875
  ],
  [
   614.814526636,
   824.0700582,
   1.98712352008
  ],
  [
   301.449611281,
   153.790388165,
   2.31535218946
  ],
  [
   631.067295326,
   201.289238485,
   1.50155709184
  ],
  [
   641.352266357,
   433.831098102,
   1.55025497737
  ]
 ]
}