{
 "Object_Length": 210.81851067789196,
 "Object_Shape": "cuboid",
 "Object_Width": 63.245553203367585,
 "Workspace_Density": 0.4,
 "Workspace_Height": 1000,
 "Workspace_Width": 1000,
 "number_of_objects": 30,
 "point_list": [
  [
   530.351087316,
   801.348210805,
   1.3409658315
  ],
  [
   362.364205415,
   357.91445803,
   1.72431215543
  ],
  [
   211.640928524,
   202.942804772,
   1.63332266461
  ],
  [
   123.785286694,
   41.3032353865,
   -0.00216740980661
  ],
  [
   125.879024788,
   958.411795316,
   -1.67526848542e-05
  ],
  [
   291.050364103,
   741.282680965,
   0.248527021974
  ],
  [
   762.099886545,
   677.619277631,
   2.15344547356
  ],
  [
   573.035330158,
   227.55683823,
   2.13594761005
  ],
  [
   871.247319368,
   651.283798959,
   2.15921933495
  ],
  [
   800.736830678,
   42.1487299726,
   3.13661425756
  ],
  [
   105.565351247,
   593.706454069,
   1.20331069073
  ],
  [
   506.68123027,
   179.083677986,
   2.14991280631
  ],
  [
   382.408043764,
   878.692754371,
   -0.246610831982
  ],
  [
   651.107996367,
   259.902801763,
   2.13593527971
  ],
  [
   165.52061276,
   513.149303547,
   1.19473261059
  ],
  [
   96.7011200424,
   794.45227433,
   1.16049690838
  ],
  [
   784.489169665,
   367.656018077,
   1.67465943086
  ],
  [
   40.406184041,
   365.143241632,
   1.55957871591
  ],
  [
   958.688198139,
   381.190891329,
   1.57476499565
  ],
  [
   958.510397628,
   884.562419627,
   1.57018596345
  ],
  [
   866.689608,
   206.254339819,
   -3.1396174332
  ],
  [
   791.703493435,
   883.015943989,
   1.60625553491
  ],
  [
   688.669413715,
   501.49150702,
   0.559283970806
  ],
  [
   884.111021339,
   124.638346593,
   -3.13925380019
  ],
  [
   533.877139053,
   458.60383973,
   2.12409039861
  ],
  [
   861.145847127,
   445.995312253,
   1.69918972751
  ],
  [
   269.593625804,
   412.055157385,
   1.72448026113
  ],
  [
   361.181166508,
   634.456171083,
   0.700600059567
  ],
  [
   365.468801337,
   101.19763674,
   -2.60670288914
  ],
  [
   428.868958118,
   581.82902069,
   0.706142730025
  ]
 ]
}