{
 "Object_Length": 210.81851067789196,
 "Object_Shape": "cuboid",
 "Object_Width": 63.245553203367585,
 "Workspace_Density": 0.4,
 "Workspace_Height": 1000,
 "Workspace_Width": 1000,
 "number_of_objects": 30,
 "point_list": [
  [
   169.96704036,
   744.037508493,
   2.87625238929
  ],
  [
   392.824433357,
   515.319815283,
   0.554812582715
  ],
  [
   389.103931476,
   206.092294589,
   1.70727064728
  ],
  [
   655.0215383,
   467.308622078,
   1.58012963803
  ],
  [
   122.331065649,
   883.655254232,
   0.420567166434
  ],
  [
   158.636975638,
   428.138980097,
   0.56895902896
  ],
  [
   41.6253497165,
   115.42901476,
   1.5709372029
  ],
  [
   317.871240197,
   377.414062489,
   0.1392063237
  ],
  [
   149.682957525,
   203.039895015,
   2.12935941057
  ],
  [
   728.824910751,
   615.53820096,
   1.95852439159
  ],
  [
   720.861458114,
   116.092986209,
   1.55347672234
  ],
  [
   523.03545906,
   469.20274874,
   1.09610297401
  ],
  [
   776.747316186,
   269.681479611,
   2.75026359378
  ],
  [
   566.640034972,
   703.138865905,
   1.39470277569
  ],
  [
   882.028960035,
   129.058375688,
   -3.10494379732
  ],
  [
   374.428560765,
   815.881733621,
   1.11197369954
  ],
  [
   135.707106657,
   589.396715869,
   1.27563821019
  ],
  [
   877.411093374,
   667.877778067,
   0.395237076512
  ],
  [
   615.133560644,
   911.095409399,
   0.464468565959
  ],
  [
   846.123433582,
   745.289399566,
   0.397245075324
  ],
  [
   882.666076906,
   45.8090255019,
   0.0366100760397
  ],
  [
   336.568733213,
   578.466041549,
   0.554270603212
  ],
  [
   874.651676842,
   488.836791672,
   1.57455233955
  ],
  [
   560.427114254,
   129.564440356,
   -3.0580531225
  ],
  [
   251.439126385,
   202.474089908,
   2.15341855855
  ],
  [
   311.297267726,
   874.145018707,
   1.10995828238
  ],
  [
   536.008391054,
   296.73533828,
   0.115777328675
  ],
  [
   957.745568351,
   371.168022969,
   1.57054836017
  ],
  [
   287.115158512,
   41.6318233205,
   0.000284365804147
  ],
  [
   811.336179341,
   819.973407468,
   0.398443693311
  ]
 ]
}