{
 "Object_Length": 210.81851067789196,
 "Object_Shape": "cuboid",
 "Object_Width": 63.245553203367585,
 "Workspace_Density": 0.4,
 "Workspace_Height": 1000,
 "Workspace_Width": 1000,
 "number_of_objects": 30,
 "point_list": [
  [
   957.22657002,
   551.550120798,
   1.57773015808
  ],
  [
   41.854412599,
   682.269821735,
   1.56830117756
  ],
  [
   908.151590792,
   288.476139411,
   1.07968027923
  ],
  [
   874.151037223,
   560.395022247,
   1.57559176379
  ],
  [
   280.390186669,
   239.941247682,
   1.638694492
  ],
  [
   885.727532412,
   125.502052142,
   3.13222502807
  ],
  [
   428.437227883,
   331.213239694,
   0.825182107675
  ],
  [
   740.236086096,
   327.772846722,
   1.07863167191
  ],
  [
   714.421941462,
   809.532569254,
   -3.13259202571
  ],
  [
   571.25568497,
   877.819289813,
   1.0914206834
  ],
  [
   871.837028867,
   797.518295578,
   1.57284832804
  ],
  [
   704.621147181,
   726.190865227,
   -3.13246905768
  ],
  [
   551.581822327,
   647.262108529,
   2.08510055271
  ],
  [
   658.771152089,
   352.108364562,
   1.0782764831
  ],
  [
   207.219475544,
   394.385600771,
   1.05522799807
  ],
  [
   643.567077208,
   77.7326280408,
   2.79365449481
  ],
  [
   41.3216667335,
   385.042905456,
   1.57009591988
  ],
  [
   829.126560007,
   317.142070977,
   1.07999410447
  ],
  [
   91.7678424644,
   191.321222765,
   1.12731094432
  ],
  [
   429.305892094,
   958.767777994,
   0.00131283260594
  ],
  [
   492.26111429,
   277.425818857,
   0.825210229776
  ],
  [
   205.248969906,
   117.058488822,
   1.63661649308
  ],
  [
   210.213887084,
   743.924279762,
   2.18352269321
  ],
  [
   378.385667147,
   567.373930918,
   1.172874798
  ],
  [
   514.374400117,
   466.643124501,
   2.44516473375
  ],
  [
   505.372337399,
   170.234709682,
   0.817904491605
  ],
  [
   201.869447133,
   565.602688214,
   2.89591882641
  ],
  [
   370.710950433,
   831.629742446,
   2.72132595138
  ],
  [
   198.669168719,
   958.648873492,
   -0.000169507083698
  ],
  [
   674.563788668,
   538.116579602,
   0.887491217348
  ]
 ]
}