{
 "Object_Length": 210.81851067789196,
 "Object_Shape": "cuboid",
 "Object_Width": 63.245553203367585,
 "Workspace_Density": 0.4,
 "Workspace_Height": 1000,
 "Workspace_Width": 1000,
 "number_of_objects": 30,
 "point_list": [
  [
   658.529984442,
   863.68239822,
   2.19405328008
  ],
  [
   623.715267229,
   553.845688664,
   1.93751652521
  ],
  [
   469.436798251,
   825.701202335,
   2.17315092945
  ],
  [
   408.080434265,
   428.782891613,
   0.0680291949046
  ],
  [
   41.2601755841,
   114.857625252,
   1.57073767579
  ],
  [
   363.3605446,
   267.546840163,
   1.62150200369
  ],
  [
   201.619362059,
   112.644077999,
   1.59783662612
  ],
  [
   521.121890069,
   593.912416598,
   1.93213557093
  ],
  [
   879.118344418,
   739.025513114,
   0.941187827774
  ],
  [
   686.683338845,
   622.216660631,
   1.9375197525
  ],
  [
   176.288047136,
   393.925083965,
   2.43924140354
  ],
  [
   564.989257879,
   248.922738249,
   2.45258942299
  ],
  [
   643.944253962,
   40.4627063075,
   0.0063532399728
  ],
  [
   800.527305084,
   958.759464611,
   -0.00357877016372
  ],
  [
   349.468536839,
   610.97294488,
   -2.78607588054
  ],
  [
   114.181081748,
   335.638070649,
   2.45100186833
  ],
  [
   923.675565687,
   192.244181688,
   1.28610523955
  ],
  [
   881.398383122,
   499.172557648,
   2.5007789655
  ],
  [
   311.73283805,
   770.851815924,
   2.13227800849
  ],
  [
   285.116374438,
   115.867001501,
   1.59992978962
  ],
  [
   785.314161887,
   119.719281019,
   2.13394151377
  ],
  [
   732.343718247,
   316.35267243,
   0.917527769186
  ],
  [
   116.860488407,
   545.839034884,
   0.646124411004
  ],
  [
   522.481877669,
   187.247653882,
   2.45096361165
  ],
  [
   171.213084419,
   692.974546978,
   0.65418308152
  ],
  [
   848.762876808,
   322.853005432,
   1.03756448048
  ],
  [
   354.345770116,
   844.236667091,
   2.14269463967
  ],
  [
   146.920387972,
   879.552212225,
   2.10724029634
  ],
  [
   40.4611168798,
   792.472915419,
   1.56967154539
  ],
  [
   575.631798183,
   834.381269723,
   2.20411212421
  ]
 ]
}