{
 "Object_Radius": 37.61263890318375,
 "Object_Shape": "disc",
 "Workspace_Density": 0.4,
 "Workspace_Height": 1000,
 "Workspace_Width": 1000,
 "number_of_objects": 90,
 "point_list": [
  [
   247.70957219224658,
   163.44596075751824
  ],
  [
   306.761795495735,
   827.2302203449287
  ],
  [
   213.8602597122717,
   285.1147551062877
  ],
  [
   961.8828555406889,
   638.3037151684196
  ],
  [
   224.24542602846788,
   682.9240540076072
  ],
  [
   218.33684020633538,
   40.1171444593111
  ],
  [
   924.1125534470119,
   403.41898495636224
  ],
  [
   666.6043511247411,
   764.935662629341
  ],
  [
   441.19368385883337,
   675.139991781129
  ],
  [
   795.4149691357052,
   519.76046296818
  ],
  [
   767.2981021586033,
   364.9129957997314
  ],
  [
   572.4433510260724,
   796.2471966481979
  ],
  [
   395.44230584107424,
   606.789962085048
  ],
  [
   131.9839599800967,
   540.9948142530383
  ],
  [
   220.00688905046,
   804.077133789498
  ],
  [
   312.4996592402796,
   592.1603589886074
  ],
  [
   839.9551501468142,
   227.26599470433962
  ],
  [
   755.7651299323961,
   88.70970754784406
  ],
  [
   329.97483292592113,
   674.7936878892947
  ],
  [
   679.6790350339818,
   195.92023776999136
  ],
  [
   868.965458929157,
   555.5121193764315
  ],
  [
   426.95389296179684,
   327.8725598677483
  ],
  [
   303.57895794144713,
   748.4626203173394
  ],
  [
   76.32552519481806,
   403.60399570892224
  ],
  [
   140.88292336846365,
   51.1622920188094
  ],
  [
   283.25571211439444,
   393.8888115906007
  ],
  [
   876.5599071086764,
   146.54500508598795
  ],
  [
   502.22853139317056,
   573.8616590405444
  ],
  [
   961.8828555406889,
   480.9674393583676
  ],
  [
   625.4434141196032,
   259.4047434610275
  ],
  [
   497.472348085794,
   372.9475949696954
  ],
  [
   93.20666389924305,
   192.16961709402196
  ],
  [
   521.1666039410044,
   674.4371905872962
  ],
  [
   846.9284909836083,
   637.2190489343759
  ],
  [
   542.0063460183635,
   132.19079180771948
  ],
  [
   62.07973603869343,
   72.39925594661433
  ],
  [
   597.010342685128,
   717.0119038272961
  ],
  [
   727.2132594408381,
   561.3361558520324
  ],
  [
   842.7494877470447,
   40.1171444593111
  ],
  [
   230.2150870174109,
   528.0156698040716
  ],
  [
   88.04237783636503,
   917.0042260075228
  ],
  [
   463.81351347832754,
   872.2067462045545
  ],
  [
   605.2113023908818,
   868.8747715590133
  ],
  [
   400.66669383829304,
   173.4476725201487
  ],
  [
   756.5674962521996,
   759.3844654237678
  ],
  [
   961.8828555406889,
   795.514935721215
  ],
  [
   251.05869668404458,
   883.113328585778
  ],
  [
   693.3250296620377,
   483.2577871549782
  ],
  [
   403.97120469070836,
   251.68752634980143
  ],
  [
   376.045773744062,
   865.0210363182892
  ],
  [
   961.8828555406889,
   320.22614476911053
  ],
  [
   266.3045107764501,
   961.8828555406889
  ],
  [
   385.93434720440223,
   527.5196436399374
  ],
  [
   580.9111354244815,
   63.00771155344922
  ],
  [
   649.8050679847181,
   341.19766672724836
  ],
  [
   409.6759057998419,
   936.5654770741669
  ],
  [
   951.0365530117721,
   112.98161549898947
  ],
  [
   697.8278829002217,
   403.8178368199711
  ],
  [
   838.6177080726659,
   778.6421966094258
  ],
  [
   559.1116376408681,
   210.99385591212607
  ],
  [
   279.74210023603575,
   88.59889356438461
  ],
  [
   647.6351969411302,
   546.7648519760394
  ],
  [
   172.41760597279068,
   197.9159559872724
  ],
  [
   789.3872946794519,
   165.87271740811832
  ],
  [
   872.3411657379642,
   932.3025011715055
  ],
  [
   961.8828555406889,
   961.8828555406889
  ],
  [
   57.54546534363084,
   264.8269739755306
  ],
  [
   357.0424071511902,
   364.18918112464524
  ],
  [
   734.4136185399335,
   263.8092993811827
  ],
  [
   500.03113344294457,
   953.3098021800677
  ],
  [
   325.3141017942932,
   152.19322154156242
  ],
  [
   610.4361180988751,
   435.34987631182776
  ],
  [
   600.7907692442753,
   634.060198443832
  ],
  [
   570.8853544079639,
   328.5171197751727
  ],
  [
   512.5966124487575,
   460.9732515902452
  ],
  [
   414.09113986185884,
   795.8112282763157
  ],
  [
   961.8828555406889,
   560.0694262621676
  ],
  [
   812.9338298378651,
   301.3302087117565
  ],
  [
   853.4424939558863,
   369.8144600961159
  ],
  [
   463.8535096235188,
   127.2859440967907
  ],
  [
   773.7482595041625,
   443.0400652275845
  ],
  [
   856.2409586405308,
   448.0118603048634
  ],
  [
   511.79457673899316,
   276.3599419690131
  ],
  [
   327.8131187868895,
   272.46631706244045
  ],
  [
   40.1171444593111,
   553.5411464557443
  ],
  [
   876.9983098430495,
   849.1124718194033
  ],
  [
   961.8828555406889,
   716.8426318033186
  ],
  [
   568.587669780484,
   527.2346871950559
  ],
  [
   194.79828872332794,
   378.25817665922654
  ],
  [
   961.8828555406889,
   874.2366859348558
  ]
 ]
}