{
 "Object_Radius": 37.61263890318375,
 "Object_Shape": "disc",
 "Workspace_Density": 0.4,
 "Workspace_Height": 1000,
 "Workspace_Width": 1000,
 "number_of_objects": 90,
 "point_list": [
  [
   228.4907625784428,
   566.9229382542667
  ],
  [
   110.49981048933377,
   417.2388066352115
  ],
  [
   961.8828555406889,
   961.8828555406889
  ],
  [
   525.6269464753051,
   662.2941157718549
  ],
  [
   608.4393826386956,
   889.3401554858848
  ],
  [
   617.5166269828826,
   40.1171444593111
  ],
  [
   805.6933325575543,
   646.2885277126602
  ],
  [
   156.33966379156607,
   278.3920363327999
  ],
  [
   401.6625860054773,
   873.2280741535551
  ],
  [
   561.6037522963876,
   314.44251292668315
  ],
  [
   406.256512767407,
   490.55384039923
  ],
  [
   575.7367557917012,
   814.4069089461389
  ],
  [
   389.57159483872294,
   961.8828555406889
  ],
  [
   789.032045128775,
   742.990435494288
  ],
  [
   827.7095687722007,
   216.93060986445485
  ],
  [
   639.2175242992303,
   474.4327011788459
  ],
  [
   383.8231713107561,
   720.8524233075794
  ],
  [
   40.1171444593111,
   846.0533661400501
  ],
  [
   808.1190010558254,
   532.6209394834243
  ],
  [
   738.0482724789189,
   470.8813991569121
  ],
  [
   888.834254916834,
   477.03668591708856
  ],
  [
   198.49714524410751,
   212.27941908583693
  ],
  [
   633.9216834835911,
   650.9315640592602
  ],
  [
   392.1890558422785,
   568.8947151184725
  ],
  [
   154.6872860991686,
   596.9240002147869
  ],
  [
   66.33481573634973,
   339.5964963069164
  ],
  [
   687.6773482874876,
   880.0183347659092
  ],
  [
   896.7203712130791,
   291.4172370511459
  ],
  [
   731.1477000068423,
   275.0626159118361
  ],
  [
   560.1947411918457,
   121.36311782006581
  ],
  [
   270.27301186655126,
   111.54947272322723
  ],
  [
   961.8828555406889,
   46.65029417559274
  ],
  [
   203.84991959365124,
   701.9786226187798
  ],
  [
   215.48817002988667,
   486.1256805884025
  ],
  [
   846.3033356987147,
   355.02765225271344
  ],
  [
   559.3553247287416,
   235.54774837234422
  ],
  [
   302.77676933300785,
   186.50302881843626
  ],
  [
   81.55807704800235,
   242.74542075495697
  ],
  [
   542.5755948202152,
   433.2363621667664
  ],
  [
   236.23086995689602,
   376.5059897333313
  ],
  [
   214.16187068866788,
   40.1171444593111
  ],
  [
   389.7713908136566,
   355.96697512208056
  ],
  [
   860.9662801155706,
   852.4723217571308
  ],
  [
   871.394419472802,
   717.0829369518898
  ],
  [
   902.5282989276058,
   630.1620065321599
  ],
  [
   919.4534180360445,
   790.7765057790458
  ],
  [
   819.7545088789857,
   40.1171444593111
  ],
  [
   961.8828555406889,
   343.92269028676884
  ],
  [
   439.18091924304656,
   40.1171444593111
  ],
  [
   113.7878134570877,
   792.3234728546745
  ],
  [
   65.7256894589795,
   481.3955850757002
  ],
  [
   338.77793639909953,
   797.1786923236574
  ],
  [
   479.27802082267084,
   115.06805572904366
  ],
  [
   799.9948470393388,
   961.8828555406889
  ],
  [
   689.1425518355306,
   408.62414919191434
  ],
  [
   538.4968973751065,
   40.1171444593111
  ],
  [
   880.1676808596832,
   961.8828555406889
  ],
  [
   709.3726516332146,
   674.5664086589481
  ],
  [
   452.26454511621336,
   403.03307630399024
  ],
  [
   264.29895766790685,
   260.578786878877
  ],
  [
   317.3266175589777,
   531.1162394007002
  ],
  [
   225.21267856705853,
   789.0554869541832
  ],
  [
   150.33187313908394,
   961.8828555406889
  ],
  [
   734.7980135466521,
   40.1171444593111
  ],
  [
   288.1690671004611,
   456.16890374798345
  ],
  [
   466.0261710272927,
   286.0863572678548
  ],
  [
   537.5823354819966,
   961.8828555406889
  ],
  [
   143.86336787191183,
   518.5536817604092
  ],
  [
   501.56538515972676,
   585.350260837112
  ],
  [
   290.63691087997597,
   650.4142735036811
  ],
  [
   747.1790464926731,
   196.3952427271901
  ],
  [
   961.8828555406889,
   693.0720911831592
  ],
  [
   586.8179869805488,
   536.831704754303
  ],
  [
   697.4641204811008,
   537.9579380482776
  ],
  [
   619.7330813604892,
   369.71359734744203
  ],
  [
   314.5787569617695,
   377.9148217921055
  ],
  [
   487.79632747605393,
   200.49036375109645
  ],
  [
   67.13012596829986,
   940.7887981376731
  ],
  [
   649.3338433143938,
   263.4311301697001
  ],
  [
   637.7344213815584,
   961.8828555406889
  ],
  [
   623.0849949515136,
   189.50204306755148
  ],
  [
   520.1365266826913,
   874.4085760513453
  ],
  [
   704.168399935658,
   127.9673351192784
  ],
  [
   823.7882568197674,
   132.08681620685115
  ],
  [
   900.4221917019643,
   173.25196227716714
  ],
  [
   42.33227302493285,
   556.107101349305
  ],
  [
   719.201461103131,
   961.8828555406889
  ],
  [
   160.38382225294433,
   356.97116075272334
  ],
  [
   455.69281067818605,
   776.0475316011156
  ],
  [
   601.5583429755496,
   734.0277103632177
  ]
 ]
}