{
 "Object_Radius": 37.61263890318375,
 "Object_Shape": "disc",
 "Workspace_Density": 0.4,
 "Workspace_Height": 1000,
 "Workspace_Width": 1000,
 "number_of_objects": 90,
 "point_list": [
  [
   627.7450912639513,
   643.8581486995582
  ],
  [
   367.2075176867517,
   40.1171444593111
  ],
  [
   40.1171444593111,
   765.1786650940859
  ],
  [
   856.5787086480323,
   744.0606099775445
  ],
  [
   40.1171444593111,
   411.6022810388887
  ],
  [
   441.663209970851,
   172.50682625955378
  ],
  [
   838.4466516956805,
   278.8693330192379
  ],
  [
   697.478614928726,
   138.2603005181706
  ],
  [
   626.4681674038694,
   241.47140963422308
  ],
  [
   950.7427794784445,
   383.64605038819934
  ],
  [
   672.7271824547759,
   394.4968896851488
  ],
  [
   778.1925104188988,
   138.81381632565083
  ],
  [
   881.6853504690058,
   961.8828555406889
  ],
  [
   312.1809127058924,
   280.3660373296653
  ],
  [
   602.5188046541815,
   727.9273205873734
  ],
  [
   276.38175250661754,
   668.4179976491729
  ],
  [
   954.335193070838,
   646.4200361607163
  ],
  [
   272.28545207769145,
   357.42551158430973
  ],
  [
   223.7683494783559,
   828.4690930632678
  ],
  [
   407.3083605720912,
   499.2535450417625
  ],
  [
   384.1697412773971,
   709.2556677121595
  ],
  [
   490.9515880306827,
   950.8493519044698
  ],
  [
   685.187308575705,
   557.7473077495337
  ],
  [
   216.47242676680875,
   414.12306916260917
  ],
  [
   401.7791906243441,
   919.2563228103285
  ],
  [
   786.5729941338911,
   581.9366973489923
  ],
  [
   726.6213060314631,
   234.60653362514435
  ],
  [
   467.8927519385461,
   433.8493845864753
  ],
  [
   793.9656899115289,
   689.3574324211008
  ],
  [
   894.4283282197032,
   564.6513027723101
  ],
  [
   608.7665613376179,
   321.0188516025906
  ],
  [
   961.8828555406889,
   40.1171444593111
  ],
  [
   394.5122317846002,
   238.1214028334186
  ],
  [
   195.5632935724423,
   545.5317314669885
  ],
  [
   855.8723521421093,
   636.8421781628102
  ],
  [
   196.7128383508272,
   179.10968223627034
  ],
  [
   417.16766763501204,
   365.3548735474289
  ],
  [
   112.51073774560601,
   525.4050150296384
  ],
  [
   951.7730805706282,
   908.4414452520335
  ],
  [
   366.5690490845285,
   795.3857610066473
  ],
  [
   958.3230479617908,
   514.2403271656118
  ],
  [
   754.7858425280674,
   453.495312661504
  ],
  [
   365.4455562563419,
   624.9749952846565
  ],
  [
   191.9762719154628,
   752.4410264126526
  ],
  [
   40.1171444593111,
   883.6485744506883
  ],
  [
   785.2996814829912,
   801.6435696995574
  ],
  [
   731.4026277648702,
   867.9453170115298
  ],
  [
   40.1171444593111,
   281.709608052322
  ],
  [
   161.47309299294622,
   673.2383765301391
  ],
  [
   118.51056004632814,
   945.6525731663105
  ],
  [
   856.9073479280221,
   153.34990211604884
  ],
  [
   40.1171444593111,
   559.4181407057256
  ],
  [
   673.4207887003654,
   812.5525654641798
  ],
  [
   40.1171444593111,
   961.8828555406889
  ],
  [
   115.15216366029703,
   737.6296077622703
  ],
  [
   656.5036422997218,
   483.3470898044054
  ],
  [
   155.2024996475342,
   871.7205015562747
  ],
  [
   541.2256481708915,
   280.6104760684764
  ],
  [
   225.6028863127351,
   101.57511622436331
  ],
  [
   765.1130526160621,
   40.1171444593111
  ],
  [
   691.0592467848126,
   727.1625010552104
  ],
  [
   793.6185460488805,
   922.8364534402723
  ],
  [
   614.8414096115157,
   947.6946640410116
  ],
  [
   542.5905111309323,
   872.0980980994794
  ],
  [
   455.0278855925456,
   296.1102853556136
  ],
  [
   91.65562849296991,
   824.7863545929537
  ],
  [
   40.1171444593111,
   686.206617567575
  ],
  [
   341.12668007651035,
   407.9975051345516
  ],
  [
   852.2924422646165,
   497.26817985786
  ],
  [
   205.95536963900128,
   961.8828555406889
  ],
  [
   264.8424729344551,
   500.21707442581754
  ],
  [
   151.20236636585605,
   63.21089251069722
  ],
  [
   311.0882069228303,
   565.0389699587568
  ],
  [
   446.5810805779415,
   40.1171444593111
  ],
  [
   458.13762418421345,
   835.8192151164442
  ],
  [
   961.8828555406889,
   174.37551238937073
  ],
  [
   484.39678925926256,
   689.8453409355956
  ],
  [
   109.80254348794983,
   607.2337168437361
  ],
  [
   213.56457341470264,
   256.9246762635796
  ],
  [
   304.9549021366226,
   745.3387188390593
  ],
  [
   469.4529769806069,
   552.282089642276
  ],
  [
   847.6969462020453,
   60.86763133257461
  ],
  [
   878.5796686101608,
   865.3756552632041
  ],
  [
   40.1171444593111,
   125.31092236952506
  ],
  [
   306.89581974257726,
   121.26583472539652
  ],
  [
   745.7030590558043,
   365.0462369091338
  ],
  [
   525.8060907363944,
   40.1171444593111
  ],
  [
   140.563294230844,
   451.4328131954009
  ],
  [
   286.9520857220589,
   40.1171444593111
  ],
  [
   510.4642516739812,
   128.8186628260421
  ]
 ]
}