{
 "Object_Radius": 37.61263890318375,
 "Object_Shape": "disc",
 "Workspace_Density": 0.4,
 "Workspace_Height": 1000,
 "Workspace_Width": 1000,
 "number_of_objects": 90,
 "point_list": [
  [
   538.6865396300742,
   364.8788486888229
  ],
  [
   768.5073237378299,
   781.2612827174495
  ],
  [
   695.0702298307879,
   40.1171444593111
  ],
  [
   411.12675446210113,
   693.2612896578171
  ],
  [
   711.6009322386249,
   179.91413607417934
  ],
  [
   519.7243906665808,
   890.4941527477978
  ],
  [
   888.7097550458192,
   893.9080371045435
  ],
  [
   692.7176725873381,
   287.2210733357532
  ],
  [
   961.8828555406889,
   718.522907905266
  ],
  [
   335.28717782815113,
   647.7875300054731
  ],
  [
   660.8126617291166,
   961.8828555406889
  ],
  [
   513.0343010900775,
   280.1734409591551
  ],
  [
   118.3514255461988,
   40.1171444593111
  ],
  [
   227.1579597612209,
   716.029658227493
  ],
  [
   961.8828555406889,
   844.803346811488
  ],
  [
   629.1162483410521,
   140.25789240160842
  ],
  [
   157.81324625391466,
   366.7352895852372
  ],
  [
   254.37542169243082,
   641.5122385171805
  ],
  [
   562.8952959073745,
   467.8690057488181
  ],
  [
   899.1286451907255,
   40.1171444593111
  ],
  [
   961.8828555406889,
   455.8386804083917
  ],
  [
   486.78723752555004,
   799.8121331890788
  ],
  [
   299.88606008706,
   556.2504731151506
  ],
  [
   641.0003376430651,
   449.198841042357
  ],
  [
   861.7748896023737,
   228.01465674172843
  ],
  [
   961.8828555406889,
   352.7876772214166
  ],
  [
   315.67731801680054,
   961.8828555406889
  ],
  [
   289.44890223638043,
   409.8779101740957
  ],
  [
   654.7077605066119,
   540.5893878377631
  ],
  [
   819.4806401638436,
   614.9020780954935
  ],
  [
   196.58639693483687,
   40.1171444593111
  ],
  [
   375.25375594871286,
   294.6044308267283
  ],
  [
   433.21374990975437,
   948.9542717925788
  ],
  [
   112.99868120969997,
   503.1821140074029
  ],
  [
   885.2595965297149,
   143.27795510397348
  ],
  [
   497.9615419267948,
   633.0628815493459
  ],
  [
   145.9352100529262,
   737.3723029469915
  ],
  [
   961.8828555406889,
   183.74000161956255
  ],
  [
   511.2932716132024,
   719.6425174174676
  ],
  [
   839.2695707498318,
   961.8828555406889
  ],
  [
   574.2029323495897,
   961.8828555406889
  ],
  [
   275.04313850563466,
   40.1171444593111
  ],
  [
   60.05891173657555,
   298.41226866046316
  ],
  [
   328.91763728428697,
   823.3856209342819
  ],
  [
   781.0786994770846,
   40.1171444593111
  ],
  [
   115.50258479604247,
   620.0149012428574
  ],
  [
   117.87169785998373,
   215.48736929193117
  ],
  [
   196.82217220539442,
   204.50356125681614
  ],
  [
   721.6525492528713,
   388.18174160831416
  ],
  [
   770.9042966717478,
   312.1846132417889
  ],
  [
   934.645016659508,
   961.8828555406889
  ],
  [
   344.23336478943867,
   734.0103885238265
  ],
  [
   205.7481638836457,
   126.02969993560298
  ],
  [
   40.1171444593111,
   667.3169460408204
  ],
  [
   505.60735213252724,
   555.151606742876
  ],
  [
   610.618307835911,
   294.2631206182312
  ],
  [
   748.7813196673274,
   679.8263268335809
  ],
  [
   864.8261822633494,
   334.4601145386208
  ],
  [
   40.1171444593111,
   199.58580530583532
  ],
  [
   821.3168892766091,
   841.0082387126877
  ],
  [
   362.19163735437,
   207.45917457234654
  ],
  [
   414.8433080144042,
   611.7542795156807
  ],
  [
   40.1171444593111,
   40.1171444593111
  ],
  [
   674.1202003647219,
   810.7161072091438
  ],
  [
   40.1171444593111,
   755.5834048790003
  ],
  [
   395.4423851261053,
   535.7479102028802
  ],
  [
   184.97138724215972,
   440.15477936903443
  ],
  [
   445.8340675471688,
   458.5441099533912
  ],
  [
   324.66266388549326,
   134.13949956353562
  ],
  [
   961.8828555406889,
   633.3119755870233
  ],
  [
   326.0225507961188,
   481.5129289201004
  ],
  [
   160.06229387557846,
   286.6910466504331
  ],
  [
   793.9001805575385,
   159.62547475161276
  ],
  [
   592.5214859651248,
   759.6705796993826
  ],
  [
   238.1668339714695,
   503.05092646410185
  ],
  [
   752.9997079632188,
   467.0644515228936
  ],
  [
   194.02874582683467,
   586.6917917787677
  ],
  [
   752.9671133457355,
   961.8828555406889
  ],
  [
   427.24373248703876,
   860.9327411390392
  ],
  [
   510.0345128817546,
   40.1171444593111
  ],
  [
   961.8828555406889,
   553.7667590679526
  ],
  [
   582.5320413796311,
   75.18445604986924
  ],
  [
   280.4466775763565,
   208.82700066501724
  ],
  [
   724.2026959647579,
   587.3542473629217
  ],
  [
   961.8828555406889,
   274.1738641747314
  ],
  [
   40.1171444593111,
   838.2143053697326
  ],
  [
   431.7811882902201,
   40.1171444593111
  ],
  [
   646.2847442692008,
   366.4890970862254
  ],
  [
   431.5320203820194,
   365.1516934541078
  ],
  [
   353.52075082938796,
   40.1171444593111
  ]
 ]
}