{
 "Object_Radius": 37.61263890318375,
 "Object_Shape": "disc",
 "Workspace_Density": 0.4,
 "Workspace_Height": 1000,
 "Workspace_Width": 1000,
 "number_of_objects": 90,
 "point_list": [
  [
   417.57529704188636,
   299.3364077018591
  ],
  [
   755.3742277378401,
   87.23980411205203
  ],
  [
   273.4335729849943,
   285.55007504909236
  ],
  [
   961.8828555406889,
   961.8828555406889
  ],
  [
   655.1562298940686,
   223.02845775724464
  ],
  [
   40.1171444593111,
   883.822609480239
  ],
  [
   604.0744138374174,
   961.8828555406889
  ],
  [
   920.709047745843,
   882.7459766181851
  ],
  [
   75.92658698314754,
   302.4273233426339
  ],
  [
   609.3364964126597,
   40.1171444593111
  ],
  [
   629.9004840813046,
   148.98144873191274
  ],
  [
   817.8246743590219,
   40.1171444593111
  ],
  [
   535.0818833174096,
   423.4854749702467
  ],
  [
   446.0097282642914,
   692.4333647362516
  ],
  [
   946.4579875903746,
   220.7301662883518
  ],
  [
   961.8828555406889,
   713.949769423963
  ],
  [
   283.5959525044795,
   708.2398602044184
  ],
  [
   611.7048161075513,
   662.0494367822141
  ],
  [
   515.6331477680241,
   344.2287239512885
  ],
  [
   961.8828555406889,
   550.137883479099
  ],
  [
   224.51511672979564,
   771.4865844389806
  ],
  [
   749.7919396919247,
   235.37837077299454
  ],
  [
   118.74475109166549,
   786.6580982086753
  ],
  [
   543.7637345648657,
   534.7033416589707
  ],
  [
   614.6640088904106,
   576.3733109689999
  ],
  [
   184.98162240441107,
   494.6662945921495
  ],
  [
   899.9063525268892,
   283.6084376303424
  ],
  [
   477.5057697272327,
   114.90838534530695
  ],
  [
   152.74708425434807,
   239.687786738913
  ],
  [
   326.10303385905195,
   625.6726155813727
  ],
  [
   490.1536860966553,
   270.1084529072759
  ],
  [
   380.1223272368486,
   522.9607466535076
  ],
  [
   165.70912990718372,
   719.8786630602126
  ],
  [
   777.5607649523595,
   790.477739339485
  ],
  [
   280.5265548519256,
   937.0152178309507
  ],
  [
   677.6149821421732,
   78.6313362016678
  ],
  [
   961.8828555406889,
   40.1171444593111
  ],
  [
   779.2966668754656,
   632.2027922782914
  ],
  [
   613.4869114908221,
   766.5447360119638
  ],
  [
   40.1171444593111,
   644.8546513930038
  ],
  [
   777.5519509821189,
   345.76442781755463
  ],
  [
   348.89873314350416,
   248.96721988005788
  ],
  [
   367.4677956997536,
   696.6670813292835
  ],
  [
   961.8828555406889,
   793.7813153727016
  ],
  [
   727.040323445822,
   160.17638930730075
  ],
  [
   159.5189306801641,
   857.1258004851686
  ],
  [
   463.6778563972932,
   601.8437235750853
  ],
  [
   651.6528850406437,
   835.9878541534925
  ],
  [
   961.8828555406889,
   142.59475885844256
  ],
  [
   277.2398716401926,
   158.41340992857775
  ],
  [
   235.6294283603526,
   89.99711446893376
  ],
  [
   591.3997899879964,
   365.524981193771
  ],
  [
   463.39443336067006,
   513.6602040004809
  ],
  [
   40.1171444593111,
   563.7488406654574
  ],
  [
   961.8828555406889,
   632.6106785194227
  ],
  [
   673.3660471857643,
   376.77103355335726
  ],
  [
   888.0797576577544,
   81.13443184257318
  ],
  [
   301.73950408683226,
   40.1171444593111
  ],
  [
   382.7767668715615,
   103.48002506315731
  ],
  [
   366.56324323844365,
   445.8761341549778
  ],
  [
   550.1701516627813,
   866.1034945044672
  ],
  [
   181.953845070585,
   360.69362095119436
  ],
  [
   277.1175848108906,
   520.8950741886508
  ],
  [
   924.5534502898602,
   477.4199989713302
  ],
  [
   266.69549007911843,
   383.419483873149
  ],
  [
   230.00360504483393,
   606.9136871323535
  ],
  [
   133.30224891536662,
   139.19776407304613
  ],
  [
   823.9940825544378,
   261.9673713757571
  ],
  [
   746.4717207273846,
   875.9485248085839
  ],
  [
   455.40283331429015,
   435.3596449109437
  ],
  [
   363.48714563517075,
   782.3007687145873
  ],
  [
   568.9676392855126,
   269.7503537077189
  ],
  [
   470.80455997551843,
   859.4281140397734
  ],
  [
   343.54169035906716,
   350.2420454923762
  ],
  [
   40.1171444593111,
   803.5738044474059
  ],
  [
   698.3113092369042,
   294.35426068636843
  ],
  [
   161.27061084353755,
   53.59034310211798
  ],
  [
   371.128277176069,
   961.8828555406889
  ],
  [
   840.86957775777,
   733.974057596127
  ],
  [
   473.4245293319324,
   193.14988903979255
  ],
  [
   533.6741644403619,
   60.42176698238718
  ],
  [
   40.1171444593111,
   723.8775546480158
  ],
  [
   899.2685131549225,
   361.84556766784823
  ],
  [
   682.5286978070862,
   497.5594550741656
  ],
  [
   453.43259124353176,
   40.1171444593111
  ],
  [
   674.278095610601,
   911.3342922973999
  ],
  [
   877.6956922796223,
   575.2969393435907
  ],
  [
   527.051418580044,
   683.7136391027038
  ],
  [
   40.1171444593111,
   229.39718404712232
  ],
  [
   545.0920669842988,
   160.64380874823038
  ]
 ]
}