{
 "Object_Radius": 37.61263890318375,
 "Object_Shape": "disc",
 "Workspace_Density": 0.4,
 "Workspace_Height": 1000,
 "Workspace_Width": 1000,
 "number_of_objects": 90,
 "point_list": [
  [
   207.92373749960055,
   430.7719048936617
  ],
  [
   902.9151737185105,
   40.1171444593111
  ],
  [
   452.15336635859757,
   951.3387240414954
  ],
  [
   960.7114899837495,
   108.97282025795774
  ],
  [
   92.71437395362499,
   884.3220522551584
  ],
  [
   40.1171444593111,
   40.1171444593111
  ],
  [
   711.5196635934374,
   269.838474643258
  ],
  [
   518.3802890428697,
   772.0391922630932
  ],
  [
   750.2748764601484,
   200.5344092733765
  ],
  [
   436.4402265974817,
   756.9469366599862
  ],
  [
   787.1824111067185,
   40.1171444593111
  ],
  [
   403.9955672841107,
   669.234403157667
  ],
  [
   311.13445372394426,
   879.2219149365255
  ],
  [
   611.6532031408801,
   391.89565453768665
  ],
  [
   783.0426016666597,
   703.7627801765907
  ],
  [
   961.0447381393047,
   197.3330760544684
  ],
  [
   730.562678083009,
   764.6530224226866
  ],
  [
   884.7289371442347,
   961.8828555406889
  ],
  [
   652.6560731582649,
   699.3130551448595
  ],
  [
   448.4155838322977,
   128.45086235346935
  ],
  [
   585.8361316567718,
   961.8828555406889
  ],
  [
   143.26130402303383,
   367.38265331382945
  ],
  [
   802.4277357544272,
   905.9793333397798
  ],
  [
   628.7010585441747,
   272.8980753054857
  ],
  [
   288.1422078335516,
   40.1171444593111
  ],
  [
   370.43417256407037,
   933.1096405506437
  ],
  [
   254.57957800061004,
   546.7606680960876
  ],
  [
   849.6115409444125,
   320.9509691633121
  ],
  [
   945.5941273097467,
   277.68172165904
  ],
  [
   846.8459954057755,
   207.80154038274836
  ],
  [
   290.0568905801331,
   275.19880202216325
  ],
  [
   961.8828555406889,
   444.27798364497005
  ],
  [
   597.4478129564989,
   846.0141571736631
  ],
  [
   296.0383208287556,
   961.8828555406889
  ],
  [
   792.7707898619158,
   267.19289869790543
  ],
  [
   60.00077396032758,
   576.056134349782
  ],
  [
   135.7358804958155,
   106.68629952211735
  ],
  [
   474.3657191969974,
   348.2636484341393
  ],
  [
   655.8980148694379,
   788.0151737906274
  ],
  [
   274.8759457791116,
   129.20230840251457
  ],
  [
   664.1152965497912,
   961.8828555406889
  ],
  [
   725.9727339856429,
   618.6968259545822
  ],
  [
   251.8632848320862,
   756.9406378575583
  ],
  [
   318.6535842756364,
   798.6569664412535
  ],
  [
   40.1171444593111,
   466.8085729277114
  ],
  [
   513.0252920972671,
   416.75028843523376
  ],
  [
   146.62005270591558,
   827.3580992860708
  ],
  [
   40.1171444593111,
   340.7876092991609
  ],
  [
   537.8651738821574,
   569.1408002862638
  ],
  [
   277.054341212689,
   471.8235703079287
  ],
  [
   217.8004448163694,
   878.3055918876402
  ],
  [
   192.3181191568052,
   197.27352151046372
  ],
  [
   961.8828555406889,
   768.9003788916011
  ],
  [
   208.86383976260353,
   40.1171444593111
  ],
  [
   40.1171444593111,
   781.3532546755987
  ],
  [
   735.1910226066556,
   117.24156094550213
  ],
  [
   554.054879483978,
   485.0268060909622
  ],
  [
   102.9986143641065,
   961.8828555406889
  ],
  [
   515.6456263252678,
   82.7812579101525
  ],
  [
   764.4281702600146,
   836.2498661645079
  ],
  [
   555.2974121522147,
   241.03784624898017
  ],
  [
   202.29974938451255,
   278.5141100327316
  ],
  [
   686.4351635857294,
   427.2363624113962
  ],
  [
   353.80292414410115,
   455.18462465169864
  ],
  [
   374.4910086477511,
   533.682650190056
  ],
  [
   40.1171444593111,
   137.0045682221433
  ],
  [
   679.9782941582456,
   342.56680841841774
  ],
  [
   704.6102598692078,
   42.06147148776108
  ],
  [
   555.6170728798035,
   331.94816744525093
  ],
  [
   363.0731970843588,
   133.2982870196972
  ],
  [
   480.7747580258007,
   217.0870041378329
  ],
  [
   316.10249759558997,
   198.25552698061352
  ],
  [
   389.3182871018572,
   832.4548525968335
  ],
  [
   126.40926243205334,
   486.9884638087385
  ],
  [
   232.12412250374058,
   356.0886301297354
  ],
  [
   257.685644548554,
   676.8716494468777
  ],
  [
   681.1651162866438,
   875.109402390996
  ],
  [
   397.57275225998933,
   210.63079308491828
  ],
  [
   209.98690762446947,
   611.0420759192458
  ],
  [
   743.3240031350315,
   961.8828555406889
  ],
  [
   366.60218322333134,
   40.1171444593111
  ],
  [
   890.7854805836407,
   388.32105303377034
  ],
  [
   797.7825914023794,
   453.68987279419315
  ],
  [
   136.20820804876678,
   749.5504303221288
  ],
  [
   961.8828555406889,
   852.1398481291885
  ],
  [
   423.8067524229685,
   286.1755586195464
  ],
  [
   168.4322625654668,
   677.7605352285965
  ],
  [
   961.8828555406889,
   570.9099845331108
  ],
  [
   95.82989216604867,
   645.6329407482663
  ],
  [
   446.925336761011,
   40.1171444593111
  ]
 ]
}