{
 "Object_Radius": 37.61263890318375,
 "Object_Shape": "disc",
 "Workspace_Density": 0.4,
 "Workspace_Height": 1000,
 "Workspace_Width": 1000,
 "number_of_objects": 90,
 "point_list": [
  [
   411.89984762182394,
   40.1171444593111
  ],
  [
   230.0692776055775,
   60.30345676572857
  ],
  [
   188.8303770890658,
   841.6865810045769
  ],
  [
   961.8828555406889,
   555.2811660218024
  ],
  [
   831.3599944995008,
   733.8818973472944
  ],
  [
   889.9266268754895,
   429.4218415636665
  ],
  [
   358.5180201462153,
   961.8828555406889
  ],
  [
   164.49169633093973,
   684.3255675183392
  ],
  [
   761.3855410975104,
   488.2371852726704
  ],
  [
   210.20306855987639,
   420.2972969721942
  ],
  [
   169.64558069947546,
   919.8226626069727
  ],
  [
   653.1082914759875,
   888.2880622707827
  ],
  [
   961.8828555406889,
   40.1171444593111
  ],
  [
   62.86655270955845,
   735.2762599417104
  ],
  [
   961.8828555406889,
   320.40387500901494
  ],
  [
   582.2171407387614,
   273.18301716289096
  ],
  [
   961.8828555406889,
   961.8828555406889
  ],
  [
   757.4308279101122,
   286.0184722560983
  ],
  [
   711.5090076692996,
   961.8828555406889
  ],
  [
   134.4581025168288,
   301.01116675381473
  ],
  [
   354.04989276794794,
   355.82351969005094
  ],
  [
   439.26080837643144,
   961.8828555406889
  ],
  [
   327.6577203170803,
   524.0416674395041
  ],
  [
   753.8075841985933,
   207.10694311116427
  ],
  [
   394.35115431424873,
   128.20708265833548
  ],
  [
   450.0229185940007,
   744.1581147625773
  ],
  [
   961.8828555406889,
   242.15474335613087
  ],
  [
   732.3812990871373,
   855.5559218177107
  ],
  [
   321.70286230156415,
   184.29482112715812
  ],
  [
   913.3165542726048,
   101.45365079815747
  ],
  [
   889.5590391905716,
   799.5880031997694
  ],
  [
   347.5114873021288,
   600.0800660337851
  ],
  [
   866.2337353318468,
   354.6768663024943
  ],
  [
   516.677018155557,
   225.0813086345108
  ],
  [
   348.7620092229932,
   880.9732755959036
  ],
  [
   961.8828555406889,
   476.94548439686605
  ],
  [
   298.5852988223556,
   449.53097547922926
  ],
  [
   40.1171444593111,
   89.521727548843
  ],
  [
   647.9234947177216,
   58.38221776977321
  ],
  [
   40.1171444593111,
   316.17859506289113
  ],
  [
   690.2074753679501,
   736.6794143473701
  ],
  [
   852.1241031136931,
   150.1987826966357
  ],
  [
   40.1171444593111,
   867.3117560538439
  ],
  [
   245.48583275770827,
   620.7601389222282
  ],
  [
   50.99436441289762,
   954.6446239146302
  ],
  [
   242.8140495382014,
   714.587059419432
  ],
  [
   961.8828555406889,
   656.0069231654728
  ],
  [
   666.1464976290802,
   521.3761115349383
  ],
  [
   870.240299498283,
   920.9600153070702
  ],
  [
   43.132413771895806,
   404.9169253567649
  ],
  [
   873.6100023304335,
   632.8679978364437
  ],
  [
   146.72427773870538,
   474.2382423644522
  ],
  [
   437.94352024413,
   223.66406353198374
  ],
  [
   461.6293866822701,
   548.6611562573307
  ],
  [
   286.3788685289322,
   264.4565553284613
  ],
  [
   821.6918941680018,
   567.8315909347667
  ],
  [
   379.5209077517446,
   277.43649889067495
  ],
  [
   961.8828555406889,
   398.6827481451002
  ],
  [
   723.9211945196223,
   409.26844245166586
  ],
  [
   457.26903692406205,
   660.391988966578
  ],
  [
   566.3383459940407,
   40.1171444593111
  ],
  [
   521.1090169941167,
   708.1615310057219
  ],
  [
   595.6283139864929,
   835.1667535044247
  ],
  [
   766.5637567116432,
   129.37925372581552
  ],
  [
   184.4329737476048,
   221.72920727592734
  ],
  [
   223.34214568797967,
   537.8776860153387
  ],
  [
   501.1131387572022,
   96.68283069960462
  ],
  [
   65.08089578754638,
   614.7267431631703
  ],
  [
   560.8992837093474,
   157.12173363881124
  ],
  [
   138.13136729218738,
   153.0948777905851
  ],
  [
   961.8828555406889,
   163.73385000633678
  ],
  [
   843.9694669997795,
   492.8127479375222
  ],
  [
   76.9730406326436,
   243.2833199355123
  ],
  [
   166.54102326915353,
   766.3953154545472
  ],
  [
   940.1971563487373,
   733.6407801013097
  ],
  [
   785.8186099890587,
   359.78080026107995
  ],
  [
   40.1171444593111,
   173.85950579295246
  ],
  [
   677.5667292719852,
   607.7789005200984
  ],
  [
   834.0121353469957,
   226.66797880371564
  ],
  [
   274.86421392271353,
   847.8581903971493
  ],
  [
   827.7182713003962,
   852.5610179560582
  ],
  [
   961.8828555406889,
   864.3079445250332
  ],
  [
   892.1319320102001,
   280.48674727932865
  ],
  [
   679.5548459153223,
   273.64459787064226
  ],
  [
   608.2769994626321,
   752.0450601958609
  ],
  [
   642.0217416476448,
   204.10017867026707
  ],
  [
   632.3396170354298,
   336.3455095836513
  ],
  [
   517.8672819423489,
   961.8828555406889
  ],
  [
   483.55167178495805,
   339.95735430229405
  ],
  [
   533.6267697612209,
   884.0645629104413
  ]
 ]
}