{
 "Object_Radius": 145.67312407894389,
 "Object_Shape": "disc",
 "Workspace_Density": 0.6,
 "Workspace_Height": 1000,
 "Workspace_Width": 1000,
 "number_of_objects": 9,
 "point_list": [
  [
   568.1948693534337,
   568.2367449005889
  ],
  [
   152.50004904210164,
   849.4999509578984
  ],
  [
   455.50014688716254,
   849.4999509578984
  ],
  [
   152.50004904210164,
   535.0483651912696
  ],
  [
   152.50004904210164,
   152.50004904210164
  ],
  [
   849.4999509578984,
   455.52601204984376
  ],
  [
   849.4999509578984,
   152.50004904210164
  ],
  [
   457.21600367994904,
   152.50004904210164
  ],
  [
   849.4999509578984,
   849.4999509578984
  ]
 ]
}