{
 "Object_Radius": 145.67312407894389,
 "Object_Shape": "disc",
 "Workspace_Density": 0.6,
 "Workspace_Height": 1000,
 "Workspace_Width": 1000,
 "number_of_objects": 9,
 "point_list": [
  [
   538.6368856087402,
   152.50004904210164
  ],
  [
   152.50004904210164,
   152.50004904210164
  ],
  [
   709.8573710767594,
   849.4999509578984
  ],
  [
   849.4999509578984,
   455.53440591486066
  ],
  [
   381.90839597936156,
   849.4999509578984
  ],
  [
   152.50004904210164,
   651.1185136016013
  ],
  [
   324.70379445350386,
   401.80895276558283
  ],
  [
   849.4999509578984,
   152.50004904210164
  ],
  [
   570.8333984602596,
   578.8660072373364
  ]
 ]
}