{
 "Object_Radius": 145.67312407894389,
 "Object_Shape": "disc",
 "Workspace_Density": 0.6,
 "Workspace_Height": 1000,
 "Workspace_Width": 1000,
 "number_of_objects": 9,
 "point_list": [
  [
   152.50004904210164,
   455.5002610369153
  ],
  [
   461.8541242380336,
   459.3196561610651
  ],
  [
   531.0424679485682,
   849.4999509578984
  ],
  [
   849.4999509578984,
   444.96036674788496
  ],
  [
   834.6138632537004,
   748.8714343901582
  ],
  [
   770.2774769651624,
   152.50004904210164
  ],
  [
   246.64170808695377,
   743.6577650027044
  ],
  [
   459.7859986279284,
   152.50004904210164
  ],
  [
   152.50004904210164,
   152.50004904210164
  ]
 ]
}