{
 "Object_Radius": 145.67312407894389,
 "Object_Shape": "disc",
 "Workspace_Density": 0.6,
 "Workspace_Height": 1000,
 "Workspace_Width": 1000,
 "number_of_objects": 9,
 "point_list": [
  [
   849.4999509578984,
   849.4999509578984
  ],
  [
   152.50004904210164,
   200.60688362748266
  ],
  [
   549.9604975934285,
   152.50004904210164
  ],
  [
   152.50004904210164,
   546.499852869715
  ],
  [
   503.84222218545364,
   728.3005848601259
  ],
  [
   152.50004904210164,
   849.4999509578984
  ],
  [
   433.7040660821601,
   433.47669857367424
  ],
  [
   849.4999509578984,
   215.29706868847458
  ],
  [
   849.4999509578984,
   520.5351762079744
  ]
 ]
}