{
 "Object_Radius": 145.67312407894389,
 "Object_Shape": "disc",
 "Workspace_Density": 0.6,
 "Workspace_Height": 1000,
 "Workspace_Width": 1000,
 "number_of_objects": 9,
 "point_list": [
  [
   480.7455334325473,
   152.50004904210164
  ],
  [
   849.4999509578984,
   538.1485571328571
  ],
  [
   540.9683031627517,
   849.4999509578984
  ],
  [
   152.50004904210164,
   849.4999509578984
  ],
  [
   152.50004904210164,
   456.7788012908692
  ],
  [
   849.4999509578984,
   152.50004904210164
  ],
  [
   475.7387457664812,
   542.8988275518781
  ],
  [
   849.4999509578984,
   849.4999509578984
  ],
  [
   152.50004904210164,
   152.50004904210164
  ]
 ]
}