{
 "Object_Radius": 145.67312407894389,
 "Object_Shape": "disc",
 "Workspace_Density": 0.6,
 "Workspace_Height": 1000,
 "Workspace_Width": 1000,
 "number_of_objects": 9,
 "point_list": [
  [
   152.50004904210164,
   456.759493709106
  ],
  [
   152.50004904210164,
   776.6395327848043
  ],
  [
   467.3609391403716,
   849.4999509578984
  ],
  [
   546.2794886677185,
   152.50004904210164
  ],
  [
   849.4999509578984,
   849.4999509578984
  ],
  [
   243.27939057727397,
   152.50004904210164
  ],
  [
   849.4999509578984,
   152.50004904210164
  ],
  [
   849.4999509578984,
   532.4603310564426
  ],
  [
   477.0512635549127,
   458.78246181734573
  ]
 ]
}