{
 "Object_Radius": 30.90193616185517,
 "Object_Shape": "disc",
 "Workspace_Density": 0.3,
 "Workspace_Height": 1000,
 "Workspace_Width": 1000,
 "number_of_objects": 100,
 "point_list": [
  [
   596.1256584453027,
   848.476506228759
  ],
  [
   161.73829568779058,
   148.91057062274882
  ],
  [
   173.3057698282867,
   865.2078659681491
  ],
  [
   299.435991395078,
   896.1882193253407
  ],
  [
   33.13801360832937,
   887.3287243053901
  ],
  [
   800.1714116384849,
   893.9417769806957
  ],
  [
   101.43622082254596,
   33.13801360832937
  ],
  [
   872.6561245558302,
   214.0100207610417
  ],
  [
   369.2561828306872,
   903.3486141719621
  ],
  [
   33.13801360832937,
   655.3412326466611
  ],
  [
   419.8641201545622,
   700.2678158614042
  ],
  [
   409.0088161752212,
   611.0059992343159
  ],
  [
   904.0502110931399,
   884.0242679736363
  ],
  [
   485.97963266408703,
   757.0994267631614
  ],
  [
   572.250449097852,
   910.5015739492673
  ],
  [
   344.319707238314,
   798.7880645406565
  ],
  [
   188.45966266187227,
   404.9348483028019
  ],
  [
   467.5393417754399,
   200.8644482178144
  ],
  [
   968.8619863916706,
   780.5557522182969
  ],
  [
   458.24632672090524,
   524.4466878735162
  ],
  [
   665.3358827850695,
   601.9513204372465
  ],
  [
   64.06297906125239,
   271.53930483842674
  ],
  [
   610.576039721027,
   34.32471304796764
  ],
  [
   773.2240484007618,
   145.7915770864986
  ],
  [
   653.9771278041881,
   347.90923227195714
  ],
  [
   804.1447280944614,
   730.5654578084458
  ],
  [
   477.1851021936611,
   92.80801354259084
  ],
  [
   798.5068322171292,
   968.8619863916706
  ],
  [
   433.05337556881835,
   968.8619863916706
  ],
  [
   968.8619863916706,
   433.3768362534908
  ],
  [
   235.29174745628853,
   358.8406440117796
  ],
  [
   753.3520071729317,
   841.8323482201024
  ],
  [
   365.03604447256174,
   282.0668863212575
  ],
  [
   409.4881989938527,
   232.44274162961844
  ],
  [
   576.8561459560188,
   344.67284635311375
  ],
  [
   600.1821192920944,
   282.28605887293054
  ],
  [
   127.64830050963076,
   718.198706748746
  ],
  [
   68.91163224328166,
   968.8619863916706
  ],
  [
   105.61177049459883,
   875.324046037542
  ],
  [
   251.5052918606975,
   766.9985781463309
  ],
  [
   241.3375683241783,
   596.8991996150069
  ],
  [
   226.0502018248746,
   906.4268135204625
  ],
  [
   304.5702958987334,
   528.7348019933588
  ],
  [
   793.8514009043421,
   362.6245163091576
  ],
  [
   781.2310402574869,
   532.3773988865454
  ],
  [
   580.4203538803033,
   195.73564816945353
  ],
  [
   738.8018193477544,
   773.4604715644523
  ],
  [
   255.10819723477096,
   486.5929756882452
  ],
  [
   313.0544489310302,
   241.42538296913492
  ],
  [
   357.3491776167623,
   968.8619863916706
  ],
  [
   142.99984158773475,
   521.4035576877534
  ],
  [
   33.13801360832937,
   161.75018723435232
  ],
  [
   250.47642525653316,
   421.82650321464183
  ],
  [
   354.9416054337221,
   179.79818680153113
  ],
  [
   819.3283397504534,
   302.44057857950696
  ],
  [
   157.13826067780587,
   214.06250501432075
  ],
  [
   361.8676746564834,
   41.85898891532801
  ],
  [
   193.32964753314556,
   803.3867090133008
  ],
  [
   192.38977923607354,
   644.275401090549
  ],
  [
   330.39803017578674,
   614.9267926390894
  ],
  [
   928.583166770673,
   378.5532106849383
  ],
  [
   461.4359171631674,
   454.5113355164231
  ],
  [
   674.9181088428928,
   33.13801360832937
  ],
  [
   312.9837651404764,
   126.82276009351385
  ],
  [
   661.7850389990256,
   688.2206559226901
  ],
  [
   624.0600167271774,
   774.0593908135525
  ],
  [
   437.0931871081036,
   316.4015889402594
  ],
  [
   756.4182198136934,
   471.3749781746229
  ],
  [
   49.77894714131392,
   361.86304553034967
  ],
  [
   733.1905970116952,
   595.2201027360628
  ],
  [
   42.888449386672946,
   552.4899400115037
  ],
  [
   276.31841431718664,
   302.2392120181436
  ],
  [
   33.13801360832937,
   97.42045617633313
  ],
  [
   540.2583310037425,
   129.8394279213234
  ],
  [
   147.37414491000405,
   968.8619863916706
  ],
  [
   816.7565792443135,
   824.0233332471835
  ],
  [
   877.0001071284146,
   511.8663888108371
  ],
  [
   545.5384829391305,
   33.13801360832937
  ],
  [
   33.13801360832937,
   33.13801360832937
  ],
  [
   531.3413074687836,
   409.06094070028047
  ],
  [
   592.9886514795777,
   707.9405479824744
  ],
  [
   968.8619863916706,
   624.8673284373828
  ],
  [
   98.51959738745944,
   637.4979220183412
  ],
  [
   129.50440514265145,
   272.612644857683
  ],
  [
   470.3209884833139,
   382.7815999274261
  ],
  [
   413.48644523705264,
   81.5516696578924
  ],
  [
   917.1884279871375,
   820.3976578675785
  ],
  [
   933.9901871504625,
   552.0479934111329
  ],
  [
   897.6723048847851,
   730.1378811705268
  ],
  [
   652.2077193796507,
   464.54717568365595
  ],
  [
   670.9656916492017,
   870.0544652237418
  ],
  [
   319.3062082084541,
   360.5456558611285
  ],
  [
   748.5388997379998,
   33.13801360832937
  ],
  [
   137.12136044268294,
   444.5509462958277
  ],
  [
   518.5615272520938,
   240.81077047568766
  ],
  [
   174.3105742151367,
   319.4481126157089
  ],
  [
   619.70413388503,
   527.6942518935116
  ],
  [
   606.9961625816906,
   968.8619863916706
  ],
  [
   221.01614306363226,
   203.3074136754266
  ],
  [
   297.36906349912795,
   33.13801360832937
  ]
 ]
}