{
 "Object_Radius": 30.90193616185517,
 "Object_Shape": "disc",
 "Workspace_Density": 0.3,
 "Workspace_Height": 1000,
 "Workspace_Width": 1000,
 "number_of_objects": 100,
 "point_list": [
  [
   627.4012620262921,
   703.4829839730447
  ],
  [
   803.2914783857314,
   518.2215710994176
  ],
  [
   205.5423033227319,
   167.2420109824331
  ],
  [
   700.5087479883874,
   850.248107085242
  ],
  [
   525.5376432683164,
   846.6250633181079
  ],
  [
   323.97297519402537,
   659.3765840833994
  ],
  [
   244.3866025498479,
   900.0857872523356
  ],
  [
   33.13801360832937,
   734.6516248958721
  ],
  [
   935.0052794529497,
   691.8603179720269
  ],
  [
   575.5541836113998,
   744.0335222755351
  ],
  [
   888.479626380935,
   196.99878077194342
  ],
  [
   157.01804875795256,
   796.8803571650271
  ],
  [
   289.1566151476904,
   373.9707036117755
  ],
  [
   273.41131021751454,
   278.8364124958556
  ],
  [
   262.9572538245379,
   494.4087021174945
  ],
  [
   760.7980111711353,
   581.3240571681223
  ],
  [
   853.7831353441783,
   412.1067364162571
  ],
  [
   200.5517724144042,
   700.0628302816815
  ],
  [
   337.35628307150495,
   504.9522425012926
  ],
  [
   771.9943622441366,
   660.288887137947
  ],
  [
   722.4688602527549,
   337.9800335531694
  ],
  [
   400.43348917850966,
   489.1057408339826
  ],
  [
   512.6917226067837,
   51.72391401539467
  ],
  [
   182.04658879681426,
   468.7885652849036
  ],
  [
   357.57169472141027,
   293.8949832075778
  ],
  [
   758.4350292463126,
   968.8619863916706
  ],
  [
   901.6946623646462,
   968.8619863916706
  ],
  [
   269.87780051777224,
   968.8619863916706
  ],
  [
   792.9731569694601,
   776.4114658569606
  ],
  [
   354.3809102830353,
   360.76888031965655
  ],
  [
   747.2351172130548,
   484.11399941320025
  ],
  [
   609.7945682661931,
   205.0727971519958
  ],
  [
   638.553814483171,
   896.131134146678
  ],
  [
   676.5412821686044,
   745.6017709913876
  ],
  [
   136.78366833648946,
   688.9223861037091
  ],
  [
   272.87667325973024,
   140.77766236353514
  ],
  [
   144.01872472445353,
   329.1085264620485
  ],
  [
   968.8619863916706,
   782.7722316217945
  ],
  [
   414.4727691643287,
   63.79892674956759
  ],
  [
   561.7823135281424,
   362.7308924327952
  ],
  [
   33.13801360832937,
   578.9917672970021
  ],
  [
   903.3793157119936,
   798.5280126001678
  ],
  [
   920.2699004025524,
   422.4783132335894
  ],
  [
   968.8619863916706,
   968.8619863916706
  ],
  [
   340.4510825069961,
   51.273828569334476
  ],
  [
   95.0907890510784,
   274.21702136147223
  ],
  [
   467.1969024461319,
   108.56048407841726
  ],
  [
   33.13801360832937,
   512.5234251590844
  ],
  [
   584.2772025280728,
   65.97614222455184
  ],
  [
   829.4188262843189,
   961.9471561760633
  ],
  [
   33.93296703018916,
   251.24344901823252
  ],
  [
   33.13801360832937,
   446.5074191742062
  ],
  [
   120.65779661761017,
   179.93461917462704
  ],
  [
   254.36380981221836,
   217.44748663450665
  ],
  [
   33.13801360832937,
   100.08215289363253
  ],
  [
   106.55733045304834,
   33.13801360832937
  ],
  [
   33.13801360832937,
   382.036299626442
  ],
  [
   629.4356371577626,
   129.32768912016186
  ],
  [
   623.3197965871292,
   790.107513338058
  ],
  [
   34.075688528007824,
   800.0065197294679
  ],
  [
   439.12571118525625,
   908.1452967061406
  ],
  [
   830.4557300739203,
   576.7551220484642
  ],
  [
   207.96234532021512,
   341.44212094705347
  ],
  [
   586.4919139572621,
   428.58329826135116
  ],
  [
   874.2500073101315,
   350.3162660166503
  ],
  [
   263.77989686393425,
   685.3306867389905
  ],
  [
   827.6974579356736,
   81.11451488632326
  ],
  [
   433.1146714748818,
   404.37812426710167
  ],
  [
   279.40466076877846,
   753.451001383784
  ],
  [
   929.6552178291412,
   33.13801360832937
  ],
  [
   879.0382381375595,
   868.2012861970065
  ],
  [
   641.9673424891744,
   576.8751851796002
  ],
  [
   33.13801360832937,
   33.13801360832937
  ],
  [
   114.57438784252267,
   604.3632844684568
  ],
  [
   683.1658726544473,
   470.38386838256827
  ],
  [
   201.01316680317225,
   33.13801360832937
  ],
  [
   472.79504531391234,
   727.1988761150449
  ],
  [
   167.0254565575972,
   265.42490838673405
  ],
  [
   618.9939459490935,
   638.9290782761692
  ],
  [
   455.67718104568013,
   525.7167765888166
  ],
  [
   586.9458841400292,
   935.652732100345
  ],
  [
   968.8619863916706,
   96.59953698242482
  ],
  [
   421.62743586154215,
   779.4271185245236
  ],
  [
   552.3779741570656,
   287.79817846615526
  ],
  [
   95.44629594119942,
   410.14509831881213
  ],
  [
   80.41038816912008,
   338.43090533895173
  ],
  [
   169.25119173585549,
   550.6622202679379
  ],
  [
   731.5594798013443,
   710.5397101716843
  ],
  [
   627.4960221013569,
   330.6085800695392
  ],
  [
   386.3297182384355,
   680.170620380333
  ],
  [
   487.8995766603861,
   466.2233649956963
  ],
  [
   530.5805305193575,
   968.8619863916706
  ],
  [
   289.8330206812613,
   555.2519774839305
  ],
  [
   842.262230252858,
   639.9375228353833
  ],
  [
   720.0958732795164,
   270.049030441318
  ],
  [
   795.7675847923592,
   188.24527654190732
  ],
  [
   968.8619863916706,
   240.39042022488908
  ],
  [
   805.4897422971161,
   899.9532463725668
  ],
  [
   432.0823627107691,
   257.82969564401293
  ],
  [
   528.8801388889465,
   528.0527384861444
  ]
 ]
}