{
 "Object_Radius": 30.90193616185517,
 "Object_Shape": "disc",
 "Workspace_Density": 0.3,
 "Workspace_Height": 1000,
 "Workspace_Width": 1000,
 "number_of_objects": 100,
 "point_list": [
  [
   401.7168097579772,
   557.4376402070435
  ],
  [
   203.66907480988894,
   308.4296002114529
  ],
  [
   33.13801360832937,
   376.5319451769456
  ],
  [
   619.2626719312539,
   581.5241194000805
  ],
  [
   202.221096212525,
   172.14303668188316
  ],
  [
   785.6035804544382,
   479.8012196739591
  ],
  [
   220.70045181440472,
   968.8619863916706
  ],
  [
   155.89265254273428,
   968.8619863916706
  ],
  [
   686.5340897745997,
   572.8597607137814
  ],
  [
   185.74621241996425,
   99.33372480948225
  ],
  [
   33.13801360832937,
   586.9317879277768
  ],
  [
   603.5539714176915,
   68.78303748910241
  ],
  [
   827.647979362744,
   165.38246292868513
  ],
  [
   33.13801360832937,
   804.5841740227264
  ],
  [
   595.6652524331279,
   333.4279921926669
  ],
  [
   360.8505539225047,
   884.6376106003898
  ],
  [
   33.13801360832937,
   682.0817036380879
  ],
  [
   195.83288945935706,
   376.1245205147615
  ],
  [
   236.60524021368613,
   606.4987085954617
  ],
  [
   888.288411906198,
   126.91113222904356
  ],
  [
   363.22139065736684,
   33.13801360832937
  ],
  [
   143.76419249689553,
   539.5588916343658
  ],
  [
   868.9527289752806,
   33.13801360832937
  ],
  [
   703.9294183915946,
   158.43602887200637
  ],
  [
   176.48879424761355,
   238.2024864227895
  ],
  [
   968.8619863916706,
   425.2660583279671
  ],
  [
   670.2089481982937,
   39.67153853500565
  ],
  [
   749.0616550941966,
   603.031288856605
  ],
  [
   696.097978498108,
   661.8850126935137
  ],
  [
   337.5950998985389,
   621.0459179478119
  ],
  [
   471.16560570419574,
   408.7090254545408
  ],
  [
   639.4865877920307,
   175.21003374240425
  ],
  [
   824.2474775171279,
   98.89510014348738
  ],
  [
   968.8619863916706,
   161.03770549711615
  ],
  [
   968.8619863916706,
   96.52616381461634
  ],
  [
   703.8333161485116,
   805.8423411284048
  ],
  [
   128.8030109829116,
   33.13801360832937
  ],
  [
   487.18336608629045,
   812.0243107345816
  ],
  [
   253.2847991789115,
   671.1831347068239
  ],
  [
   91.6166256398981,
   968.8619863916706
  ],
  [
   33.13801360832937,
   53.006746245466424
  ],
  [
   836.3179070912669,
   652.1506418545763
  ],
  [
   414.31447632354104,
   339.6465867993285
  ],
  [
   805.1529466175989,
   325.633554405141
  ],
  [
   74.81460090286414,
   317.63486312930695
  ],
  [
   903.323144401147,
   968.8619863916706
  ],
  [
   46.38714064947367,
   184.10914027671748
  ],
  [
   301.90042694480985,
   757.8543175923381
  ],
  [
   206.4014659270631,
   780.983001210477
  ],
  [
   776.882999270607,
   700.8492710332632
  ],
  [
   764.7684420748078,
   135.18951535982006
  ],
  [
   517.8279609375385,
   968.8619863916706
  ],
  [
   163.11279640819086,
   666.5496786952972
  ],
  [
   959.9357423064052,
   511.0980029795193
  ],
  [
   314.6458149975429,
   307.06742800977156
  ],
  [
   203.65353738417897,
   33.13801360832937
  ],
  [
   838.724598764237,
   968.8619863916706
  ],
  [
   885.0129128241543,
   299.1514243549583
  ],
  [
   255.92580061081122,
   347.66157705972324
  ],
  [
   626.5514645947574,
   276.3262102372385
  ],
  [
   243.20608459391292,
   255.5522944548337
  ],
  [
   968.8619863916706,
   968.8619863916706
  ],
  [
   99.28893676717443,
   128.75838232523296
  ],
  [
   623.7685383761653,
   661.193836332529
  ],
  [
   33.13801360832937,
   942.1631514489817
  ],
  [
   226.50619619647313,
   434.0163340136117
  ],
  [
   591.4116129142593,
   968.8619863916706
  ],
  [
   773.8454877400693,
   950.8369834589528
  ],
  [
   890.7378262874399,
   397.89649588919474
  ],
  [
   530.6541625952062,
   470.11977896953647
  ],
  [
   899.6204632255101,
   904.6856511349897
  ],
  [
   835.3386807947907,
   545.5991181781975
  ],
  [
   954.7725571094724,
   675.7773636390986
  ],
  [
   297.0822414667609,
   74.97769267943278
  ],
  [
   689.4505714641617,
   368.0592754594608
  ],
  [
   803.1872613796622,
   33.13801360832937
  ],
  [
   365.4940558777272,
   383.3686972732149
  ],
  [
   802.3247945504684,
   767.5966716544092
  ],
  [
   123.89857528173384,
   194.58851358009287
  ],
  [
   137.0035387225007,
   737.7556298431007
  ],
  [
   289.3711345765235,
   938.1048528584334
  ],
  [
   909.39051094231,
   471.3917407460634
  ],
  [
   299.8702914830167,
   547.3411642246907
  ],
  [
   847.594342200537,
   451.87407676313995
  ],
  [
   208.56513665914866,
   546.0701338974623
  ],
  [
   33.13801360832937,
   118.21029043606502
  ],
  [
   408.55758972091803,
   274.8133359057668
  ],
  [
   933.229311708058,
   33.13801360832937
  ],
  [
   737.3509746877849,
   64.89797346882347
  ],
  [
   347.6910305570168,
   174.7738302043272
  ],
  [
   296.3754835742203,
   215.02395385156674
  ],
  [
   491.18670801390374,
   327.82828783311095
  ],
  [
   141.3552533541952,
   432.7652000808279
  ],
  [
   386.40581523955575,
   122.29174373448672
  ],
  [
   33.13801360832937,
   260.8710373244773
  ],
  [
   960.2422245571304,
   867.6194317704619
  ],
  [
   701.8528105720666,
   741.0778390685971
  ],
  [
   131.1447514246806,
   808.7824911097368
  ],
  [
   33.13801360832937,
   877.6498373754164
  ],
  [
   521.785959481381,
   679.252664412706
  ]
 ]
}