{
 "Object_Radius": 30.90193616185517,
 "Object_Shape": "disc",
 "Workspace_Density": 0.3,
 "Workspace_Height": 1000,
 "Workspace_Width": 1000,
 "number_of_objects": 100,
 "point_list": [
  [
   251.65602235414775,
   253.5401337092521
  ],
  [
   520.6456919388127,
   903.8489995432243
  ],
  [
   320.90541814944146,
   334.27698656168025
  ],
  [
   943.1481820138591,
   890.2014609383913
  ],
  [
   671.7552501892937,
   838.1424342827163
  ],
  [
   891.0249307975588,
   419.774022945241
  ],
  [
   176.78387212660095,
   301.5850007557372
  ],
  [
   915.8885698619632,
   794.8878881313562
  ],
  [
   968.8619863916706,
   676.8117062457552
  ],
  [
   112.75021056524848,
   589.061464074383
  ],
  [
   907.3733750155454,
   335.5584556063318
  ],
  [
   852.8179716711237,
   491.99102725541127
  ],
  [
   451.873436590047,
   780.8563088842691
  ],
  [
   249.87785210072582,
   33.13801360832937
  ],
  [
   132.23779229597545,
   904.9177333964558
  ],
  [
   149.24650072327174,
   236.62399529702225
  ],
  [
   653.515062762937,
   395.7729017474276
  ],
  [
   119.50902073554886,
   457.18725370897647
  ],
  [
   403.41453254365706,
   828.7940967725017
  ],
  [
   968.8619863916706,
   831.2915254175393
  ],
  [
   42.638928720706325,
   47.322026245880146
  ],
  [
   783.3805884564263,
   462.9787522583291
  ],
  [
   385.25311654151693,
   510.10243653803167
  ],
  [
   968.8619863916706,
   55.725879398697444
  ],
  [
   803.4680810205493,
   734.1338375936606
  ],
  [
   661.5749692635745,
   33.13801360832937
  ],
  [
   178.05253802425727,
   429.37611841290504
  ],
  [
   280.089078762298,
   965.3833547982096
  ],
  [
   407.73150197590576,
   39.965599685274235
  ],
  [
   968.8619863916706,
   544.3276937525982
  ],
  [
   259.80783088953996,
   154.6424318951622
  ],
  [
   500.21554257119124,
   824.5524825068308
  ],
  [
   781.8206868107291,
   904.2544954430028
  ],
  [
   542.1475664130513,
   33.13801360832937
  ],
  [
   541.0662329549151,
   540.3228026332057
  ],
  [
   279.58822211183167,
   795.5015920939625
  ],
  [
   472.62954436592526,
   968.8619863916706
  ],
  [
   385.63454865559237,
   315.43840343513784
  ],
  [
   33.13801360832937,
   605.061842792039
  ],
  [
   723.6710890165576,
   315.0066901296572
  ],
  [
   639.6313994143724,
   935.1712072913217
  ],
  [
   574.1338768212489,
   238.9638882751279
  ],
  [
   585.0900808178103,
   406.7452652058243
  ],
  [
   953.2704834438937,
   151.49709568808944
  ],
  [
   44.591096032354,
   235.24061442122445
  ],
  [
   122.87501428725325,
   698.681135063736
  ],
  [
   563.6208307573729,
   968.8619863916706
  ],
  [
   442.1787875537661,
   681.0985136500483
  ],
  [
   490.3272606253974,
   137.88486154018108
  ],
  [
   904.1883532580753,
   551.3457566885867
  ],
  [
   460.16371924492813,
   537.2301020293143
  ],
  [
   78.00197323351696,
   391.5842726846677
  ],
  [
   119.58841984168635,
   968.8619863916706
  ],
  [
   336.7822634704173,
   869.5531046966491
  ],
  [
   504.85173610296465,
   411.7735704356803
  ],
  [
   871.1422014109269,
   607.1385494164646
  ],
  [
   412.00476581357066,
   586.1111203000792
  ],
  [
   33.13801360832937,
   133.82033983813324
  ],
  [
   261.5233556387334,
   579.3318270601328
  ],
  [
   546.4701761269218,
   696.4640188750292
  ],
  [
   601.9742087094653,
   170.04830339103992
  ],
  [
   417.6074753234487,
   922.9370219783347
  ],
  [
   239.9062827853956,
   334.4553906213159
  ],
  [
   379.6865029222493,
   654.5936466220948
  ],
  [
   104.73492559616746,
   291.29118840270723
  ],
  [
   807.6619509235471,
   316.4367114310284
  ],
  [
   53.73838194478262,
   456.9448252993387
  ],
  [
   968.8619863916706,
   749.9674890914479
  ],
  [
   372.63428037893965,
   968.8619863916706
  ],
  [
   345.769535416908,
   791.4443821073046
  ],
  [
   405.63959120477534,
   394.84551837649616
  ],
  [
   844.6954444518267,
   190.44870750229296
  ],
  [
   949.197301913908,
   391.15309944145895
  ],
  [
   453.4651949500407,
   869.1219887150409
  ],
  [
   777.7983474361897,
   219.49035930294275
  ],
  [
   792.8335439592629,
   47.59308525859207
  ],
  [
   182.87661726542672,
   33.13801360832937
  ],
  [
   822.8759730104534,
   559.1325210994063
  ],
  [
   652.5962898915021,
   296.02861538123403
  ],
  [
   726.0191718156437,
   395.28497301852366
  ],
  [
   324.71308812953504,
   99.05890099133863
  ],
  [
   187.2174634723097,
   966.980267415369
  ],
  [
   965.0586742158675,
   469.7752410690484
  ],
  [
   553.6213673024403,
   787.930090449272
  ],
  [
   687.9751833766585,
   126.57550169051557
  ],
  [
   781.2752122837406,
   135.43659924346784
  ],
  [
   33.13801360832937,
   932.8454955057188
  ],
  [
   108.69439736743398,
   33.13801360832937
  ],
  [
   33.13801360832937,
   789.29252467258
  ],
  [
   717.3461333625403,
   530.7155273184381
  ],
  [
   34.96242855856664,
   860.452934350677
  ],
  [
   235.16587680942402,
   509.87491495728807
  ],
  [
   82.15214492157635,
   647.9503801015259
  ],
  [
   863.0800440789125,
   758.2452901947928
  ],
  [
   617.8540117843697,
   684.0861421065389
  ],
  [
   816.0829980345632,
   959.76124879176
  ],
  [
   33.13801360832937,
   540.001113936026
  ],
  [
   504.60142041886604,
   243.47699552469052
  ],
  [
   243.27982703652972,
   413.20113256561814
  ],
  [
   847.9820207316585,
   673.4685513661806
  ]
 ]
}