{
 "Object_Radius": 30.90193616185517,
 "Object_Shape": "disc",
 "Workspace_Density": 0.3,
 "Workspace_Height": 1000,
 "Workspace_Width": 1000,
 "number_of_objects": 100,
 "point_list": [
  [
   581.8677142683232,
   33.13801360832937
  ],
  [
   591.7077892511546,
   176.23861139008218
  ],
  [
   204.6035812695778,
   536.8752758369956
  ],
  [
   647.6119402834897,
   519.6294001913903
  ],
  [
   269.99957669079123,
   539.9694374303879
  ],
  [
   434.76403823021667,
   688.9234263131785
  ],
  [
   968.8619863916706,
   632.8874921471556
  ],
  [
   818.4808416148259,
   411.7534398524342
  ],
  [
   968.8619863916706,
   87.56267967667382
  ],
  [
   298.73990285411435,
   665.5960600997483
  ],
  [
   968.8619863916706,
   762.354063054847
  ],
  [
   487.6812781506726,
   141.4518751035925
  ],
  [
   753.5595520453878,
   966.7540270835518
  ],
  [
   436.3230793082611,
   809.2648275359527
  ],
  [
   83.21515496157194,
   926.60206693145
  ],
  [
   900.298576685985,
   757.8353991734682
  ],
  [
   78.57623676172007,
   378.8333410219812
  ],
  [
   872.6969956693629,
   815.8839320409488
  ],
  [
   615.2776697283273,
   795.6562520397456
  ],
  [
   509.93438725382686,
   33.13801360832937
  ],
  [
   33.13801360832937,
   573.8150505973097
  ],
  [
   854.9717261650785,
   339.80032093881005
  ],
  [
   141.12246822601963,
   80.58524902562918
  ],
  [
   944.3016656209322,
   398.26646837438966
  ],
  [
   733.1008306671732,
   580.9085655085565
  ],
  [
   556.7770679883802,
   655.4937483852193
  ],
  [
   115.09326602885172,
   297.6364876950908
  ],
  [
   908.3755321666763,
   611.1349868074927
  ],
  [
   785.0657734402178,
   343.43383003966676
  ],
  [
   736.5589103970634,
   120.58668459781914
  ],
  [
   97.3241358685145,
   567.694481920239
  ],
  [
   326.6371574872313,
   968.8619863916706
  ],
  [
   968.8619863916706,
   465.7079930033313
  ],
  [
   968.8619863916706,
   827.1561169466743
  ],
  [
   440.157740045062,
   192.30550255008794
  ],
  [
   670.0741624213165,
   134.81133058334527
  ],
  [
   456.94141935260313,
   531.8583623483046
  ],
  [
   369.853839560833,
   33.13801360832937
  ],
  [
   760.9291540706241,
   716.256867821345
  ],
  [
   592.9941756874404,
   321.4747388559599
  ],
  [
   685.7866795433828,
   33.13801360832937
  ],
  [
   695.4540591134096,
   750.0269933470667
  ],
  [
   968.8619863916706,
   893.5389623107735
  ],
  [
   420.399723057214,
   968.8619863916706
  ],
  [
   115.56176818593671,
   144.25561797813066
  ],
  [
   681.7177786355625,
   230.7843261042447
  ],
  [
   905.2013510573216,
   135.0666715784895
  ],
  [
   854.9103051802009,
   968.8619863916706
  ],
  [
   912.894212760559,
   930.5833958051055
  ],
  [
   828.3593087752951,
   525.6145645690231
  ],
  [
   657.7913309584204,
   968.8619863916706
  ],
  [
   955.5483362788605,
   210.01390237492612
  ],
  [
   122.5457557904936,
   220.64584239622093
  ],
  [
   58.620463502407766,
   177.7013740118758
  ],
  [
   316.2146947135454,
   230.75455595080976
  ],
  [
   33.13801360832937,
   107.46014130647448
  ],
  [
   295.8668619303816,
   33.13801360832937
  ],
  [
   968.8619863916706,
   968.8619863916706
  ],
  [
   149.68113582354857,
   367.2310653939484
  ],
  [
   512.7485740327004,
   781.6120704067678
  ],
  [
   333.5428604886629,
   450.62563252661494
  ],
  [
   186.24933189228182,
   33.13801360832937
  ],
  [
   109.85633564052286,
   458.0531600973413
  ],
  [
   489.9338655454899,
   651.5732920611907
  ],
  [
   883.8349501782907,
   442.4558023185115
  ],
  [
   189.54283902424822,
   143.36473663514352
  ],
  [
   742.1267784875747,
   185.68593463246074
  ],
  [
   374.588446369355,
   775.3458817879979
  ],
  [
   139.1999192122971,
   517.7203939833187
  ],
  [
   684.754062865765,
   839.0804734089977
  ],
  [
   820.3726769753878,
   133.17969489632642
  ],
  [
   309.9986270508375,
   783.9916607194587
  ],
  [
   156.5351353582064,
   940.2427688548106
  ],
  [
   33.13801360832937,
   42.37765821363762
  ],
  [
   586.8765336031578,
   464.01555292607827
  ],
  [
   383.9224668493981,
   235.62865511080543
  ],
  [
   225.79945112429905,
   205.52193788601903
  ],
  [
   468.47127320474755,
   372.35302394747015
  ],
  [
   374.07660422211524,
   660.3014333290255
  ],
  [
   33.13801360832937,
   494.3249940221203
  ],
  [
   233.20845285490455,
   465.4530144262622
  ],
  [
   448.4783312143465,
   261.36321674700264
  ],
  [
   114.01839797152893,
   658.3179709705498
  ],
  [
   706.6257028454808,
   653.8706915015584
  ],
  [
   249.99589136298837,
   942.8471145713725
  ],
  [
   783.7137703122121,
   655.8038481607622
  ],
  [
   97.76158288829745,
   33.13801360832937
  ],
  [
   968.8619863916706,
   697.5105021092478
  ],
  [
   803.4566164539018,
   911.8338990020516
  ],
  [
   259.0270304990555,
   124.99749008639326
  ],
  [
   865.9761171881315,
   885.4085514123699
  ],
  [
   902.29231171193,
   693.5894846757603
  ],
  [
   143.32960292793126,
   767.2463823485241
  ],
  [
   279.6215304527521,
   603.6768487082311
  ],
  [
   849.1261545518416,
   636.0637521343639
  ],
  [
   49.95370117759418,
   270.5663734715483
  ],
  [
   927.3182146366514,
   303.69849088767563
  ],
  [
   577.4885220344006,
   106.22399113881886
  ],
  [
   686.6648320203365,
   316.43811301033384
  ],
  [
   797.4938756880033,
   583.1797431790884
  ]
 ]
}