{
 "Object_Radius": 30.90193616185517,
 "Object_Shape": "disc",
 "Workspace_Density": 0.3,
 "Workspace_Height": 1000,
 "Workspace_Width": 1000,
 "number_of_objects": 100,
 "point_list": [
  [
   318.7308370316339,
   133.56392963194062
  ],
  [
   744.2549961049689,
   349.60937227464547
  ],
  [
   756.3848363972057,
   424.35442540433
  ],
  [
   328.6589588484597,
   448.2108979843112
  ],
  [
   968.8619863916706,
   628.6596437525088
  ],
  [
   363.9214202974397,
   192.42519459145706
  ],
  [
   213.16278206605213,
   902.5283156569664
  ],
  [
   772.5930660706356,
   561.0541891664869
  ],
  [
   928.9064131834913,
   948.6100583301821
  ],
  [
   33.13801360832937,
   109.94015229901066
  ],
  [
   530.8668568077852,
   504.78902103807786
  ],
  [
   269.33141710724834,
   33.13801360832937
  ],
  [
   543.3244845051735,
   836.7961430311806
  ],
  [
   140.81415870614344,
   492.9567944987421
  ],
  [
   234.83851402719176,
   285.854753311567
  ],
  [
   33.13801360832937,
   968.8619863916706
  ],
  [
   603.3689762029271,
   863.2585580455623
  ],
  [
   968.8619863916706,
   533.0041356010839
  ],
  [
   479.3644885082847,
   336.28860620542355
  ],
  [
   830.6826729234946,
   271.440033616046
  ],
  [
   579.0312416840029,
   968.8619863916706
  ],
  [
   447.74929713319113,
   666.8255084891144
  ],
  [
   333.61787048773056,
   33.13801360832937
  ],
  [
   507.97227434412696,
   195.91703638795184
  ],
  [
   552.8593997847239,
   120.05385876501066
  ],
  [
   643.5840693834049,
   968.8619863916706
  ],
  [
   671.7545599685313,
   764.0958242611823
  ],
  [
   328.17766670343633,
   322.80270732857275
  ],
  [
   33.13801360832937,
   607.9956939310421
  ],
  [
   226.94511491324826,
   710.2841323588148
  ],
  [
   399.2579671610329,
   311.83836924116713
  ],
  [
   968.8619863916706,
   889.8636287660601
  ],
  [
   406.67134953246705,
   905.4779242509363
  ],
  [
   892.4208908852175,
   590.2472972309407
  ],
  [
   490.33335491186335,
   92.78844390618514
  ],
  [
   354.3356138832242,
   385.7736973928799
  ],
  [
   764.961047672376,
   929.2645231570684
  ],
  [
   303.5388772571858,
   968.8619863916706
  ],
  [
   66.37376276818956,
   902.3955589582847
  ],
  [
   419.2284060144863,
   128.5855905373834
  ],
  [
   451.78508579733,
   511.84144805894107
  ],
  [
   712.6873521710588,
   101.67913785567815
  ],
  [
   816.2124887794404,
   795.518991843385
  ],
  [
   505.79103339373916,
   565.6738076091692
  ],
  [
   828.2923884203173,
   479.4525810533499
  ],
  [
   968.8619863916706,
   142.04614155032635
  ],
  [
   968.8619863916706,
   708.4558795428007
  ],
  [
   662.4958116219154,
   897.8251283173375
  ],
  [
   108.48715648652437,
   616.7677292717711
  ],
  [
   217.64626443457766,
   220.64376443021484
  ],
  [
   711.3768383345055,
   968.8619863916706
  ],
  [
   242.30909461425475,
   360.040680746159
  ],
  [
   586.8207253986924,
   188.43749147726243
  ],
  [
   830.8790795532766,
   968.8619863916706
  ],
  [
   395.1472861548534,
   968.8619863916706
  ],
  [
   194.9863136089317,
   616.0028901103309
  ],
  [
   930.1796431393902,
   214.4153042780681
  ],
  [
   182.558960571092,
   126.732450562919
  ],
  [
   213.14421479461961,
   537.7621158215707
  ],
  [
   513.2394341132064,
   915.466701001127
  ],
  [
   902.4853686627761,
   696.8768179910916
  ],
  [
   704.7944357389534,
   561.193809105269
  ],
  [
   570.848489080775,
   251.68493992035698
  ],
  [
   60.48734909948734,
   533.7772064665236
  ],
  [
   189.83180851539993,
   968.8619863916706
  ],
  [
   115.50050116829858,
   366.7690859134638
  ],
  [
   828.2326441758076,
   600.3545603620568
  ],
  [
   762.8660447315362,
   282.000648774281
  ],
  [
   347.41377378631717,
   833.0685421302012
  ],
  [
   763.5149549448035,
   33.13801360832937
  ],
  [
   773.8305524839126,
   736.2832545501739
  ],
  [
   126.66434276606597,
   33.13801360832937
  ],
  [
   608.9797184038396,
   536.3561036957448
  ],
  [
   147.83858981710074,
   677.1089841002216
  ],
  [
   730.246583979334,
   179.77506280148773
  ],
  [
   477.82047273692814,
   842.0362273858901
  ],
  [
   402.0433539493232,
   430.3885411800419
  ],
  [
   340.54908908300024,
   592.1566440460324
  ],
  [
   591.767200698704,
   33.13801360832937
  ],
  [
   527.4911747339779,
   33.13801360832937
  ],
  [
   507.66652106675923,
   631.1541986098997
  ],
  [
   702.9610474938906,
   681.1090334801121
  ],
  [
   656.0441961472667,
   33.13801360832937
  ],
  [
   135.71702563566328,
   904.7624253530254
  ],
  [
   893.7414459892132,
   33.13801360832937
  ],
  [
   311.5288496823752,
   722.2355221318452
  ],
  [
   460.7992278900927,
   767.6828811101278
  ],
  [
   398.53315511068286,
   33.13801360832937
  ],
  [
   86.31443403286288,
   232.9780435705916
  ],
  [
   543.73479498459,
   696.8071315452056
  ],
  [
   836.0591356952544,
   710.9503372810109
  ],
  [
   61.85922343376319,
   761.4563305623623
  ],
  [
   463.21512520398994,
   33.13801360832937
  ],
  [
   269.335641050219,
   419.5190975794966
  ],
  [
   235.68625882832453,
   88.23700352211125
  ],
  [
   173.29543908660605,
   323.1504687080248
  ],
  [
   647.906187955724,
   397.07903760237974
  ],
  [
   452.48676892239683,
   242.78685575335413
  ],
  [
   968.8619863916706,
   337.03793068525107
  ],
  [
   545.6303815520512,
   313.3966339842556
  ]
 ]
}