{
 "Object_Radius": 22.418620767841656,
 "Object_Shape": "disc",
 "Workspace_Density": 0.3,
 "Workspace_Height": 1000,
 "Workspace_Width": 1000,
 "number_of_objects": 190,
 "point_list": [
  [
   103.02583441965199,
   352.78261916981205
  ],
  [
   754.492630331618,
   547.9170913281501
  ],
  [
   147.93424056326253,
   500.9747240599768
  ],
  [
   545.3702764807688,
   25.660482844625818
  ],
  [
   940.9822961070773,
   561.1799616733599
  ],
  [
   190.07342746944406,
   117.57332061122536
  ],
  [
   924.9692820198933,
   645.604581948262
  ],
  [
   810.3910136380741,
   281.03770415915875
  ],
  [
   868.3300201851528,
   726.3013994639213
  ],
  [
   80.3599369398478,
   304.045876575084
  ],
  [
   976.3395171553742,
   411.0330020506778
  ],
  [
   651.6833926140904,
   749.4230367105281
  ],
  [
   86.68662285504813,
   976.3395171553742
  ],
  [
   259.6328134550957,
   208.4681785801945
  ],
  [
   395.0186116549976,
   903.8089004586017
  ],
  [
   142.3881305871707,
   319.8747800061584
  ],
  [
   252.7556263076802,
   332.85859328646933
  ],
  [
   187.7097394560702,
   460.13135835280445
  ],
  [
   605.0680770722023,
   596.166944139971
  ],
  [
   921.4393673629066,
   451.06283991081983
  ],
  [
   976.3395171553742,
   791.9693313611081
  ],
  [
   856.4338450664126,
   658.0199411967379
  ],
  [
   190.48008961975822,
   592.786435596382
  ],
  [
   246.17767985309524,
   260.8836800345818
  ],
  [
   506.5532797607395,
   352.4740644143253
  ],
  [
   493.35000983737,
   25.660482844625818
  ],
  [
   167.03405318201422,
   976.3395171553742
  ],
  [
   440.1292516594979,
   222.91688581294804
  ],
  [
   903.7849362041223,
   775.544877236505
  ],
  [
   368.9321898516836,
   561.4873992699917
  ],
  [
   817.2139909018168,
   755.2640718276253
  ],
  [
   49.73182315544003,
   531.2182777512102
  ],
  [
   454.9321329137515,
   305.0728903619364
  ],
  [
   779.7825048099152,
   240.99824649022582
  ],
  [
   77.41679950045256,
   83.99300699462731
  ],
  [
   697.8002403010935,
   558.7214606929896
  ],
  [
   197.64035818713225,
   706.3076755085214
  ],
  [
   479.40671411594224,
   129.06632391331942
  ],
  [
   67.10151616884185,
   25.711696765243207
  ],
  [
   137.34616724311138,
   431.53066018822597
  ],
  [
   707.7939278548649,
   943.2567884183734
  ],
  [
   667.5121099935483,
   335.0022982135893
  ],
  [
   714.526872645329,
   319.20601306296624
  ],
  [
   733.357400664784,
   174.81929087500433
  ],
  [
   282.98961535549853,
   533.0436111973512
  ],
  [
   879.8671149135954,
   116.22042495067961
  ],
  [
   363.105095161061,
   262.81653174493687
  ],
  [
   740.2081577128616,
   855.8353091429831
  ],
  [
   571.5465045711665,
   761.8568277813276
  ],
  [
   74.49749324090119,
   701.6238510229663
  ],
  [
   621.7247255608479,
   533.3248619217605
  ],
  [
   362.41902804263907,
   862.972378401056
  ],
  [
   452.20564060417536,
   373.67569098677916
  ],
  [
   280.93773393229435,
   782.1198044220965
  ],
  [
   328.03532207416407,
   298.2705229863698
  ],
  [
   334.8021046352656,
   161.03900680323002
  ],
  [
   227.14790686703944,
   626.3615349498193
  ],
  [
   297.0508756976332,
   245.48915429739452
  ],
  [
   47.40630715111074,
   892.8458067380361
  ],
  [
   211.8572184000104,
   940.4624305670973
  ],
  [
   421.0429333469722,
   633.9892271168482
  ],
  [
   161.86249552881182,
   48.07986722408292
  ],
  [
   555.583394935344,
   358.79714815780386
  ],
  [
   253.56827406875965,
   436.38834567449794
  ],
  [
   248.93979646798704,
   671.1059064978414
  ],
  [
   25.660482844625818,
   158.65019003881454
  ],
  [
   704.6854802473244,
   733.4882672115917
  ],
  [
   976.3395171553742,
   473.30318057153505
  ],
  [
   747.2848285277744,
   907.519167354957
  ],
  [
   813.19537334634,
   414.45179652623534
  ],
  [
   711.3393393535322,
   510.5541242130782
  ],
  [
   743.5462955472323,
   639.8113085990798
  ],
  [
   407.1402046915002,
   699.2578989435222
  ],
  [
   127.45610491505572,
   946.9056090758331
  ],
  [
   688.9075363529282,
   230.897210685006
  ],
  [
   511.44248540875844,
   549.1002134052808
  ],
  [
   753.6376764039095,
   481.38644369692696
  ],
  [
   439.5369017731497,
   755.5471693610391
  ],
  [
   612.7068151164954,
   347.6214676871165
  ],
  [
   200.79372324870315,
   377.32856162372417
  ],
  [
   331.2615682550783,
   383.40797157372936
  ],
  [
   976.3395171553742,
   525.8652787416336
  ],
  [
   192.11544199657354,
   168.51160857705617
  ],
  [
   271.22578645991246,
   604.1907371086895
  ],
  [
   976.3395171553742,
   646.2996355173719
  ],
  [
   670.8524612234638,
   179.34523253883012
  ],
  [
   77.17833884106507,
   852.3463343295173
  ],
  [
   253.0996043210223,
   976.3395171553742
  ],
  [
   516.728968044423,
   411.3400688466273
  ],
  [
   153.3880642498284,
   213.79999224562343
  ],
  [
   952.0854106542806,
   291.62726804664135
  ],
  [
   336.39311699852624,
   517.8973192995082
  ],
  [
   123.45100493594443,
   896.9990370310816
  ],
  [
   558.2630228693185,
   873.1531822481734
  ],
  [
   653.7141542830436,
   681.1866364822646
  ],
  [
   504.1681567955916,
   271.1526840009214
  ],
  [
   106.55822733669903,
   593.4587326604451
  ],
  [
   761.8613439903951,
   390.39336573304655
  ],
  [
   188.29280595650192,
   264.71040187239845
  ],
  [
   958.295949815399,
   354.2595614019871
  ],
  [
   891.910798007291,
   556.225598332222
  ],
  [
   500.3043515985105,
   201.63200860524685
  ],
  [
   833.478719332341,
   464.882077951344
  ],
  [
   365.0934765428137,
   976.3395171553742
  ],
  [
   749.0688380939255,
   976.3395171553742
  ],
  [
   399.7209130923158,
   297.09376127516344
  ],
  [
   325.4484478826641,
   602.1658622700403
  ],
  [
   502.50354005727894,
   605.5659506794578
  ],
  [
   839.9734536750308,
   83.09758557489533
  ],
  [
   418.2639780645601,
   464.7293612760137
  ],
  [
   642.061263260086,
   923.7643677701717
  ],
  [
   672.7832043027927,
   122.47240220946648
  ],
  [
   556.769848636574,
   459.1080115976008
  ],
  [
   544.6245807130243,
   511.4150520793048
  ],
  [
   233.13504939206,
   566.7511025795045
  ],
  [
   234.4193641521503,
   515.2568255999569
  ],
  [
   552.2047821794887,
   200.96544159562683
  ],
  [
   844.9754725726327,
   541.0101715489744
  ],
  [
   805.9355274127746,
   887.6715836481112
  ],
  [
   668.2231990146707,
   25.660482844625818
  ],
  [
   603.3629465586381,
   955.1854042343602
  ],
  [
   230.608489139532,
   790.8977432763677
  ],
  [
   307.46636304786614,
   96.75171565959562
  ],
  [
   426.311625736316,
   76.10232362739629
  ],
  [
   139.33851764881277,
   157.71971226252876
  ],
  [
   151.0292386336422,
   681.043423629557
  ],
  [
   877.499718209893,
   603.4881534541504
  ],
  [
   640.1864022023328,
   862.8017134956831
  ],
  [
   611.7256881829693,
   104.92002368623581
  ],
  [
   594.7390442860866,
   660.7188198603619
  ],
  [
   35.57383672247746,
   976.3395171553742
  ],
  [
   410.1589292678422,
   513.7704461329619
  ],
  [
   457.8764897161636,
   813.3642089765397
  ],
  [
   490.21094525150346,
   492.8817876684004
  ],
  [
   567.0412358670266,
   408.57295935775744
  ],
  [
   25.660482844625818,
   639.937462842485
  ],
  [
   798.1937030087948,
   525.0528406341505
  ],
  [
   786.4566210554974,
   191.91533901512562
  ],
  [
   908.0407390161413,
   189.02378278820504
  ],
  [
   973.3964566598057,
   861.3017334678397
  ],
  [
   101.09083791721868,
   521.0764330942053
  ],
  [
   702.7920680905636,
   794.7065146768618
  ],
  [
   790.7335839770371,
   63.38826419596245
  ],
  [
   130.53571532530222,
   847.3091928572921
  ],
  [
   279.0179909446083,
   386.1056214146299
  ],
  [
   88.76189416228196,
   154.92078768968065
  ],
  [
   481.0632488202499,
   76.95875389424945
  ],
  [
   51.58500899107943,
   772.0142810414429
  ],
  [
   690.5115827162143,
   645.6111600278418
  ],
  [
