{
 "Object_Radius": 22.418620767841656,
 "Object_Shape": "disc",
 "Workspace_Density": 0.3,
 "Workspace_Height": 1000,
 "Workspace_Width": 1000,
 "number_of_objects": 190,
 "point_list": [
  [
   892.75460685301,
   821.7854731025346
  ],
  [
   890.5613902534038,
   340.49159988863886
  ],
  [
   749.1439992940011,
   142.45073612022952
  ],
  [
   469.714250334626,
   291.1048754853715
  ],
  [
   42.42354522257268,
   921.2398602872734
  ],
  [
   786.3691313050521,
   887.3469138373794
  ],
  [
   437.4108420461381,
   512.6263222514583
  ],
  [
   520.3396052957374,
   458.60216084284065
  ],
  [
   766.4685440734225,
   96.26622071048952
  ],
  [
   605.0828729220638,
   490.75404496738724
  ],
  [
   315.11287373289844,
   659.9525902609288
  ],
  [
   877.6121335357542,
   976.3395171553742
  ],
  [
   789.8755250005823,
   694.9192591234455
  ],
  [
   61.467240945096506,
   341.56648263541024
  ],
  [
   150.81055828803662,
   851.5216676574847
  ],
  [
   665.7957201890808,
   584.0645885877594
  ],
  [
   414.0557786910446,
   717.5050942126919
  ],
  [
   307.9388014808595,
   216.42056819514517
  ],
  [
   365.69978718996134,
   324.19989908987515
  ],
  [
   778.0908587629809,
   976.3395171553742
  ],
  [
   243.8269253051107,
   826.7428550313861
  ],
  [
   304.9642777275924,
   458.36493247848256
  ],
  [
   311.52702333793246,
   567.5162443715107
  ],
  [
   251.05325067436678,
   370.3024782902615
  ],
  [
   238.59368325386146,
   25.660482844625818
  ],
  [
   824.9984676155009,
   206.86046644291977
  ],
  [
   217.89196408311153,
   86.40921141625878
  ],
  [
   579.3306845089628,
   439.82195993519093
  ],
  [
   100.36025727370003,
   836.6416124043635
  ],
  [
   153.0660356936971,
   696.2909312732728
  ],
  [
   976.3395171553742,
   759.3858152208503
  ],
  [
   339.97454980631454,
   829.5764107787393
  ],
  [
   439.7775956748879,
   976.3395171553742
  ],
  [
   344.69808379235315,
   777.1980355311026
  ],
  [
   523.9403905277428,
   343.23424353428805
  ],
  [
   36.03268671821205,
   268.898150137477
  ],
  [
   174.07036245385072,
   48.12941774734851
  ],
  [
   175.51344934507267,
   417.7792550743527
  ],
  [
   669.4348789462581,
   524.1474696253573
  ],
  [
   178.01862589112795,
   767.1378447526301
  ],
  [
   354.4543471687257,
   25.660482844625818
  ],
  [
   688.6514905815433,
   728.0951690638024
  ],
  [
   334.7800134517355,
   509.7299984851915
  ],
  [
   933.1675684142344,
   791.5158714928748
  ],
  [
   464.7166428290355,
   561.7888731238515
  ],
  [
   579.7692392924864,
   282.5264621685629
  ],
  [
   833.4994596944908,
   791.9155913913113
  ],
  [
   976.3395171553742,
   163.8490148715132
  ],
  [
   920.712747440359,
   125.57518530881725
  ],
  [
   726.3009599088128,
   547.0623125115791
  ],
  [
   784.2071164285502,
   778.2705904902342
  ],
  [
   838.1902971458733,
   258.9495882560814
  ],
  [
   305.93064885849424,
   38.53126922564951
  ],
  [
   681.6548651926407,
   25.660482844625818
  ],
  [
   614.6029796151834,
   225.8651284454079
  ],
  [
   262.11681971006817,
   281.44619907910936
  ],
  [
   294.93998577967125,
   323.5186207091514
  ],
  [
   337.00838810444515,
   129.93103429024706
  ],
  [
   545.177772495381,
   828.111272607838
  ],
  [
   711.3541133362412,
   462.7577684590487
  ],
  [
   702.864923233308,
   626.3565645017021
  ],
  [
   829.1929394194394,
   413.7222653626013
  ],
  [
   876.1963957705328,
   290.6476150504278
  ],
  [
   943.0287395008811,
   256.4335228395961
  ],
  [
   88.52719626950854,
   176.8887901338763
  ],
  [
   634.8491041123626,
   976.3395171553742
  ],
  [
   812.2377835261907,
   564.2241429813993
  ],
  [
   567.4754873536201,
   637.543392747547
  ],
  [
   113.83938102884213,
   550.9050143922952
  ],
  [
   828.1741301293926,
   976.3395171553742
  ],
  [
   725.0344076899315,
   761.7181204127688
  ],
  [
   532.2678287633468,
   168.76221881090697
  ],
  [
   886.4750647285829,
   699.7051029178533
  ],
  [
   662.7724428836137,
   671.6408032278766
  ],
  [
   75.72087950462725,
   702.0979771562911
  ],
  [
   694.7474436705274,
   321.6833361455759
  ],
  [
   69.63272687736371,
   619.7722968204703
  ],
  [
   928.0722831643585,
   207.8649333602881
  ],
  [
   307.225314301065,
   408.0941490018499
  ],
  [
   395.031317491506,
   396.4060851098044
  ],
  [
   835.3024963042357,
   147.88748808896563
  ],
  [
   624.6081530161737,
   37.7495920216055
  ],
  [
   775.4871053515914,
   418.3170285603337
  ],
  [
   976.3395171553742,
   976.3395171553742
  ],
  [
   353.78271292313195,
   444.781952707364
  ],
  [
   136.13613727399462,
   192.59949640166747
  ],
  [
   335.23270138671296,
   718.4188869710342
  ],
  [
   542.4955176974532,
   683.2116500872228
  ],
  [
   446.01009642133386,
   235.36856149723172
  ],
  [
   280.9120527997692,
   504.66731857133647
  ],
  [
   647.3970651526464,
   403.05885180293774
  ],
  [
   414.0458086974857,
   451.45519314651176
  ],
  [
   417.30574406324286,
   352.2062589216215
  ],
  [
   835.5806348258318,
   515.6756758792815
  ],
  [
   715.1138768651579,
   75.07192959710048
  ],
  [
   25.660482844625818,
   976.3395171553742
  ],
  [
   556.051154684734,
   234.52412616923888
  ],
  [
   281.0170229099583,
   119.10169193581156
  ],
  [
   927.0024895610296,
   976.3395171553742
  ],
  [
   527.4560894605754,
   274.7536570254075
  ],
  [
   933.7957535705617,
   305.4170385944498
  ],
  [
   976.3395171553742,
   688.6568848154143
  ],
  [
   191.20123751185272,
   481.5670514909692
  ],
  [
   619.5429425329211,
   643.5472532909173
  ],
  [
   881.1816226457544,
   923.589713720953
  ],
  [
   227.05341427114342,
   604.7018918532266
  ],
  [
   221.0560858734154,
   723.3722973465817
  ],
  [
   344.64530685326855,
   956.1578210492936
  ],
  [
   31.487893294662506,
   81.8106369314845
  ],
  [
   520.6689563089933,
   777.8915732067377
  ],
  [
   637.4491706071766,
   890.2958561342213
  ],
  [
   520.3086458876897,
   940.7325653945973
  ],
  [
   365.3637839848346,
   577.1650340306009
  ],
  [
   590.3565585957683,
   922.1900609353792
  ],
  [
   875.6153284431854,
   181.30945305997577
  ],
  [
   719.1769226976797,
   224.28303108429105
  ],
  [
   246.20659364624404,
   976.3395171553742
  ],
  [
   976.3395171553742,
   100.28448654639456
  ],
  [
   589.232806529945,
   539.1104875201935
  ],
  [
   252.9420940724247,
   452.13195012162464
  ],
  [
   503.08690030971707,
   219.63289049649194
  ],
  [
   582.2134169545673,
   188.101085742738
  ],
  [
   522.6961648676667,
   39.70322459128937
  ],
  [
   190.42697340905372,
   132.18293713150229
  ],
  [
   738.6413474554333,
   278.8128429527557
  ],
  [
   400.2304555552227,
   788.1317002368621
  ],
  [
   612.9664935786622,
   593.8106544582097
  ],
  [
   164.0236117634686,
   585.2225038401168
  ],
  [
   574.1656118546425,
   976.3395171553742
  ],
  [
   574.8298358866269,
   25.660482844625818
  ],
  [
   654.6681144220439,
   77.05625213952175
  ],
  [
   89.50883928166706,
   503.98513984905026
  ],
  [
   596.2442276708838,
   140.50101045184454
  ],
  [
   766.4868039124393,
   517.5520260407841
  ],
  [
   200.97830108333895,
   362.6303088567639
  ],
  [
   123.93100613883969,
   385.7430435417663
  ],
  [
   746.1872057889683,
   810.990357482225
  ],
  [
   976.3395171553742,
   380.70462922750045
  ],
  [
   859.6855918498587,
   646.9722091653189
  ],
  [
   821.0008974905804,
   741.7949172699965
  ],
  [
   695.1665153441597,
   833.1365769546854
  ],
  [
   264.3042403394433,
   685.8646436198511
  ],
  [
   696.9089931474092,
   886.5618294933633
  ],
  [
   784.1027947350807,
   177.24320253595977
  ],
  [
   336.58933549802896,
   264.3769135828877
  ],
  [
   485.6695638773706,
   621.948431339773
  ],
  [
   622.7146303577439,
   325.8424858420267
  ],
  [
   341.26089390008684,
   368.4614211215778
  ],
  [
   776.6080927975981,
   225.9913985198783
  ],
  [
