{
 "Object_Radius": 165.17779672231737,
 "Object_Shape": "disc",
 "Workspace_Density": 0.6,
 "Workspace_Height": 1000,
 "Workspace_Width": 1000,
 "number_of_objects": 7,
 "point_list": [
  [
   504.76605857251474,
   415.40105191774256
  ],
  [
   659.1685822965679,
   829.2150914087899
  ],
  [
   806.1962665404058,
   172.78490859121007
  ],
  [
   172.78490859121007,
   172.78490859121007
  ],
  [
   315.53450909469154,
   829.2150914087899
  ],
  [
   829.2150914087899,
   530.6762720313434
  ],
  [
   172.78490859121007,
   516.3553834001107
  ]
 ]
}