{
 "Object_Radius": 165.17779672231737,
 "Object_Shape": "disc",
 "Workspace_Density": 0.6,
 "Workspace_Height": 1000,
 "Workspace_Width": 1000,
 "number_of_objects": 7,
 "point_list": [
  [
   829.2150914087899,
   485.5747765366365
  ],
  [
   676.9529121672794,
   172.78490859121007
  ],
  [
   333.38309498355903,
   172.78490859121007
  ],
  [
   499.3127979230987,
   586.3556939877792
  ],
  [
   829.2150914087899,
   829.2150914087899
  ],
  [
   212.06747450235665,
   829.2150914087899
  ],
  [
   172.78490859121007,
   477.0595857628734
  ]
 ]
}