{
 "Object_Radius": 165.17779672231737,
 "Object_Shape": "disc",
 "Workspace_Density": 0.6,
 "Workspace_Height": 1000,
 "Workspace_Width": 1000,
 "number_of_objects": 7,
 "point_list": [
  [
   829.2150914087899,
   829.2150914087899
  ],
  [
   569.9228663541448,
   604.9509293674973
  ],
  [
   172.78490859121007,
   172.78490859121007
  ],
  [
   500.9072353288131,
   269.24979374723324
  ],
  [
   829.2150914087899,
   172.78490859121007
  ],
  [
   172.78490859121007,
   515.4538666533324
  ],
  [
   310.3319287260617,
   829.2150914087899
  ]
 ]
}