{
 "Object_Radius": 165.17779672231737,
 "Object_Shape": "disc",
 "Workspace_Density": 0.6,
 "Workspace_Height": 1000,
 "Workspace_Width": 1000,
 "number_of_objects": 7,
 "point_list": [
  [
   829.2150914087899,
   172.78490859121007
  ],
  [
   172.78490859121007,
   394.78318877958816
  ],
  [
   687.0871554517721,
   829.2150914087899
  ],
  [
   829.2150914087899,
   516.4214310716484
  ],
  [
   476.56065211268645,
   557.7028174202414
  ],
  [
   264.1745319337305,
   829.2150914087899
  ],
  [
   461.9396838318706,
   172.78490859121007
  ]
 ]
}