{
 "Object_Radius": 165.17779672231737,
 "Object_Shape": "disc",
 "Workspace_Density": 0.6,
 "Workspace_Height": 1000,
 "Workspace_Width": 1000,
 "number_of_objects": 7,
 "point_list": [
  [
   829.2150914087899,
   829.2150914087899
  ],
  [
   740.9845096316302,
   499.96778014437973
  ],
  [
   172.78490859121007,
   829.2150914087899
  ],
  [
   829.2150914087899,
   172.78490859121007
  ],
  [
   499.96777727958647,
   740.9844743023053
  ],
  [
   487.79957495740416,
   267.44423857232925
  ],
  [
   172.78490859121007,
   424.88601862995444
  ]
 ]
}