{
 "Object_Radius": 165.17779672231737,
 "Object_Shape": "disc",
 "Workspace_Density": 0.6,
 "Workspace_Height": 1000,
 "Workspace_Width": 1000,
 "number_of_objects": 7,
 "point_list": [
  [
   515.4261961922529,
   486.0409488777865
  ],
  [
   531.9103544190193,
   829.2150914087899
  ],
  [
   172.78490859121007,
   829.2150914087899
  ],
  [
   829.2150914087899,
   644.1519556937884
  ],
  [
   829.2150914087899,
   172.78490859121007
  ],
  [
   374.31430726533335,
   172.78490859121007
  ],
  [
   172.78490859121007,
   454.9533871521866
  ]
 ]
}