{
 "Object_Radius": 165.17779672231737,
 "Object_Shape": "disc",
 "Workspace_Density": 0.6,
 "Workspace_Height": 1000,
 "Workspace_Width": 1000,
 "number_of_objects": 7,
 "point_list": [
  [
   172.78490859121007,
   172.78490859121007
  ],
  [
   443.4143374110749,
   427.16442204607114
  ],
  [
   674.5697877779121,
   172.78490859121007
  ],
  [
   829.2150914087899,
   829.2150914087899
  ],
  [
   829.2150914087899,
   485.6230152856885
  ],
  [
   172.78490859121007,
   638.8245240397409
  ],
  [
   490.10087268229296,
   774.0628843817036
  ]
 ]
}