{
 "Object_Radius": 165.17779672231737,
 "Object_Shape": "disc",
 "Workspace_Density": 0.6,
 "Workspace_Height": 1000,
 "Workspace_Width": 1000,
 "number_of_objects": 7,
 "point_list": [
  [
   466.13881244016665,
   566.1161521161623
  ],
  [
   441.46141658710906,
   172.78490859121007
  ],
  [
   829.2150914087899,
   172.78490859121007
  ],
  [
   172.78490859121007,
   829.2150914087899
  ],
  [
   172.78490859121007,
   386.9184169331579
  ],
  [
   687.1367945422869,
   829.2150914087899
  ],
  [
   829.2150914087899,
   516.3547229516239
  ]
 ]
}