{
 "Object_Radius": 25.2313252202016,
 "Object_Shape": "disc",
 "Workspace_Density": 0.4,
 "Workspace_Height": 1000,
 "Workspace_Width": 1000,
 "number_of_objects": 200,
 "point_list": [
  [
   440.5703464866799,
   315.054151197426
  ],
  [
   362.4501410794721,
   28.754457742221764
  ],
  [
   562.9923810846559,
   776.7302266802093
  ],
  [
   447.59664860034053,
   672.8028928163021
  ],
  [
   392.26804535278984,
   769.1343561595914
  ],
  [
   402.510864713841,
   402.33424360274637
  ],
  [
   773.0131122823184,
   28.754457742221764
  ],
  [
   85.54076629746625,
   384.8142485320014
  ],
  [
   877.3471128190338,
   362.8263540873472
  ],
  [
   251.2293315355258,
   28.754457742221764
  ],
  [
   798.3664446391147,
   567.0725730283183
  ],
  [
   708.2815127384297,
   810.1367110150745
  ],
  [
   157.04944989768217,
   927.2913336183011
  ],
  [
   318.12104865985077,
   155.61259793572302
  ],
  [
   973.2455422577782,
   973.2455422577782
  ],
  [
   769.451249091315,
   617.518940151608
  ],
  [
   913.2473515116459,
   95.21413972918505
  ],
  [
   197.72167137987216,
   733.2850168180863
  ],
  [
   642.0761321144316,
   488.86432725116566
  ],
  [
   877.3352286133929,
   973.2455422577782
  ],
  [
   646.8409560998399,
   812.8867092193735
  ],
  [
   373.1522690158401,
   973.2455422577782
  ],
  [
   443.16675107985617,
   795.7927377093326
  ],
  [
   906.1984767171373,
   541.0723147798122
  ],
  [
   157.43753588578411,
   81.90391140723877
  ],
  [
   116.02827582701222,
   811.3325495795206
  ],
  [
   28.754457742221764,
   28.754457742221764
  ],
  [
   383.36323731475704,
   295.85828702881594
  ],
  [
   396.9299410884127,
   609.0904104274478
  ],
  [
   826.7523668129454,
   219.99525786000527
  ],
  [
   856.4109009491127,
   506.2965091139435
  ],
  [
   413.7448471089939,
   717.9482248553402
  ],
  [
   813.8107473275852,
   67.33978569742878
  ],
  [
   40.213707459539606,
   578.5053862618482
  ],
  [
   157.74644832589334,
   355.8023197139961
  ],
  [
   124.54791972454412,
   128.26593534433692
  ],
  [
   178.13325158888384,
   187.5599477768251
  ],
  [
   648.8341739903448,
   28.754457742221764
  ],
  [
   208.7499247410539,
   328.3665352477624
  ],
  [
   442.42956660362415,
   969.7578874037719
  ],
  [
   642.9163692286579,
   670.8720159075302
  ],
  [
   520.8036130962454,
   614.6953399213563
  ],
  [
   28.754457742221764,
   214.8995751653207
  ],
  [
   574.3912852807512,
   881.5006624921793
  ],
  [
   592.6996784625331,
   827.4179076860269
  ],
  [
   139.99961911923563,
   28.754457742221764
  ],
  [
   867.5174726044085,
   912.62885712955
  ],
  [
   719.4654404686951,
   497.5607017636345
  ],
  [
   197.8705264432908,
   582.5547301442718
  ],
  [
   98.79083105786601,
   621.9035085534393
  ],
  [
   303.09588689205196,
   846.7295141474456
  ],
  [
   242.34453004650302,
   667.6596592169965
  ],
  [
   973.2455422577782,
   160.2230232436493
  ],
  [
   780.0256234117642,
   280.0438753967994
  ],
  [
   670.565178788444,
   91.11572569613338
  ],
  [
   707.690887638671,
   691.6977469516453
  ],
  [
   116.0262607415526,
   294.9371860334634
  ],
  [
   28.754457742221764,
   749.9530164539325
  ],
  [
   945.6069101059633,
   740.3698012522111
  ],
  [
   489.29258485023524,
   568.4985187335011
  ],
  [
   578.489713836051,
   88.63727341791225
  ],
  [
   586.6544148920276,
   654.2670861245055
  ],
  [
   642.3605540488306,
   431.548618703016
  ],
  [
   170.85403802778143,
   285.6549838237786
  ],
  [
   288.60180284753557,
   489.0369426277089
  ],
  [
   418.0377739938682,
   28.754457742221764
  ],
  [
   566.5625981648028,
   144.56680422480156
  ],
  [
   473.5476417703096,
   28.754457742221764
  ],
  [
   717.3805154401624,
   954.2146172909394
  ],
  [
   259.3696576291514,
   216.5979153553858
  ],
  [
   113.50032205156703,
   459.2722528659745
  ],
  [
   448.58258199427655,
   440.2373395629463
  ],
  [
   262.35694840964777,
   158.9619919451091
  ],
  [
   342.45697200537626,
   210.03076795542245
  ],
  [
   306.8379573747347,
   28.754457742221764
  ],
  [
   340.82575558068004,
   616.2458339235538
  ],
  [
   521.8103468095114,
   181.4757934138686
  ],
  [
   677.1070077560804,
   863.475717089857
  ],
  [
   714.6351138528636,
   572.9210407741981
  ],
  [
   605.7266727914695,
   724.8131995431273
  ],
  [
   668.7618972640513,
   207.8712332668885
  ],
  [
   447.11499698534993,
   853.6810556775582
  ],
  [
   901.4383905490743,
   473.12722150586615
  ],
  [
   28.754457742221764,
   297.3515596677515
  ],
  [
   195.59417416505212,
   28.754457742221764
  ],
  [
   308.42856260326886,
   570.1754743253631
  ],
  [
   232.6530760372359,
   534.5317022613749
  ],
  [
   461.5568251471236,
   94.80148548656226
  ],
  [
   855.3474989871612,
   568.3106746100926
  ],
  [
   64.16691422888597,
   168.85937149119925
  ],
  [
   710.0742967480702,
   754.4037114364971
  ],
  [
   358.6694839149876,
   468.2437181344242
  ],
  [
   920.5891877818574,
   40.08469761095708
  ],
  [
   952.7523437844209,
   451.62286202776556
  ],
  [
   213.19066366319817,
   83.87603957846157
  ],
  [
   344.9046179434705,
   88.65647660299034
  ],
  [
   404.0532104974072,
   84.87172414814476
  ],
  [
   452.77246918805145,
   613.5469413902828
  ],
  [
   760.1307787282229,
   718.8260608955494
  ],
  [
   428.08723383598044,
   516.0492710144766
  ],
  [
   84.42264627347491,
   28.754457742221764
  ],
  [
   250.87129353319986,
   818.9229285032729
  ],
  [
   263.65928290409374,
   342.161222916495
  ],
  [
   207.41161215188902,
   139.97097655451284
  ],
  [
   859.7423989615459,
   131.50506998788524
  ],
  [
   142.14268574964092,
   579.2239359250741
  ],
  [
   589.3115608416305,
   513.4553525082435
  ],
  [
   345.04844719778225,
   411.99595929152895
  ],
  [
   914.6533812946415,
   156.69153068881167
  ],
  [
   935.431581943966,
   214.81050679533567
  ],
  [
   163.44956705600208,
   865.5183814386045
  ],
  [
   185.56519727506878,
   799.4905774958801
  ],
  [
   357.83181555692664,
   867.4451226867302
  ],
  [
   973.2455422577782,
   897.5510536740338
  ],
  [
   871.1712332556541,
   680.5083800074281
  ],
  [
   973.2455422577782,
   837.4550626947922
  ],
  [
   203.46433895597104,
   237.3055141378749
  ],
  [
   925.7042958896924,
   935.6524844089328
  ],
  [
   709.5218207594825,
   245.69693678463204
  ],
  [
   784.3298836093005,
   843.0349697139976
  ],
  [
   28.754457742221764,
   520.2037750117083
  ],
  [
   119.58367822651932,
   184.38481791097232
  ],
  [
   286.89327688368246,
   633.984066380601
  ],
  [
   127.14894570702222,
   240.54895102432928
  ],
  [
   282.52867189444225,
   956.0588826340223
  ],
  [
   757.6328579478294,
   783.2823862416675
  ],
  [
   290.53715215756364,
   732.1287109942155
  ],
  [
   769.6909136383387,
   192.4083599436736
  ],
  [
   28.754457742221764,
   638.1351759701963
  ],
  [
   222.86793925416933,
   938.17679845529
  ],
  [
   818.1258137046767,
   332.8339545447315
  ],
  [
   416.1135095675495,
   244.35885629198097
  ],
  [
   969.5600734091399,
   369.51572622455853
  ],
  [
   28.754457742221764,
   122.54568734527312
  ],
  [
   452.79995340024027,
   186.5816975467991
  ],
  [
   73.48824702111816,
   330.6008770824945
  ],
  [
   973.2455422577782,
   646.045433752531
  ],
  [
   548.8599328978052,
   715.197176514811
  ],
  [
   679.7830261412805,
   148.8314151751323
  ],
  [
   83.5704316281048,
   955.5526619326448
  ],
  [
   816.0178747335292,
   950.0827691771144
  ],
  [
   28.754457742221764,
   694.046960048171
  ],
  [
   927.5115048795333,
   679.2654736687206
  ],
  [
   710.814017944129,
   434.1954537135908
  ],
  [
   69.89113311649851,
   258.6744152093255
  ],
  [
   877.6575415094042,
   744.4273643901205
  ],
  [
   545.8360801447485,
   551.9713667200032
  ],
  [
   83.19180483224496,
   89.39657297218362
  ],
  [
   591.9368407677823,
   393.6211413496184
