{
 "Object_Radius": 25.2313252202016,
 "Object_Shape": "disc",
 "Workspace_Density": 0.4,
 "Workspace_Height": 1000,
 "Workspace_Width": 1000,
 "number_of_objects": 200,
 "point_list": [
  [
   663.9140282890718,
   72.09929560415601
  ],
  [
   239.94192978553738,
   439.18126967423746
  ],
  [
   28.754457742221764,
   848.1270045673386
  ],
  [
   854.1121948786009,
   91.59556887686603
  ],
  [
   281.930901977132,
   342.22373920008454
  ],
  [
   400.0980056763834,
   218.97756859143
  ],
  [
   707.1413222445539,
   614.2989362223591
  ],
  [
   458.87338265005155,
   419.11876333176696
  ],
  [
   162.18613295882307,
   150.56114680184345
  ],
  [
   568.7550207172526,
   271.55454655987836
  ],
  [
   352.1640754608779,
   938.3224621871694
  ],
  [
   255.28788982433994,
   740.6034857058147
  ],
  [
   682.6440733084769,
   265.30029627886626
  ],
  [
   134.8448229212984,
   408.90538546746956
  ],
  [
   729.6236751509598,
   222.84824983764355
  ],
  [
   973.2455422577782,
   86.45688734846667
  ],
  [
   973.2455422577782,
   680.4045882688614
  ],
  [
   373.1378765718649,
   557.6368518908487
  ],
  [
   772.6438384097736,
   530.1111443661929
  ],
  [
   592.283554714626,
   522.5057821049083
  ],
  [
   732.5239679585342,
   973.2455422577782
  ],
  [
   311.963575264204,
   28.754457742221764
  ],
  [
   98.2077832947765,
   608.2923993693993
  ],
  [
   856.0019580377772,
   606.976476911522
  ],
  [
   799.3114331827527,
   403.05396754507535
  ],
  [
   549.7887804633287,
   83.80110703022055
  ],
  [
   499.0737005950455,
   120.62418365095492
  ],
  [
   732.6933490872938,
   448.7955960714253
  ],
  [
   28.754457742221764,
   647.589506915585
  ],
  [
   377.8448895388925,
   403.2013535061773
  ],
  [
   568.0929794793947,
   154.57467639537606
  ],
  [
   943.4871482393378,
   920.259437888336
  ],
  [
   801.5726421702601,
   223.90880987923393
  ],
  [
   721.248641611575,
   504.92285006736444
  ],
  [
   491.00576920959264,
   682.2632249328836
  ],
  [
   973.2455422577782,
   614.3601285755877
  ],
  [
   844.9051762386798,
   28.754457742221764
  ],
  [
   50.874579888148034,
   488.00180757874756
  ],
  [
   28.754457742221764,
   915.2337769868572
  ],
  [
   360.39433551813397,
   109.56329377210145
  ],
  [
   435.21909969956863,
   676.0818804159948
  ],
  [
   98.76922371262125,
   230.8267088215782
  ],
  [
   492.9175180581818,
   355.0828591278846
  ],
  [
   551.5225687005019,
   384.0863127339237
  ],
  [
   609.203822557661,
   88.82919326308175
  ],
  [
   617.3392098204044,
   469.4872346699975
  ],
  [
   139.7275997272056,
   551.2960984067554
  ],
  [
   506.6044588097507,
   831.9436048256855
  ],
  [
   973.2455422577782,
   973.2455422577782
  ],
  [
   83.38484346056185,
   804.9843904282347
  ],
  [
   407.4385654683349,
   346.31649971014866
  ],
  [
   973.2455422577782,
   736.1630116674148
  ],
  [
   707.2579349101428,
   779.9250133908611
  ],
  [
   848.5468082174579,
   435.05451563582136
  ],
  [
   629.326402961244,
   301.03164319354306
  ],
  [
   546.0662010221203,
   876.9212689279937
  ],
  [
   28.754457742221764,
   782.9222102985968
  ],
  [
   28.754457742221764,
   197.0563339423949
  ],
  [
   910.3171376064563,
   113.46633757538493
  ],
  [
   533.2771373816661,
   523.8733552616534
  ],
  [
   145.1978390182829,
   663.8373809073515
  ],
  [
   436.8847249383633,
   480.64225710649816
  ],
  [
   337.50130575409565,
   882.8480567913589
  ],
  [
   551.3402542880789,
   444.447645851462
  ],
  [
   153.61068655029962,
   252.4757272658588
  ],
  [
   644.9481348894948,
   358.73328786270264
  ],
  [
   678.993789488295,
   694.3008059822745
  ],
  [
   751.3319414686298,
   905.7599480732471
  ],
  [
   409.24460340705417,
   76.33763965772867
  ],
  [
   190.45942714306847,
   207.78779832555625
  ],
  [
   541.1967428322998,
   954.4588795856271
  ],
  [
   795.0917351201692,
   643.6473762794479
  ],
  [
   676.065236062787,
   472.29324623525645
  ],
  [
   901.2528277518539,
   552.1387184232191
  ],
  [
   371.4311868611189,
   28.754457742221764
  ],
  [
   28.754457742221764,
   973.2455422577782
  ],
  [
   564.3617042496744,
   578.3102945927156
  ],
  [
   28.754457742221764,
   252.59793188178028
  ],
  [
   648.7001917250847,
   783.0417890858673
  ],
  [
   411.91176035883774,
   886.0457158193343
  ],
  [
   757.8638051871417,
   585.9288150726433
  ],
  [
   315.84722225424093,
   773.4291634553541
  ],
  [
   452.8695211515383,
   615.612643436704
  ],
  [
   869.6236627653192,
   223.56472727864306
  ],
  [
   555.2003722352766,
   693.9348233577928
  ],
  [
   174.6471875471003,
   92.12208900703415
  ],
  [
   932.8687125235178,
   434.44577509431235
  ],
  [
   28.754457742221764,
   28.754457742221764
  ],
  [
   566.1684505409161,
   639.1245936802658
  ],
  [
   875.0816821564802,
   167.65306374907803
  ],
  [
   593.5543492908735,
   973.2455422577782
  ],
  [
   770.9581312406506,
   766.8432424758624
  ],
  [
   733.857510828253,
   851.2026155048826
  ],
  [
   913.9312128275222,
   611.9161808854781
  ],
  [
   815.7115587181656,
   146.79098367612562
  ],
  [
   498.43750903738703,
   471.10249508304753
  ],
  [
   856.6254658575072,
   342.22849671437194
  ],
  [
   799.3948403514428,
   63.48826373694224
  ],
  [
   770.7077964627415,
   113.92566248741926
  ],
  [
   901.1360822572846,
   719.6302287036316
  ],
  [
   143.41344807238838,
   495.70265844034924
  ],
  [
   268.9698263363439,
   494.75323360829873
  ],
  [
   220.89227754297926,
   973.2455422577782
  ],
  [
   824.5410648021738,
   910.7481744604906
  ],
  [
   466.45029732676767,
   545.7683964657572
  ],
  [
   601.9589256707378,
   217.3783651592656
  ],
  [
   239.15273117012487,
   381.98955480063995
  ],
  [
   352.5551766160862,
   725.6471894527753
  ],
  [
   973.2455422577782,
   870.5903030400793
  ],
  [
   80.81081592006134,
   441.0515346963661
  ],
  [
   749.2100965077276,
   167.38180728909353
  ],
  [
   106.13269331991906,
   973.2455422577782
  ],
  [
   183.28313492834582,
   377.6381685657225
  ],
  [
   293.7153389352749,
   190.87233886264482
  ],
  [
   576.3981062779645,
   329.2116946215299
  ],
  [
   116.60535046021823,
   303.5383072166565
  ],
  [
   28.754457742221764,
   419.23786744355453
  ],
  [
   362.52676499262634,
   464.74365497879097
  ],
  [
   196.43975413407264,
   523.8145482570103
  ],
  [
   630.6991199546823,
   169.87353241906467
  ],
  [
   795.9695932589217,
   858.0757069655422
  ],
  [
   28.754457742221764,
   308.18513819579505
  ],
  [
   885.6129804220991,
   901.8987733768885
  ],
  [
   674.3055304828713,
   209.41592745489635
  ],
  [
   918.0074667113819,
   839.3780629962394
  ],
  [
   973.2455422577782,
   798.1687445678775
  ],
  [
   834.8318615177362,
   552.996742810824
  ],
  [
   28.754457742221764,
   707.9305642787614
  ],
  [
   495.18001506746987,
   291.109595364404
  ],
  [
   847.4439854328032,
   696.5810154902283
  ],
  [
   508.4571962655565,
   619.3978236913308
  ],
  [
   689.8703961524532,
   933.3701421565975
  ],
  [
   452.27370709398656,
   844.8733336204343
  ],
  [
   652.042456903429,
   643.3051175761519
  ],
  [
   337.8729724596236,
   345.5959655989891
  ],
  [
   390.1146766147676,
   613.5886656624867
  ],
  [
   801.3889123338183,
   972.9809810396296
  ],
  [
   973.2455422577782,
   505.89750969348785
  ],
  [
   85.59803932744327,
   742.6076732322974
  ],
  [
   464.09977577780427,
   217.64895507596037
  ],
  [
   731.8575533258104,
   719.8200117552218
  ],
  [
   541.0752569645679,
   748.742508651657
  ],
  [
   139.77251113434613,
   28.754457742221764
  ],
  [
   758.5261084428627,
   275.6044251867399
  ],
  [
   28.754457742221764,
   141.48854972200303
  ],
  [
   860.5923777447282,
   973.2455422577782
  ],
  [
   686.5753539314946,
   126.94806604759499
  ],
  [
   819.1088692282752,
   807.2122543836716
  ],
  [
   221.66311706518707,
   863.5878343772986
