{
 "Object_Radius": 25.2313252202016,
 "Object_Shape": "disc",
 "Workspace_Density": 0.4,
 "Workspace_Height": 1000,
 "Workspace_Width": 1000,
 "number_of_objects": 200,
 "point_list": [
  [
   380.84521975614484,
   161.0132632538072
  ],
  [
   826.760965376676,
   157.46896692846437
  ],
  [
   814.6842332635957,
   375.4537073926578
  ],
  [
   925.9497614690359,
   28.754457742221764
  ],
  [
   348.2957676272109,
   724.0813919288048
  ],
  [
   119.65979676850021,
   773.4640223239533
  ],
  [
   945.6813059873061,
   503.99698636754874
  ],
  [
   756.996942866754,
   229.55448868970933
  ],
  [
   866.5216864845158,
   777.3583497837584
  ],
  [
   666.7387472716921,
   619.5902478427479
  ],
  [
   134.14297642796282,
   903.1331378601669
  ],
  [
   578.1400344768879,
   457.2234851236775
  ],
  [
   493.2180281154983,
   154.36554622269944
  ],
  [
   468.4228496828823,
   613.2555517820846
  ],
  [
   694.7732112753906,
   672.6680013764892
  ],
  [
   973.2455422577782,
   553.1569925206902
  ],
  [
   696.7054654433659,
   421.2364037639675
  ],
  [
   580.2766641365774,
   231.25324134965896
  ],
  [
   541.7077484862305,
   906.0227382435303
  ],
  [
   823.9398052661468,
   973.2455422577782
  ],
  [
   945.0882293370893,
   174.25717338970176
  ],
  [
   270.9746082264375,
   808.7638373911868
  ],
  [
   714.0937806914369,
   508.70930740568355
  ],
  [
   564.2262990238729,
   850.0058640134655
  ],
  [
   28.754457742221764,
   42.946460565802305
  ],
  [
   221.42727953312433,
   670.0307254520594
  ],
  [
   638.6286572427559,
   480.4556927893593
  ],
  [
   137.93256367353547,
   28.754457742221764
  ],
  [
   72.98520555176381,
   894.5899448398192
  ],
  [
   658.9727911414165,
   728.6835530789166
  ],
  [
   613.9602568365449,
   662.5108443251717
  ],
  [
   28.754457742221764,
   402.9339453627817
  ],
  [
   735.3881930268839,
   950.0807652160373
  ],
  [
   973.2455422577782,
   393.5759268122886
  ],
  [
   788.5994792620422,
   831.2072917934512
  ],
  [
   483.32481673017486,
   923.1292191592642
  ],
  [
   288.53872148060987,
   112.1750172818596
  ],
  [
   361.3952467566555,
   303.8448715597939
  ],
  [
   920.1963520512746,
   742.7434172303551
  ],
  [
   513.5473684671342,
   813.5449430730608
  ],
  [
   429.1643981971629,
   766.4704062470822
  ],
  [
   297.72554157924327,
   858.9196372680213
  ],
  [
   164.79848334391656,
   699.5352283253395
  ],
  [
   389.09353293192845,
   492.01910925973215
  ],
  [
   697.5878634174117,
   68.33996507145936
  ],
  [
   354.16842372972866,
   869.0705074541892
  ],
  [
   349.57529061742497,
   638.2120166362347
  ],
  [
   522.2855627417267,
   28.754457742221764
  ],
  [
   436.3085391959067,
   564.8885184979571
  ],
  [
   28.754457742221764,
   98.45613735027555
  ],
  [
   795.4053184640522,
   575.2922267895793
  ],
  [
   973.2455422577782,
   612.3872933394588
  ],
  [
   883.1439547844562,
   505.3791735566298
  ],
  [
   106.77894632051245,
   457.1986835198817
  ],
  [
   800.2895001571143,
   93.90898522269057
  ],
  [
   633.4480462236066,
   28.754457742221764
  ],
  [
   495.9593696021474,
   560.961911924872
  ],
  [
   367.750567551062,
   940.7191568522364
  ],
  [
   176.5591544791174,
   583.3497125022417
  ],
  [
   698.552621664676,
   298.8108692943595
  ],
  [
   859.0730555373544,
   664.9016180284086
  ],
  [
   867.3103561676886,
   352.91312854831915
  ],
  [
   648.1181099418026,
   923.444744387868
  ],
  [
   859.8562433799916,
   28.754457742221764
  ],
  [
   692.2217588067736,
   778.1307757982025
  ],
  [
   795.7333660955993,
   432.1320802604176
  ],
  [
   423.14131354655194,
   197.20074867671744
  ],
  [
   528.3390227626627,
   416.61237204949987
  ],
  [
   687.1202411662293,
   191.50240095556612
  ],
  [
   87.15508522303219,
   197.4036564991861
  ],
  [
   202.91121952026086,
   921.0970918896836
  ],
  [
   574.0716419290608,
   172.8144002687714
  ],
  [
   738.4945287123876,
   597.4055807415298
  ],
  [
   973.2455422577782,
   58.61670683508226
  ],
  [
   28.754457742221764,
   338.88542931967777
  ],
  [
   751.6771360079678,
   660.1891988630077
  ],
  [
   577.7944724660018,
   28.754457742221764
  ],
  [
   109.37303552039144,
   397.8753451059035
  ],
  [
   933.3213562651728,
   231.74352078106173
  ],
  [
   86.70410433630688,
   344.8898517565501
  ],
  [
   243.7965305473829,
   881.5496009873879
  ],
  [
   833.4445784807494,
   534.6806130664743
  ],
  [
   749.9272582251815,
   400.0029751771939
  ],
  [
   198.03910987025674,
   189.59561460819742
  ],
  [
   244.92724119754098,
   367.0263190978354
  ],
  [
   233.00525568622325,
   973.2455422577782
  ],
  [
   276.09750175347915,
   931.8050981556397
  ],
  [
   789.5432756106151,
   498.04755029368454
  ],
  [
   917.0703156914827,
   575.4650700553193
  ],
  [
   531.5272441144083,
   93.5456465293466
  ],
  [
   67.11323135551741,
   748.1768328386293
  ],
  [
   186.18138193885545,
   524.2821310771579
  ],
  [
   326.7452965172759,
   504.04733252605735
  ],
  [
   131.50255770944725,
   284.30624579026653
  ],
  [
   906.6375574724868,
   963.2767207882898
  ],
  [
   333.6025031697776,
   191.17647967533898
  ],
  [
   857.6562652100267,
   590.1641134247533
  ],
  [
   798.3507287413232,
   28.754457742221764
  ],
  [
   235.72441455629613,
   611.5946768286508
  ],
  [
   973.2455422577782,
   781.4121403501839
  ],
  [
   312.2665646669492,
   680.7466055846871
  ],
  [
   351.86793385682824,
   93.52672603952578
  ],
  [
   829.6650040822908,
   732.2353255128672
  ],
  [
   199.09229579893852,
   331.7839729007866
  ],
  [
   512.199748302233,
   295.9682482981447
  ],
  [
   523.408915173334,
   480.79038315933394
  ],
  [
   249.65486202054848,
   308.87759062268526
  ],
  [
   964.3137906688077,
   973.2455422577782
  ],
  [
   621.0878910884311,
   973.2455422577782
  ],
  [
   594.9915847201033,
   91.22157729041074
  ],
  [
   620.2613852543489,
   287.3953808598774
  ],
  [
   560.640239676997,
   525.3612938848761
  ],
  [
   415.48830482727664,
   28.754457742221764
  ],
  [
   873.8487626626882,
   832.9092419740443
  ],
  [
   28.754457742221764,
   526.2818848330304
  ],
  [
   741.0325027570791,
   28.754457742221764
  ],
  [
   49.45706896913597,
   691.0025128687956
  ],
  [
   479.419379360265,
   443.4173275744849
  ],
  [
   160.70253985946732,
   148.26449346927453
  ],
  [
   716.9711292005159,
   724.8609372457772
  ],
  [
   536.6872666366075,
   973.2455422577782
  ],
  [
   407.9269862795092,
   713.3114633277629
  ],
  [
   702.2117374259136,
   897.383253541875
  ],
  [
   742.820877726742,
   455.5593269922482
  ],
  [
   245.92816000152217,
   516.847380218257
  ],
  [
   427.24926253523824,
   973.2455422577782
  ],
  [
   973.2455422577782,
   724.9665335605263
  ],
  [
   638.8918142100413,
   867.4941478581785
  ],
  [
   911.910870133399,
   123.64261404890446
  ],
  [
   87.96763127168471,
   512.5003707168064
  ],
  [
   865.8402378814912,
   198.1862168870491
  ],
  [
   917.5432331556099,
   673.3481969075634
  ],
  [
   380.71024567519095,
   547.2691581966003
  ],
  [
   606.0113511802593,
   570.013717063559
  ],
  [
   499.45808336898534,
   364.0287403872649
  ],
  [
   368.93246813536064,
   439.19937463573865
  ],
  [
   417.2841359045471,
   910.2826914732984
  ],
  [
   247.26174525020124,
   427.550845704985
  ],
  [
   904.0279867334959,
   295.9733916626467
  ],
  [
   973.2455422577782,
   668.5714459615801
  ],
  [
   973.2455422577782,
   271.2964269553754
  ],
  [
   162.8013486023571,
   84.77188298802677
  ],
  [
   82.4203415667525,
   28.754457742221764
  ],
  [
   475.0590813175885,
   100.82812018388339
  ],
  [
   474.33170134942867,
   864.2403600784494
  ],
  [
   144.075922696049,
   341.6123407399657
  ],
  [
   275.0258929583014,
   565.1042859443234
  ],
  [
   411.6927183545367,
   626.0479697026204
  ],
  [
   193.44182248251195,
   28.754457742221764
  ],
  [
