{
 "Object_Radius": 25.2313252202016,
 "Object_Shape": "disc",
 "Workspace_Density": 0.4,
 "Workspace_Height": 1000,
 "Workspace_Width": 1000,
 "number_of_objects": 200,
 "point_list": [
  [
   291.1310054125279,
   247.61049350687776
  ],
  [
   530.44350365114,
   667.5848785883065
  ],
  [
   195.35596092420897,
   28.754457742221764
  ],
  [
   422.0499578851949,
   189.99189449099913
  ],
  [
   90.80823789797981,
   905.359811007539
  ],
  [
   918.9937699434889,
   973.2455422577782
  ],
  [
   804.6512080046518,
   812.3420269496072
  ],
  [
   842.8722352766472,
   288.95257327546733
  ],
  [
   642.4124596979161,
   360.8028866295148
  ],
  [
   162.14557831730033,
   252.94256071732397
  ],
  [
   125.27673203402577,
   392.5650164172321
  ],
  [
   973.2455422577782,
   103.62702126455858
  ],
  [
   572.1246959007556,
   342.19057728581777
  ],
  [
   306.3740185003625,
   28.754457742221764
  ],
  [
   821.0466160387431,
   157.78463834161946
  ],
  [
   28.754457742221764,
   475.34019521087623
  ],
  [
   108.3817558028314,
   202.02617224262193
  ],
  [
   275.4506578596166,
   129.6169056727939
  ],
  [
   727.2886913764785,
   419.23705458231996
  ],
  [
   628.2989808969049,
   841.8926013860033
  ],
  [
   855.8117134904543,
   423.6235827765812
  ],
  [
   54.664805861965284,
   824.4125483893869
  ],
  [
   110.6671286793789,
   969.2283563706656
  ],
  [
   229.956918871444,
   274.13528679250635
  ],
  [
   28.754457742221764,
   973.2455422577782
  ],
  [
   824.1881425889843,
   596.785535966476
  ],
  [
   483.8961625642638,
   28.754457742221764
  ],
  [
   468.43040302493307,
   919.6377236049915
  ],
  [
   907.6173716296977,
   667.9032596312381
  ],
  [
   331.2606182140863,
   705.8776345647925
  ],
  [
   310.90300897658926,
   916.3932863728237
  ],
  [
   415.2238049770325,
   594.2902082453576
  ],
  [
   190.88425602710927,
   87.02682414575972
  ],
  [
   70.16202213079663,
   422.68819668631886
  ],
  [
   973.2455422577782,
   463.70701431739104
  ],
  [
   909.4659654034915,
   723.4367134269751
  ],
  [
   846.8343924419116,
   721.838939198484
  ],
  [
   837.5520286070937,
   650.6623634562903
  ],
  [
   328.408938552691,
   580.6163466299354
  ],
  [
   749.6857399502811,
   144.64971219779417
  ],
  [
   28.754457742221764,
   757.2527252706027
  ],
  [
   749.6354103970598,
   497.87240917554345
  ],
  [
   679.685956389879,
   28.754457742221764
  ],
  [
   246.81197540153335,
   629.1542380721422
  ],
  [
   429.8758510513433,
   132.5560700507261
  ],
  [
   139.84704690629394,
   28.754457742221764
  ],
  [
   915.6350869592828,
   783.5354426547011
  ],
  [
   143.47902094839793,
   506.4386855674264
  ],
  [
   788.1477461421011,
   102.37834365496171
  ],
  [
   791.8450723899201,
   323.34645697786823
  ],
  [
   153.68780153983298,
   440.43082483622925
  ],
  [
   84.23248147120933,
   97.37084319017278
  ],
  [
   746.8049510645873,
   841.0374499971902
  ],
  [
   58.75391597777656,
   700.4309566708838
  ],
  [
   412.99495283133166,
   818.9090468337863
  ],
  [
   694.6679147620338,
   325.11530992029594
  ],
  [
   348.816777384261,
   648.8605980124274
  ],
  [
   709.0072735794682,
   266.2047033290412
  ],
  [
   116.04453734651355,
   853.6134870928249
  ],
  [
   845.0252080717254,
   346.34699914764496
  ],
  [
   564.2867857557922,
   402.906174941541
  ],
  [
   199.02008734909157,
   330.97710288441186
  ],
  [
   889.12020577963,
   477.2634947119267
  ],
  [
   622.0553762162874,
   973.2455422577782
  ],
  [
   611.8522051474073,
   28.754457742221764
  ],
  [
   564.6190888027185,
   847.9898001054372
  ],
  [
   394.8139043617628,
   702.6003797620897
  ],
  [
   719.8653740844322,
   191.84260843854233
  ],
  [
   702.0909622331865,
   533.2122493151486
  ],
  [
   565.7945719408835,
   973.2455422577782
  ],
  [
   141.02864339494585,
   635.8944916415064
  ],
  [
   159.9774892883183,
   749.2316182463995
  ],
  [
   433.8401581157523,
   654.9120343994311
  ],
  [
   450.5271545763263,
   436.3048291990153
  ],
  [
   127.67071935977599,
   695.939911333572
  ],
  [
   488.9721363346833,
   145.31034657310457
  ],
  [
   494.6720545324642,
   208.77204412433076
  ],
  [
   537.5305650185719,
   117.8479610132897
  ],
  [
   561.2150813679785,
   466.6906256882068
  ],
  [
   887.5563149747213,
   899.0368055229521
  ],
  [
   973.2455422577782,
   344.0017441072184
  ],
  [
   693.223065305507,
   467.5282141609582
  ],
  [
   250.8648786962064,
   28.754457742221764
  ],
  [
   973.2455422577782,
   545.4320260668642
  ],
  [
   677.8927192592239,
   896.8602526969986
  ],
  [
   28.754457742221764,
   119.11728702431209
  ],
  [
   28.754457742221764,
   638.8164153670477
  ],
  [
   85.58586962110094,
   638.7172114057194
  ],
  [
   973.2455422577782,
   269.5815349209456
  ],
  [
   28.754457742221764,
   181.10731279550242
  ],
  [
   489.2367252429554,
   269.2086791674464
  ],
  [
   368.970821022006,
   225.68784881504828
  ],
  [
   206.76953784212208,
   544.1912147119552
  ],
  [
   797.5314573619925,
   28.754457742221764
  ],
  [
   321.82065674021186,
   184.58959458651896
  ],
  [
   83.67293203176924,
   351.1188309269292
  ],
  [
   600.2825212489755,
   575.0394213279103
  ],
  [
   230.2782310748639,
   740.7795574017448
  ],
  [
   657.098454103343,
   81.05715754360742
  ],
  [
   822.1103846621295,
   481.69650810500576
  ],
  [
   529.1794242847759,
   748.9271269027973
  ],
  [
   659.7753635901946,
   789.4746849753037
  ],
  [
   543.1378612318393,
   549.2814475433581
  ],
  [
   364.8051476835833,
   107.68701927441538
  ],
  [
   660.2003996684552,
   156.85372741063367
  ],
  [
   694.1040961552351,
   966.3109512150463
  ],
  [
   598.7028317009052,
   220.4367785153803
  ],
  [
   932.6785527845097,
   587.3516283513395
  ],
  [
   861.8519924953055,
   536.5327321658665
  ],
  [
   646.2958821586287,
   539.6021706956302
  ],
  [
   136.4181893322748,
   570.9377048054068
  ],
  [
   339.48577674990673,
   295.67975251348895
  ],
  [
   436.62771119273197,
   367.795002673011
  ],
  [
   317.53704308604864,
   859.6568380393013
  ],
  [
   832.9230689809708,
   973.2455422577782
  ],
  [
   195.64819795663834,
   404.0733589133834
  ],
  [
   192.69631867491205,
   914.5442067793555
  ],
  [
   197.55433167665439,
   678.072161497972
  ],
  [
   917.5130095587125,
   533.868194335178
  ],
  [
   912.1639964488431,
   28.754457742221764
  ],
  [
   146.38305674941827,
   306.1823275389798
  ],
  [
   270.95392649337685,
   316.08215146215633
  ],
  [
   581.2271645203338,
   793.3289786435412
  ],
  [
   252.29111608579137,
   444.2137263101425
  ],
  [
   424.68188498519334,
   247.3381571840521
  ],
  [
   511.33771380755405,
   875.2872421656606
  ],
  [
   934.3764273666902,
   174.2944473674244
  ],
  [
   314.86102269461736,
   973.2455422577782
  ],
  [
   42.617422030271975,
   583.0405970663
  ],
  [
   84.29768464960178,
   28.754457742221764
  ],
  [
   896.1673962975431,
   381.48278129636026
  ],
  [
   826.5159814099422,
   908.0054141810834
  ],
  [
   28.754457742221764,
   385.3899370513782
  ],
  [
   973.2455422577782,
   833.8912597710917
  ],
  [
   259.3481080786547,
   973.2455422577782
  ],
  [
   394.4248047238698,
   973.2455422577782
  ],
  [
   385.1044729942948,
   327.30940022978115
  ],
  [
   601.2859816324908,
   291.8403685262325
  ],
  [
   924.281431046092,
   431.7738823887119
  ],
  [
   744.529251337124,
   689.2625625476874
  ],
  [
   428.380840648737,
   752.1395987429298
  ],
  [
   973.2455422577782,
   28.754457742221764
  ],
  [
   606.4372978591189,
   499.39081058808495
  ],
  [
   973.2455422577782,
   941.5085982789146
  ],
  [
   856.949495832233,
   847.1064256233539
  ],
  [
   875.5351298964254,
   145.0347055956772
  ],
  [
   883.458107146531,
   614.3625843292186
  ],
  [
   391.4793531951873,
   436.29332391819105
  ],
  [
   781.2624551187023,
   949.2533015807206
  ],
  [
