{
 "Object_Radius": 25.2313252202016,
 "Object_Shape": "disc",
 "Workspace_Density": 0.4,
 "Workspace_Height": 1000,
 "Workspace_Width": 1000,
 "number_of_objects": 200,
 "point_list": [
  [
   222.1319929998535,
   343.30250301165574
  ],
  [
   392.766825584895,
   951.3681300332856
  ],
  [
   973.2455422577782,
   337.25875309135165
  ],
  [
   28.754457742221764,
   914.4446596868405
  ],
  [
   498.6895541373802,
   725.5831010253239
  ],
  [
   588.9187160633436,
   572.1134086433837
  ],
  [
   880.8517528806852,
   320.5616524012322
  ],
  [
   211.77462638275293,
   398.20583974082984
  ],
  [
   775.2474218272117,
   666.7896666721095
  ],
  [
   860.8579195872975,
   126.06569023499826
  ],
  [
   954.4384258736397,
   451.0369105488439
  ],
  [
   156.6740211301539,
   351.817222836294
  ],
  [
   108.66293209557536,
   878.2215506736356
  ],
  [
   191.87950683321577,
   182.8896637240419
  ],
  [
   641.0694855751968,
   357.19162865313973
  ],
  [
   164.6310451396958,
   895.9438978816689
  ],
  [
   908.5081417581464,
   723.3621167032909
  ],
  [
   300.8964137004655,
   286.9816647906982
  ],
  [
   507.2256725615677,
   441.17842502329023
  ],
  [
   28.754457742221764,
   973.2455422577782
  ],
  [
   231.05799789679864,
   607.3472116442342
  ],
  [
   274.0889842607898,
   542.4162344498094
  ],
  [
   562.895023412442,
   312.9939591476132
  ],
  [
   939.200887446217,
   807.4112772081808
  ],
  [
   28.754457742221764,
   747.8106185956548
  ],
  [
   509.77755155007105,
   667.2286983272664
  ],
  [
   208.59851919909224,
   973.2455422577782
  ],
  [
   312.3116880135899,
   77.32309520328262
  ],
  [
   319.6342840837449,
   703.9156054138704
  ],
  [
   643.3691112742913,
   653.8890918178462
  ],
  [
   291.2942809846181,
   874.8768929917966
  ],
  [
   973.2455422577782,
   559.8729190178083
  ],
  [
   148.9177565902388,
   562.2034808610864
  ],
  [
   392.7125255322551,
   479.17983853871607
  ],
  [
   605.8344592292971,
   137.8073200263234
  ],
  [
   131.03334381510234,
   693.8412287794594
  ],
  [
   28.754457742221764,
   486.45482214682283
  ],
  [
   198.11796777125838,
   453.931170418232
  ],
  [
   28.754457742221764,
   692.3017065712759
  ],
  [
   83.3034950625839,
   651.9092788507393
  ],
  [
   614.3319990133265,
   28.754457742221764
  ],
  [
   404.9206299812887,
   157.7539841758663
  ],
  [
   344.1580051179299,
   854.588195849291
  ],
  [
   853.4289274627021,
   734.4916155719998
  ],
  [
   323.36852589595,
   647.8171502633787
  ],
  [
   136.55043703496543,
   973.2455422577782
  ],
  [
   973.2455422577782,
   280.4598431039403
  ],
  [
   740.5697254305799,
   432.16770367680596
  ],
  [
   462.2589290724056,
   224.47038688790587
  ],
  [
   973.2455422577782,
   398.3792025043625
  ],
  [
   760.5372590293534,
   921.8950782307658
  ],
  [
   714.2004530137302,
   222.5468136787263
  ],
  [
   846.088959888175,
   518.714888935805
  ],
  [
   432.8827356748622,
   678.244878138326
  ],
  [
   398.2677391320695,
   630.3455333105954
  ],
  [
   908.5277115885502,
   174.62624565102047
  ],
  [
   297.1740480415347,
   231.2670111904637
  ],
  [
   527.3546478332709,
   234.7933219214089
  ],
  [
   412.2338320744608,
   419.32462881589396
  ],
  [
   887.2894021147448,
   778.9121652619043
  ],
  [
   973.2455422577782,
   973.2455422577782
  ],
  [
   390.25443665610027,
   102.32837739224684
  ],
  [
   28.754457742221764,
   424.9493953896384
  ],
  [
   386.90083213244156,
   574.280856672048
  ],
  [
   372.9251338270119,
   205.2182990022472
  ],
  [
   359.0446445250978,
   744.7329359275968
  ],
  [
   551.1159024712609,
   813.7968926029391
  ],
  [
   597.5384863952207,
   510.9924247150839
  ],
  [
   806.4989258649357,
   206.25811905849847
  ],
  [
   964.8686582644916,
   756.0308184128127
  ],
  [
   867.2641264978166,
   571.8392848986626
  ],
  [
   222.34795169727897,
   105.45597397672105
  ],
  [
   658.2587193286167,
   99.6983949056093
  ],
  [
   549.2901404422885,
   28.754457742221764
  ],
  [
   915.871941087113,
   268.5545687794991
  ],
  [
   493.5061083249478,
   917.0672901404059
  ],
  [
   235.69815620352793,
   496.3983188780669
  ],
  [
   522.9625256849774,
   973.2455422577782
  ],
  [
   80.23102861923202,
   830.0116486934638
  ],
  [
   156.81872642863118,
   407.95255369439246
  ],
  [
   311.5720643949811,
   424.27957135438027
  ],
  [
   973.2455422577782,
   626.2898078976182
  ],
  [
   916.7462683760972,
   529.5081554461824
  ],
  [
   245.4817461722996,
   292.6617745892621
  ],
  [
   190.78015543146546,
   672.148972936807
  ],
  [
   747.6363982327906,
   316.9012829790377
  ],
  [
   973.2455422577782,
   164.48521470574465
  ],
  [
   350.77795011325594,
   311.76373265077336
  ],
  [
   345.29426118951227,
   798.9957556519275
  ],
  [
   973.2455422577782,
   503.4583946239132
  ],
  [
   927.6674312917719,
   663.4195184658046
  ],
  [
   28.754457742221764,
   57.15427954993239
  ],
  [
   349.0734266011983,
   255.90737968061512
  ],
  [
   709.1573593684744,
   564.9361568577273
  ],
  [
   805.7226877822941,
   149.14966127620713
  ],
  [
   550.8720061889658,
   397.7899643250801
  ],
  [
   425.6143451557035,
   906.1315441354684
  ],
  [
   28.754457742221764,
   858.8999088860633
  ],
  [
   670.7892018557246,
   261.88299186492435
  ],
  [
   924.0720841366219,
   595.2510050071174
  ],
  [
   858.7572452617101,
   973.2455422577782
  ],
  [
   444.68520765534817,
   812.8389012751903
  ],
  [
   806.594221753744,
   93.10399755463168
  ],
  [
   291.8096848153262,
   600.5305021767012
  ],
  [
   95.6825872498279,
   749.4955343128237
  ],
  [
   821.02053676134,
   28.754457742221764
  ],
  [
   252.21955481956297,
   198.41389764754624
  ],
  [
   618.9873180218858,
   414.3534434193001
  ],
  [
   501.3229480440378,
   182.6867155913565
  ],
  [
   578.4222886205412,
   257.3472111145799
  ],
  [
   973.2455422577782,
   223.2507585322528
  ],
  [
   178.31263468906866,
   795.9025906380566
  ],
  [
   920.1916398118403,
   366.5084561655253
  ],
  [
   470.4852215188528,
   28.754457742221764
  ],
  [
   28.754457742221764,
   581.2806462183747
  ],
  [
   754.8136444538545,
   609.1883771450074
  ],
  [
   492.9804508187808,
   781.5965026354976
  ],
  [
   353.2163153026011,
   521.2697886732421
  ],
  [
   84.25678203619341,
   471.1738409996996
  ],
  [
   55.9324956543849,
   370.41950877615915
  ],
  [
   112.40691472769744,
   33.61531663373993
  ],
  [
   479.73327184007724,
   859.6702833973551
  ],
  [
   792.2609555844986,
   486.2469362886003
  ],
  [
   797.4315091105578,
   722.0618827581006
  ],
  [
   973.2455422577782,
   852.0865960561719
  ],
  [
   617.642615672574,
   215.29450777546825
  ],
  [
   563.4063165102787,
   465.53103307618437
  ],
  [
   445.2124818612232,
   571.0750272221725
  ],
  [
   405.7016253217661,
   321.38132179542947
  ],
  [
   165.244208207351,
   99.47333035464487
  ],
  [
   917.5864988376527,
   99.88798756642467
  ],
  [
   234.88129497218515,
   28.754457742221764
  ],
  [
   627.3985284974905,
   808.2330702042965
  ],
  [
   613.0866624714715,
   929.9822439630373
  ],
  [
   728.9768513023705,
   784.6218975791671
  ],
  [
   810.1632622390763,
   421.39048467246573
  ],
  [
   349.9808744863604,
   28.754457742221764
  ],
  [
   257.0904900175545,
   921.8038544366904
  ],
  [
   902.761125106743,
   424.1518918648606
  ],
  [
   338.7147455849944,
   132.34756745105233
  ],
  [
   729.5532045547128,
   718.6036458493854
  ],
  [
   877.9718406645621,
   633.3979421252801
  ],
  [
   567.0884760672604,
   188.0053542619473
  ],
  [
   412.95501553526356,
   47.50074045210549
  ],
  [
   28.754457742221764,
   124.05936304390363
  ],
  [
   260.46182826644053,
   748.4599165925279
  ],
  [
   57.74779451294113,
   533.8659561792877
  ],
  [
   755.0506224895832,
   178.43632783823853
  ],
  [
   973.2455422577782,
   77.18629900375538
  ],
  [
