{
 "Object_Radius": 25.2313252202016,
 "Object_Shape": "disc",
 "Workspace_Density": 0.4,
 "Workspace_Height": 1000,
 "Workspace_Width": 1000,
 "number_of_objects": 200,
 "point_list": [
  [
   843.2131167154508,
   421.7950723300491
  ],
  [
   298.8973348497286,
   825.425182291047
  ],
  [
   517.2571789290128,
   714.7105638050247
  ],
  [
   205.8326203208091,
   289.22245532144365
  ],
  [
   517.8662078862927,
   802.654630456491
  ],
  [
   284.17755467022556,
   743.7342785967337
  ],
  [
   360.7357319564184,
   269.0029463082623
  ],
  [
   761.944109266257,
   624.6831714137147
  ],
  [
   865.8015169617078,
   593.6020899947387
  ],
  [
   911.468549362444,
   663.0308068926889
  ],
  [
   246.36267821382583,
   961.9404665973198
  ],
  [
   852.1580035653872,
   492.99193785477974
  ],
  [
   973.2455422577782,
   634.1309249162721
  ],
  [
   927.2278043974771,
   349.2556636968788
  ],
  [
   240.1786329468613,
   139.06114468315087
  ],
  [
   28.754457742221764,
   361.5761529926074
  ],
  [
   80.04508856135362,
   852.5840610880776
  ],
  [
   28.754457742221764,
   157.45334676225474
  ],
  [
   214.206046285341,
   76.45793308666101
  ],
  [
   111.78088266372089,
   776.8239380150302
  ],
  [
   569.3723445732498,
   776.65645480893
  ],
  [
   400.4339444357142,
   534.4872026430224
  ],
  [
   81.37556009328179,
   333.93237200120205
  ],
  [
   28.754457742221764,
   639.55312017247
  ],
  [
   738.2801930576519,
   446.96630193158836
  ],
  [
   101.24259879649084,
   529.1756214731589
  ],
  [
   615.9153530428326,
   541.402477542902
  ],
  [
   28.754457742221764,
   755.3043107392042
  ],
  [
   349.58354563948194,
   597.1062880214024
  ],
  [
   973.2455422577782,
   255.25416494950224
  ],
  [
   164.38998620268745,
   746.0040393905206
  ],
  [
   615.3340984870046,
   471.02134061717527
  ],
  [
   587.6300987103791,
   381.2074293819036
  ],
  [
   28.754457742221764,
   965.4195016076366
  ],
  [
   939.9291857673311,
   940.8391522343557
  ],
  [
   178.67211963373757,
   239.17814441543854
  ],
  [
   624.6054720500902,
   42.79804081960412
  ],
  [
   810.9364277669151,
   321.2239133768735
  ],
  [
   529.6344685153764,
   385.2591903027234
  ],
  [
   857.2347587424375,
   28.754457742221764
  ],
  [
   746.2149335455222,
   39.711161252517
  ],
  [
   424.1886701002673,
   313.04422430774065
  ],
  [
   387.2916757142044,
   973.2455422577782
  ],
  [
   578.4389422974807,
   118.23351212872926
  ],
  [
   913.6872077701485,
   722.7543873699528
  ],
  [
   441.9356693519038,
   891.9861540540355
  ],
  [
   412.91345349131916,
   368.69723228406855
  ],
  [
   276.41269791225136,
   78.51230582384635
  ],
  [
   973.2455422577782,
   139.60790716289912
  ],
  [
   254.32844946208795,
   531.7833808352173
  ],
  [
   773.5645293283641,
   508.6358337311543
  ],
  [
   28.754457742221764,
   304.6685102836346
  ],
  [
   552.8514624043759,
   28.754457742221764
  ],
  [
   660.188247500121,
   674.2095435183628
  ],
  [
   922.7296260011905,
   229.5557690198765
  ],
  [
   87.04447794289277,
   209.69252264468608
  ],
  [
   294.886764593999,
   287.98357279892986
  ],
  [
   226.14064752298285,
   477.2977452412048
  ],
  [
   28.754457742221764,
   697.3570339261951
  ],
  [
   174.80383053217747,
   677.9090112036175
  ],
  [
   499.0251044619913,
   439.953687949333
  ],
  [
   433.9577145310934,
   606.7278514633222
  ],
  [
   843.8924803368217,
   879.1383008940278
  ],
  [
   180.3466221991248,
   138.41284571597728
  ],
  [
   973.2455422577782,
   710.4102850741779
  ],
  [
   687.0550406906206,
   150.06583310773956
  ],
  [
   573.9649776213946,
   608.023339870336
  ],
  [
   243.88688702180212,
   670.2523205593246
  ],
  [
   930.1012603911116,
   174.53851664597377
  ],
  [
   973.2455422577782,
   826.612239842218
  ],
  [
   680.4658120814911,
   28.754457742221764
  ],
  [
   930.498888765694,
   104.1747496436986
  ],
  [
   724.2160232237504,
   99.66774563049243
  ],
  [
   138.4934652523066,
   573.3484396946767
  ],
  [
   43.76233384479219,
   808.9173054584094
  ],
  [
   152.65157391647858,
   313.81596161067114
  ],
  [
   607.637843436173,
   967.1024214844867
  ],
  [
   105.85646754483172,
   152.64805471957354
  ],
  [
   923.8210315295263,
   601.6171259134466
  ],
  [
   642.1153622214437,
   418.9876934529537
  ],
  [
   930.0899587325288,
   781.1161733089826
  ],
  [
   757.3982794536216,
   683.8336854307479
  ],
  [
   472.3622979584742,
   753.237123775066
  ],
  [
   801.2794595462403,
   459.65836515332336
  ],
  [
   209.37786691522254,
   911.8180308032252
  ],
  [
   151.4573300198556,
   187.53921932184775
  ],
  [
   959.0735898084879,
   881.4852893598666
  ],
  [
   186.25552474864287,
   399.4019273540929
  ],
  [
   881.0619447752312,
   78.92626193960108
  ],
  [
   474.3457596276466,
   45.26088269282863
  ],
  [
   129.29255108011674,
   891.4698251032094
  ],
  [
   181.43413848499492,
   28.754457742221764
  ],
  [
   873.3722047423192,
   371.9158349073931
  ],
  [
   593.9248812188391,
   726.3990903127933
  ],
  [
   499.4012004169594,
   191.06485190067227
  ],
  [
   142.13328609662145,
   631.708494032797
  ],
  [
   377.4970294144746,
   84.02502633884434
  ],
  [
   557.9066908204841,
   673.1190861230483
  ],
  [
   600.1394152189525,
   255.6006417552112
  ],
  [
   361.85020090337173,
   28.754457742221764
  ],
  [
   790.2008440762302,
   854.0054570342928
  ],
  [
   28.754457742221764,
   100.5277660775339
  ],
  [
   518.2412646753751,
   307.03830571424464
  ],
  [
   609.4091095075961,
   650.9873312064984
  ],
  [
   305.6586213698186,
   28.754457742221764
  ],
  [
   555.6313709626692,
   551.8711741729231
  ],
  [
   411.38812539550264,
   128.30839852965158
  ],
  [
   471.71950384134044,
   390.7588869783098
  ],
  [
   88.90226730116345,
   463.66661314116607
  ],
  [
   463.90217881945915,
   695.7107649816751
  ],
  [
   28.754457742221764,
   214.94650150496813
  ],
  [
   141.30723228789424,
   835.4715008743783
  ],
  [
   576.2390960990735,
   895.2882484615845
  ],
  [
   790.2046935107599,
   376.64274484578374
  ],
  [
   366.48055582173265,
   732.3000817848208
  ],
  [
   556.7669214601915,
   175.84355879681888
  ],
  [
   298.10322002697063,
   574.732824703527
  ],
  [
   486.9356948267337,
   639.0793542418292
  ],
  [
   128.80563153599718,
   973.2455422577782
  ],
  [
   305.65303509441844,
   653.1216067528603
  ],
  [
   673.0710614100773,
   526.884662283163
  ],
  [
   657.8027132050312,
   287.23776030489404
  ],
  [
   666.1323828967705,
   216.37238538229934
  ],
  [
   449.4941329128572,
   973.2455422577782
  ],
  [
   634.3953248691298,
   904.2737103912492
  ],
  [
   696.5181809731683,
   854.2545102730871
  ],
  [
   84.59844397105647,
   99.36127576288683
  ],
  [
   748.4739367641273,
   168.90424049875864
  ],
  [
   973.2455422577782,
   32.232771781022485
  ],
  [
   832.863533915088,
   106.4671091342438
  ],
  [
   499.91123690253664,
   914.899941236393
  ],
  [
   89.62226177879711,
   653.8572007474073
  ],
  [
   973.2455422577782,
   408.6811780915409
  ],
  [
   697.4768631640665,
   973.2455422577782
  ],
  [
   104.74992660988788,
   28.754457742221764
  ],
  [
   819.058717669292,
   170.96857057377113
  ],
  [
   250.4630253474845,
   322.9905755821092
  ],
  [
   866.6419398817754,
   232.25904121647412
  ],
  [
   722.6201247547614,
   227.87456374858095
  ],
  [
   775.0148607994487,
   973.2455422577782
  ],
  [
   315.6704740819633,
   494.7654022399188
  ],
  [
   475.1196493073273,
   111.14225781126127
  ],
  [
   532.8338996817796,
   84.21311036500376
  ],
  [
   243.65110591359175,
   380.1861727511971
  ],
  [
   223.81306020549067,
   737.2825081742016
  ],
  [
   148.47143457589038,
   487.43823968962903
  ],
  [
   663.133163357912,
   735.1824644878462
  ],
  [
   43.90350265096499,
   530.2743651425188
  ],
  [
   788.1855623510538,
   233.15960178183653
  ],
