{
 "Object_Radius": 25.2313252202016,
 "Object_Shape": "disc",
 "Workspace_Density": 0.4,
 "Workspace_Height": 1000,
 "Workspace_Width": 1000,
 "number_of_objects": 200,
 "point_list": [
  [
   973.2455422577782,
   973.2455422577782
  ],
  [
   532.2061793438479,
   430.4722283398113
  ],
  [
   644.9436188927618,
   408.33658138341167
  ],
  [
   936.6528577708606,
   108.45498665928895
  ],
  [
   917.3441749369956,
   160.6467248754201
  ],
  [
   466.38791717763024,
   192.51369900335112
  ],
  [
   258.8704794182096,
   657.8266345436821
  ],
  [
   294.3860860555352,
   395.94027271100435
  ],
  [
   185.7077651352508,
   223.42513846815302
  ],
  [
   444.10715451871675,
   138.75573719900385
  ],
  [
   706.376528377098,
   144.4241218015133
  ],
  [
   327.3722876422404,
   615.219352446188
  ],
  [
   549.0811084599853,
   77.46442272985377
  ],
  [
   814.5940476942538,
   777.8781787213619
  ],
  [
   384.4133205373168,
   227.45869323265342
  ],
  [
   642.3105278479197,
   844.5287582261494
  ],
  [
   83.41234225666017,
   638.9742921000624
  ],
  [
   431.2769190017587,
   534.0542342373568
  ],
  [
   326.1529252755995,
   491.1170562516543
  ],
  [
   214.30217820065187,
   39.10505889124996
  ],
  [
   762.9572937957195,
   639.3596556881472
  ],
  [
   585.642010336413,
   973.2455422577782
  ],
  [
   590.6581031071812,
   304.89353166646254
  ],
  [
   915.3101091066246,
   717.2154504820884
  ],
  [
   973.2455422577782,
   681.589212159884
  ],
  [
   925.4924145238633,
   876.1792586015937
  ],
  [
   922.1907433600949,
   218.30617333340868
  ],
  [
   65.14528115323857,
   364.0782157873807
  ],
  [
   766.3602204617089,
   273.7915314055022
  ],
  [
   973.2455422577782,
   458.968594657397
  ],
  [
   790.994110994774,
   714.0165826701942
  ],
  [
   917.6465998734576,
   630.7703735550446
  ],
  [
   83.44783282970164,
   505.72962803341335
  ],
  [
   331.62103298336797,
   333.3821788623177
  ],
  [
   209.06590065906536,
   937.522245154171
  ],
  [
   297.3306591498073,
   751.5448084952358
  ],
  [
   670.6278697334989,
   591.9536522145896
  ],
  [
   556.7979712287619,
   772.6025704898663
  ],
  [
   545.4190372004538,
   854.158313968779
  ],
  [
   550.9550306217886,
   256.1746626398885
  ],
  [
   868.8162936356589,
   197.79149388408302
  ],
  [
   28.754457742221764,
   789.6955158894605
  ],
  [
   76.07779339619272,
   569.1517492188453
  ],
  [
   333.0152536872358,
   62.31004661027437
  ],
  [
   650.9877058109955,
   899.5022493525951
  ],
  [
   698.1645292696066,
   845.521159039257
  ],
  [
   28.754457742221764,
   627.9525593503826
  ],
  [
   443.3691715385834,
   644.8270403493711
  ],
  [
   256.86141135562355,
   713.5508548758876
  ],
  [
   830.5244797172114,
   370.0412614317162
  ],
  [
   887.6689306522903,
   325.1335552421177
  ],
  [
   77.2748144043299,
   822.6976745557859
  ],
  [
   453.0463830689027,
   28.754457742221764
  ],
  [
   655.1443380756646,
   67.16949346027243
  ],
  [
   546.8940063331058,
   153.29358405114772
  ],
  [
   279.7202617298112,
   313.56760978328873
  ],
  [
   694.1406637441369,
   973.2455422577782
  ],
  [
   665.423360378366,
   536.458778299933
  ],
  [
   819.0693433877174,
   862.47669992615
  ],
  [
   90.16457568627604,
   694.5003315775634
  ],
  [
   865.3451477782633,
   42.25548087111378
  ],
  [
   224.173569090221,
   613.3175363124535
  ],
  [
   884.3487297747142,
   961.542640880328
  ],
  [
   136.13343395538246,
   848.8146541924953
  ],
  [
   863.4543306376903,
   128.72896566046705
  ],
  [
   591.4729199516042,
   816.2840454258131
  ],
  [
   910.2537710756734,
   273.0565577971895
  ],
  [
   195.85620443201432,
   117.87540353810346
  ],
  [
   932.9556346239791,
   933.9914005816719
  ],
  [
   313.61033786066054,
   551.709823731531
  ],
  [
   662.9243850352522,
   792.0883095351367
  ],
  [
   638.5155833637945,
   476.9097754113878
  ],
  [
   453.95914175111034,
   832.089023931714
  ],
  [
   973.2455422577782,
   799.9074739070827
  ],
  [
   864.8249715939645,
   894.1101606191146
  ],
  [
   159.08423991971026,
   750.4072751725523
  ],
  [
   509.2847033519486,
   807.2819866533408
  ],
  [
   28.754457742221764,
   968.914980471791
  ],
  [
   92.61024443970086,
   973.2455422577782
  ],
  [
   553.6253859032671,
   374.3498045793684
  ],
  [
   850.9842882106332,
   713.4623334023798
  ],
  [
   441.8285584281756,
   438.5739087675838
  ],
  [
   389.30706389832716,
   124.33427834337965
  ],
  [
   378.46477322467615,
   592.8793679767273
  ],
  [
   771.510878595209,
   894.3818700339298
  ],
  [
   973.2455422577782,
   625.8820841419695
  ],
  [
   727.1895874418547,
   761.2541022268626
  ],
  [
   276.5789628550658,
   28.754457742221764
  ],
  [
   372.77255322246145,
   685.208563150745
  ],
  [
   370.4071268746646,
   973.2455422577782
  ],
  [
   186.91513104193933,
   502.05929593500406
  ],
  [
   811.8707421912371,
   85.94339201089214
  ],
  [
   973.2455422577782,
   737.1581194343697
  ],
  [
   131.11989376215425,
   559.0073074244852
  ],
  [
   710.2779444442799,
   385.21506232394233
  ],
  [
   329.9822313286214,
   240.34299918570872
  ],
  [
   252.06854465109478,
   86.4998212921087
  ],
  [
   631.6574495158262,
   656.6566155897846
  ],
  [
   414.2078031985625,
   277.5489638081042
  ],
  [
   166.42070501970437,
   973.2455422577782
  ],
  [
   216.13749304861827,
   773.5018907146457
  ],
  [
   503.458890772958,
   522.0461323139905
  ],
  [
   828.1177078234874,
   973.2455422577782
  ],
  [
   230.42511387458978,
   347.5172547954236
  ],
  [
   28.754457742221764,
   537.0990429444741
  ],
  [
   799.7463702950304,
   145.3008341780458
  ],
  [
   708.1351162126809,
   904.2048842272321
  ],
  [
   686.2197686437911,
   666.9667266355766
  ],
  [
   490.1942264797227,
   973.2455422577782
  ],
  [
   690.6954677929403,
   440.1811024992907
  ],
  [
   424.15707637263756,
   715.4380397386504
  ],
  [
   597.5281935297121,
   877.6224562274235
  ],
  [
   431.7005755221787,
   973.2455422577782
  ],
  [
   752.402928603241,
   218.4210744371675
  ],
  [
   884.8483349070751,
   826.5712366319864
  ],
  [
   777.6451567766883,
   36.19382189616848
  ],
  [
   596.8479042072481,
   517.0334252268651
  ],
  [
   375.75268319401215,
   534.7111534471467
  ],
  [
   663.2828232496728,
   355.6616581561751
  ],
  [
   815.8081537553503,
   657.5778939025362
  ],
  [
   387.29675686090656,
   328.8064254662806
  ],
  [
   352.1466855489695,
   760.2902773706788
  ],
  [
   749.0149630324669,
   953.3573755762119
  ],
  [
   916.9174948773724,
   564.8143876420613
  ],
  [
   596.715965605445,
   28.754457742221764
  ],
  [
   952.219829019878,
   316.4544214829315
  ],
  [
   244.97892284075013,
   427.92686242760504
  ],
  [
   489.6813326639469,
   467.24203405122375
  ],
  [
   252.94521814561023,
   562.7910691426707
  ],
  [
   532.9664919838275,
   311.0830248696623
  ],
  [
   607.9458883382601,
   361.4609527877221
  ],
  [
   707.8459875127146,
   320.0776387376071
  ],
  [
   252.3606250167752,
   973.2455422577782
  ],
  [
   523.816946930737,
   206.53555547642605
  ],
  [
   85.25273659438191,
   878.8801300392645
  ],
  [
   28.754457742221764,
   910.256774630223
  ],
  [
   59.41686969388598,
   743.0080531584279
  ],
  [
   559.3116715774911,
   920.4508059189005
  ],
  [
   205.79353398691882,
   882.0300312562975
  ],
  [
   765.8660618954085,
   371.9828238752005
  ],
  [
   589.7894196347595,
   421.75056106763924
  ],
  [
   366.4363743772329,
   384.7883043072184
  ],
  [
   124.92766047281674,
   794.1819009663925
  ],
  [
   310.00471869164323,
   973.2455422577782
  ],
  [
   173.2783974383342,
   279.92299173444616
  ],
  [
   151.28503070829888,
   617.116811833697
  ],
  [
   973.2455422577782,
   246.29117438231347
  ],
  [
   973.2455422577782,
   402.60095479122816
  ],
  [
   823.7885790683306,
   531.2120460309868
  ],
  [
   496.6863088067326,
