{
 "Object_Length": 258.19888974716116,
 "Object_Shape": "cuboid",
 "Object_Width": 77.45966692414835,
 "Workspace_Density": 0.2,
 "Workspace_Height": 1000,
 "Workspace_Width": 1000,
 "number_of_objects": 10,
 "point_list": [
  [
   431.2881712271569,
   158.55512232482596,
   2.75473425674
  ],
  [
   244.58104043605613,
   474.1629647421069,
   1.0878485949
  ],
  [
   913.8262104088611,
   146.16594579924902,
   1.5248385068
  ],
  [
   411.17748359716893,
   918.3020706358708,
   2.84441585753
  ],
  [
   504.62233089434477,
   612.0717336584098,
   1.72014405663
  ],
  [
   537.8392547391583,
   309.85723997511104,
   2.44442588496
  ],
  [
   313.99244246982926,
   786.982373716179,
   3.1211933604
  ],
  [
   762.9450778005569,
   645.7162859672111,
   2.70721728276
  ],
  [
   734.4416908689827,
   801.4564759362931,
   3.02234040035
  ],
  [
   71.18363907694047,
   409.8956408502995,
   1.54772761851
  ]
 ]
}