{
 "Object_Length": 258.19888974716116,
 "Object_Shape": "cuboid",
 "Object_Width": 77.45966692414835,
 "Workspace_Density": 0.2,
 "Workspace_Height": 1000,
 "Workspace_Width": 1000,
 "number_of_objects": 10,
 "point_list": [
  [
   724.9473059164662,
   193.342400714122,
   3.02226688665
  ],
  [
   205.6550992018601,
   761.1056636971388,
   0.229171762934
  ],
  [
   637.0799445539732,
   395.9748787686505,
   1.33670251719
  ],
  [
   254.08348770093045,
   229.796837178557,
   3.00615188182
  ],
  [
   832.0176552078672,
   824.7248911236384,
   1.85774606993
  ],
  [
   302.20652204820664,
   506.422696797001,
   1.15578158919
  ],
  [
   827.8162345944874,
   507.51928246280005,
   2.2069552016
  ],
  [
   433.67265190422586,
   821.077653760558,
   1.34506463247
  ],
  [
   553.5415742236193,
   759.3671092507021,
   1.13822304747
  ],
  [
   163.77092519372786,
   432.627852806373,
   1.85232017354
  ]
 ]
}