{
 "Object_Length": 258.19888974716116,
 "Object_Shape": "cuboid",
 "Object_Width": 77.45966692414835,
 "Workspace_Density": 0.2,
 "Workspace_Height": 1000,
 "Workspace_Width": 1000,
 "number_of_objects": 10,
 "point_list": [
  [
   916.4331282853833,
   464.2409072615998,
   1.2840608173
  ],
  [
   590.3372621644127,
   363.58097711842765,
   2.01394843741
  ],
  [
   346.8650994480882,
   212.69095312183032,
   2.12176525886
  ],
  [
   252.32617598689842,
   864.7421733539998,
   0.263083610048
  ],
  [
   287.9767815376723,
   585.1451585853924,
   0.786801785023
  ],
  [
   850.0763695250154,
   793.8183464627311,
   1.20293201846
  ],
  [
   91.82723284839908,
   676.0664138476969,
   1.99518617399
  ],
  [
   556.2985111800259,
   811.1130542750184,
   2.69699582994
  ],
  [
   404.93309688157973,
   312.81560246766276,
   1.95503864743
  ],
  [
   314.1432352977014,
   740.5908144041194,
   0.590657288999
  ]
 ]
}