{
 "Object_Length": 258.19888974716116,
 "Object_Shape": "cuboid",
 "Object_Width": 77.45966692414835,
 "Workspace_Density": 0.2,
 "Workspace_Height": 1000,
 "Workspace_Width": 1000,
 "number_of_objects": 10,
 "point_list": [
  [
   595.4318581411611,
   603.2047998792426,
   1.67368884814
  ],
  [
   219.47430110866932,
   423.16039298501414,
   0.736504068111
  ],
  [
   851.2587081633292,
   839.0730847131897,
   0.546586555993
  ],
  [
   807.5773705437057,
   420.89857934324044,
   2.91809631937
  ],
  [
   434.51468862900083,
   727.6914115210982,
   1.7191510737
  ],
  [
   881.6381429955487,
   648.6280819252007,
   1.17715944996
  ],
  [
   185.78209176534477,
   623.7370713616285,
   2.31226370642
  ],
  [
   318.5652076332767,
   249.62023716041966,
   0.815972793565
  ],
  [
   818.2350526813016,
   162.19095001944305,
   0.5502254315
  ],
  [
   151.29636146701995,
   848.0618460484052,
   1.93634661827
  ]
 ]
}