{
 "Object_Radius": 69.0988298942671,
 "Object_Shape": "disc",
 "Workspace_Density": 0.6,
 "Workspace_Height": 1000,
 "Workspace_Width": 1000,
 "number_of_objects": 40,
 "point_list": [
  [
   660.5317728961116,
   362.2031869054206
  ],
  [
   512.5802470825574,
   841.8707621353373
  ],
  [
   929.1372169099623,
   215.5752014802547
  ],
  [
   179.35966129829302,
   246.20389069189875
  ],
  [
   630.1803928621615,
   758.5132091200948
  ],
  [
   630.2006714768452,
   72.86278309003778
  ],
  [
   231.9840034589075,
   112.12097854894606
  ],
  [
   929.1372169099623,
   929.1372169099623
  ],
  [
   222.59169881408957,
   698.5885160448842
  ],
  [
   371.3685879962119,
   72.86278309003778
  ],
  [
   278.98534249787235,
   477.295925925865
  ],
  [
   780.6465849082645,
   929.0942708620624
  ],
  [
   72.86278309003778,
   675.3689088738862
  ],
  [
   272.7457524700078,
   929.1372168359871
  ],
  [
   929.1372169099623,
   786.4248154159058
  ],
  [
   654.200358016956,
   506.3381063384736
  ],
  [
   501.2136186971195,
   136.28966741503496
  ],
  [
   96.15720578016024,
   854.1808378015548
  ],
  [
   633.5129535373889,
   929.1372168860617
  ],
  [
   773.9866247276769,
   72.86278309003778
  ],
  [
   929.1372169099623,
   72.86278309003778
  ],
  [
   929.1372169099623,
   358.28760871528533
  ],
  [
   72.86278309003778,
   432.2812124133122
  ],
  [
   792.1634334492146,
   433.81391810743395
  ],
  [
   785.5062882816326,
   774.2690819814372
  ],
  [
   490.6910661935433,
   697.4710149527042
  ],
  [
   729.2874167676878,
   629.0599175798827
  ],
  [
   401.23466895667593,
   239.5467495362084
  ],
  [
   788.461527891529,
   246.1492421020187
  ],
  [
   356.02776443130074,
   636.5245898988626
  ],
  [
   361.1766649214998,
   813.6160215084423
  ],
  [
   293.1374421949743,
   334.2676229744397
  ],
  [
   929.1372169099623,
   501.00001295028824
  ],
  [
   515.8347107766891,
   333.7272133330779
  ],
  [
   641.0972142796826,
   219.76807119676374
  ],
  [
   929.1372169099623,
   643.7124158091282
  ],
  [
   83.5040783684177,
   72.86278309003778
  ],
  [
   155.2911790237376,
   550.6499030220671
  ],
  [
   419.05827605466123,
   442.63910570936287
  ],
  [
   514.5118763855163,
   550.3873132498314
  ]
 ]
}