{
 "Object_Radius": 69.0988298942671,
 "Object_Shape": "disc",
 "Workspace_Density": 0.6,
 "Workspace_Height": 1000,
 "Workspace_Width": 1000,
 "number_of_objects": 40,
 "point_list": [
  [
   239.28066071722705,
   929.1372168959653
  ],
  [
   72.86278309003778,
   513.6405522646547
  ],
  [
   216.54159359722337,
   776.419831655397
  ],
  [
   72.86278309003778,
   366.8340585973254
  ],
  [
   367.3703449743142,
   784.2661749351645
  ],
  [
   208.5884454861907,
   288.72911496072516
  ],
  [
   130.9021005241654,
   652.03030168968
  ],
  [
   929.1372169046673,
   332.55117011893816
  ],
  [
   700.469103916225,
   72.86278309003778
  ],
  [
   929.1372169035973,
   476.28894189621883
  ],
  [
   72.86278309003778,
   784.0673248590577
  ],
  [
   467.04578200304553,
   72.86278309003778
  ],
  [
   929.1372169099623,
   188.80205597411984
  ],
  [
   323.1657704700312,
   72.86278309003778
  ],
  [
   244.73872209296567,
   428.44596020531026
  ],
  [
   333.9526521264074,
   217.92100938344512
  ],
  [
   656.6886423060894,
   694.9823762406162
  ],
  [
   258.43594181466625,
   572.4147132399147
  ],
  [
   371.0043817606214,
   358.435183101329
  ],
  [
   929.1372168997549,
   620.1884339136526
  ],
  [
   779.4792717500743,
   471.23560093730174
  ],
  [
   404.02603055350403,
   498.3305908851838
  ],
  [
   387.2797887829898,
   929.1208788674653
  ],
  [
   784.9437099094201,
   929.1350218368917
  ],
  [
   474.7144955154297,
   250.38390761895502
  ],
  [
   820.7961428625533,
   761.8549023852952
  ],
  [
   72.86278309003778,
   72.86278309003778
  ],
  [
   197.94894307524766,
   143.69549378092677
  ],
  [
   596.4359121652988,
   329.6012344815818
  ],
  [
   929.1338844254938,
   929.1007660741341
  ],
  [
   535.1029579263168,
   913.4626635202225
  ],
  [
   779.6806625125951,
   619.7596230890377
  ],
  [
   668.8150211962183,
   840.5242601846094
  ],
  [
   641.389890228335,
   518.5931499906017
  ],
  [
   397.7014610251264,
   641.9169399755136
  ],
  [
   72.86278309003778,
   929.0986079610768
  ],
  [
   583.813269795049,
   156.8184498734706
  ],
  [
   740.6439665713428,
   323.21776416827856
  ],
  [
   72.86278309003778,
   218.75212420241095
  ],
  [
   844.19534053185,
   72.86278309003778
  ]
 ]
}