{
 "Object_Radius": 69.0988298942671,
 "Object_Shape": "disc",
 "Workspace_Density": 0.6,
 "Workspace_Height": 1000,
 "Workspace_Width": 1000,
 "number_of_objects": 40,
 "point_list": [
  [
   640.9473135777104,
   72.86278309003778
  ],
  [
   72.86278309003778,
   377.5988964608995
  ],
  [
   372.91748148457674,
   548.763442745153
  ],
  [
   929.1369606654399,
   613.6817535030118
  ],
  [
   497.7786580208682,
   929.1372169068371
  ],
  [
   272.6645202136352,
   437.38846346722846
  ],
  [
   238.86814030338374,
   296.4565502466088
  ],
  [
   486.94260895287437,
   72.86278309003778
  ],
  [
   72.86278309003778,
   72.86278309003778
  ],
  [
   72.86278309003778,
   929.1372166417078
  ],
  [
   782.5562136683,
   636.259967053102
  ],
  [
   652.810148816624,
   566.9915837498412
  ],
  [
   194.9667689338676,
   153.00764032624096
  ],
  [
   785.1041538918523,
   72.86278309003778
  ],
  [
   378.5436138360595,
   336.06844421158985
  ],
  [
   360.01577300124677,
   711.6524712679138
  ],
  [
   824.8755150457964,
   212.3832828879462
  ],
  [
   929.1371555791013,
   929.1372168847461
  ],
  [
   703.4403387180338,
   423.27418019906986
  ],
  [
   785.2309386630191,
   929.1372169082408
  ],
  [
   835.595643076773,
   356.2246096438205
  ],
  [
   247.05206514035635,
   618.3568577115121
  ],
  [
   72.86278309003778,
   629.7777587694204
  ],
  [
   839.5329073090728,
   500.3180290416615
  ],
  [
   144.23495959510345,
   502.7063574532382
  ],
  [
   214.03456478549836,
   896.4114367344338
  ],
  [
   354.0372377123546,
   929.1372149500585
  ],
  [
   521.2062097603716,
   368.9508234633515
  ],
  [
   582.8822417330072,
   236.72293757029513
  ],
  [
   641.5053759444089,
   929.1372169082408
  ],
  [
   317.6880622525185,
   72.86278309003778
  ],
  [
   519.7077055538847,
   512.6727214701918
  ],
  [
   637.6487630363846,
   757.8806211992089
  ],
  [
   409.0997713114428,
   193.783431710964
  ],
  [
   533.2444964120635,
   656.2765850445038
  ],
  [
   781.2401110589472,
   783.6709953263326
  ],
  [
   72.86278309003778,
   228.87208948014592
  ],
  [
   929.137216883352,
   72.86278309003778
  ],
  [
   929.1372167047147,
   761.5265840100645
  ],
  [
   72.86278309003778,
   773.503337097131
  ]
 ]
}