{
 "Object_Radius": 69.0988298942671,
 "Object_Shape": "disc",
 "Workspace_Density": 0.6,
 "Workspace_Height": 1000,
 "Workspace_Width": 1000,
 "number_of_objects": 40,
 "point_list": [
  [
   317.174579261533,
   358.72515250028226
  ],
  [
   605.3653435439851,
   356.7191184055592
  ],
  [
   207.52569913277895,
   265.80495924219673
  ],
  [
   443.5852615594998,
   792.4533545074853
  ],
  [
   217.25476518443827,
   635.2572227117959
  ],
  [
   790.2347105886254,
   724.1472170157023
  ],
  [
   72.86278309003778,
   929.1372169099623
  ],
  [
   929.1371696344092,
   763.1662271004512
  ],
  [
   531.284536753659,
   214.21802423727078
  ],
  [
   409.4951200643015,
   651.9232810630947
  ],
  [
   72.86278309003778,
   358.2876154532436
  ],
  [
   776.9291986024728,
   476.0721376914033
  ],
  [
   608.8184913827695,
   500.6024379509628
  ],
  [
   675.084682683726,
   221.37778454616566
  ],
  [
   929.1372168898686,
   457.93512695697723
  ],
  [
   922.5409656040758,
   309.3311407232008
  ],
  [
   836.3444512952827,
   192.58735641456514
  ],
  [
   316.26071768727905,
   927.1379071829123
  ],
  [
   72.86278309003778,
   786.4248027318496
  ],
  [
   208.1027007526498,
   452.3300112934117
  ],
  [
   929.1334477771777,
   609.2598842835528
  ],
  [
   583.5788001880086,
   929.1370765954262
  ],
  [
   929.1372168681968,
   72.86278309003778
  ],
  [
   72.86278309003778,
   501.00001559347015
  ],
  [
   72.86278309003778,
   643.7124088926995
  ],
  [
   326.12520276858453,
   534.5181457050827
  ],
  [
   351.3499766748681,
   72.86278309003778
  ],
  [
   500.49335153283175,
   72.86278309003778
  ],
  [
   215.09252643906134,
   120.12548017489965
  ],
  [
   635.7513194291741,
   730.4234098475838
  ],
  [
   770.3264510675978,
   329.05296769112294
  ],
  [
   710.8036048976992,
   604.2822493150398
  ],
  [
   464.531508801817,
   494.42155093723534
  ],
  [
   72.86278309003778,
   215.57520295729984
  ],
  [
   767.0342362962314,
   874.9250390507855
  ],
  [
   72.86278309003778,
   72.86278309003778
  ],
  [
   459.5031806099236,
   338.7349979553247
  ],
  [
   929.1372168550364,
   929.1372168550364
  ],
  [
   727.0785625412244,
   72.86278309003778
  ],
  [
   363.71413360965073,
   222.6940782908663
  ]
 ]
}