{
 "Object_Radius": 178.4124116152771,
 "Object_Shape": "disc",
 "Workspace_Density": 0.6,
 "Workspace_Height": 1000,
 "Workspace_Width": 1000,
 "number_of_objects": 6,
 "point_list": [
  [
   186.5489080798882,
   815.4510919201118
  ],
  [
   815.4510919201118,
   815.4510919201118
  ],
  [
   815.4510919201118,
   420.7954306715829
  ],
  [
   524.267701360518,
   186.5489080798882
  ],
  [
   186.5489080798882,
   346.0424209815242
  ],
  [
   501.0000141177805,
   618.3863021020123
  ]
 ]
}