{
 "Object_Radius": 178.4124116152771,
 "Object_Shape": "disc",
 "Workspace_Density": 0.6,
 "Workspace_Height": 1000,
 "Workspace_Width": 1000,
 "number_of_objects": 6,
 "point_list": [
  [
   186.5489080798882,
   186.5489080798882
  ],
  [
   464.3162981116952,
   567.5873190630025
  ],
  [
   555.3460083483402,
   186.5489080798882
  ],
  [
   815.4510919201118,
   446.6539920440801
  ],
  [
   186.5489080798882,
   815.4510919201118
  ],
  [
   815.4510919201118,
   815.4510919201118
  ]
 ]
}