{
 "Object_Length": 210.81851067789196,
 "Object_Shape": "cuboid",
 "Object_Width": 63.245553203367585,
 "Workspace_Density": 0.2,
 "Workspace_Height": 1000,
 "Workspace_Width": 1000,
 "number_of_objects": 15,
 "point_list": [
  [
   556.6939032434278,
   430.8478489804436,
   0.577820642689
  ],
  [
   117.27712323469048,
   321.14345945469415,
   0.437698985286
  ],
  [
   712.697058665862,
   825.3989521359375,
   1.36355573012
  ],
  [
   237.8209278092061,
   425.97198174064147,
   2.12065646103
  ],
  [
   215.65668133413863,
   187.43439828123553,
   1.19855842472
  ],
  [
   779.5522980831764,
   550.2060871649907,
   0.00948107541709
  ],
  [
   449.06801920574617,
   718.1951613059092,
   2.59811880584
  ],
  [
   693.3290808847969,
   363.212002474086,
   1.44377680038
  ],
  [
   385.05722474131534,
   585.1196220729225,
   1.77606291144
  ],
  [
   917.451563453443,
   279.7349489714723,
   1.77452981507
  ],
  [
   150.19204213395955,
   751.7771752891379,
   0.846241327226
  ],
  [
   309.59169856591484,
   815.0611934207225,
   0.855660560686
  ],
  [
   757.9004119206913,
   629.9415445634156,
   0.192888820435
  ],
  [
   552.5466557540134,
   953.5704966876439,
   0.111547063055
  ],
  [
   147.13112200263302,
   559.5428271534007,
   0.0764555983863
  ]
 ]
}