{
 "Object_Length": 210.81851067789196,
 "Object_Shape": "cuboid",
 "Object_Width": 63.245553203367585,
 "Workspace_Density": 0.2,
 "Workspace_Height": 1000,
 "Workspace_Width": 1000,
 "number_of_objects": 15,
 "point_list": [
  [
   60.29211294723314,
   120.78716900184129,
   1.57961356702
  ],
  [
   281.4566558795849,
   170.98090114937617,
   1.41342902662
  ],
  [
   799.6308826235249,
   414.49232945331806,
   1.16145215227
  ],
  [
   533.3862253518085,
   303.85374764075107,
   0.774949228241
  ],
  [
   80.44417691168971,
   797.6656847303075,
   1.57864918821
  ],
  [
   661.1974044615486,
   576.0508893551731,
   2.10437764614
  ],
  [
   159.01528783563742,
   475.2721010385866,
   2.73169003946
  ],
  [
   491.5593769634801,
   705.8158651919873,
   0.355352455139
  ],
  [
   934.1240323978965,
   253.1849222384439,
   1.30115427866
  ],
  [
   548.4248904162837,
   462.4783249938091,
   0.608457958768
  ],
  [
   183.46373864612303,
   761.2429039294315,
   1.74305272874
  ],
  [
   393.7864802651033,
   874.6112299375367,
   1.41388877334
  ],
  [
   371.55184006207526,
   529.9708816889557,
   0.035817414935
  ],
  [
   303.8937806740342,
   327.52117342290387,
   3.04884388032
  ],
  [
   703.3553920654377,
   210.89355997673067,
   1.58384330853
  ]
 ]
}