{
 "Object_Length": 210.81851067789196,
 "Object_Shape": "cuboid",
 "Object_Width": 63.245553203367585,
 "Workspace_Density": 0.2,
 "Workspace_Height": 1000,
 "Workspace_Width": 1000,
 "number_of_objects": 15,
 "point_list": [
  [
   297.7246999140154,
   122.56538485103093,
   0.756330539476
  ],
  [
   482.4315542694395,
   122.82298781812844,
   2.05169457988
  ],
  [
   724.6755785499215,
   364.61500836383755,
   2.41550039453
  ],
  [
   379.6675667324672,
   762.1702651703457,
   3.0347493747
  ],
  [
   293.486839088774,
   562.7299307218628,
   0.195760818892
  ],
  [
   849.9620990509379,
   428.8511753911746,
   2.92666110941
  ],
  [
   846.898643119398,
   645.5761096197496,
   0.230198255232
  ],
  [
   748.787540514296,
   928.1073048925041,
   2.86674069338
  ],
  [
   161.9067059802123,
   636.0162089655385,
   0.267904282245
  ],
  [
   260.4989798003723,
   463.94875778875894,
   0.392879025638
  ],
  [
   109.43861699620298,
   722.8350965814114,
   0.509099862441
  ],
  [
   172.81165436859789,
   243.5105515299116,
   0.0655899053602
  ],
  [
   642.0269030546826,
   748.6859386303013,
   3.01915713506
  ],
  [
   457.4298630568781,
   443.52737175479655,
   0.156021308575
  ],
  [
   587.6870812195641,
   559.840133926997,
   0.0795879649793
  ]
 ]
}