{
 "Object_Length": 210.81851067789196,
 "Object_Shape": "cuboid",
 "Object_Width": 63.245553203367585,
 "Workspace_Density": 0.2,
 "Workspace_Height": 1000,
 "Workspace_Width": 1000,
 "number_of_objects": 15,
 "point_list": [
  [
   899.2001566246677,
   421.5746423008695,
   1.99730219852
  ],
  [
   687.9681058254532,
   175.9510505908766,
   1.58758277843
  ],
  [
   666.396510170886,
   496.76058887053455,
   0.251347419489
  ],
  [
   866.2722314888181,
   127.59788613675953,
   1.83962938048
  ],
  [
   133.76816683408384,
   713.5370498407788,
   0.677608682382
  ],
  [
   424.1054119407411,
   148.75000183500495,
   2.42614839609
  ],
  [
   279.06393199005674,
   493.3329448655942,
   2.55173343632
  ],
  [
   452.0520641720771,
   648.2328879195875,
   2.80797810833
  ],
  [
   859.839531392247,
   749.6830095255162,
   1.40815500875
  ],
  [
   751.4122841558607,
   859.9337200764855,
   1.11410360809
  ],
  [
   171.50743454132805,
   648.4169158456041,
   0.609929149923
  ],
  [
   563.1570774232075,
   756.012079394196,
   0.224975654326
  ],
  [
   648.7482944699257,
   396.3155101238891,
   0.182064494038
  ],
  [
   224.69760599700317,
   887.5178790610055,
   1.91876940138
  ],
  [
   494.77299421144585,
   257.81368473838074,
   1.95470022673
  ]
 ]
}