{
 "Object_Length": 210.81851067789196,
 "Object_Shape": "cuboid",
 "Object_Width": 63.245553203367585,
 "Workspace_Density": 0.2,
 "Workspace_Height": 1000,
 "Workspace_Width": 1000,
 "number_of_objects": 15,
 "point_list": [
  [
   284.9559618055158,
   131.85072488231665,
   2.62111582982
  ],
  [
   199.11740857076643,
   498.35056343565975,
   1.66227026903
  ],
  [
   516.7856254670456,
   807.1538145947301,
   1.06970451798
  ],
  [
   302.10005578002864,
   331.4598211037724,
   0.825795118986
  ],
  [
   68.07248427362745,
   417.2413644869955,
   1.91062033344
  ],
  [
   792.3919287153537,
   815.3471919527825,
   1.19257756194
  ],
  [
   688.9576940644736,
   746.3892113020038,
   1.12591168371
  ],
  [
   241.04031728298176,
   650.2792825592883,
   2.65162358313
  ],
  [
   713.0868440291365,
   417.00284275229126,
   2.64140500089
  ],
  [
   456.45742649944674,
   333.079878757105,
   0.972127980225
  ],
  [
   506.0556786779055,
   547.9253443596576,
   2.43016664723
  ],
  [
   851.9375435135427,
   167.01482898623897,
   1.10293178201
  ],
  [
   878.7118456364632,
   629.9073317112194,
   0.444657095304
  ],
  [
   364.72996947778483,
   188.23038031571002,
   2.74940658219
  ],
  [
   399.29695719989434,
   877.5618863796985,
   1.58113691827
  ]
 ]
}