{
 "Object_Length": 210.81851067789196,
 "Object_Shape": "cuboid",
 "Object_Width": 63.245553203367585,
 "Workspace_Density": 0.2,
 "Workspace_Height": 1000,
 "Workspace_Width": 1000,
 "number_of_objects": 15,
 "point_list": [
  [
   370.44812467393183,
   473.75418218962676,
   1.25762254167
  ],
  [
   843.5800584738269,
   885.9910242007729,
   0.394368218739
  ],
  [
   532.0144678766052,
   490.2171329697571,
   2.68008076102
  ],
  [
   168.2431029140378,
   537.0038747127232,
   0.835363231965
  ],
  [
   642.4699281972113,
   277.06173531073455,
   1.65841693108
  ],
  [
   224.4171801592505,
   268.8918254276562,
   0.844860478412
  ],
  [
   455.65039659032885,
   328.6051920379661,
   1.27229050551
  ],
  [
   836.5133642702635,
   724.0972866323239,
   2.55141622529
  ],
  [
   101.47065949497205,
   140.7835695203062,
   2.33797064373
  ],
  [
   590.5973984844543,
   760.9430892544158,
   2.54132132779
  ],
  [
   595.6703293311753,
   80.34017538088757,
   2.75865170525
  ],
  [
   362.00677304851394,
   735.5021060386407,
   2.8820360775
  ],
  [
   150.57030988007898,
   850.4723745128421,
   0.430965622304
  ],
  [
   834.1983586490669,
   142.61407095188912,
   0.802532840232
  ],
  [
   862.7360579584952,
   464.34384719478504,
   2.37921986722
  ]
 ]
}