{
 "Object_Length": 210.81851067789196,
 "Object_Shape": "cuboid",
 "Object_Width": 63.245553203367585,
 "Workspace_Density": 0.2,
 "Workspace_Height": 1000,
 "Workspace_Width": 1000,
 "number_of_objects": 15,
 "point_list": [
  [
   211.83514877498504,
   535.4021665628003,
   2.98211236683
  ],
  [
   590.426173815064,
   498.00129350012344,
   3.13663004429
  ],
  [
   433.0004580508156,
   731.2614527125885,
   1.02405807196
  ],
  [
   748.0333890459101,
   870.2402965557959,
   1.95945443486
  ],
  [
   436.784695697102,
   161.58833784201914,
   0.626886656594
  ],
  [
   907.6549707465127,
   303.389711247795,
   2.10324285701
  ],
  [
   281.82348704129316,
   376.47879439530044,
   2.12760693837
  ],
  [
   765.4995152941877,
   256.617274782137,
   2.48908958068
  ],
  [
   589.514760722797,
   666.5833578622662,
   0.626424449608
  ],
  [
   239.4779018024596,
   154.06539869326303,
   1.13295768647
  ],
  [
   529.3892656978708,
   342.70500900799664,
   1.8553206154
  ],
  [
   204.4638666093899,
   909.3445352535546,
   0.44759244148
  ],
  [
   87.57290165767296,
   253.47848815850926,
   1.14265575321
  ],
  [
   586.9408496286999,
   852.2656276049647,
   2.54798915636
  ],
  [
   861.7416998664073,
   870.3620421840459,
   2.08604928236
  ]
 ]
}