{
 "Object_Radius": 34.54941494713355,
 "Object_Shape": "disc",
 "Workspace_Density": 0.3,
 "Workspace_Height": 1000,
 "Workspace_Width": 1000,
 "number_of_objects": 80,
 "point_list": [
  [
   36.93139154501889,
   818.4080944816004
  ],
  [
   560.2645447110178,
   562.0098685088677
  ],
  [
   583.0726817088827,
   752.0915543371627
  ],
  [
   234.55487756160343,
   608.0780838888344
  ],
  [
   480.82362618132356,
   965.0686084549811
  ],
  [
   279.0113054741517,
   965.0686084549811
  ],
  [
   867.2994864195297,
   965.0686084549811
  ],
  [
   780.2836346446524,
   36.93139154501889
  ],
  [
   829.1880917996143,
   716.8465738372039
  ],
  [
   392.9793047571358,
   293.5847008540515
  ],
  [
   632.2404958394228,
   857.6153561870909
  ],
  [
   377.2117030756479,
   802.3961651694925
  ],
  [
   830.2882046739185,
   856.4307447445715
  ],
  [
   202.61073244051582,
   471.4951047355519
  ],
  [
   460.42301838036826,
   397.93050379215674
  ],
  [
   137.5638552474566,
   434.49614811039885
  ],
  [
   535.9756244235128,
   383.4397665767221
  ],
  [
   128.57907762979775,
   79.36994299304607
  ],
  [
   124.01317474036988,
   670.8456589105548
  ],
  [
   658.6914076409864,
   510.4499623798389
  ],
  [
   274.11122449643943,
   297.91358312842675
  ],
  [
   750.241902736712,
   846.2242705205247
  ],
  [
   190.60382032600552,
   946.9688029683276
  ],
  [
   274.90919307820053,
   459.4007428938063
  ],
  [
   934.0989774404815,
   281.0914175408599
  ],
  [
   739.7474048739917,
   769.2406392443452
  ],
  [
   394.75789727558043,
   366.1278134639434
  ],
  [
   616.3826184921587,
   153.33318532785734
  ],
  [
   563.2764615741283,
   822.0743317410494
  ],
  [
   57.167176309973335,
   744.1314765024995
  ],
  [
   810.3935327204181,
   787.0151327221027
  ],
  [
   128.80248823760655,
   233.16828796154243
  ],
  [
   747.6486418996224,
   965.0686084549811
  ],
  [
   714.9819602897055,
   76.64654992183146
  ],
  [
   965.0686084549811,
   539.411489204146
  ],
  [
   294.97537982530184,
   53.64617767033464
  ],
  [
   204.4205370556621,
   258.0324543725296
  ],
  [
   930.9010505839749,
   712.5269693654438
  ],
  [
   880.9315888020334,
   771.767686984527
  ],
  [
   641.2537399954763,
   53.48875305810816
  ],
  [
   780.8844232978158,
   110.32808203230101
  ],
  [
   87.65977735037518,
   141.23680165539068
  ],
  [
   898.5867339597606,
   496.0052180884097
  ],
  [
   197.30344370447705,
   671.363219402426
  ],
  [
   400.4968572456419,
   702.2307685226607
  ],
  [
   965.0686084549811,
   378.0838892521142
  ],
  [
   119.8297343143917,
   893.0196810614966
  ],
  [
   653.138798096799,
   724.4621856851171
  ],
  [
   523.6543353910953,
   709.5412547080608
  ],
  [
   758.0224933078789,
   696.2639049167441
  ],
  [
   415.35284973481754,
   462.66399171023494
  ],
  [
   675.6912892151059,
   965.0686084549811
  ],
  [
   399.27795004181553,
   875.1583353239506
  ],
  [
   567.4313770897859,
   650.526211573919
  ],
  [
   528.3724848665507,
   249.60922365665695
  ],
  [
   54.18615462764087,
   236.47353937353688
  ],
  [
   693.808918171802,
   894.9620124305068
  ],
  [
   965.0686084549811,
   460.8793928886449
  ],
  [
   171.39606840487176,
   806.1691685402795
  ],
  [
   895.9322011207446,
   203.48315354936352
  ],
  [
   829.0802194399165,
   168.4135694234087
  ],
  [
   612.6574102932639,
   930.545934077458
  ],
  [
   279.66922896553893,
   387.67203770751655
  ],
  [
   542.0237835855148,
   917.310447658251
  ],
  [
   306.7083698648959,
   636.1578558305213
  ],
  [
   472.57592580850473,
   107.24827360232914
  ],
  [
   807.034891530144,
   924.4273845102995
  ],
  [
   487.19202935528614,
   848.0112288088588
  ],
  [
   669.7786128536667,
   221.45207552606684
  ],
  [
   40.62260055402628,
   83.79013365524182
  ],
  [
   399.17761157564166,
   615.3801389533602
  ],
  [
   662.0090980092458,
   390.65889612592554
  ],
  [
   693.8797254489876,
   591.5104954828363
  ],
  [
   447.0635611939975,
   558.0057190839503
  ],
  [
   132.74975717540832,
   744.2610651574204
  ],
  [
   302.93347803882006,
   780.3859228515987
  ],
  [
   965.0686084549811,
   63.78991484418639
  ],
  [
   692.9874430511869,
   663.5555331704759
  ],
  [
   404.428276353764,
   952.6765145816615
  ],
  [
   473.825220295509,
   323.97592335937173
  ]
 ]
}