{
 "Object_Radius": 34.54941494713355,
 "Object_Shape": "disc",
 "Workspace_Density": 0.3,
 "Workspace_Height": 1000,
 "Workspace_Width": 1000,
 "number_of_objects": 80,
 "point_list": [
  [
   510.0912942189223,
   36.93139154501889
  ],
  [
   276.7424498329182,
   152.26181845055757
  ],
  [
   285.4962783121487,
   896.8931023533332
  ],
  [
   690.304270266988,
   102.51556741019779
  ],
  [
   102.24496083589246,
   210.34807470348113
  ],
  [
   334.514056964161,
   950.6165871724323
  ],
  [
   350.5962327201015,
   726.513139686772
  ],
  [
   528.8183008665453,
   965.0686084549811
  ],
  [
   443.63887951371237,
   633.0827233184364
  ],
  [
   893.5242919220534,
   255.98916206002295
  ],
  [
   495.03247326549956,
   533.5794320099106
  ],
  [
   783.8557233665878,
   584.974949765612
  ],
  [
   867.7754887936865,
   522.440211170864
  ],
  [
   60.910153389398424,
   533.1115421034484
  ],
  [
   644.1837019364397,
   701.9264130477217
  ],
  [
   894.453251749187,
   431.42532265239606
  ],
  [
   372.16412856843357,
   648.6263885430564
  ],
  [
   965.0686084549811,
   367.9091919589662
  ],
  [
   518.017323383504,
   382.48102792738206
  ],
  [
   902.3287662009554,
   332.8155772936035
  ],
  [
   841.7660739140749,
   193.53608687391892
  ],
  [
   122.34076863330283,
   724.8879425628146
  ],
  [
   373.278752878277,
   436.58594310920205
  ],
  [
   612.3791459027858,
   855.4744402350635
  ],
  [
   255.57891069629636,
   827.8910680342929
  ],
  [
   36.93139154501889,
   645.841422360968
  ],
  [
   405.4286100539681,
   937.5804176782589
  ],
  [
   403.6025168930927,
   69.73443833719534
  ],
  [
   646.6365054016729,
   39.44130066051732
  ],
  [
   728.027442747779,
   248.0228625704568
  ],
  [
   965.0686084549811,
   929.1504096384501
  ],
  [
   287.57085814245664,
   352.054036133956
  ],
  [
   465.3766419985888,
   715.9597601320932
  ],
  [
   965.0686084549811,
   707.9258972099451
  ],
  [
   850.2143413893826,
   799.784552333443
  ],
  [
   665.555661316977,
   965.0686084549811
  ],
  [
   310.13987283898007,
   215.91631648114193
  ],
  [
   198.72900392358665,
   776.4482830299879
  ],
  [
   533.9298134541659,
   837.8330203111727
  ],
  [
   594.3800361067671,
   929.335561082593
  ],
  [
   247.60788839784036,
   568.2146062673022
  ],
  [
   399.72752081848733,
   531.1274445343053
  ],
  [
   36.93139154501889,
   876.0265710763331
  ],
  [
   64.66301216015269,
   450.5625009890309
  ],
  [
   298.7594514947712,
   669.1659196103503
  ],
  [
   840.4808423619485,
   369.4093182311254
  ],
  [
   566.8330747057233,
   279.16537295765204
  ],
  [
   463.40314398248904,
   788.0089329197119
  ],
  [
   36.93139154501889,
   255.96110299559905
  ],
  [
   587.3119233373612,
   652.3389385300612
  ],
  [
   159.50292218574083,
   894.5378441300415
  ],
  [
   880.551785053893,
   60.513366688110466
  ],
  [
   117.46295088113581,
   965.0686084549811
  ],
  [
   514.504313036747,
   654.9257555281778
  ],
  [
   368.23205601400434,
   845.3984410732845
  ],
  [
   916.1312932227963,
   625.9592808854553
  ],
  [
   190.16522315618826,
   965.0686084549811
  ],
  [
   233.70654715554258,
   87.04422966080901
  ],
  [
   565.0361690223065,
   199.53655478411292
  ],
  [
   789.3777230867296,
   734.8886148942715
  ],
  [
   744.2611883345166,
   957.4793268885684
  ],
  [
   139.44567010431354,
   291.7260302610994
  ],
  [
   813.5308201839795,
   283.8608711668313
  ],
  [
   305.50128127925456,
   36.93139154501889
  ],
  [
   205.41536812436254,
   695.8842727185955
  ],
  [
   474.6935417902179,
   917.7943408614808
  ],
  [
   552.4200123422435,
   583.1218672066532
  ],
  [
   700.3020413327021,
   339.34346532611596
  ],
  [
   317.2735910886985,
   790.2656237956483
  ],
  [
   180.1656504054714,
   519.7424151122782
  ],
  [
   322.05407834650157,
   584.0498256519037
  ],
  [
   648.4149879926409,
   599.3555310892124
  ],
  [
   141.59272470007448,
   824.625888632147
  ],
  [
   424.8092889872616,
   145.87154002028078
  ],
  [
   823.4214379833346,
   658.2630349659281
  ],
  [
   262.70261275492675,
   965.0686084549811
  ],
  [
   182.06958456308845,
   36.93139154501889
  ],
  [
   690.5828848341604,
   512.5913738887733
  ],
  [
   402.5312067377458,
   360.1669428668653
  ],
  [
   965.0686084549811,
   232.40006642143175
  ]
 ]
}