{
 "Object_Radius": 34.54941494713355,
 "Object_Shape": "disc",
 "Workspace_Density": 0.3,
 "Workspace_Height": 1000,
 "Workspace_Width": 1000,
 "number_of_objects": 80,
 "point_list": [
  [
   867.9387908207782,
   55.66294480982292
  ],
  [
   573.3033094269354,
   821.5244361762266
  ],
  [
   126.04034999930751,
   948.0313464102167
  ],
  [
   358.0319915771114,
   786.535407103845
  ],
  [
   519.8669926331726,
   321.9291206162154
  ],
  [
   396.4371780327607,
   165.32344440239308
  ],
  [
   378.75349162095597,
   634.4178783561023
  ],
  [
   807.1392726602917,
   675.6848010457579
  ],
  [
   882.7263098082823,
   753.8693697820327
  ],
  [
   965.0686084549811,
   747.5429201905706
  ],
  [
   206.6102756682717,
   965.0686084549811
  ],
  [
   615.6853295163166,
   402.9229233317941
  ],
  [
   722.6672104987227,
   659.3139498519743
  ],
  [
   198.2656747615849,
   127.74598568090516
  ],
  [
   535.8698772672161,
   250.31819487672266
  ],
  [
   193.37101907832925,
   620.4332870507678
  ],
  [
   36.93139154501889,
   395.5810404614359
  ],
  [
   37.525777794927386,
   858.0984190803013
  ],
  [
   126.48145573458233,
   145.8236916445949
  ],
  [
   327.16796632193785,
   97.88436892999793
  ],
  [
   117.59239205522123,
   772.0988548247782
  ],
  [
   660.9144503530816,
   187.7625356687745
  ],
  [
   189.17032924242156,
   787.3515334340772
  ],
  [
   728.2460762933869,
   961.744944889171
  ],
  [
   965.0686084549811,
   290.65387458494394
  ],
  [
   258.3775753757436,
   667.4461764889653
  ],
  [
   123.47161555809349,
   42.32095771458011
  ],
  [
   116.92227416076761,
   503.1969254115981
  ],
  [
   36.93139154501889,
   474.14945263856913
  ],
  [
   686.8375296470539,
   345.3903239453389
  ],
  [
   492.7695024635625,
   87.97953466640554
  ],
  [
   656.2463281573554,
   965.0686084549811
  ],
  [
   36.93139154501889,
   301.8363473130996
  ],
  [
   965.0686084549811,
   535.2228139819136
  ],
  [
   771.2315958113811,
   740.2934655417013
  ],
  [
   704.1009093823847,
   497.9821597079599
  ],
  [
   374.88795528545455,
   561.061594283567
  ],
  [
   690.9532724645989,
   426.75350413426713
  ],
  [
   836.1127245144568,
   122.57421626158164
  ],
  [
   36.93139154501889,
   965.0686084549811
  ],
  [
   368.19840366433976,
   36.93139154501889
  ],
  [
   965.0686084549811,
   633.1166781994585
  ],
  [
   703.9173565175129,
   889.8559065815317
  ],
  [
   357.45250183129264,
   952.5317601507161
  ],
  [
   236.44344279484216,
   380.4833605787859
  ],
  [
   917.7762399670946,
   909.8760680875115
  ],
  [
   752.3496643932564,
   156.70925917675387
  ],
  [
   577.8126535776031,
   893.3475299751875
  ],
  [
   264.36072709503225,
   449.2538040870999
  ],
  [
   336.4066621696621,
   438.47718355368295
  ],
  [
   689.4867847433246,
   268.5962007897029
  ],
  [
   36.93139154501889,
   725.838491274718
  ],
  [
   827.2037388580586,
   904.094452435083
  ],
  [
   441.6141713424604,
   36.93139154501889
  ],
  [
   498.38797724121144,
   885.409479127253
  ],
  [
   790.6627515759169,
   36.93139154501889
  ],
  [
   655.9776848814334,
   610.089851737563
  ],
  [
   611.6858824167746,
   491.62016204019363
  ],
  [
   261.0753213411776,
   522.1802456878737
  ],
  [
   666.8163262157814,
   784.7109402511591
  ],
  [
   449.7999908131359,
   537.3224512109219
  ],
  [
   957.6521143449132,
   385.32496690323075
  ],
  [
   349.2890651727333,
   277.37148015769486
  ],
  [
   141.13319890106328,
   307.7514306969713
  ],
  [
   965.0686084549811,
   837.2763787644603
  ],
  [
   582.6151153254693,
   965.0686084549811
  ],
  [
   918.6131370299832,
   690.1853101331296
  ],
  [
   408.87006994503565,
   701.3923289431922
  ],
  [
   342.09737480564684,
   350.6000241046986
  ],
  [
   127.07347465057791,
   869.8992672500416
  ],
  [
   502.47880333833814,
   809.0307779906904
  ],
  [
   965.0686084549811,
   965.0686084549811
  ],
  [
   265.27314769944695,
   36.93139154501889
  ],
  [
   54.52083798852804,
   193.82374101420723
  ],
  [
   964.9094520488854,
   145.12686474964374
  ],
  [
   266.950673563302,
   315.4174906363329
  ],
  [
   490.58672868556846,
   699.0777666523699
  ],
  [
   501.2398679784746,
   416.9005400618448
  ],
  [
   680.5088393269197,
   108.61785982357246
  ],
  [
   697.9657043557753,
   36.93139154501889
  ]
 ]
}