{
 "Object_Radius": 34.54941494713355,
 "Object_Shape": "disc",
 "Workspace_Density": 0.3,
 "Workspace_Height": 1000,
 "Workspace_Width": 1000,
 "number_of_objects": 80,
 "point_list": [
  [
   690.4811183720882,
   581.307305781922
  ],
  [
   626.9335670595559,
   637.6534712188048
  ],
  [
   36.93139154501889,
   36.93139154501889
  ],
  [
   544.8522824793108,
   624.0757791962643
  ],
  [
   560.274404136599,
   382.8111540012943
  ],
  [
   915.0248633512298,
   896.8747833315997
  ],
  [
   117.69729036929493,
   256.3722902512959
  ],
  [
   186.04390388249502,
   36.93139154501889
  ],
  [
   157.655048848431,
   446.86191713943424
  ],
  [
   36.93139154501889,
   886.9426174071494
  ],
  [
   603.0382713644454,
   470.41309446650405
  ],
  [
   354.0789722375831,
   713.2477270327289
  ],
  [
   452.3534425972092,
   740.4523235066931
  ],
  [
   484.98849667165837,
   403.96623733982057
  ],
  [
   401.772341523691,
   192.47354826388462
  ],
  [
   112.84194512582495,
   579.2064880614791
  ],
  [
   826.4040226266337,
   121.68933627354939
  ],
  [
   343.8476206233818,
   422.674880111745
  ],
  [
   178.35483352541024,
   162.70948461161151
  ],
  [
   738.2365839166604,
   166.94854484945577
  ],
  [
   570.8397702274666,
   292.85409019688365
  ],
  [
   188.73924299827465,
   908.0434587451765
  ],
  [
   137.39407911949684,
   103.03463055557285
  ],
  [
   569.6055630276059,
   802.3319217458007
  ],
  [
   207.1561982655864,
   833.0622829483777
  ],
  [
   268.0215635114642,
   331.15760972692186
  ],
  [
   36.93139154501889,
   965.0686084549811
  ],
  [
   561.1374478143246,
   549.1467309892204
  ],
  [
   330.4691611097148,
   36.93139154501889
  ],
  [
   36.93139154501889,
   241.70369055039805
  ],
  [
   420.19110739678,
   478.83308978775636
  ],
  [
   424.4783034130054,
   965.0686084549811
  ],
  [
   36.93139154501889,
   320.46238148127526
  ],
  [
   439.82831351617216,
   327.7303892058073
  ],
  [
   217.69611434059323,
   488.7311746839632
  ],
  [
   885.2116802167242,
   183.05895316390595
  ],
  [
   107.36776116262983,
   185.09094067923266
  ],
  [
   732.1749096225251,
   38.578810880961264
  ],
  [
   537.7257087785742,
   38.346332826949215
  ],
  [
   36.93139154501889,
   710.8417226484199
  ],
  [
   373.1470209514405,
   888.7149505992898
  ],
  [
   786.799472044201,
   301.09948633497874
  ],
  [
   36.93139154501889,
   516.8719832671055
  ],
  [
   775.2080939703818,
   540.2732052050659
  ],
  [
   965.0686084549811,
   51.882389197517206
  ],
  [
   727.377294705081,
   345.9350208464194
  ],
  [
   421.88836689260563,
   567.9868499608286
  ],
  [
   641.9849771779926,
   368.56671113342077
  ],
  [
   281.5557101065967,
   675.4597153714358
  ],
  [
   494.9281864912446,
   209.8946756412926
  ],
  [
   220.31594687033754,
   728.922500329643
  ],
  [
   965.0686084549811,
   786.8724551980217
  ],
  [
   260.77991999723827,
   922.0610376421527
  ],
  [
   847.6582845884614,
   36.93139154501889
  ],
  [
   632.5119141747621,
   536.0684151389052
  ],
  [
   489.92900415536656,
   536.7538456042064
  ],
  [
   250.77619261911394,
   553.920415982536
  ],
  [
   36.93139154501889,
   165.81306892678356
  ],
  [
   727.4916476865815,
   423.78257670798536
  ],
  [
   108.79421453571166,
   36.93139154501889
  ],
  [
   305.60903104645683,
   602.9658397354362
  ],
  [
   735.0087292909319,
   941.1077093518993
  ],
  [
   809.3591689054609,
   439.14644692734214
  ],
  [
   364.3263914635447,
   325.1941023476563
  ],
  [
   258.445234780687,
   36.93139154501889
  ],
  [
   104.13753305661388,
   930.7653597462457
  ],
  [
   965.0686084549811,
   491.7683976719488
  ],
  [
   322.3990102467069,
   145.45386445498409
  ],
  [
   292.10793550189624,
   476.1148909017309
  ],
  [
   531.179354111953,
   469.66776908022246
  ],
  [
   373.59332338775766,
   626.3851106134855
  ],
  [
   772.7701040618903,
   711.5727907829349
  ],
  [
   704.365250402836,
   499.11131115088295
  ],
  [
   249.0790461117772,
   415.5146179483888
  ],
  [
   892.0130981362025,
   465.8844819037141
  ],
  [
   431.7093706448634,
   838.4933805699308
  ],
  [
   103.18935318536307,
   756.7802519175417
  ],
  [
   891.2305293162458,
   681.5554991024779
  ],
  [
   834.5294713807965,
   860.8850659004914
  ],
  [
   885.025951043762,
   264.15519923025954
  ]
 ]
}