{
 "Object_Radius": 34.54941494713355,
 "Object_Shape": "disc",
 "Workspace_Density": 0.3,
 "Workspace_Height": 1000,
 "Workspace_Width": 1000,
 "number_of_objects": 80,
 "point_list": [
  [
   437.27146616498516,
   642.4564867169437
  ],
  [
   912.3857351538189,
   595.829320777571
  ],
  [
   130.49562460807257,
   519.9454247825993
  ],
  [
   482.28925117148367,
   506.1448450554498
  ],
  [
   338.9545574561787,
   848.3763486037178
  ],
  [
   304.6400747936777,
   948.9404239245919
  ],
  [
   532.0191007295984,
   355.4378192258922
  ],
  [
   212.46366581757746,
   212.48925628036253
  ],
  [
   965.0686084549811,
   681.8949260028396
  ],
  [
   698.3067739066307,
   36.93139154501889
  ],
  [
   528.2861852457729,
   159.20692186380626
  ],
  [
   838.1783971712322,
   965.0686084549811
  ],
  [
   336.11850129571485,
   642.5802749955145
  ],
  [
   504.26395129549877,
   689.9259651663293
  ],
  [
   819.1921168737365,
   268.09489387336185
  ],
  [
   627.9038839056348,
   435.7557176418367
  ],
  [
   294.82053574163956,
   583.7541892946255
  ],
  [
   367.4304332960791,
   780.1817540497882
  ],
  [
   328.640556786428,
   322.2654897849456
  ],
  [
   272.36739842587133,
   690.5613972883848
  ],
  [
   735.7084977487948,
   551.4471990772773
  ],
  [
   808.4176535103761,
   872.9987222772751
  ],
  [
   185.16543036843277,
   36.93139154501889
  ],
  [
   656.241910111181,
   157.7191952742218
  ],
  [
   350.5101550585831,
   451.2933985048895
  ],
  [
   151.39637853525318,
   965.0686084549811
  ],
  [
   480.84408704253855,
   881.3999930217974
  ],
  [
   36.93139154501889,
   911.3598913938926
  ],
  [
   296.97461531345965,
   760.942310717603
  ],
  [
   880.5908642994674,
   810.248194007243
  ],
  [
   220.80519185287432,
   747.279393392792
  ],
  [
   398.88257569332495,
   893.5248379411695
  ],
  [
   473.5727910617931,
   965.0686084549811
  ],
  [
   159.7403038113972,
   336.17948879883147
  ],
  [
   463.431600576865,
   408.73441367131977
  ],
  [
   965.0686084549811,
   312.9310534597757
  ],
  [
   364.02224424622375,
   232.0225654269464
  ],
  [
   583.8910569472628,
   626.2342659855371
  ],
  [
   232.88847169012217,
   965.0686084549811
  ],
  [
   456.1897588483401,
   232.87753374356544
  ],
  [
   36.93139154501889,
   832.3926369358429
  ],
  [
   321.21703172665525,
   516.9148308864058
  ],
  [
   384.8719029750918,
   695.710515859388
  ],
  [
   472.7912974236153,
   314.60239424104867
  ],
  [
   654.6733651303344,
   753.5791741793462
  ],
  [
   442.4142646155433,
   739.0649413205393
  ],
  [
   240.4234400653915,
   513.0401424197211
  ],
  [
   69.95910629557689,
   145.41372585542888
  ],
  [
   400.75792873144763,
   303.3036185421572
  ],
  [
   866.2773336099466,
   370.46120191949535
  ],
  [
   357.0787153843652,
   110.77667729811257
  ],
  [
   927.0001065204425,
   965.0686084549811
  ],
  [
   762.1897833629217,
   965.0686084549811
  ],
  [
   795.225907112783,
   404.2879677070929
  ],
  [
   514.6640779462548,
   799.6027526503686
  ],
  [
   411.0988711500462,
   496.2763339126326
  ],
  [
   377.68737626814845,
   965.0686084549811
  ],
  [
   764.0801769916876,
   714.5592660688153
  ],
  [
   340.35533449150364,
   36.93139154501889
  ],
  [
   263.9582496845549,
   824.8016211952142
  ],
  [
   115.15793468641778,
   598.6081792565979
  ],
  [
   664.7581823056408,
   634.2177960286527
  ],
  [
   965.0686084549811,
   788.0591505774228
  ],
  [
   54.72439667215795,
   471.3967417468004
  ],
  [
   655.9087043137735,
   861.6292714565393
  ],
  [
   731.7137550026312,
   169.14634659555006
  ],
  [
   686.6640557545101,
   945.1543515509004
  ],
  [
   143.9135673349018,
   258.40399349245246
  ],
  [
   476.9859810827978,
   580.1146595834156
  ],
  [
   702.982003292852,
   469.51455892605617
  ],
  [
   36.93139154501889,
   754.5281234734094
  ],
  [
   36.93139154501889,
   546.2775808545955
  ],
  [
   720.1972983307605,
   291.62575739521395
  ],
  [
   105.27934710389957,
   796.6386113347694
  ],
  [
   965.0686084549811,
   542.0223786328437
  ],
  [
   593.6646617997754,
   227.6742497916223
  ],
  [
   581.1492767640875,
   711.2815767637519
  ],
  [
   422.8026332958634,
   168.9330491615496
  ],
  [
   566.074295215974,
   946.6980544899883
  ],
  [
   236.9860226393553,
   626.682894177234
  ]
 ]
}