{
 "Object_Radius": 34.54941494713355,
 "Object_Shape": "disc",
 "Workspace_Density": 0.3,
 "Workspace_Height": 1000,
 "Workspace_Width": 1000,
 "number_of_objects": 80,
 "point_list": [
  [
   531.8837416376921,
   280.82440190014654
  ],
  [
   606.7432943270423,
   479.6802383889507
  ],
  [
   699.63300546875,
   666.4193074437571
  ],
  [
   361.1567929016942,
   67.74213411779303
  ],
  [
   677.1243509773194,
   369.53499734617486
  ],
  [
   185.4601703524277,
   583.3058451737509
  ],
  [
   804.4106816290221,
   529.0603838503171
  ],
  [
   477.7991433951888,
   845.6768311345553
  ],
  [
   958.6302305921148,
   192.07097552079068
  ],
  [
   382.854688670766,
   575.2517809152689
  ],
  [
   36.93139154501889,
   77.43439026747983
  ],
  [
   888.2329248003005,
   765.570462251364
  ],
  [
   186.09975063505172,
   965.0686084549811
  ],
  [
   366.03586424640343,
   965.0686084549811
  ],
  [
   36.93139154501889,
   762.1974562572874
  ],
  [
   407.25592324707077,
   139.09628310112532
  ],
  [
   241.18721041500245,
   914.8631643731404
  ],
  [
   417.6725759129521,
   212.39808646419374
  ],
  [
   688.3862087152359,
   507.8145110241347
  ],
  [
   878.1768602031703,
   424.55212193961836
  ],
  [
   690.088732451056,
   592.860631248466
  ],
  [
   576.6197201408816,
   116.57469161685306
  ],
  [
   749.5764707185058,
   370.8322650229776
  ],
  [
   945.5253534230451,
   898.1878840057116
  ],
  [
   709.7592129929345,
   143.09604127327546
  ],
  [
   388.80130024981526,
   418.76665762585674
  ],
  [
   965.0686084549811,
   100.69321980901385
  ],
  [
   64.2019687726513,
   223.73891904967257
  ],
  [
   867.4851519276366,
   584.4358793149235
  ],
  [
   965.0686084549811,
   802.4937778788884
  ],
  [
   346.376412534529,
   806.0052048650348
  ],
  [
   440.82007880572155,
   365.89790305521217
  ],
  [
   609.6259377465199,
   311.69255993122067
  ],
  [
   907.1994077442439,
   36.93139154501889
  ],
  [
   207.15712112423574,
   388.1202428634182
  ],
  [
   908.0579147404272,
   329.25340978795424
  ],
  [
   430.94593795811323,
   289.32702060318655
  ],
  [
   499.81905815895686,
   513.2502100634773
  ],
  [
   631.7234064517626,
   57.385246276786624
  ],
  [
   608.0918461724301,
   767.6002400612218
  ],
  [
   233.77920794426623,
   227.3382958163615
  ],
  [
   778.2744700206965,
   291.2535724004741
  ],
  [
   267.39915431229133,
   828.3015178159241
  ],
  [
   113.48277471802565,
   853.7329080200067
  ],
  [
   781.4733484984224,
   207.04674703990364
  ],
  [
   630.9189455933881,
   195.44515928400423
  ],
  [
   622.5582737835965,
   965.0686084549811
  ],
  [
   180.17986473113436,
   781.1011939769252
  ],
  [
   882.6993138475144,
   145.85178290627718
  ],
  [
   474.9818356235937,
   429.28193467794375
  ],
  [
   273.32881466840337,
   753.519424683303
  ],
  [
   459.81367152899844,
   605.7495538226665
  ],
  [
   138.84931183297564,
   36.93139154501889
  ],
  [
   118.52442747975529,
   495.4252115335122
  ],
  [
   108.01873937986123,
   780.2814341605499
  ],
  [
   292.6973494741109,
   965.0686084549811
  ],
  [
   72.00249250418948,
   559.5734556013781
  ],
  [
   688.6695578133982,
   737.5004148532231
  ],
  [
   243.06319616490455,
   80.41850700196039
  ],
  [
   352.0889692676861,
   336.5344350688005
  ],
  [
   442.63997666828976,
   36.93139154501889
  ],
  [
   182.6743969220904,
   873.143732343262
  ],
  [
   274.512709144361,
   496.99147152309513
  ],
  [
   126.16985363479262,
   118.84868610495177
  ],
  [
   694.7124250225546,
   298.901357586761
  ],
  [
   36.93139154501889,
   924.9289765079475
  ],
  [
   42.202020062783205,
   843.9753784173625
  ],
  [
   113.10349766796284,
   925.5946906930458
  ],
  [
   755.1986362284467,
   442.5943593238748
  ],
  [
   609.2346752183757,
   402.4798528659165
  ],
  [
   36.93139154501889,
   425.68235379103277
  ],
  [
   613.5193117913441,
   618.5012740301808
  ],
  [
   524.9516063891838,
   965.0686084549811
  ],
  [
   262.7836145184774,
   333.45782704998726
  ],
  [
   314.7502372923045,
   431.089028441938
  ],
  [
   324.4466310657096,
   157.1893070673007
  ],
  [
   163.1775889669312,
   326.26527051928014
  ],
  [
   718.4704826961014,
   837.9290824873677
  ],
  [
   965.0686084549811,
   416.8524251804017
  ],
  [
   817.65754428285,
   955.1268160177335
  ]
 ]
}