{
 "Object_Radius": 39.89422804014327,
 "Object_Shape": "disc",
 "Workspace_Density": 0.3,
 "Workspace_Height": 1000,
 "Workspace_Width": 1000,
 "number_of_objects": 60,
 "point_list": [
  [
   959.510002838251,
   462.27014066784056
  ],
  [
   42.489997161749,
   665.625851080331
  ],
  [
   473.0913482094698,
   301.3877949810484
  ],
  [
   848.4969573110478,
   898.5611121057144
  ],
  [
   413.18769712954696,
   906.361666597245
  ],
  [
   42.489997161749,
   945.837838232775
  ],
  [
   608.0213696281315,
   889.6855390529528
  ],
  [
   450.28766297161326,
   214.21606878591436
  ],
  [
   381.91406034026636,
   320.2730556834402
  ],
  [
   79.18084347464425,
   745.5287976152562
  ],
  [
   72.90909861452415,
   161.41987584688616
  ],
  [
   959.510002838251,
   293.4257347588594
  ],
  [
   634.5192247729043,
   707.1477556006545
  ],
  [
   491.26171571359436,
   552.0870272181359
  ],
  [
   150.84711347364404,
   811.7855449014788
  ],
  [
   506.1745519190086,
   423.5788152763296
  ],
  [
   680.3077807639917,
   959.510002838251
  ],
  [
   833.7409498355661,
   652.6135481471305
  ],
  [
   959.510002838251,
   42.489997161749
  ],
  [
   236.96854284936416,
   563.9745064689978
  ],
  [
   114.86178251344505,
   904.113766393128
  ],
  [
   380.955804633494,
   75.51051096004157
  ],
  [
   144.65204627700186,
   72.78772907397308
  ],
  [
   959.510002838251,
   376.82749605282004
  ],
  [
   321.9036445302938,
   909.060594477406
  ],
  [
   514.8676256805406,
   774.4506576343429
  ],
  [
   934.5856377194295,
   673.0020380493675
  ],
  [
   731.9711351826294,
   42.489997161749
  ],
  [
   623.1148475790235,
   42.489997161749
  ],
  [
   723.0702715090375,
   198.25727867563896
  ],
  [
   876.115066853778,
   291.1799620286055
  ],
  [
   384.62092418775137,
   810.2257629452885
  ],
  [
   851.7567502448061,
   194.28239524146917
  ],
  [
   868.9129229516457,
   436.9435473027619
  ],
  [
   664.6043100899669,
   448.9870692768528
  ],
  [
   402.0108157982977,
   426.19931466580107
  ],
  [
   959.510002838251,
   210.3333237361128
  ],
  [
   249.45039769513602,
   862.7629651408763
  ],
  [
   286.5650541875297,
   42.489997161749
  ],
  [
   727.551124774531,
   581.9049930375811
  ],
  [
   225.12552201526265,
   101.0172824776608
  ],
  [
   457.0839097200033,
   42.489997161749
  ],
  [
   187.85995470206012,
   715.3382546444969
  ],
  [
   169.81969102034543,
   163.41648867838822
  ],
  [
   787.607002278838,
   409.39240325738524
  ],
  [
   788.8017912533054,
   249.62384121820557
  ],
  [
   896.2780388199685,
   810.6752650693109
  ],
  [
   755.576693820324,
   880.3064033244232
  ],
  [
   765.4615080561707,
   788.0777745402312
  ],
  [
   778.4478945001156,
   111.38594055255378
  ],
  [
   285.66975543067764,
   650.2763889233202
  ],
  [
   674.0189135104449,
   277.48472652281805
  ],
  [
   621.2461990762434,
   172.8103740194015
  ],
  [
   101.44941547172337,
   519.4312835596155
  ],
  [
   853.342033121113,
   42.489997161749
  ],
  [
   540.0639040424082,
   42.489997161749
  ],
  [
   486.3130081353651,
   673.652208752443
  ],
  [
   954.9436342281143,
   883.4019427821365
  ],
  [
   959.510002838251,
   127.34495770592194
  ],
  [
   517.3131076925388,
   959.510002838251
  ]
 ]
}