{
 "Object_Radius": 39.89422804014327,
 "Object_Shape": "disc",
 "Workspace_Density": 0.3,
 "Workspace_Height": 1000,
 "Workspace_Width": 1000,
 "number_of_objects": 60,
 "point_list": [
  [
   42.489997161749,
   359.24053892199925
  ],
  [
   419.43456514495415,
   847.2984243806739
  ],
  [
   287.36212754368586,
   118.90701192240616
  ],
  [
   99.88965318380563,
   42.489997161749
  ],
  [
   956.4186590932744,
   544.7393889959093
  ],
  [
   565.9565204778911,
   586.6231690081603
  ],
  [
   42.489997161749,
   193.27171047363186
  ],
  [
   140.8826898299024,
   327.21622680860867
  ],
  [
   311.6376372652812,
   345.76793417567256
  ],
  [
   92.14940961524032,
   944.8239861113472
  ],
  [
   686.0492729371875,
   347.50156554459966
  ],
  [
   959.510002838251,
   42.489997161749
  ],
  [
   741.9683911461153,
   959.510002838251
  ],
  [
   254.99575738416013,
   579.6058383844578
  ],
  [
   959.510002838251,
   634.7896343415821
  ],
  [
   219.17528313101445,
   218.18748061240788
  ],
  [
   390.4292887050041,
   628.9303429799769
  ],
  [
   140.83808144066336,
   769.7627670684332
  ],
  [
   42.489997161749,
   109.04602032453273
  ],
  [
   369.7122558985727,
   732.3633999375943
  ],
  [
   647.7503453009758,
   603.4104937449919
  ],
  [
   846.0600310901385,
   179.70710171721666
  ],
  [
   203.4285556692858,
   486.7608648499035
  ],
  [
   316.68677622362395,
   196.53987337331145
  ],
  [
   451.5199208166441,
   689.2553972280116
  ],
  [
   560.4532564945684,
   942.9926517187972
  ],
  [
   347.3762367441278,
   936.8144528525612
  ],
  [
   120.30118233281534,
   544.4656734885467
  ],
  [
   749.8457069422436,
   758.8589036289583
  ],
  [
   779.9989408467236,
   670.2722995135382
  ],
  [
   764.3592708807763,
   453.58129137991085
  ],
  [
   281.2420671798539,
   457.9383582937677
  ],
  [
   849.6795814267311,
   802.0579441750723
  ],
  [
   769.0886898009024,
   126.03775948827634
  ],
  [
   42.489997161749,
   276.256177229431
  ],
  [
   468.9280411454836,
   601.9159925085264
  ],
  [
   215.18811753762705,
   916.8503745619638
  ],
  [
   191.3290891611349,
   42.489997161749
  ],
  [
   702.0628953472009,
   885.9363944769998
  ],
  [
   343.6164580700636,
   527.6819826854368
  ],
  [
   807.9769840526138,
   372.5294346479706
  ],
  [
   673.4889865322184,
   485.60392852654473
  ],
  [
   127.63836245929649,
   422.1911172800416
  ],
  [
   242.49665077266684,
   780.5445094097017
  ],
  [
   681.6613191557902,
   87.27450583627805
  ],
  [
   794.9557508949446,
   42.489997161749
  ],
  [
   563.1048001276635,
   109.47227173685513
  ],
  [
   193.8978534587444,
   131.01932101031676
  ],
  [
   649.156497466238,
   231.07425754337797
  ],
  [
   933.4796852134265,
   182.41742181707255
  ],
  [
   507.0467517302169,
   858.7946917958358
  ],
  [
   503.16694773564495,
   42.489997161749
  ],
  [
   255.99105152231874,
   682.5177825074455
  ],
  [
   959.510002838251,
   340.74771970908256
  ],
  [
   575.6755751133885,
   490.14087262103794
  ],
  [
   959.510002838251,
   908.226737267959
  ],
  [
   43.92383920095877,
   656.1923963389938
  ],
  [
   43.19673692684524,
   467.18005972460753
  ],
  [
   633.8239633904155,
   763.3259536889747
  ],
  [
   228.76535892591406,
   319.2365013219114
  ]
 ]
}