{
 "Object_Radius": 25.2313252202016,
 "Object_Shape": "disc",
 "Workspace_Density": 0.3,
 "Workspace_Height": 1000,
 "Workspace_Width": 1000,
 "number_of_objects": 150,
 "point_list": [
  [
   226.18756787678677,
   438.66415072828994
  ],
  [
   540.4127064544871,
   885.2219807764308
  ],
  [
   140.2646413564104,
   856.214254213584
  ],
  [
   485.6768940029733,
   883.6540995854999
  ],
  [
   953.3665669707573,
   582.8669208114221
  ],
  [
   673.9427229770274,
   175.33974013524548
  ],
  [
   262.30061584770095,
   825.2051746075182
  ],
  [
   397.81042870749656,
   864.1150032710277
  ],
  [
   462.795803539428,
   258.57061612125216
  ],
  [
   690.7875976735907,
   606.395376028167
  ],
  [
   139.46756572669764,
   209.4542724038438
  ],
  [
   449.4049249306055,
   325.4503725530374
  ],
  [
   862.8609035827217,
   245.98176262638938
  ],
  [
   303.51103953277567,
   924.8270048303436
  ],
  [
   27.240578229009667,
   811.6102013062016
  ],
  [
   484.9626712439005,
   779.6435968850489
  ],
  [
   498.86553466965387,
   654.6356391851621
  ],
  [
   959.0491439959502,
   649.221163091449
  ],
  [
   542.0596783521125,
   160.98224616716027
  ],
  [
   235.57298178223863,
   77.7554290460043
  ],
  [
   102.99128989701467,
   331.397949656308
  ],
  [
   882.2290887863303,
   739.2764969235062
  ],
  [
   118.0019041779922,
   454.9132377420857
  ],
  [
   914.2611476248129,
   281.0338895108507
  ],
  [
   779.2555246411654,
   693.739618890913
  ],
  [
   940.2289378724881,
   352.6896638805898
  ],
  [
   293.022567182691,
   49.740223732839276
  ],
  [
   191.1987431044179,
   198.38881869815702
  ],
  [
   96.57456885541889,
   893.2519268434692
  ],
  [
   752.4466535875702,
   468.27903978653205
  ],
  [
   154.0573670741387,
   522.5841992237982
  ],
  [
   687.1754738777538,
   95.0664815123855
  ],
  [
   170.2141571119064,
   469.036394873339
  ],
  [
   562.110319480172,
   249.12063557795062
  ],
  [
   406.7161418452509,
   916.2319744856862
  ],
  [
   101.77774488371378,
   820.4822186270457
  ],
  [
   522.0389420903102,
   540.5518326694597
  ],
  [
   68.34102522441073,
   433.7461253916373
  ],
  [
   110.4305679410621,
   679.0039845580216
  ],
  [
   284.13508391307363,
   242.835969874686
  ],
  [
   451.6189898359532,
   966.9558618186593
  ],
  [
   397.28011188055245,
   974.7594217709903
  ],
  [
   285.66684418090125,
   174.24758580328304
  ],
  [
   94.41569988714306,
   625.13825810589
  ],
  [
   764.655489068508,
   618.2864141519423
  ],
  [
   735.3313840496144,
   119.72091555115432
  ],
  [
   41.27300540478626,
   630.9917254169134
  ],
  [
   550.4455006011618,
   613.7090704285416
  ],
  [
   905.0557303850376,
   619.1770092552173
  ],
  [
   382.6396604385003,
   406.18191359289654
  ],
  [
   246.07082060244312,
   658.7376938964335
  ],
  [
   440.7112928636833,
   191.55961853678457
  ],
  [
   53.38472253697948,
   149.25803343274293
  ],
  [
   702.0009276785588,
   671.9536815494778
  ],
  [
   686.635917116152,
   974.2779375439397
  ],
  [
   649.4572877765397,
   714.3990860264757
  ],
  [
   477.5996857644336,
   27.240578229009667
  ],
  [
   634.0407347126949,
   506.8098794602963
  ],
  [
   795.0670622815181,
   870.039794317477
  ],
  [
   233.86471321158558,
   274.45135720981426
  ],
  [
   397.99482038223016,
   87.83438561840568
  ],
  [
   305.2157886466777,
   653.1588358953547
  ],
  [
   230.7092793339843,
   745.072616908208
  ],
  [
   430.22630779732367,
   382.3892462231748
  ],
  [
   264.97915402662323,
   554.6726201003405
  ],
  [
   808.3224206177605,
   974.7594217709903
  ],
  [
   710.1564869733176,
   768.4922516001267
  ],
  [
   836.2894559494625,
   293.76615849039325
  ],
  [
   523.8581777468203,
   461.2760219487736
  ],
  [
   716.8616644961337,
   426.24541786843463
  ],
  [
   836.9989336213179,
   547.135175260175
  ],
  [
   536.7912927738702,
   748.4806310574346
  ],
  [
   165.06790749866917,
   258.8352740974407
  ],
  [
   27.528021604443307,
   357.6115317299335
  ],
  [
   795.5780905400032,
   748.3804011524765
  ],
  [
   423.23376920060235,
   696.2008330729627
  ],
  [
   337.260708395715,
   197.2919537565381
  ],
  [
   228.29536753999508,
   974.7594217709903
  ],
  [
   814.7165057819262,
   647.7045208984327
  ],
  [
   974.7594217709903,
   255.62386481397502
  ],
  [
   393.2323751347042,
   563.4169080065913
  ],
  [
   890.6778626064754,
   373.88260201154617
  ],
  [
   288.419782411544,
   601.6284150082685
  ],
  [
   211.67050273810264,
   924.9793629112245
  ],
  [
   27.240578229009667,
   751.9466539737317
  ],
  [
   577.3966910490105,
   120.71781294335989
  ],
  [
   730.8858891739596,
   846.5272919210228
  ],
  [
   468.1245524227979,
   553.1104321384502
  ],
  [
   951.4001617380742,
   890.3626357723998
  ],
  [
   402.16789719000144,
   508.4779820728561
  ],
  [
   346.2506867532366,
   877.7438171489176
  ],
  [
   113.86888199930138,
   574.9777868317119
  ],
  [
   342.2314220395405,
   819.1018788463597
  ],
  [
   200.22776416953275,
   699.2942610712919
  ],
  [
   342.8320468455468,
   27.240578229009667
  ],
  [
   79.5154459823182,
   382.02604458771555
  ],
  [
   386.83301641184966,
   266.20377438684443
  ],
  [
   747.0620464369499,
   224.0433774441739
  ],
  [
   27.240578229009667,
   302.88232528567113
  ],
  [
   280.7765324366891,
   974.7594217709903
  ],
  [
   729.9825213294706,
   943.6942518625443
  ],
  [
   789.1468923913192,
   108.77445820848794
  ],
  [
   822.7294425588058,
   160.38505049985292
  ],
  [
   242.79555279935633,
   880.6412483645453
  ],
  [
   270.29807024536905,
   474.9093073321195
  ],
  [
   745.948870031663,
   27.240578229009667
  ],
  [
   960.988781044141,
   142.80769730815413
  ],
  [
   876.8718104518256,
   509.89842066245063
  ],
  [
   633.7480080747728,
   127.43377241518192
  ],
  [
   640.6964287190215,
   874.0533062265044
  ],
  [
   909.3348728386449,
   27.240578229009667
  ],
  [
   212.0096110879043,
   798.9910612427722
  ],
  [
   642.8235400336099,
   452.0570406996081
  ],
  [
   338.38276893509135,
   320.70884647643834
  ],
  [
   367.8323975545373,
   629.4189748397279
  ],
  [
   530.4466374919353,
   27.240578229009667
  ],
  [
   427.61314800747203,
   813.9995738304765
  ],
  [
   812.627760578674,
   595.2535648566313
  ],
  [
   365.2144694842173,
   141.9790211985984
  ],
  [
   307.7131243799546,
   111.2570626052669
  ],
  [
   927.6008343710055,
   80.35330771880508
  ],
  [
   191.60159001368945,
   868.4454251677938
  ],
  [
   116.51025613174245,
   100.6247768313105
  ],
  [
   309.59677423503246,
   712.9609143984251
  ],
  [
   974.7594217709903,
   197.04173517510898
  ],
  [
   844.3550039834655,
   399.19314023109007
  ],
  [
   391.4137386885052,
   325.28086178075523
  ],
  [
   192.70482572900235,
   564.2308208758814
  ],
  [
   578.7418365600179,
   48.93338610828081
  ],
  [
   69.0479987328033,
   217.27086629277173
  ],
  [
   340.6931621218541,
   963.9913126578251
  ],
  [
   136.34760929367798,
   385.77531173734144
  ],
  [
   689.6868874937061,
   897.9671144692734
  ],
  [
   650.381592929468,
   651.17970507234
  ],
  [
   764.1373129346719,
   173.09388325197648
  ],
  [
   352.4436052518858,
   679.5933886510329
  ],
  [
   242.89261683999618,
   207.44610186294344
  ],
  [
   290.1104049641684,
   296.67178950469923
  ],
  [
   421.77461433347736,
   27.240578229009667
  ],
  [
   691.2846304828607,
   487.7538129152128
  ],
  [
   294.2525338259013,
   870.321210085393
  ],
  [
   494.31908769917686,
   184.36836221372755
  ],
  [
   653.9791027921589,
   767.7587111618162
  ],
  [
   175.81421704437219,
   974.7594217709903
  ],
  [
   656.5484166929152,
   264.86537183264136
  ],
  [
   149.6945613427431,
   147.51220536896906
  ],
  [
   128.69097937991341,
   27.240578229009667
  ],
  [
   974.7594217709903,
   27.240578229009667
  ],
  [
   855.6908898936344,
   27.240578229009667
  ],
