{
 "Object_Radius": 25.2313252202016,
 "Object_Shape": "disc",
 "Workspace_Density": 0.3,
 "Workspace_Height": 1000,
 "Workspace_Width": 1000,
 "number_of_objects": 150,
 "point_list": [
  [
   498.0777997878931,
   118.69339367590204
  ],
  [
   189.88404244037804,
   27.240578229009667
  ],
  [
   82.53721646352355,
   390.37135075993183
  ],
  [
   883.2098329569725,
   253.09348833965484
  ],
  [
   63.97364151949262,
   730.3407433583455
  ],
  [
   591.5547753365164,
   889.8576772702892
  ],
  [
   231.055512855224,
   974.7594217709903
  ],
  [
   29.28514221033618,
   27.240578229009667
  ],
  [
   302.207337018952,
   261.5927516996056
  ],
  [
   658.863116064173,
   163.05889352377562
  ],
  [
   665.8415847747667,
   645.2994368946879
  ],
  [
   549.6829276098003,
   368.95776980410466
  ],
  [
   128.06290241599237,
   202.15746571682692
  ],
  [
   709.4280990722202,
   922.3257194175613
  ],
  [
   27.240578229009667,
   384.883841655714
  ],
  [
   600.5146008852048,
   690.7650254002947
  ],
  [
   685.8617103683922,
   81.67847024060993
  ],
  [
   415.8799209829331,
   263.5846794607154
  ],
  [
   733.4885643751852,
   27.240578229009667
  ],
  [
   258.25128765400177,
   427.3514936185886
  ],
  [
   207.83731623949947,
   324.2167675735029
  ],
  [
   27.240578229009667,
   535.1536702342767
  ],
  [
   948.0148165041195,
   550.5923312331681
  ],
  [
   869.6792143599874,
   808.1354227319749
  ],
  [
   128.6891513330673,
   855.2209342774703
  ],
  [
   461.8082423802629,
   80.40552675026898
  ],
  [
   519.4302889239879,
   492.00648473433824
  ],
  [
   304.2399282159664,
   43.587944660433266
  ],
  [
   676.856516768479,
   858.0138114503162
  ],
  [
   402.99013972644383,
   160.2262961618284
  ],
  [
   417.6034418390303,
   652.1369563388423
  ],
  [
   937.5883265925052,
   892.6244101081962
  ],
  [
   490.87995269525413,
   396.0001819348774
  ],
  [
   623.0174678038543,
   847.8292289471055
  ],
  [
   58.55915924593282,
   118.22641521728295
  ],
  [
   690.4421362273721,
   593.8285891157009
  ],
  [
   789.7785483672216,
   688.3983110807627
  ],
  [
   556.539237675962,
   27.240578229009667
  ],
  [
   573.8516980301396,
   939.3012398125202
  ],
  [
   612.5439302104982,
   974.7594217709903
  ],
  [
   705.5168830225269,
   477.7591283906406
  ],
  [
   583.9337600063252,
   78.09026465675198
  ],
  [
   241.63019319115858,
   144.26861380712361
  ],
  [
   974.7594217709903,
   250.4698641232932
  ],
  [
   251.82446361953714,
   821.6335028580263
  ],
  [
   891.5932476318998,
   178.2717844134329
  ],
  [
   525.3238416598165,
   71.53207085917384
  ],
  [
   60.66757229221729,
   793.578143842433
  ],
  [
   85.57427719368675,
   337.83668230696236
  ],
  [
   207.49571541868988,
   471.6320730999516
  ],
  [
   972.1899674907515,
   304.084519591325
  ],
  [
   468.2945472856978,
   257.5650263805997
  ],
  [
   192.38668755597834,
   227.49646359426788
  ],
  [
   974.7594217709903,
   765.1430640829068
  ],
  [
   445.52225806920654,
   865.913339912606
  ],
  [
   748.1625523972958,
   178.1704821878297
  ],
  [
   51.01260603732979,
   432.362825407008
  ],
  [
   773.5861475068577,
   127.55891850902866
  ],
  [
   542.1936016518495,
   861.6301083290004
  ],
  [
   134.10119305628265,
   33.27028682457866
  ],
  [
   367.2817839809761,
   359.84032949790566
  ],
  [
   154.27949667476102,
   614.7543195925762
  ],
  [
   675.7821951363135,
   711.7710598438513
  ],
  [
   732.7654446718597,
   698.2899188857061
  ],
  [
   347.7879175096614,
   520.3969255072551
  ],
  [
   579.3585741033604,
   586.4060067956169
  ],
  [
   848.961840907249,
   649.6789431483926
  ],
  [
   98.07176860159753,
   157.006798861585
  ],
  [
   794.3353482587878,
   203.1561296745079
  ],
  [
   175.48038891510348,
   177.62309168120925
  ],
  [
   227.95291242814227,
   86.11118834074017
  ],
  [
   833.4466575853498,
   163.0520154666868
  ],
  [
   969.7783132121094,
   825.242104666386
  ],
  [
   185.96321252678806,
   375.9786250382029
  ],
  [
   595.7359788420264,
   783.1701851806667
  ],
  [
   492.3859233250074,
   828.387205193117
  ],
  [
   439.0595658150944,
   701.0398941584535
  ],
  [
   895.4045946963322,
   569.0437733583102
  ],
  [
   621.7374141028619,
   37.51070368877114
  ],
  [
   490.9286387442722,
   974.7594217709903
  ],
  [
   568.9256544078196,
   187.7534926592139
  ],
  [
   289.44807277049046,
   886.4908143925664
  ],
  [
   974.7594217709903,
   126.35075754670876
  ],
  [
   406.8761761521002,
   428.6811442207211
  ],
  [
   610.8765348773256,
   224.46833876138362
  ],
  [
   723.8715781245284,
   974.7594217709903
  ],
  [
   113.35962783832429,
   911.8987069923536
  ],
  [
   280.3814448670606,
   317.2436771908531
  ],
  [
   581.8733028745424,
   294.1500416735661
  ],
  [
   78.54723897429974,
   954.1508817614266
  ],
  [
   176.92133962425086,
   278.77296589189575
  ],
  [
   165.50161858979268,
   560.2231233637178
  ],
  [
   533.2485259107287,
   441.3170103841776
  ],
  [
   332.4425060400624,
   211.66044019610973
  ],
  [
   796.7528966207547,
   559.8344502076294
  ],
  [
   243.53008319971116,
   920.826685647048
  ],
  [
   286.4191002390756,
   97.95019767880366
  ],
  [
   916.2453959303053,
   623.923893514738
  ],
  [
   129.6898793120868,
   415.151197705164
  ],
  [
   225.3590264001024,
   712.6355543532455
  ],
  [
   880.5768962870262,
   118.05895525945101
  ],
  [
   522.1553628956117,
   926.0952744607033
  ],
  [
   784.6679164919287,
   66.8737217657357
  ],
  [
   78.74899128064882,
   285.2808511361414
  ],
  [
   708.4134449327559,
   143.8500312332629
  ],
  [
   814.9059403392482,
   907.0899856494599
  ],
  [
   916.3309925607773,
   838.521558393743
  ],
  [
   106.6204024422841,
   475.7455863234906
  ],
  [
   27.240578229009667,
   208.88730190629056
  ],
  [
   188.72413408683477,
   918.2270396365922
  ],
  [
   317.9178621311991,
   410.7172377979766
  ],
  [
   665.0627435459871,
   972.6644631749565
  ],
  [
   553.3450510918732,
   136.37596158105694
  ],
  [
   468.0079934857658,
   474.2984641924826
  ],
  [
   323.35175451120244,
   576.3799791124095
  ],
  [
   526.4928701512595,
   677.6894233846411
  ],
  [
   287.9007709282445,
   974.7594217709903
  ],
  [
   506.0467287567978,
   329.14778263274735
  ],
  [
   614.7002405063029,
   633.1203019131805
  ],
  [
   719.5235818666588,
   646.5019886760339
  ],
  [
   663.6423807537242,
   792.7256792826455
  ],
  [
   832.6504569616621,
   239.0214848815566
  ],
  [
   132.63651579131232,
   310.52787516775555
  ],
  [
   435.1350949305399,
   384.2899907572423
  ],
  [
   49.18991018738247,
   485.2863797449855
  ],
  [
   196.06285641302478,
   861.9913555425516
  ],
  [
   340.7574515542509,
   972.7692847514832
  ],
  [
   169.6006006377135,
   974.7594217709903
  ],
  [
   925.4994571209768,
   786.1309975573688
  ],
  [
   113.76321697954117,
   711.006888272366
  ],
  [
   615.5863349169786,
   121.40445671201941
  ],
  [
   966.2268327037706,
   407.99690465174774
  ],
  [
   758.7245601846647,
   402.0552626283869
  ],
  [
   812.4938460192516,
   287.4782137290254
  ],
  [
   407.27283025116157,
   57.81056870325294
  ],
  [
   239.46292290220893,
   281.64414279502415
  ],
  [
   426.1145540375614,
   323.6502022050992
  ],
  [
   471.52973483437086,
   911.5078270865978
  ],
  [
   937.3504611892827,
   724.052529236703
  ],
  [
   862.1791640168702,
   306.26966292279457
  ],
  [
   840.2639066049096,
   724.0889752539769
  ],
  [
   887.6896612948573,
   749.5998904572758
  ],
  [
   658.5288590218372,
   908.5574444293416
  ],
  [
   807.2127258407147,
   429.60458898446325
  ],
  [
   320.8755888235426,
   659.1803097999024
  ],
  [
   824.9071908746199,
   110.622285889575
  ],
  [
   852.696974314635,
   403.2953077802842
  ],
  [
   674.4672848902229,
   27.240578229009667
  ],
  [
   843.8743255155736,
   583.3390625129122
  ],
  [
