{
 "Object_Radius": 25.2313252202016,
 "Object_Shape": "disc",
 "Workspace_Density": 0.3,
 "Workspace_Height": 1000,
 "Workspace_Width": 1000,
 "number_of_objects": 150,
 "point_list": [
  [
   226.28276475366908,
   668.1608096943604
  ],
  [
   448.72316092895375,
   974.7594217709903
  ],
  [
   113.27785937155113,
   202.06020756843603
  ],
  [
   920.0034322233673,
   697.3884112422564
  ],
  [
   522.4854841802618,
   152.92927835085356
  ],
  [
   450.40108651891154,
   886.7331941578431
  ],
  [
   402.8831956440178,
   788.1758895302116
  ],
  [
   739.0708344078407,
   759.5371824898131
  ],
  [
   226.6596845058638,
   451.1442242502954
  ],
  [
   887.5620651505881,
   650.7139432576621
  ],
  [
   154.13681125097258,
   97.26256925305312
  ],
  [
   897.9916562680098,
   155.97501058934003
  ],
  [
   455.201006128866,
   793.2793198422863
  ],
  [
   959.0537564918596,
   634.9879861933587
  ],
  [
   546.8878380258029,
   297.1728098457617
  ],
  [
   406.8855957184257,
   167.01368975303944
  ],
  [
   27.240578229009667,
   232.4866131277028
  ],
  [
   453.4970978189106,
   295.5794599470662
  ],
  [
   27.240578229009667,
   886.0356592785809
  ],
  [
   53.2633569914519,
   787.0022716585931
  ],
  [
   196.3043621799805,
   372.1943636267247
  ],
  [
   140.86328909987023,
   939.9224071394201
  ],
  [
   779.7601216145937,
   312.61359057283505
  ],
  [
   320.85015024899457,
   406.0038322561079
  ],
  [
   826.8872569767941,
   554.2597305707495
  ],
  [
   836.4070916379222,
   628.0015464891558
  ],
  [
   159.34134556521812,
   27.240578229009667
  ],
  [
   473.35788088401785,
   611.1155591395435
  ],
  [
   322.10756626446164,
   945.6731234220838
  ],
  [
   636.9431396855425,
   32.39324846945293
  ],
  [
   601.0845387648139,
   648.6093726198
  ],
  [
   27.240578229009667,
   383.01201538534156
  ],
  [
   370.6015312641857,
   432.1785122991139
  ],
  [
   528.7938357636392,
   376.4225057593714
  ],
  [
   27.240578229009667,
   27.240578229009667
  ],
  [
   881.816861512208,
   776.485558045852
  ],
  [
   909.1253306593503,
   583.819333232366
  ],
  [
   616.9671782352113,
   945.2304358331711
  ],
  [
   413.65441981496105,
   466.9415820592467
  ],
  [
   724.4111255641412,
   310.21078632829006
  ],
  [
   480.96604512769284,
   931.5430453587198
  ],
  [
   687.1262809456545,
   878.5232375331327
  ],
  [
   27.240578229009667,
   540.9142120236413
  ],
  [
   726.3165856943685,
   455.86023167664047
  ],
  [
   568.1611078701359,
   89.18380379731167
  ],
  [
   738.49066225124,
   706.2928898990381
  ],
  [
   47.15505990273177,
   696.7385441445159
  ],
  [
   129.8567269337146,
   475.7901050650223
  ],
  [
   695.5891076519459,
   498.42548084943775
  ],
  [
   195.45211834968939,
   617.5919362227668
  ],
  [
   676.4281081069463,
   435.7733497340726
  ],
  [
   751.2225415099456,
   124.53507394192602
  ],
  [
   656.1842336886917,
   208.0162490734807
  ],
  [
   648.4484386885199,
   753.6345596598966
  ],
  [
   974.7594217709903,
   917.3566785148952
  ],
  [
   522.7283306227718,
   537.2691040182416
  ],
  [
   479.6560809011631,
   217.71143183824483
  ],
  [
   673.2373724665214,
   263.8649923376297
  ],
  [
   781.682214394994,
   593.0026273381175
  ],
  [
   974.7594217709903,
   685.9995966480203
  ],
  [
   844.9046229250736,
   956.4962577108861
  ],
  [
   279.0280736365289,
   84.43739707300257
  ],
  [
   972.7755276179224,
   584.0303324130103
  ],
  [
   611.7446291429463,
   519.2509917698352
  ],
  [
   27.240578229009667,
   435.49486195257293
  ],
  [
   833.5368746512261,
   322.04953394054587
  ],
  [
   328.99869849724126,
   334.75280540274093
  ],
  [
   742.4334354233778,
   176.3091041182878
  ],
  [
   154.80795798825983,
   153.9293837315514
  ],
  [
   482.9819700377969,
   81.14905099062284
  ],
  [
   867.1966243183086,
   439.10613866412905
  ],
  [
   932.6955735918555,
   81.80258663564514
  ],
  [
   463.0083618729839,
   448.78259185974406
  ],
  [
   329.44428491242354,
   875.8005854818302
  ],
  [
   383.97977330401125,
   974.7594217709903
  ],
  [
   283.5635226679794,
   362.727769300714
  ],
  [
   682.9637185893473,
   558.3570119692203
  ],
  [
   284.5201160310545,
   136.91232993109506
  ],
  [
   903.961089092026,
   974.7594217709903
  ],
  [
   618.8349955203607,
   844.558923644182
  ],
  [
   187.5626668406829,
   267.0851314035975
  ],
  [
   974.7594217709903,
   375.02641210521887
  ],
  [
   919.4916459172301,
   443.52983404685756
  ],
  [
   286.2027410471936,
   239.86326577844582
  ],
  [
   364.4740707091534,
   376.17511282942024
  ],
  [
   751.8966026695102,
   649.0835489841382
  ],
  [
   839.7432963767582,
   902.7829388711489
  ],
  [
   697.167077685262,
   135.90016761762013
  ],
  [
   203.43377529660748,
   723.4404211005689
  ],
  [
   922.3528748116726,
   506.1624949961629
  ],
  [
   974.7594217709903,
   443.62704777329503
  ],
  [
   555.4541902700533,
   824.4295485131372
  ],
  [
   270.265436382441,
   189.60002422307127
  ],
  [
   974.7594217709903,
   114.22533654911314
  ],
  [
   672.2352001830304,
   72.88939313389928
  ],
  [
   397.36586936278184,
   728.641884735384
  ],
  [
   763.9646978607412,
   419.20238074392506
  ],
  [
   387.78256431743876,
   86.37551966201006
  ],
  [
   774.677266100569,
   863.9483774721184
  ],
  [
   860.3483911396459,
   825.8565888808039
  ],
  [
   945.5209385636082,
   178.7741388747859
  ],
  [
   252.7039966424909,
   823.921052714864
  ],
  [
   556.9129078155576,
   427.2469291728037
  ],
  [
   768.2878973098578,
   951.7644692355005
  ],
  [
   789.3005961232695,
   27.240578229009667
  ],
  [
   884.7356865850206,
   104.68895436207185
  ],
  [
   949.7089281683612,
   775.6255204204886
  ],
  [
   625.5164067750574,
   363.61305766880616
  ],
  [
   243.48363153468316,
   397.7889202899599
  ],
  [
   27.240578229009667,
   301.49941495104815
  ],
  [
   207.33439670853036,
   566.0300674491887
  ],
  [
   80.17341742916993,
   35.20835774077622
  ],
  [
   233.8934402186209,
   969.1670447375533
  ],
  [
   347.1654309328684,
   680.5478780406297
  ],
  [
   724.817711131893,
   840.6269576943474
  ],
  [
   659.4922298989263,
   809.9045494173876
  ],
  [
   974.7594217709903,
   974.7594217709903
  ],
  [
   531.6832210224474,
   51.33108547615481
  ],
  [
   514.6189755383601,
   974.7594217709903
  ],
  [
   568.7691252824791,
   974.7594217709903
  ],
  [
   116.7127771642386,
   719.5914095275567
  ],
  [
   27.240578229009667,
   647.8667129063396
  ],
  [
   836.4474435008696,
   378.1281189521884
  ],
  [
   111.73221778712393,
   663.846442521006
  ],
  [
   891.5601071977528,
   27.240578229009667
  ],
  [
   27.240578229009667,
   595.3855564596705
  ],
  [
   682.2419159692939,
   974.7594217709903
  ],
  [
   67.60212796058207,
   98.50846809576576
  ],
  [
   265.6986590595563,
   289.21284461289866
  ],
  [
   798.2776593202544,
   744.9053885671362
  ],
  [
   283.21183980487694,
   479.5108703998833
  ],
  [
   731.9519091602117,
   231.83789063956223
  ],
  [
   517.6423209952383,
   890.696337354741
  ],
  [
   821.0410351409502,
   101.35871132974674
  ],
  [
   398.2991958167086,
   661.7797189937963
  ],
  [
   815.4217318843596,
   430.5248494990477
  ],
  [
   246.48482096897362,
   916.8564304007007
  ],
  [
   935.4589411332324,
   869.6889568383496
  ],
  [
   409.5620208674875,
   226.7539828302183
  ],
  [
   409.3409331321059,
   338.67041535664976
  ],
  [
   327.2802143523993,
   27.240578229009667
  ],
  [
   78.47684181524822,
   285.1859450325427
  ],
  [
   875.5503759915624,
   204.10357538218287
  ],
  [
   587.0665643525648,
   228.81471062977332
  ],
  [
   483.3745418649348,
   742.3379947934989
  ],
  [
   837.1971274508552,
   502.15276449296886
  ],
  [
   464.50056640051736,
   160.81879860210975
  ],
  [
   965.3621996871292,
   274.98844184944124
  ],
  [
   213.75370071676505,
   509.8377472033174
  ],
  [
