{
 "Object_Radius": 25.2313252202016,
 "Object_Shape": "disc",
 "Workspace_Density": 0.3,
 "Workspace_Height": 1000,
 "Workspace_Width": 1000,
 "number_of_objects": 150,
 "point_list": [
  [
   642.7583714576322,
   158.2413211820207
  ],
  [
   563.108202610542,
   393.18716478345857
  ],
  [
   222.88515732334955,
   250.45801859178326
  ],
  [
   798.8590547501783,
   974.7594217709903
  ],
  [
   577.2388302693786,
   921.3233904133601
  ],
  [
   325.99495567150404,
   501.0859181275247
  ],
  [
   139.78126806918735,
   892.5304505632112
  ],
  [
   655.1874869087146,
   974.7594217709903
  ],
  [
   490.0604673364063,
   665.8459716469292
  ],
  [
   300.48432890390933,
   871.515323804965
  ],
  [
   692.684216908835,
   330.8012138153392
  ],
  [
   695.3539808397178,
   696.2030448538217
  ],
  [
   104.94119361628529,
   435.5396068225974
  ],
  [
   488.2274224114096,
   420.1471782971026
  ],
  [
   727.0634219736799,
   652.9774027456585
  ],
  [
   455.03735384463056,
   32.15390565474229
  ],
  [
   628.3981551959332,
   608.9326801477409
  ],
  [
   724.4108410928,
   77.10263646094099
  ],
  [
   589.0305980966162,
   736.8713692997759
  ],
  [
   317.44364351581635,
   312.0530686902381
  ],
  [
   160.5892805064118,
   114.3265744623949
  ],
  [
   835.3888652090333,
   851.3732650519299
  ],
  [
   368.0978101681574,
   624.4309369613367
  ],
  [
   598.8146715691321,
   472.8891575310885
  ],
  [
   848.2680970378685,
   680.1012886463448
  ],
  [
   963.6537180436159,
   193.02218764372412
  ],
  [
   71.3668344841911,
   622.6912884608507
  ],
  [
   320.3291202765583,
   201.5507218635298
  ],
  [
   529.6918932712101,
   568.989851590066
  ],
  [
   507.82842095799697,
   852.5442165692674
  ],
  [
   331.8375369299432,
   574.65123567671
  ],
  [
   380.10533636473343,
   697.5799231246369
  ],
  [
   105.11163682552827,
   674.4458450195551
  ],
  [
   630.3332857182752,
   50.41379778822446
  ],
  [
   117.6963268289028,
   245.73126913170634
  ],
  [
   465.907630456534,
   332.4629119789618
  ],
  [
   757.7137807282929,
   372.7445118997477
  ],
  [
   513.932463808084,
   775.1766800379619
  ],
  [
   757.3275625080192,
   834.3027368516407
  ],
  [
   317.24740529272145,
   760.6520790033003
  ],
  [
   27.240578229009667,
   158.1636771772901
  ],
  [
   503.99084056090504,
   368.5827818221358
  ],
  [
   389.5098466091322,
   280.38669672160535
  ],
  [
   643.478803052032,
   311.0157041450224
  ],
  [
   353.09744617784764,
   242.57581659227301
  ],
  [
   967.0169420049784,
   603.8474893629946
  ],
  [
   860.1786907286704,
   254.6104813909202
  ],
  [
   225.14777732630353,
   361.9094329133278
  ],
  [
   580.2273567007618,
   681.3706604566302
  ],
  [
   393.3851064230054,
   455.0155689914114
  ],
  [
   670.2899246661885,
   568.2798820996585
  ],
  [
   773.2838347123932,
   493.5028599405491
  ],
  [
   27.240578229009667,
   589.2517907774368
  ],
  [
   130.34823271441172,
   298.0062037319487
  ],
  [
   870.0253301898155,
   623.5971869195283
  ],
  [
   613.3364305304043,
   553.8174575306978
  ],
  [
   886.0839276603986,
   871.1850829890711
  ],
  [
   165.41323143043678,
   516.3007109456454
  ],
  [
   397.5483017982381,
   874.5075297964396
  ],
  [
   68.02961092290197,
   322.12408968334694
  ],
  [
   45.1056444179751,
   420.0159327657848
  ],
  [
   156.65521130046125,
   343.4384868682639
  ],
  [
   27.240578229009667,
   974.7594217709903
  ],
  [
   738.7001837554518,
   202.48101972207272
  ],
  [
   554.6237653915315,
   808.3630831435888
  ],
  [
   346.1101465786518,
   80.4278411555735
  ],
  [
   353.81054658792317,
   28.4970162752676
  ],
  [
   226.76805077813466,
   180.16870736112412
  ],
  [
   27.240578229009667,
   214.4640227509003
  ],
  [
   208.5582668675886,
   486.4212844854934
  ],
  [
   206.5142756322083,
   619.431844600899
  ],
  [
   378.02141035092467,
   182.01342950251183
  ],
  [
   608.002455881471,
   118.15416046635053
  ],
  [
   766.9908892161758,
   270.62434418766253
  ],
  [
   311.33730819629585,
   626.1496080446923
  ],
  [
   685.4270808428366,
   619.7755669048132
  ],
  [
   558.0020633362111,
   138.71006288100273
  ],
  [
   240.89259550336743,
   27.240578229009667
  ],
  [
   935.1158231551287,
   459.7862409086019
  ],
  [
   280.6259622967455,
   266.25100499831296
  ],
  [
   469.0895098066289,
   98.33742930453234
  ],
  [
   157.57764744390056,
   737.5769184604949
  ],
  [
   435.43267068368164,
   486.47725312283166
  ],
  [
   284.03266101124984,
   57.380628441206355
  ],
  [
   695.3271412403581,
   149.137133648623
  ],
  [
   654.0864980651507,
   662.2761466525085
  ],
  [
   439.37124857215775,
   586.1542514272487
  ],
  [
   687.6229172477524,
   898.1913887982113
  ],
  [
   968.4367889598982,
   819.6866288036151
  ],
  [
   859.3054947484607,
   974.7594217709903
  ],
  [
   918.2085090546753,
   974.7594217709903
  ],
  [
   177.91605627909908,
   974.7594217709903
  ],
  [
   278.9764543181777,
   360.01051396559524
  ],
  [
   412.08627303985133,
   80.13492971888935
  ],
  [
   454.5036991870645,
   195.351965375712
  ],
  [
   40.82158029377536,
   717.9115086638423
  ],
  [
   886.0168760632004,
   521.9941983653341
  ],
  [
   612.2179833868254,
   420.0562636139718
  ],
  [
   338.9007965983147,
   138.146599816282
  ],
  [
   231.81295751259418,
   974.7594217709903
  ],
  [
   768.1377129088108,
   440.21398044502615
  ],
  [
   577.4130692751976,
   27.240578229009667
  ],
  [
   757.7665418282004,
   779.5583470991098
  ],
  [
   737.7374015384448,
   567.1255182280884
  ],
  [
   320.6028475081612,
   814.6906776343275
  ],
  [
   696.1831875711887,
   840.1774035508543
  ],
  [
   394.0833725126444,
   960.1533226102689
  ],
  [
   908.9909785483635,
   307.4004982832402
  ],
  [
   811.2019942693533,
   397.23447197769536
  ],
  [
   974.7594217709903,
   495.28278562310544
  ],
  [
   701.621346904217,
   770.5116043259858
  ],
  [
   71.33491005732436,
   374.5589797240441
  ],
  [
   423.27346960144484,
   148.12967876828108
  ],
  [
   27.240578229009667,
   469.36599169335096
  ],
  [
   791.3367870033679,
   688.1951385250057
  ],
  [
   617.2347124046111,
   792.3437014970402
  ],
  [
   904.2973712482712,
   582.3829380665755
  ],
  [
   413.7166132875995,
   326.95190350357797
  ],
  [
   133.5327123463611,
   585.8186359272016
  ],
  [
   564.8443512430192,
   618.7026125456094
  ],
  [
   919.3183803601971,
   645.3397528406337
  ],
  [
   914.1433376218827,
   816.100689863987
  ],
  [
   505.8873661823348,
   285.02990722419406
  ],
  [
   653.8542924891558,
   256.6147195905577
  ],
  [
   859.8426174645629,
   461.54963988439323
  ],
  [
   183.98057463349767,
   567.8281719013987
  ],
  [
   223.6360977865691,
   126.992601632005
  ],
  [
   909.289980803978,
   163.49193194817485
  ],
  [
   601.7317876152968,
   974.7594217709903
  ],
  [
   227.15270282767426,
   537.8269304267819
  ],
  [
   27.240578229009667,
   288.81431875619563
  ],
  [
   382.8643402400333,
   506.6508337572914
  ],
  [
   257.91619355294915,
   468.5333403766511
  ],
  [
   122.22324884017289,
   72.63670931302923
  ],
  [
   347.8632920266145,
   427.2038020400918
  ],
  [
   939.3921593350855,
   27.240578229009667
  ],
  [
   390.3788088778573,
   558.7793550175168
  ],
  [
   183.7145394584635,
   27.240578229009667
  ],
  [
   664.0159373644823,
   502.36362535885087
  ],
  [
   295.26439260381073,
   431.6395321660766
  ],
  [
   47.652878764933625,
   31.448528816760966
  ],
  [
   744.0838179393331,
   127.46579809775535
  ],
  [
   106.81032779309818,
   825.137943469816
  ],
  [
   923.1879497843055,
   698.2563494086189
  ],
  [
   61.592322351961656,
   856.1120412228345
  ],
  [
   887.3628107636645,
   754.6880168413811
  ],
  [
   685.1492088743712,
   27.240578229009667
  ],
  [
   607.3560970517872,
   228.34705817687345
  ],
  [
   856.5541222500741,
   27.240578229009667
  ],
  [
