{
 "Object_Radius": 32.573500793528,
 "Object_Shape": "disc",
 "Workspace_Density": 0.4,
 "Workspace_Height": 1000,
 "Workspace_Width": 1000,
 "number_of_objects": 120,
 "point_list": [
  [
   36.8308508728808,
   533.9188543065646
  ],
  [
   206.22642285112104,
   498.5344182274635
  ],
  [
   715.8721366752794,
   624.8043949086964
  ],
  [
   337.76434994513215,
   213.11525893986652
  ],
  [
   648.6320392062639,
   353.37610608120013
  ],
  [
   546.2328587536845,
   282.3539792400617
  ],
  [
   514.7135368787194,
   36.8308508728808
  ],
  [
   356.1892355851578,
   564.6407703262646
  ],
  [
   173.3945464452321,
   422.5025603640246
  ],
  [
   245.8167728369813,
   108.34651997886169
  ],
  [
   36.8308508728808,
   161.42183198046334
  ],
  [
   176.85361589012405,
   84.15181388136162
  ],
  [
   68.40838322530963,
   299.4864662321905
  ],
  [
   266.65996372163636,
   900.9592326296927
  ],
  [
   36.8308508728808,
   234.7001771871957
  ],
  [
   148.73047376684346,
   951.448233638796
  ],
  [
   935.4756713969202,
   180.82368703794035
  ],
  [
   713.977901158249,
   512.2238021229341
  ],
  [
   125.49611636278712,
   502.7190450546375
  ],
  [
   36.8308508728808,
   36.8308508728808
  ],
  [
   36.8308508728808,
   743.3061809033842
  ],
  [
   544.1341012244148,
   891.9132329038648
  ],
  [
   367.74916191229084,
   36.8308508728808
  ],
  [
   441.5900968347248,
   36.8308508728808
  ],
  [
   287.34084158224283,
   437.5080506800248
  ],
  [
   36.8308508728808,
   821.593620845435
  ],
  [
   777.8528731901716,
   545.4006190965863
  ],
  [
   674.4053505181688,
   439.96896818444645
  ],
  [
   465.61664692193955,
   894.9407613362364
  ],
  [
   915.8007835440595,
   450.0877215855556
  ],
  [
   391.55305914019135,
   678.8432416428934
  ],
  [
   501.98023162557377,
   371.2083236510837
  ],
  [
   280.06268071701436,
   523.0320841798641
  ],
  [
   615.3534931648495,
   480.5931069757808
  ],
  [
   965.1691491271192,
   718.6212839705147
  ],
  [
   309.930269831738,
   329.97188698832616
  ],
  [
   760.9405154550575,
   123.4539552484642
  ],
  [
   854.4991113364161,
   524.0712952036938
  ],
  [
   192.11976901728218,
   799.9733116416488
  ],
  [
   361.0322305800921,
   790.2441698939994
  ],
  [
   719.8718651862825,
   965.1691491271192
  ],
  [
   36.8308508728808,
   605.8932924695574
  ],
  [
   941.6358660375528,
   258.39111128127524
  ],
  [
   626.4290918145331,
   270.3205121872334
  ],
  [
   746.1789923088886,
   433.13108752324007
  ],
  [
   954.1854381537496,
   36.8308508728808
  ],
  [
   720.4363171892525,
   206.51644348731242
  ],
  [
   525.4800176888392,
   484.78906875917517
  ],
  [
   916.2684478850567,
   830.5713977003104
  ],
  [
   545.5543327128115,
   729.4778998249536
  ],
  [
   399.91022470493573,
   107.29379385935145
  ],
  [
   797.3492035154924,
   204.99029781741493
  ],
  [
   131.7229519363725,
   164.09887743181855
  ],
  [
   113.51962743922292,
   857.0798651986943
  ],
  [
   922.6575165305669,
   562.1463078698251
  ],
  [
   431.3243870625382,
   407.2814140264642
  ],
  [
   965.1691491271192,
   965.1691491271192
  ],
  [
   792.674109789773,
   375.1622703197244
  ],
  [
   561.2886066705954,
   421.4460627980986
  ],
  [
   777.1649986269185,
   828.0359350284355
  ],
  [
   109.7248371444094,
   579.3300720395673
  ],
  [
   181.83307175434263,
   566.0327036179533
  ],
  [
   864.2927171339878,
   36.8308508728808
  ],
  [
   36.8308508728808,
   897.7248976690935
  ],
  [
   816.286516562251,
   304.0716372663626
  ],
  [
   756.4797787154978,
   684.42792329066
  ],
  [
   636.6842051208749,
   965.1691491271192
  ],
  [
   707.6410290314153,
   846.0719663407049
  ],
  [
   883.200613645387,
   965.1691491271192
  ],
  [
   121.33236152649529,
   36.8308508728808
  ],
  [
   191.987088126494,
   889.9673531897647
  ],
  [
   36.8308508728808,
   456.322832612459
  ],
  [
   653.5902318554413,
   167.38381854341554
  ],
  [
   76.4128100536032,
   100.00155035096103
  ],
  [
   305.58569520803286,
   148.63493973218868
  ],
  [
   809.3961148287763,
   468.18892699978375
  ],
  [
   547.0067395399147,
   209.64013751730084
  ],
  [
   828.6072320106455,
   740.8222661544806
  ],
  [
   460.3580554139395,
   249.31246290688125
  ],
  [
   547.0464887140905,
   554.0262045351809
  ],
  [
   472.1466851775165,
   118.10677467332718
  ],
  [
   448.18970765807387,
   820.7539880222887
  ],
  [
   965.1691491271192,
   330.1556852962484
  ],
  [
   795.8328062518469,
   965.1691491271192
  ],
  [
   965.1691491271192,
   115.50661906253859
  ],
  [
   623.1968789421012,
   69.77697284675352
  ],
  [
   761.2945967943938,
   902.2158137140509
  ],
  [
   63.98408588342763,
   965.1691491271192
  ],
  [
   694.7022344995115,
   36.8308508728808
  ],
  [
   557.5153289813614,
   105.57956347821381
  ],
  [
   429.9942125731867,
   965.1691491271192
  ],
  [
   435.20481485602045,
   321.90806863077887
  ],
  [
   213.83039909750985,
   731.3817467800404
  ],
  [
   300.9225238895894,
   965.1691491271192
  ],
  [
   676.8029435764003,
   699.1520154363525
  ],
  [
   965.1691491271192,
   502.1288913087359
  ],
  [
   855.538546646475,
   411.2446973570787
  ],
  [
   237.3480686752896,
   630.2823427288749
  ],
  [
   894.0083463937125,
   710.1199847844375
  ],
  [
   420.24193135295354,
   525.4690036700144
  ],
  [
   36.8308508728808,
   378.36046187846443
  ],
  [
   264.02267828073116,
   36.8308508728808
  ],
  [
   347.93888432188885,
   392.68319276989445
  ],
  [
   244.71865994423007,
   295.9087223905462
  ],
  [
   607.3985867673174,
   664.4729422191656
  ],
  [
   875.045252677007,
   640.8848701279218
  ],
  [
   244.0328854310457,
   378.5247449975534
  ],
  [
   153.88913272941087,
   640.6767935320407
  ],
  [
   361.64356825559884,
   484.21808421687734
  ],
  [
   571.2221840455007,
   350.2697370723946
  ],
  [
   563.2395362663218,
   965.1691491271192
  ],
  [
   643.2605375029896,
   808.8791779549368
  ],
  [
   757.9454284047868,
   758.4676312425286
  ],
  [
   357.2075573317769,
   920.8121092908542
  ],
  [
   656.4900416433037,
   896.2984997068577
  ],
  [
   145.76077227418384,
   263.72841717165943
  ],
  [
   137.19036223253843,
   716.3904373091714
  ],
  [
   309.76272860295296,
   704.3487077007755
  ],
  [
   233.6432454824328,
   204.99618187247134
  ],
  [
   100.42650799097541,
   422.560846005819
  ]
 ]
}