{
 "Object_Radius": 32.573500793528,
 "Object_Shape": "disc",
 "Workspace_Density": 0.4,
 "Workspace_Height": 1000,
 "Workspace_Width": 1000,
 "number_of_objects": 120,
 "point_list": [
  [
   603.8973091192983,
   142.35433459390748
  ],
  [
   202.49655565875014,
   438.3746115635911
  ],
  [
   606.9989492461154,
   351.789259968626
  ],
  [
   108.51725598655717,
   36.8308508728808
  ],
  [
   193.4907417355904,
   171.84052489404897
  ],
  [
   748.5551192051354,
   959.6977945229235
  ],
  [
   965.1691491271192,
   322.6055014484729
  ],
  [
   36.8308508728808,
   591.126481894469
  ],
  [
   920.3926879791512,
   166.37767663886552
  ],
  [
   662.2699904296858,
   965.1691491271192
  ],
  [
   814.2438987632212,
   328.8237068860139
  ],
  [
   219.99128524842152,
   832.3457838191139
  ],
  [
   533.6184154201908,
   378.190473426566
  ],
  [
   965.1691491271192,
   36.8308508728808
  ],
  [
   36.8308508728808,
   419.6419340802639
  ],
  [
   36.8308508728808,
   338.1819215389611
  ],
  [
   268.9967167357895,
   162.1654233674055
  ],
  [
   449.74403480708213,
   108.33247932995286
  ],
  [
   36.8308508728808,
   665.1567662852796
  ],
  [
   350.23325485028147,
   957.5580074703265
  ],
  [
   520.9853990078054,
   99.96893693217581
  ],
  [
   121.32377401373971,
   125.88215006261058
  ],
  [
   870.1145154479287,
   786.4477018994704
  ],
  [
   965.1691491271192,
   109.3628850565282
  ],
  [
   727.630143576016,
   200.75635445883057
  ],
  [
   36.8308508728808,
   882.6138117421093
  ],
  [
   96.32477024065074,
   551.0353047866083
  ],
  [
   867.7084533807208,
   390.3460675228851
  ],
  [
   408.2527297108011,
   218.62535307493005
  ],
  [
   850.0979143410443,
   199.5249261471492
  ],
  [
   504.77900932034595,
   587.3847847367445
  ],
  [
   626.6582937365483,
   36.8308508728808
  ],
  [
   431.95498634803187,
   517.8245450271153
  ],
  [
   748.2313383716765,
   273.1100019448003
  ],
  [
   747.9295796078538,
   638.9682101819405
  ],
  [
   907.1245562632437,
   965.1691491271192
  ],
  [
   482.45891696182156,
   36.8308508728808
  ],
  [
   180.24118636419936,
   36.8308508728808
  ],
  [
   581.0682142893694,
   211.2285621285635
  ],
  [
   491.9462734388192,
   818.0655586549434
  ],
  [
   328.6618976321792,
   707.7159117152311
  ],
  [
   550.5651175309797,
   468.5442735966748
  ],
  [
   351.7993443368275,
   787.4962348593345
  ],
  [
   242.22772781648243,
   509.99047719405553
  ],
  [
   628.1658662250226,
   849.0722564698749
  ],
  [
   884.6078482305627,
   36.8308508728808
  ],
  [
   132.0259137682576,
   473.78807752112255
  ],
  [
   36.8308508728808,
   119.07855081489888
  ],
  [
   335.63112541052413,
   36.8308508728808
  ],
  [
   707.2591644889242,
   822.4114215043026
  ],
  [
   223.56297737492562,
   759.6536243917438
  ],
  [
   578.8890234321061,
   586.2731067131946
  ],
  [
   727.6521777211377,
   738.3356092168035
  ],
  [
   36.8308508728808,
   738.1925063648781
  ],
  [
   350.48624275513674,
   397.5131074573889
  ],
  [
   521.3351410056744,
   171.63794628027136
  ],
  [
   541.2887552593086,
   659.4319714356067
  ],
  [
   965.1691491271192,
   845.1598132302905
  ],
  [
   106.7663997871918,
   627.1933437482734
  ],
  [
   233.80478449286147,
   84.56923253739902
  ],
  [
   732.1394625325448,
   381.2225699512012
  ],
  [
   647.8265712271449,
   606.3704873044703
  ],
  [
   423.09590842777226,
   965.1691491271192
  ],
  [
   800.4883867751822,
   104.95213650348236
  ],
  [
   408.5006876241315,
   36.8308508728808
  ],
  [
   248.65049645001426,
   689.1864786568965
  ],
  [
   391.21326809952603,
   856.8264576845082
  ],
  [
   922.5259924996195,
   557.2879221716634
  ],
  [
   287.0963392522497,
   919.9077736577382
  ],
  [
   226.97086776139108,
   965.1691491271192
  ],
  [
   299.4190292509656,
   842.4015220741074
  ],
  [
   317.2462372407986,
   495.5264581897509
  ],
  [
   479.2890705536888,
   229.66833818971924
  ],
  [
   54.624992786129866,
   489.8011966616237
  ],
  [
   690.51016579844,
   892.1982938653547
  ],
  [
   108.62253916682039,
   207.039284800594
  ],
  [
   36.8308508728808,
   965.1691491271192
  ],
  [
   597.6400443496194,
   930.2703640763726
  ],
  [
   440.35997275177834,
   289.83466085043
  ],
  [
   871.571926587244,
   865.6988135911726
  ],
  [
   294.37726046263236,
   593.3640484625345
  ],
  [
   938.9771696095771,
   487.35100831412495
  ],
  [
   711.8878625481887,
   572.8595419765028
  ],
  [
   783.707818477846,
   785.5707828166712
  ],
  [
   419.2828097213758,
   752.0213413843834
  ],
  [
   361.25347353044896,
   640.6144950737415
  ],
  [
   525.6583041838364,
   895.6845946200001
  ],
  [
   965.1691491271192,
   616.1496939990305
  ],
  [
   143.63985917359412,
   845.3789581066794
  ],
  [
   624.0024765548018,
   428.7767218754237
  ],
  [
   36.8308508728808,
   810.7391980103837
  ],
  [
   164.61683584889812,
   572.9164328880759
  ],
  [
   189.7160963635322,
   647.8060393803573
  ],
  [
   731.7248024282861,
   496.3176728046666
  ],
  [
   36.8308508728808,
   36.8308508728808
  ],
  [
   940.9445634162155,
   411.51635338982766
  ],
  [
   532.9478839702153,
   757.5426827642311
  ],
  [
   770.0360938025082,
   36.8308508728808
  ],
  [
   554.9554213776431,
   36.8308508728808
  ],
  [
   883.8027139264054,
   311.022427985324
  ],
  [
   622.6862096194715,
   513.0422270438015
  ],
  [
   625.2206257247523,
   775.0246563961655
  ],
  [
   803.9799379738976,
   686.5861087693127
  ],
  [
   320.7127942859226,
   219.87349803527155
  ],
  [
   965.1691491271192,
   918.1270995631414
  ],
  [
   140.68978521518497,
   965.1691491271192
  ],
  [
   698.3328782673643,
   36.8308508728808
  ],
  [
   470.2944059765533,
   681.9756305703552
  ],
  [
   965.1691491271192,
   771.7628658867717
  ],
  [
   589.4733941516008,
   712.8404459178414
  ],
  [
   797.6863087370542,
   414.0312242045833
  ],
  [
   784.3609651055517,
   571.3476953776815
  ],
  [
   199.3847926081106,
   315.5599226528346
  ],
  [
   420.529282864389,
   598.0780294302796
  ],
  [
   511.4726793769378,
   304.2408891922032
  ],
  [
   777.9860306961235,
   860.6308663464623
  ],
  [
   473.571147663102,
   457.53528127707597
  ],
  [
   582.1132508730291,
   283.08678803989744
  ],
  [
   919.8809897449179,
   677.8934271767251
  ],
  [
   658.1811194165431,
   689.2171855175511
  ]
 ]
}