{
 "Object_Radius": 32.573500793528,
 "Object_Shape": "disc",
 "Workspace_Density": 0.4,
 "Workspace_Height": 1000,
 "Workspace_Width": 1000,
 "number_of_objects": 120,
 "point_list": [
  [
   551.2161906753935,
   88.80050720749917
  ],
  [
   36.8308508728808,
   611.1988613145446
  ],
  [
   530.0849907780419,
   483.5656747130638
  ],
  [
   443.37703485746795,
   817.3765927645101
  ],
  [
   891.808476300373,
   509.3413657134797
  ],
  [
   36.8308508728808,
   36.8308508728808
  ],
  [
   869.0696178407735,
   169.53522298737977
  ],
  [
   965.1691491271192,
   748.8927941273979
  ],
  [
   36.8308508728808,
   379.4781005543175
  ],
  [
   245.05728598044638,
   501.47657751826307
  ],
  [
   338.5446791001904,
   333.62264407478364
  ],
  [
   690.2318595052695,
   185.6856829749861
  ],
  [
   479.1436822302875,
   71.54495845694122
  ],
  [
   806.3099531863644,
   130.4925091813304
  ],
  [
   937.0491201431028,
   339.11074195973276
  ],
  [
   406.4445282517788,
   162.09822612822552
  ],
  [
   517.466564013165,
   299.99311316098255
  ],
  [
   893.4676037723598,
   36.8308508728808
  ],
  [
   172.72699943931656,
   546.9998591438388
  ],
  [
   800.5660484911114,
   222.50192901035015
  ],
  [
   50.23444969615782,
   108.7963183182831
  ],
  [
   95.75537401848695,
   906.4469361123957
  ],
  [
   965.1691491271192,
   189.63150005541925
  ],
  [
   446.5961986175148,
   744.0127935310995
  ],
  [
   365.2361628411662,
   889.0687802828951
  ],
  [
   185.65712671423887,
   160.08105542656074
  ],
  [
   293.26276889046153,
   273.1167934846571
  ],
  [
   129.3773417379174,
   114.01285019656555
  ],
  [
   137.3698509667847,
   965.1691491271192
  ],
  [
   174.98370454224732,
   307.07010475906463
  ],
  [
   36.8308508728808,
   460.86591988730436
  ],
  [
   648.3049059144499,
   754.7155267737446
  ],
  [
   672.9318832396139,
   614.7368534533896
  ],
  [
   595.1685102431125,
   279.7974251465509
  ],
  [
   965.1691491271192,
   266.31245434177083
  ],
  [
   539.488922927468,
   654.3038059807515
  ],
  [
   606.2465632375546,
   36.8308508728808
  ],
  [
   965.1691491271192,
   820.5600063539327
  ],
  [
   118.37930983058948,
   351.68974563304835
  ],
  [
   750.1423452853796,
   36.8308508728808
  ],
  [
   253.68051492102566,
   364.8000352581637
  ],
  [
   315.2316083952456,
   522.1720210756494
  ],
  [
   440.3891311438141,
   662.6714053098748
  ],
  [
   831.2812183406,
   910.8915781241525
  ],
  [
   965.1691491271192,
   892.5599187370523
  ],
  [
   818.125147011317,
   825.4068013059908
  ],
  [
   681.2885548443505,
   516.546296046913
  ],
  [
   965.1691491271192,
   605.4222936899062
  ],
  [
   342.35989676703923,
   36.8308508728808
  ],
  [
   607.0570621318227,
   508.45503488670573
  ],
  [
   279.93389740689145,
   965.1691491271192
  ],
  [
   218.71217140620607,
   846.2011495383764
  ],
  [
   965.1691491271192,
   533.7603407738729
  ],
  [
   295.18515478251635,
   830.0930670547702
  ],
  [
   36.8308508728808,
   537.8106285970285
  ],
  [
   821.804056897713,
   36.8308508728808
  ],
  [
   965.1691491271192,
   36.8308508728808
  ],
  [
   216.47885611831012,
   247.3566172543601
  ],
  [
   415.7242790500663,
   36.8308508728808
  ],
  [
   82.77799469398259,
   741.0910763584214
  ],
  [
   805.1668426591991,
   365.64989139800514
  ],
  [
   719.6905750358613,
   671.3965069750993
  ],
  [
   678.4806465929496,
   36.8308508728808
  ],
  [
   478.316750712033,
   143.43667753652616
  ],
  [
   730.521134548444,
   293.69250492947486
  ],
  [
   233.51533794627167,
   104.22050181790507
  ],
  [
   36.8308508728808,
   179.28183697602458
  ],
  [
   619.5989565594176,
   360.5668287673435
  ],
  [
   427.78061424191293,
   344.8424814260307
  ],
  [
   661.7923788220894,
   252.42281879416726
  ],
  [
   103.86429780297799,
   278.79023922236695
  ],
  [
   828.1351171129033,
   574.1846328525609
  ],
  [
   289.7394739788557,
   724.0792829153721
  ],
  [
   269.1096949864599,
   36.8308508728808
  ],
  [
   464.22051156729395,
   522.3501697232915
  ],
  [
   965.1691491271192,
   965.1691491271192
  ],
  [
   186.86991966757927,
   455.7961224032078
  ],
  [
   889.8987099062613,
   834.7790355862394
  ],
  [
   112.3629720265946,
   604.7057017939198
  ],
  [
   601.1696400755898,
   208.3860329836209
  ],
  [
   965.1691491271192,
   113.0266578918698
  ],
  [
   648.8745068024685,
   118.25923515884101
  ],
  [
   689.6536576351876,
   965.1691491271192
  ],
  [
   720.7527665789298,
   112.51441596149397
  ],
  [
   719.1721506533086,
   404.90264626278315
  ],
  [
   511.74014883682725,
   583.7629700714664
  ],
  [
   744.7183895880778,
   829.6725975213045
  ],
  [
   117.9830355700332,
   36.8308508728808
  ],
  [
   440.39697327673946,
   895.3842945253115
  ],
  [
   798.0582317653993,
   749.2004006910737
  ],
  [
   603.1973904061513,
   687.88159709093
  ],
  [
   596.876146146747,
   582.4636581067642
  ],
  [
   432.63322310198305,
   438.0780866419645
  ],
  [
   375.49521401053676,
   965.1691491271192
  ],
  [
   584.9991578512205,
   429.9837966884882
  ],
  [
   366.03057245751444,
   685.5908837877656
  ],
  [
   349.2829500360433,
   611.8946397048672
  ],
  [
   261.304994435761,
   649.4552176542212
  ],
  [
   144.06554951721867,
   847.4028179469684
  ],
  [
   965.1691491271192,
   677.1835290338879
  ],
  [
   543.4444599935478,
   899.6881587552912
  ],
  [
   251.50449424028315,
   573.676580023213
  ],
  [
   192.84082435629588,
   36.8308508728808
  ],
  [
   817.8901819728494,
   292.92746482124943
  ],
  [
   392.51503326076994,
   498.11182628617786
  ],
  [
   723.8373885147706,
   752.9739274091903
  ],
  [
   116.94321370412821,
   477.9954890569617
  ],
  [
   339.65674358384825,
   447.7714618998622
  ],
  [
   116.829221841401,
   186.40191949919972
  ],
  [
   890.4428046289365,
   628.4318498911811
  ],
  [
   518.5146814488007,
   400.4139299782187
  ],
  [
   184.2522562550849,
   383.3016711632059
  ],
  [
   160.50485841348453,
   759.5815960713925
  ],
  [
   36.8308508728808,
   253.38251340427047
  ],
  [
   751.8118712703173,
   482.03110200736126
  ],
  [
   256.6914340787827,
   186.9655740575486
  ],
  [
   499.681790118382,
   965.1691491271192
  ],
  [
   890.2954457554999,
   275.29343822160763
  ],
  [
   892.9038947978223,
   750.9453596399701
  ],
  [
   36.8308508728808,
   682.9112501889505
  ]
 ]
}