{
 "Object_Radius": 32.573500793528,
 "Object_Shape": "disc",
 "Workspace_Density": 0.4,
 "Workspace_Height": 1000,
 "Workspace_Width": 1000,
 "number_of_objects": 120,
 "point_list": [
  [
   613.0741530677254,
   258.19418851435756
  ],
  [
   393.2268866309055,
   239.16064733985664
  ],
  [
   853.1026155384089,
   65.18637607962755
  ],
  [
   422.0161591696188,
   677.7200959438619
  ],
  [
   493.25785768626815,
   416.1258937408704
  ],
  [
   473.02205893978123,
   51.79644533156102
  ],
  [
   787.0731957046881,
   678.7817226453877
  ],
  [
   172.27032272203925,
   371.6840189148706
  ],
  [
   130.3361833175738,
   36.8308508728808
  ],
  [
   374.1926044956085,
   796.4966479780456
  ],
  [
   615.7386727065874,
   733.7259426675655
  ],
  [
   881.3155569028077,
   617.9851383789467
  ],
  [
   819.4014600792246,
   494.4347847253613
  ],
  [
   413.225964545885,
   381.89705148759333
  ],
  [
   327.1961979399225,
   363.20592270624167
  ],
  [
   36.8308508728808,
   165.2614306898464
  ],
  [
   156.2616510559183,
   555.0646908101298
  ],
  [
   360.25666677225195,
   965.1691491271192
  ],
  [
   127.7251737585619,
   454.8783965473631
  ],
  [
   857.0610017087163,
   358.1148615287517
  ],
  [
   458.12805567116476,
   815.9847668075143
  ],
  [
   609.3315772997095,
   873.9526268879115
  ],
  [
   533.1125629779036,
   240.88032186876816
  ],
  [
   289.6393236640101,
   638.3326958244887
  ],
  [
   288.41437687796775,
   965.1691491271192
  ],
  [
   520.6853163777026,
   859.3145522203511
  ],
  [
   828.4333555862493,
   800.5149678723842
  ],
  [
   769.3695319058902,
   751.4134452610156
  ],
  [
   676.0763932411136,
   74.44735962382617
  ],
  [
   429.1472067760638,
   605.73886169213
  ],
  [
   359.1758077922632,
   547.7803619922422
  ],
  [
   658.0492741130453,
   931.3494259878316
  ],
  [
   426.32151400760677,
   453.31285806155324
  ],
  [
   651.3050725641647,
   620.2707971050147
  ],
  [
   246.89852751986513,
   874.116236350901
  ],
  [
   506.7910669346495,
   320.674681781594
  ],
  [
   566.6295188721972,
   490.0715085359399
  ],
  [
   73.35956369064898,
   965.1691491271192
  ],
  [
   803.4987843187437,
   965.1691491271192
  ],
  [
   666.9532497203471,
   831.0724965548973
  ],
  [
   576.7322147011936,
   570.535159515166
  ],
  [
   308.01651815172517,
   763.7504790005938
  ],
  [
   359.86161114829883,
   624.0417156958097
  ],
  [
   36.8308508728808,
   456.5378318703666
  ],
  [
   130.35858229094933,
   124.57851760004962
  ],
  [
   501.24198293395057,
   611.8630422247462
  ],
  [
   238.09854456904384,
   800.1570160382704
  ],
  [
   264.5175303781608,
   288.3834168312159
  ],
  [
   36.8308508728808,
   825.6173015538894
  ],
  [
   643.332032109247,
   492.4713261974958
  ],
  [
   36.8308508728808,
   237.93259825164728
  ],
  [
   946.0016112490329,
   273.69983137942864
  ],
  [
   804.3079373017284,
   607.0097335441405
  ],
  [
   723.160780140499,
   487.20953771906886
  ],
  [
   53.974424413354775,
   320.6008454724561
  ],
  [
   149.00528631146813,
   645.7825958627051
  ],
  [
   586.6958659901825,
   651.302658107455
  ],
  [
   282.9935152132986,
   561.414444334007
  ],
  [
   689.4095371600092,
   715.6725896809556
  ],
  [
   895.5069933321172,
   425.95212979705303
  ],
  [
   325.0735909484266,
   36.8308508728808
  ],
  [
   253.20999716591555,
   381.86623885783644
  ],
  [
   757.4125222392917,
   262.63145788704753
  ],
  [
   682.8072218253027,
   154.0665127587561
  ],
  [
   570.2637894847547,
   418.20327623513504
  ],
  [
   889.7686439367762,
   126.76376572214838
  ],
  [
   434.7795554500145,
   524.4911103205068
  ],
  [
   403.9400605664556,
   89.63560065963073
  ],
  [
   853.3529360104948,
   706.1685994619172
  ],
  [
   888.134491760897,
   965.1691491271192
  ],
  [
   559.0830171553505,
   792.8991843090959
  ],
  [
   892.7523166423948,
   500.474742950334
  ],
  [
   935.7025632508343,
   570.8802842510889
  ],
  [
   284.459756270139,
   131.5078873760415
  ],
  [
   354.8181224698603,
   448.4693476366875
  ],
  [
   337.57289824435946,
   693.782027587634
  ],
  [
   431.9442341775248,
   965.1691491271192
  ],
  [
   899.789637490164,
   214.26396971133912
  ],
  [
   285.8975371255071,
   468.1309382869764
  ],
  [
   689.0874661130991,
   237.90845470184422
  ],
  [
   412.53362814198766,
   309.6306591306665
  ],
  [
   965.1691491271192,
   693.253213153871
  ],
  [
   353.30244183825766,
   177.42450867870022
  ],
  [
   220.3993103455113,
   522.7236249882253
  ],
  [
   920.2143105159661,
   36.8308508728808
  ],
  [
   808.5463139508712,
   411.64855461982984
  ],
  [
   216.32014057913085,
   450.9493327149402
  ],
  [
   721.8009453471898,
   965.1691491271192
  ],
  [
   603.2515862833051,
   37.33310704777205
  ],
  [
   586.8266064576279,
   965.1691491271192
  ],
  [
   965.1691491271192,
   475.704592394137
  ],
  [
   49.36952922408634,
   67.18279297821361
  ],
  [
   965.1691491271192,
   102.56874100343968
  ],
  [
   503.6211962997572,
   965.1691491271192
  ],
  [
   965.1691491271192,
   963.9323895520082
  ],
  [
   182.99995291939223,
   263.1150130709568
  ],
  [
   656.0014413085096,
   419.08135613439373
  ],
  [
   599.0442580054618,
   338.84235385107456
  ],
  [
   96.68401950423733,
   785.9619019053946
  ],
  [
   839.1854944342399,
   892.4276397663061
  ],
  [
   152.8704144322672,
   741.4400374732509
  ],
  [
   134.88712931060073,
   196.81070600352638
  ],
  [
   492.76565824642813,
   748.4263399087075
  ],
  [
   216.73790580371136,
   965.1691491271192
  ],
  [
   145.0540281299327,
   965.1691491271192
  ],
  [
   748.1358379603397,
   867.5838019912773
  ],
  [
   767.3235624773611,
   544.9531538558126
  ],
  [
   965.1691491271192,
   176.01804000640504
  ],
  [
   506.53884113580693,
   536.1864940988225
  ],
  [
   286.90313945882576,
   210.90749382459757
  ],
  [
   36.8308508728808,
   897.4404607759278
  ],
  [
   456.1700633159122,
   893.0483897996917
  ],
  [
   759.6809812880748,
   342.68989069050485
  ],
  [
   522.0638423832581,
   682.29099668845
  ],
  [
   729.4323005761613,
   415.0720451468486
  ],
  [
   340.7611019725377,
   291.30527240156795
  ],
  [
   476.79208402454566,
   195.19932646574165
  ],
  [
   751.5717307694356,
   118.64227872748963
  ],
  [
   220.123904911769,
   655.7397269286271
  ],
  [
   930.8691108807994,
   759.6686938850546
  ]
 ]
}