{
 "Object_Radius": 32.573500793528,
 "Object_Shape": "disc",
 "Workspace_Density": 0.4,
 "Workspace_Height": 1000,
 "Workspace_Width": 1000,
 "number_of_objects": 120,
 "point_list": [
  [
   779.5876369969144,
   234.33750165796764
  ],
  [
   842.2647815724325,
   632.7335365247056
  ],
  [
   673.0143335168907,
   36.8308508728808
  ],
  [
   336.0509097829704,
   720.8050109222522
  ],
  [
   297.65423849531436,
   402.1862173375867
  ],
  [
   36.8308508728808,
   294.63112119194886
  ],
  [
   890.0731856698488,
   480.5304967937123
  ],
  [
   36.8308508728808,
   120.75136208370012
  ],
  [
   326.0926286725971,
   894.5573464105265
  ],
  [
   942.2461247316926,
   261.5229850552699
  ],
  [
   813.8585481360616,
   71.20765152219518
  ],
  [
   613.3194198966091,
   543.6193643829448
  ],
  [
   758.7656629956371,
   464.83406503809084
  ],
  [
   388.9481873049853,
   36.8308508728808
  ],
  [
   538.9490653772481,
   855.3090801794953
  ],
  [
   209.33852665919227,
   351.4454960363972
  ],
  [
   946.6758473572019,
   571.9522560639305
  ],
  [
   945.9347934450872,
   758.566176248675
  ],
  [
   126.93415895122388,
   353.73876307472364
  ],
  [
   644.514055976004,
   444.59134765721427
  ],
  [
   545.8975945398578,
   965.1691491271192
  ],
  [
   429.74507925295296,
   318.21502880773045
  ],
  [
   803.838923788737,
   693.5824644067006
  ],
  [
   217.61196288455108,
   174.33811702846558
  ],
  [
   965.1691491271192,
   827.696980657844
  ],
  [
   357.43290790354104,
   191.6017705158958
  ],
  [
   132.69526713820744,
   440.0879018774446
  ],
  [
   397.06005823691925,
   524.501423362182
  ],
  [
   905.6489396029419,
   103.3158081935752
  ],
  [
   965.1691491271192,
   177.88452798784397
  ],
  [
   118.05451150817477,
   178.82427358279347
  ],
  [
   824.6060688462138,
   900.601138019452
  ],
  [
   608.5728378330832,
   615.3616164972667
  ],
  [
   531.5056107970112,
   714.5068681128989
  ],
  [
   422.4986719252745,
   748.2211203441136
  ],
  [
   750.9969220694942,
   546.7433685926694
  ],
  [
   285.9094023845321,
   197.03135559137215
  ],
  [
   712.9360657025971,
   923.8542795176425
  ],
  [
   863.0987286769258,
   564.0710267201782
  ],
  [
   217.6060701134069,
   685.8936700522249
  ],
  [
   403.7670231552967,
   246.46859288140374
  ],
  [
   564.2475405376339,
   144.77065990943558
  ],
  [
   512.2011200490637,
   788.715001394569
  ],
  [
   213.68455302537654,
   807.4101408373236
  ],
  [
   36.8308508728808,
   767.7471486101929
  ],
  [
   100.6924502433423,
   252.1117149476323
  ],
  [
   965.1691491271192,
   899.3669774344514
  ],
  [
   116.72794424719366,
   945.0511071797847
  ],
  [
   249.03982434275395,
   514.038684524869
  ],
  [
   111.90880015294549,
   591.0902010685535
  ],
  [
   915.4725396182797,
   636.702536274777
  ],
  [
   889.3090768653087,
   834.8952545490353
  ],
  [
   221.5760715102631,
   252.15512521358508
  ],
  [
   36.8308508728808,
   36.8308508728808
  ],
  [
   837.6659463090837,
   420.39030000375215
  ],
  [
   464.182403791067,
   688.2872799514327
  ],
  [
   438.34370290784756,
   392.1691010846961
  ],
  [
   186.0445897722062,
   577.9902120842205
  ],
  [
   501.12172567143574,
   294.73124562431457
  ],
  [
   654.7069981726048,
   867.3586137447156
  ],
  [
   622.1037410225465,
   360.867396939708
  ],
  [
   793.505757644077,
   769.57339432019
  ],
  [
   323.62193561138065,
   285.095237019574
  ],
  [
   769.46015624788,
   619.9278460353582
  ],
  [
   497.4885206742944,
   185.09520765374936
  ],
  [
   804.6779441400458,
   166.7974108701945
  ],
  [
   305.25954607917305,
   36.8308508728808
  ],
  [
   36.8308508728808,
   451.06880627490153
  ],
  [
   531.055884793619,
   361.3003376446457
  ],
  [
   451.3128237016192,
   104.1480389807629
  ],
  [
   647.5848405602816,
   965.1691491271192
  ],
  [
   965.1691491271192,
   689.2479188750841
  ],
  [
   885.9158213207342,
   712.608885557833
  ],
  [
   836.2912917817015,
   279.6054991189227
  ],
  [
   732.6552912776515,
   682.0895083496167
  ],
  [
   936.7841435534189,
   965.1691491271192
  ],
  [
   648.302263860971,
   758.4467488916063
  ],
  [
   864.1984448048548,
   965.1691491271192
  ],
  [
   274.40190759753074,
   761.3515607481309
  ],
  [
   594.5284946689873,
   909.2682334128355
  ],
  [
   335.3006811361313,
   820.6581048662855
  ],
  [
   691.5018148388859,
   342.72401605406895
  ],
  [
   37.98261273394729,
   577.1107666155254
  ],
  [
   439.4291729386271,
   617.4091039123126
  ],
  [
   601.9602860546618,
   816.1561430406048
  ],
  [
   720.3159001035094,
   754.5226248514451
  ],
  [
   709.0381877905086,
   412.5989396090595
  ],
  [
   408.50207019562214,
   926.4068880941757
  ],
  [
   426.6904336827016,
   172.67470777901076
  ],
  [
   965.1691491271192,
   423.11469193796665
  ],
  [
   890.7613869982575,
   326.99294038143404
  ],
  [
   595.2893323754961,
   294.1091092925041
  ],
  [
   965.1691491271192,
   345.94050325380744
  ],
  [
   36.8308508728808,
   683.4188635408708
  ],
  [
   694.603202002201,
   501.851259216635
  ],
  [
   323.64219253706887,
   529.3465488609631
  ],
  [
   517.7699442008374,
   635.1412850570472
  ],
  [
   549.6727591866791,
   238.63103367336058
  ],
  [
   204.48132257448637,
   893.1735360603844
  ],
  [
   223.1192255336494,
   36.8308508728808
  ],
  [
   474.799359760496,
   956.2003478076269
  ],
  [
   689.8063372194158,
   213.42234816621757
  ],
  [
   663.0889876809014,
   663.3742532678264
  ],
  [
   458.54045380895883,
   484.4960121354696
  ],
  [
   577.605080493235,
   417.5333447601281
  ],
  [
   54.03059596244395,
   375.5957393422088
  ],
  [
   776.7489364668004,
   381.4067946086159
  ],
  [
   721.938089015516,
   277.4766328579588
  ],
  [
   364.17798152261526,
   369.39026752749527
  ],
  [
   587.4329051370285,
   36.8308508728808
  ],
  [
   340.54198765621874,
   631.0957956760042
  ],
  [
   723.1483852799926,
   146.3649743551497
  ],
  [
   166.15051610785645,
   123.71766396076362
  ],
  [
   617.5422768286327,
   212.87633058780813
  ],
  [
   124.95282105755648,
   513.8514430866784
  ],
  [
   778.0678854910736,
   965.1691491271192
  ],
  [
   816.6576575537979,
   508.36538491342924
  ],
  [
   602.6325318725521,
   702.182497539531
  ],
  [
   555.0127643548489,
   485.85669827200354
  ],
  [
   877.6686617994274,
   36.8308508728808
  ]
 ]
}