{
 "Object_Radius": 32.573500793528,
 "Object_Shape": "disc",
 "Workspace_Density": 0.4,
 "Workspace_Height": 1000,
 "Workspace_Width": 1000,
 "number_of_objects": 120,
 "point_list": [
  [
   901.6554920524211,
   679.7347525967605
  ],
  [
   198.5380185854272,
   232.75355159895446
  ],
  [
   411.5133813799587,
   872.0859020343482
  ],
  [
   585.783693578697,
   854.4589322508278
  ],
  [
   234.16101348102373,
   65.89438016754347
  ],
  [
   736.8769008277684,
   217.17539340356217
  ],
  [
   755.956711192271,
   638.1447747818722
  ],
  [
   784.4765381237495,
   462.0938730567831
  ],
  [
   496.59588277450126,
   434.77141785198376
  ],
  [
   36.8308508728808,
   965.1691491271192
  ],
  [
   817.6428467966716,
   343.39044469942513
  ],
  [
   449.27364859895783,
   703.7513778927729
  ],
  [
   176.10639408735622,
   850.8310629638406
  ],
  [
   730.6897472052868,
   303.20626157806305
  ],
  [
   909.8872023323107,
   606.9340507395451
  ],
  [
   579.3046754994867,
   115.90849480155268
  ],
  [
   114.85049843178966,
   813.5968655018676
  ],
  [
   56.39518461376593,
   401.3086360329397
  ],
  [
   965.1691491271192,
   407.4662000473573
  ],
  [
   358.2313534017771,
   734.6249162544605
  ],
  [
   283.8887635772994,
   119.8838029604839
  ],
  [
   657.8379513053055,
   290.4953869192514
  ],
  [
   104.34534574743613,
   495.37532844896583
  ],
  [
   247.46122162803346,
   286.1681949389264
  ],
  [
   148.18255926087954,
   746.3870082680257
  ],
  [
   256.16187635430333,
   644.1107092893011
  ],
  [
   605.2856125503347,
   925.6896613334825
  ],
  [
   76.0958999879081,
   268.4193301462697
  ],
  [
   343.28926610372287,
   470.20939872206003
  ],
  [
   892.0993199566901,
   59.52466937589205
  ],
  [
   397.2109850448049,
   651.7584541948894
  ],
  [
   36.8308508728808,
   890.7810188328407
  ],
  [
   578.6140406423438,
   284.4547283664362
  ],
  [
   922.630323618109,
   902.2386807203392
  ],
  [
   955.0833244018959,
   736.8373506257044
  ],
  [
   236.03335160422827,
   357.2547155877367
  ],
  [
   200.36728408200796,
   503.64099208700304
  ],
  [
   37.55550765770487,
   330.0033691765043
  ],
  [
   36.8308508728808,
   816.7299956473815
  ],
  [
   774.6970295328288,
   770.7431260985502
  ],
  [
   607.2650205583819,
   610.3639389634893
  ],
  [
   484.9194303638932,
   338.3206310350143
  ],
  [
   692.7653320356349,
   674.8064533197211
  ],
  [
   356.30795986308306,
   84.45760167884787
  ],
  [
   463.1494879003181,
   795.0327609878418
  ],
  [
   243.3677647338003,
   715.3085127900896
  ],
  [
   231.27130861130578,
   904.245236812094
  ],
  [
   965.1691491271192,
   814.843539252474
  ],
  [
   902.7845165559146,
   455.55520723216284
  ],
  [
   76.63254567013458,
   752.9064489661183
  ],
  [
   609.6506707341744,
   211.9424561195749
  ],
  [
   611.5731751643153,
   786.2985850886894
  ],
  [
   503.61192388698794,
   204.47272312327357
  ],
  [
   116.35350045447078,
   965.1691491271192
  ],
  [
   76.93570515602448,
   562.0962006022789
  ],
  [
   284.34700698094025,
   193.95274334865988
  ],
  [
   392.8540808944042,
   247.26426048452754
  ],
  [
   965.1691491271192,
   512.1612203185974
  ],
  [
   341.8595657372611,
   391.3431237776809
  ],
  [
   965.1691491271192,
   244.74997490006962
  ],
  [
   286.6452037684887,
   577.4116933014341
  ],
  [
   807.9542375420184,
   202.88516255058036
  ],
  [
   109.45388537568256,
   886.2739933614009
  ],
  [
   799.7730862413696,
   534.5594439953499
  ],
  [
   256.55620161155855,
   836.353356021408
  ],
  [
   476.320943631339,
   906.8348668805739
  ],
  [
   583.3157468999527,
   687.0985573207402
  ],
  [
   36.8308508728808,
   206.44015825769046
  ],
  [
   193.8957489116576,
   608.6320464590771
  ],
  [
   874.8330669332756,
   965.1691491271192
  ],
  [
   432.4773404453858,
   388.45811616310806
  ],
  [
   673.8368874237001,
   956.917214250284
  ],
  [
   36.8308508728808,
   470.7467834280433
  ],
  [
   903.1160436469062,
   197.42238968798205
  ],
  [
   272.09532613812485,
   494.8115843711119
  ],
  [
   456.29310001184115,
   535.8701609275463
  ],
  [
   212.04877541050888,
   779.7848025171021
  ],
  [
   758.4571499788258,
   965.1691491271192
  ],
  [
   163.15269981327472,
   355.53008286868624
  ],
  [
   36.8308508728808,
   621.4847529941187
  ],
  [
   118.90694922714408,
   141.3738054217953
  ],
  [
   344.3626955141384,
   965.1691491271192
  ],
  [
   147.47449107249844,
   283.6979154292244
  ],
  [
   105.26110428657594,
   668.2090637752387
  ],
  [
   526.7410888449446,
   960.4441166040492
  ],
  [
   324.7456168328107,
   283.2497430376435
  ],
  [
   193.1857951937644,
   965.1691491271192
  ],
  [
   386.310096244808,
   803.4960920925276
  ],
  [
   201.34661925283004,
   158.9410512404991
  ],
  [
   36.8308508728808,
   36.8308508728808
  ],
  [
   693.8968366920327,
   128.6110872537427
  ],
  [
   514.4493903261634,
   598.8278720295813
  ],
  [
   874.2724288957747,
   275.37643749539535
  ],
  [
   570.2981823165703,
   542.5148005791275
  ],
  [
   147.95350094924925,
   552.5105573051108
  ],
  [
   415.9757231830652,
   471.50218563141465
  ],
  [
   176.42566654697177,
   679.0482645604034
  ],
  [
   241.83294786369896,
   429.0577647536633
  ],
  [
   846.544943628789,
   871.6622994505282
  ],
  [
   843.0692906769358,
   412.7263796518024
  ],
  [
   629.1759273083826,
   484.33882778224785
  ],
  [
   876.192568174255,
   522.7427822995041
  ],
  [
   291.4893847701512,
   770.7721077978117
  ],
  [
   682.6502637145237,
   591.0974439022992
  ],
  [
   673.3326233386509,
   884.716829981443
  ],
  [
   36.8308508728808,
   133.1638165208319
  ],
  [
   776.2209094367641,
   71.60507694234141
  ],
  [
   847.7397980428068,
   123.97942365928652
  ],
  [
   498.3637564769978,
   95.92210912391046
  ],
  [
   878.6874046707634,
   757.9114019984876
  ],
  [
   36.8308508728808,
   693.2212573705093
  ],
  [
   726.9882810856478,
   528.3843594673967
  ],
  [
   339.8988679100083,
   869.358232388571
  ],
  [
   965.1691491271192,
   36.8308508728808
  ],
  [
   930.8423385512648,
   124.62524573672562
  ],
  [
   445.33434431789635,
   36.8308508728808
  ],
  [
   965.1691491271192,
   320.1198306844857
  ],
  [
   321.9081221044498,
   672.686928689594
  ],
  [
   271.66098466781807,
   965.1691491271192
  ],
  [
   577.2889882868004,
   36.8308508728808
  ]
 ]
}