{
 "Object_Radius": 120.28562337275517,
 "Object_Shape": "disc",
 "Workspace_Density": 0.5,
 "Workspace_Height": 1000,
 "Workspace_Width": 1000,
 "number_of_objects": 11,
 "point_list": [
  [
   875.9029516923347,
   126.09704830766537
  ],
  [
   621.8295067788206,
   126.09704830766537
  ],
  [
   622.1126174247281,
   491.19409474436526
  ],
  [
   819.7310569716491,
   875.9029516923347
  ],
  [
   126.09704830766537,
   249.62387286523517
  ],
  [
   374.8210075897532,
   175.0443345249664
  ],
  [
   126.09704830766537,
   739.0636053194837
  ],
  [
   875.9029516923347,
   464.7928954642899
  ],
  [
   561.272455127528,
   875.9029516923347
  ],
  [
   374.5745430821041,
   709.3467278460164
  ],
  [
   308.176082820633,
   458.3500441162648
  ]
 ]
}