{
 "Object_Radius": 120.28562337275517,
 "Object_Shape": "disc",
 "Workspace_Density": 0.5,
 "Workspace_Height": 1000,
 "Workspace_Width": 1000,
 "number_of_objects": 11,
 "point_list": [
  [
   626.7291057285371,
   126.09704830766537
  ],
  [
   393.97984402835294,
   431.01633230975006
  ],
  [
   126.09704830766537,
   376.29114491762044
  ],
  [
   376.51744972747923,
   126.09704830766537
  ],
  [
   623.3598613018764,
   875.9029516923347
  ],
  [
   126.09704830766537,
   657.8338438575541
  ],
  [
   875.9029516923347,
   822.3929190953844
  ],
  [
   875.9029516923347,
   568.5198266949167
  ],
  [
   875.9029516923347,
   260.54029480102577
  ],
  [
   126.09704830766537,
   126.09704830766537
  ],
  [
   662.0977540602689,
   400.3067869329601
  ]
 ]
}