{
 "Object_Radius": 120.28562337275517,
 "Object_Shape": "disc",
 "Workspace_Density": 0.5,
 "Workspace_Height": 1000,
 "Workspace_Width": 1000,
 "number_of_objects": 11,
 "point_list": [
  [
   274.6220351248889,
   875.9029516923347
  ],
  [
   126.09704830766537,
   641.3803409435053
  ],
  [
   875.9029516923347,
   875.9029516923347
  ],
  [
   562.3835824000585,
   875.9029516923347
  ],
  [
   465.480751344731,
   126.09704830766537
  ],
  [
   245.19739103412363,
   244.72388824618827
  ],
  [
   875.9029516923347,
   242.14895136729916
  ],
  [
   875.9029516923347,
   625.0679806584883
  ],
  [
   608.6192192369108,
   331.36086441582114
  ],
  [
   381.48752808414383,
   633.297446193667
  ],
  [
   629.2897504357641,
   580.7171617922771
  ]
 ]
}