{
 "Object_Radius": 120.28562337275517,
 "Object_Shape": "disc",
 "Workspace_Density": 0.5,
 "Workspace_Height": 1000,
 "Workspace_Width": 1000,
 "number_of_objects": 11,
 "point_list": [
  [
   875.9029516923347,
   652.3701081091975
  ],
  [
   437.98493628037824,
   875.9029516923347
  ],
  [
   277.1244293983136,
   676.4327802523486
  ],
  [
   737.6157727904476,
   875.9029516923347
  ],
  [
   427.97288363865465,
   476.44008196623224
  ],
  [
   349.4410701446043,
   238.85579027092953
  ],
  [
   875.9029516923347,
   150.9768112218186
  ],
  [
   126.09704830766537,
   126.09704830766537
  ],
  [
   601.9255914298612,
   274.0510711456216
  ],
  [
   126.09704830766537,
   476.93708056948384
  ],
  [
   126.09704830766537,
   875.9029516923347
  ]
 ]
}