{
 "Object_Radius": 35.682482323055424,
 "Object_Shape": "disc",
 "Workspace_Density": 0.2,
 "Workspace_Height": 1000,
 "Workspace_Width": 1000,
 "number_of_objects": 50,
 "point_list": [
  [
   193.95144427198875,
   855.4985919417214
  ],
  [
   478.8555980238589,
   823.0337368192129
  ],
  [
   280.9781779142359,
   848.8549583930854
  ],
  [
   888.4562161647222,
   867.9097189272926
  ],
  [
   949.4889451520648,
   208.37117264748446
  ],
  [
   382.7603694904189,
   400.1155582781242
  ],
  [
   459.7722028726898,
   38.109781615977646
  ],
  [
   38.109781615977646,
   105.49348146822312
  ],
  [
   218.56173999863648,
   776.6656350096131
  ],
  [
   320.2440854010485,
   218.30173400388708
  ],
  [
   708.1111276717891,
   596.5188567607315
  ],
  [
   233.58831909968214,
   354.9420703960917
  ],
  [
   752.6034147896195,
   141.53952318599508
  ],
  [
   823.9431312565262,
   174.36452444305777
  ],
  [
   881.1867858819006,
   428.1469125169411
  ],
  [
   176.3000964051929,
   544.1060942019438
  ],
  [
   157.12336382144886,
   38.109781615977646
  ],
  [
   236.95717827277394,
   112.1611644941391
  ],
  [
   38.109781615977646,
   800.9423333762384
  ],
  [
   329.2992271145947,
   574.3178896471376
  ],
  [
   591.2983210468878,
   726.1347102879821
  ],
  [
   846.4246845138745,
   504.494575704908
  ],
  [
   951.4532834792093,
   658.5927094099815
  ],
  [
   429.38319542921244,
   205.28940132717148
  ],
  [
   305.10968170106,
   327.48699753682354
  ],
  [
   286.7403754512107,
   963.8902183840223
  ],
  [
   299.3038611913734,
   437.95797851498696
  ],
  [
   424.25824897045004,
   128.97579573998195
  ],
  [
   753.2828502616751,
   532.1887044937065
  ],
  [
   963.8902183840223,
   352.67689321220536
  ],
  [
   504.2845926752223,
   671.1707393887161
  ],
  [
   626.0097420188156,
   289.7467333960909
  ],
  [
   47.947937299875456,
   385.2658245666721
  ],
  [
   784.830187371835,
   453.1733639272662
  ],
  [
   876.678589781941,
   686.5769729959387
  ],
  [
   662.1861723513452,
   851.0961481524037
  ],
  [
   130.45747637608608,
   932.3900638087991
  ],
  [
   231.9636409802778,
   38.109781615977646
  ],
  [
   894.8760922567504,
   292.30604026624775
  ],
  [
   480.0167081004018,
   906.8473007889975
  ],
  [
   168.018509197738,
   646.8063239767114
  ],
  [
   851.5229161811545,
   70.33653814768682
  ],
  [
   711.3365216852222,
   698.4781962474655
  ],
  [
   963.8902183840223,
   537.8589738415799
  ],
  [
   438.3070421760632,
   297.8491376412324
  ],
  [
   46.37269437574909,
   471.6385821573662
  ],
  [
   489.15384809712515,
   445.3020403502477
  ],
  [
   488.2588998645341,
   563.960843167089
  ],
  [
   195.71530287033804,
   174.37640001193503
  ],
  [
   717.9778378265761,
   269.98203056529695
  ]
 ]
}