{
 "Object_Radius": 35.682482323055424,
 "Object_Shape": "disc",
 "Workspace_Density": 0.2,
 "Workspace_Height": 1000,
 "Workspace_Width": 1000,
 "number_of_objects": 50,
 "point_list": [
  [
   412.8386916121659,
   582.6812722755781
  ],
  [
   167.84468486580658,
   38.109781615977646
  ],
  [
   259.6187900568992,
   614.2456465886155
  ],
  [
   473.6057296903313,
   704.4966837583221
  ],
  [
   685.338924129457,
   800.445687238648
  ],
  [
   547.0849620278626,
   963.8902183840223
  ],
  [
   93.3871415977402,
   55.387958307317746
  ],
  [
   357.52355996206353,
   516.560915431685
  ],
  [
   963.8902183840223,
   177.78427159075184
  ],
  [
   729.7589319874022,
   132.88666583743014
  ],
  [
   634.959737317889,
   231.3101828755438
  ],
  [
   132.06474604664388,
   340.6746505591947
  ],
  [
   230.7429628191804,
   401.7888266945073
  ],
  [
   482.320273599544,
   608.7744175153731
  ],
  [
   782.7049995323598,
   734.7400972563439
  ],
  [
   711.731048959935,
   661.3562640631891
  ],
  [
   490.41821821254,
   846.8738854145067
  ],
  [
   678.7316984921431,
   322.57524478015733
  ],
  [
   820.4244611777109,
   222.45843482555284
  ],
  [
   138.4233453737569,
   117.3445936964076
  ],
  [
   882.0666123935079,
   684.5606271610718
  ],
  [
   268.0760334240254,
   770.208063172175
  ],
  [
   671.4499069570123,
   963.8902183840223
  ],
  [
   650.3558024637871,
   38.109781615977646
  ],
  [
   469.1642198070505,
   513.62201546771
  ],
  [
   429.01139958519394,
   798.7667635298706
  ],
  [
   937.5242635408551,
   744.8081562993106
  ],
  [
   963.8902183840223,
   626.3002020983685
  ],
  [
   740.0578039603935,
   407.1051909085883
  ],
  [
   569.6259422972952,
   194.56145551353492
  ],
  [
   111.09056126322925,
   242.217831030322
  ],
  [
   212.6791971543458,
   114.34766107507444
  ],
  [
   963.8902183840223,
   551.9438814475976
  ],
  [
   595.7033020556091,
   875.8494743700126
  ],
  [
   736.1665795086242,
   44.680162583968674
  ],
  [
   628.3240622274097,
   449.60823028701975
  ],
  [
   752.6649939448179,
   963.8902183840223
  ],
  [
   323.3809652750913,
   89.88598803828428
  ],
  [
   524.3841905527514,
   90.98808560519322
  ],
  [
   592.312583749099,
   786.337300003889
  ],
  [
   191.5208863627572,
   465.7655891428555
  ],
  [
   700.1581035254359,
   469.6894530315805
  ],
  [
   323.9086068243797,
   341.4596190083135
  ],
  [
   427.4342865036358,
   273.15166702625805
  ],
  [
   82.30121982486084,
   429.32966639943055
  ],
  [
   386.0985056285909,
   210.86004805957913
  ],
  [
   461.2820807802667,
   175.83970974323768
  ],
  [
   222.22063335781672,
   239.07347026605598
  ],
  [
   382.54843082083977,
   903.1660960884125
  ],
  [
   607.9469175666741,
   378.19620285545676
  ]
 ]
}