{
 "Object_Radius": 35.682482323055424,
 "Object_Shape": "disc",
 "Workspace_Density": 0.2,
 "Workspace_Height": 1000,
 "Workspace_Width": 1000,
 "number_of_objects": 50,
 "point_list": [
  [
   915.1629421148416,
   359.59519286343
  ],
  [
   38.109781615977646,
   537.54170385501
  ],
  [
   146.5388818974186,
   667.2971801129681
  ],
  [
   929.0203739952349,
   185.9905503370104
  ],
  [
   814.9268090611578,
   165.07803085684648
  ],
  [
   718.1037340465662,
   38.109781615977646
  ],
  [
   792.3232972760537,
   38.109781615977646
  ],
  [
   783.5103927749167,
   475.28601016697746
  ],
  [
   671.1081698700567,
   568.4556629444995
  ],
  [
   397.8624391364655,
   527.6018586461261
  ],
  [
   963.8902183840223,
   743.9566005109659
  ],
  [
   587.6672434725522,
   876.8633875000171
  ],
  [
   38.109781615977646,
   460.88383984069
  ],
  [
   963.8902183840223,
   38.109781615977646
  ],
  [
   778.3090034639165,
   765.9596271342641
  ],
  [
   951.0474171176527,
   914.4735416907678
  ],
  [
   202.65141244100394,
   616.4221916576713
  ],
  [
   168.09729686366603,
   490.3432597531945
  ],
  [
   403.4506370817022,
   326.1432176028528
  ],
  [
   523.3186753888461,
   585.055992122651
  ],
  [
   859.149178386353,
   698.5107919293692
  ],
  [
   601.2837386087755,
   272.42965963397245
  ],
  [
   129.02971923134317,
   169.97084000400633
  ],
  [
   38.109781615977646,
   350.3037202332824
  ],
  [
   255.03278316600276,
   718.1296147512301
  ],
  [
   234.29257606182637,
   369.3582890757699
  ],
  [
   140.8812054941968,
   319.23784084220176
  ],
  [
   644.3437156889927,
   46.556010729336926
  ],
  [
   746.8463238773688,
   581.4278752005107
  ],
  [
   274.8640113816441,
   435.464001182652
  ],
  [
   851.7428347360437,
   597.8731599121612
  ],
  [
   309.3918928981504,
   157.16877873343626
  ],
  [
   472.7805528476876,
   353.372307289788
  ],
  [
   916.35794534743,
   434.056953673654
  ],
  [
   456.5343277198032,
   51.20908214335385
  ],
  [
   619.2100144903716,
   396.27606830703377
  ],
  [
   725.3974530896651,
   365.583170078653
  ],
  [
   448.665600846441,
   671.6846198672602
  ],
  [
   963.8902183840223,
   491.0889561873154
  ],
  [
   381.3150585756422,
   209.44872573940808
  ],
  [
   243.5922281573692,
   115.13848671108903
  ],
  [
   871.7959170236048,
   843.9738427689916
  ],
  [
   859.7810166613212,
   270.5148460935067
  ],
  [
   618.3175088976187,
   963.8902183840223
  ],
  [
   882.9079130817017,
   38.109781615977646
  ],
  [
   766.9894411598128,
   687.0574414900035
  ],
  [
   38.109781615977646,
   963.8902183840223
  ],
  [
   89.3085058202131,
   893.0281700405716
  ],
  [
   214.3931832989584,
   926.8476257245044
  ],
  [
   640.448488238267,
   646.4591931712582
  ]
 ]
}