{
 "Object_Radius": 35.682482323055424,
 "Object_Shape": "disc",
 "Workspace_Density": 0.2,
 "Workspace_Height": 1000,
 "Workspace_Width": 1000,
 "number_of_objects": 50,
 "point_list": [
  [
   664.5446540746755,
   765.0267252198117
  ],
  [
   148.6122595675947,
   306.46065061885383
  ],
  [
   374.451008848068,
   608.6676153859573
  ],
  [
   793.8753152682488,
   304.334058696957
  ],
  [
   826.0842285745798,
   746.280370154162
  ],
  [
   963.8902183840223,
   134.8352103118132
  ],
  [
   181.26082364249766,
   38.109781615977646
  ],
  [
   767.0167357944513,
   963.8902183840223
  ],
  [
   516.598286136875,
   381.7029212218691
  ],
  [
   749.6271405201062,
   805.4560587754562
  ],
  [
   554.5432602457164,
   926.1886979988915
  ],
  [
   62.67692531305957,
   219.54348586587201
  ],
  [
   685.5562618639192,
   578.7006571687042
  ],
  [
   150.27617906253238,
   758.471615162958
  ],
  [
   84.59550850608785,
   505.0054021052128
  ],
  [
   717.7670455215053,
   304.2770943105565
  ],
  [
   442.4475275644099,
   524.4166891361145
  ],
  [
   223.99601088783038,
   730.5870378255196
  ],
  [
   277.75334164789973,
   545.1623516343426
  ],
  [
   656.9016125513442,
   435.52330284146603
  ],
  [
   583.430964369674,
   346.05260434980994
  ],
  [
   947.69610378025,
   836.881591519748
  ],
  [
   38.109781615977646,
   423.15853450263086
  ],
  [
   244.08656640749086,
   963.8902183840223
  ],
  [
   167.24680625217732,
   963.8902183840223
  ],
  [
   963.8902183840223,
   476.8687986294433
  ],
  [
   668.8449711267311,
   233.49537997708237
  ],
  [
   498.6295255730264,
   305.8044519781829
  ],
  [
   842.9493864341895,
   833.1803287958581
  ],
  [
   865.6012759132819,
   676.0439622694389
  ],
  [
   887.0680190826973,
   38.109781615977646
  ],
  [
   874.4588685241931,
   364.51937991053035
  ],
  [
   101.64774549852969,
   117.34868815522397
  ],
  [
   957.3021950066814,
   386.0176459724089
  ],
  [
   944.5311356123746,
   740.7511436480195
  ],
  [
   813.7350715931647,
   551.8602230294744
  ],
  [
   489.9977468317917,
   963.8902183840223
  ],
  [
   38.109781615977646,
   721.8096184748134
  ],
  [
   452.2957485474735,
   886.9484647715487
  ],
  [
   493.7795793685612,
   38.109781615977646
  ],
  [
   255.65582754752978,
   649.3434782196905
  ],
  [
   104.23315469243592,
   591.3904606530707
  ],
  [
   347.2048034710572,
   885.1490054841676
  ],
  [
   38.109781615977646,
   844.3093341089359
  ],
  [
   744.1715195236645,
   524.9100125594003
  ],
  [
   111.63455401544287,
   854.7594974385565
  ],
  [
   362.24484805111524,
   269.5847947905804
  ],
  [
   38.109781615977646,
   629.0431735083012
  ],
  [
   885.6456159462489,
   963.8902183840223
  ],
  [
   865.761884952559,
   285.8715679721532
  ]
 ]
}