{
 "Object_Radius": 35.682482323055424,
 "Object_Shape": "disc",
 "Workspace_Density": 0.2,
 "Workspace_Height": 1000,
 "Workspace_Width": 1000,
 "number_of_objects": 50,
 "point_list": [
  [
   688.1180896664155,
   486.2857891260285
  ],
  [
   963.8902183840223,
   403.4495224754125
  ],
  [
   963.8902183840223,
   259.16898713871393
  ],
  [
   341.64340136695427,
   783.4804828141723
  ],
  [
   220.0425835714487,
   626.7105680660063
  ],
  [
   175.89463983355978,
   963.8902183840223
  ],
  [
   298.2540817784194,
   712.7535296135818
  ],
  [
   38.109781615977646,
   254.87308094902156
  ],
  [
   587.0780159235778,
   354.6089427764066
  ],
  [
   168.0745414239686,
   566.8266271651604
  ],
  [
   331.6413362032,
   308.96360713634897
  ],
  [
   758.2939375807305,
   305.0653347600266
  ],
  [
   273.60859445959716,
   198.80105850881944
  ],
  [
   893.1257646387864,
   701.5063670506161
  ],
  [
   831.944706992198,
   295.88208581662195
  ],
  [
   596.2017998214742,
   482.21452973102384
  ],
  [
   536.1754180724525,
   712.8275421768316
  ],
  [
   261.83354878438536,
   963.8902183840223
  ],
  [
   341.68226485183663,
   232.13394444109488
  ],
  [
   861.8767599834015,
   513.2166046377762
  ],
  [
   934.2413712120289,
   148.3754090575132
  ],
  [
   788.6900754689317,
   103.27082883335802
  ],
  [
   723.2110735443051,
   391.1372519459884
  ],
  [
   603.2261994795006,
   110.50062923741545
  ],
  [
   106.8699388193652,
   395.61087246567894
  ],
  [
   799.1257736645579,
   641.2443094412935
  ],
  [
   688.4151585295001,
   766.148830712192
  ],
  [
   420.06723411606583,
   792.1889623630857
  ],
  [
   560.4951973226491,
   786.8729155310573
  ],
  [
   576.906273909058,
   38.109781615977646
  ],
  [
   192.1275930093679,
   761.766714102819
  ],
  [
   474.23340352074973,
   934.6510431721075
  ],
  [
   386.44535003472026,
   697.0682294342537
  ],
  [
   80.4565551421619,
   885.9007275844721
  ],
  [
   97.24317618599329,
   63.04181864429619
  ],
  [
   604.0746028134932,
   199.62861621718022
  ],
  [
   554.6407661522888,
   963.8902183840223
  ],
  [
   594.6824021859337,
   583.0529884384162
  ],
  [
   911.6065128491624,
   458.02973593252574
  ],
  [
   319.9245682253267,
   38.109781615977646
  ],
  [
   87.24778515078032,
   195.87934609697103
  ],
  [
   685.364020647928,
   846.5424739669569
  ],
  [
   474.8515792842423,
   45.82117230669969
  ],
  [
   720.6456410821614,
   922.3060000100705
  ],
  [
   96.13212614273122,
   611.5223951436816
  ],
  [
   357.80738312397557,
   101.93324743619083
  ],
  [
   167.67275997336088,
   217.19745401206012
  ],
  [
   905.5417167587723,
   305.4829523786451
  ],
  [
   430.4178739039213,
   161.6981406781477
  ],
  [
   799.5033596088232,
   224.15619185701934
  ]
 ]
}