{
 "Object_Radius": 35.682482323055424,
 "Object_Shape": "disc",
 "Workspace_Density": 0.2,
 "Workspace_Height": 1000,
 "Workspace_Width": 1000,
 "number_of_objects": 50,
 "point_list": [
  [
   422.47469532948173,
   145.55333173331036
  ],
  [
   494.8921276935765,
   536.0476621513209
  ],
  [
   546.1946398826641,
   476.7575804035877
  ],
  [
   183.5172499649495,
   127.64525602227812
  ],
  [
   499.54461114149314,
   50.99507390331158
  ],
  [
   204.39685611647607,
   38.109781615977646
  ],
  [
   770.7275176757475,
   720.3515271234347
  ],
  [
   488.4966905050733,
   223.80212845426072
  ],
  [
   113.29076082564914,
   798.212877469734
  ],
  [
   425.10427742142014,
   38.109781615977646
  ],
  [
   226.41894406623774,
   663.4597429734519
  ],
  [
   662.0295119747398,
   818.0562586241858
  ],
  [
   580.7737342128466,
   188.37142960074917
  ],
  [
   47.41203881684719,
   321.16412578649704
  ],
  [
   301.06502884755594,
   100.27874811660675
  ],
  [
   757.3218934091674,
   481.37425355474426
  ],
  [
   963.8902183840223,
   177.24999654338595
  ],
  [
   81.08220942803845,
   189.80814346093067
  ],
  [
   334.292127526272,
   366.27935471495204
  ],
  [
   43.1326420221058,
   963.8902183840223
  ],
  [
   816.3415214585959,
   103.31444394718991
  ],
  [
   919.5763125725124,
   38.109781615977646
  ],
  [
   297.781161565307,
   857.7196987699613
  ],
  [
   187.50954917597522,
   201.89096516104203
  ],
  [
   695.1161323007451,
   233.21572601366225
  ],
  [
   42.015378297628246,
   587.7618469869246
  ],
  [
   686.2331908859702,
   721.8673311417259
  ],
  [
   336.2015864245191,
   648.5473279082919
  ],
  [
   584.1179351231084,
   779.1263987657871
  ],
  [
   512.7355695320853,
   384.97156414026193
  ],
  [
   555.0633760459391,
   269.6294770327407
  ],
  [
   343.1159409158959,
   38.109781615977646
  ],
  [
   537.2918909765373,
   963.8902183840223
  ],
  [
   156.32786278876753,
   600.0653378015455
  ],
  [
   835.382414066556,
   922.4603202450835
  ],
  [
   621.6273617385353,
   492.49199781043285
  ],
  [
   187.5229151599503,
   285.6885976965959
  ],
  [
   660.9759299445179,
   337.60117247587647
  ],
  [
   757.5233599291342,
   285.0838432774811
  ],
  [
   139.00520227187607,
   355.937252175765
  ],
  [
   780.813562419514,
   38.109781615977646
  ],
  [
   344.4907635419423,
   963.8902183840223
  ],
  [
   352.8187361260696,
   778.5471571425284
  ],
  [
   390.35228495076996,
   308.30078049685227
  ],
  [
   411.2448811768012,
   679.1665796517464
  ],
  [
   885.8329384719856,
   131.25980435993606
  ],
  [
   263.69969511807557,
   196.0377358012623
  ],
  [
   268.3247833274264,
   963.8902183840223
  ],
  [
   963.8902183840223,
   657.4339928805033
  ],
  [
   697.1664514154523,
   926.3133408049139
  ]
 ]
}