{
 "Object_Radius": 24.430125595146,
 "Object_Shape": "disc",
 "Workspace_Density": 0.3,
 "Workspace_Height": 1000,
 "Workspace_Width": 1000,
 "number_of_objects": 160,
 "point_list": [
  [
   58.29061888708921,
   27.8731381546606
  ],
  [
   260.80993166656197,
   400.2054926371759
  ],
  [
   612.0898370363681,
   27.8731381546606
  ],
  [
   655.0402230092991,
   929.6087032230677
  ],
  [
   451.70137134862983,
   164.12035012848315
  ],
  [
   51.33511934961721,
   745.9037036081345
  ],
  [
   823.747844373373,
   444.99889794795683
  ],
  [
   78.93783669210424,
   79.59971130653823
  ],
  [
   819.0764867973838,
   518.158742981998
  ],
  [
   209.3641148683286,
   974.1268618453394
  ],
  [
   400.294207689085,
   456.303059499201
  ],
  [
   974.1268618453394,
   62.141315779158646
  ],
  [
   795.9277535045819,
   32.99030963755523
  ],
  [
   376.4890154508667,
   843.5619352837635
  ],
  [
   345.48705247312137,
   523.517379495367
  ],
  [
   545.2432776449363,
   117.60187357797663
  ],
  [
   352.5338626143397,
   255.20905056466714
  ],
  [
   699.2719795616616,
   327.89616396051116
  ],
  [
   762.7030325583966,
   331.92728801162957
  ],
  [
   568.9056226450875,
   202.1473122202621
  ],
  [
   214.83923586998367,
   172.58773886676826
  ],
  [
   374.3347259784353,
   609.321884185116
  ],
  [
   260.72398714528407,
   236.53572347810598
  ],
  [
   27.8731381546606,
   434.71520754462887
  ],
  [
   782.1825454937383,
   479.07551340263643
  ],
  [
   476.446124620518,
   539.2917170058006
  ],
  [
   530.6504306668756,
   463.3244405634538
  ],
  [
   807.5870640618642,
   732.7894484585346
  ],
  [
   473.11022154576864,
   803.1025301468113
  ],
  [
   974.1268618453394,
   308.0875639581809
  ],
  [
   195.01225264443983,
   703.3950337632585
  ],
  [
   579.0435159433202,
   282.75088594848006
  ],
  [
   491.08486235978427,
   891.8847482415645
  ],
  [
   850.098629322212,
   699.72506619591
  ],
  [
   454.91949076359657,
   27.8731381546606
  ],
  [
   384.7542936368352,
   85.06856038334989
  ],
  [
   577.2886680502735,
   837.2503931810887
  ],
  [
   269.69012997281897,
   316.004778497957
  ],
  [
   301.4461688894601,
   271.9766086376343
  ],
  [
   781.1415124558335,
   656.7056402827236
  ],
  [
   974.1268618453394,
   513.751011924059
  ],
  [
   720.5971516797604,
   381.6502649336539
  ],
  [
   199.19938162435105,
   862.5804662879599
  ],
  [
   740.5724077058732,
   866.247057271606
  ],
  [
   623.8917536767595,
   174.304126057538
  ],
  [
   679.143796110392,
   509.59502889178975
  ],
  [
   477.300178491317,
   215.3573483140349
  ],
  [
   929.4737500062995,
   543.9413913658093
  ],
  [
   652.2578508003792,
   637.7146791069362
  ],
  [
   325.9134378947889,
   473.40354914684974
  ],
  [
   578.5826114208945,
   414.55184921013114
  ],
  [
   907.2191691900633,
   854.1687706144212
  ],
  [
   691.5844877330692,
   888.9571692052517
  ],
  [
   142.37893214866475,
   839.4683320929055
  ],
  [
   817.6158066263966,
   600.2624267984781
  ],
  [
   615.1547558721859,
   110.41282699739537
  ],
  [
   851.3272726037665,
   358.97915054811386
  ],
  [
   734.3176487721621,
   697.3295301324887
  ],
  [
   923.1188626106598,
   249.58222252577866
  ],
  [
   953.3419916544107,
   738.6562321178611
  ],
  [
   703.4048221579279,
   593.1304657151277
  ],
  [
   578.6631879117288,
   70.553110851631
  ],
  [
   184.13816578429987,
   389.01569341566136
  ],
  [
   205.91139514542076,
   226.539070023433
  ],
  [
   906.8267318299489,
   928.5535467627499
  ],
  [
   877.9128229452027,
   430.86996403177255
  ],
  [
   349.80910309159106,
   339.3196054105393
  ],
  [
   55.838802496387814,
   136.1352014322048
  ],
  [
   113.14756540173951,
   27.8731381546606
  ],
  [
   490.3782242209426,
   422.84750467527675
  ],
  [
   164.1796911867763,
   140.65694000034765
  ],
  [
   222.79648424368926,
   608.8572426239147
  ],
  [
   302.8070850695789,
   134.70337409326993
  ],
  [
   861.4311781439751,
   128.9664008875278
  ],
  [
   683.9884626516607,
   209.60852533931188
  ],
  [
   658.994080635405,
   71.88415737744165
  ],
  [
   262.0315438062383,
   782.1717145444619
  ],
  [
   30.47275924505086,
   974.1268618453394
  ],
  [
   67.06644718334319,
   192.28530424834514
  ],
  [
   136.05311446865363,
   625.4086412397683
  ],
  [
   275.3403460921926,
   593.2129173243351
  ],
  [
   122.45129083710148,
   185.1798429605312
  ],
  [
   722.6581872981446,
   159.20255578758386
  ],
  [
   328.2445137745574,
   579.8551571719553
  ],
  [
   27.8731381546606,
   919.0653934568795
  ],
  [
   584.4326306020364,
   932.2949325329962
  ],
  [
   200.39624326259326,
   448.5078260321093
  ],
  [
   644.8546018317345,
   551.1528391460872
  ],
  [
   56.47236729614091,
   848.8359360375781
  ],
  [
   839.1673685687086,
   247.10900087897417
  ],
  [
   757.543170299051,
   752.4195604886161
  ],
  [
   428.17981059938137,
   736.4869284970523
  ],
  [
   855.2138145394737,
   185.1088203302363
  ],
  [
   166.92667752950499,
   27.8731381546606
  ],
  [
   921.3699563410408,
   600.3552003610423
  ],
  [
   568.281742598257,
   779.8679252511411
  ],
  [
   757.2762328052509,
   424.73483690122515
  ],
  [
   885.3005340626243,
   310.93031608892994
  ],
  [
   877.9250618907007,
   565.3427549965164
  ],
  [
   527.8655879414885,
   934.8759380700915
  ],
  [
   624.6929632639519,
   974.0754069414468
  ],
  [
   297.22604846997996,
   834.097485381096
  ],
  [
   810.2898019550408,
   305.971442123547
  ],
  [
   27.8731381546606,
   348.3209339335821
  ],
  [
   891.1289519239513,
   27.8731381546606
  ],
  [
   956.322539707639,
   145.87758455560885
  ],
  [
   736.83286491347,
   27.8731381546606
  ],
  [
   504.3064674399017,
   366.76329090239136
  ],
  [
   427.1268762544304,
   313.83163446120204
  ],
  [
   906.0732161435722,
   700.3768668771572
  ],
  [
   335.7481214124553,
   194.56620980530087
  ],
  [
   732.2515631259898,
   498.9641630514181
  ],
  [
   626.9333422735085,
   483.3333424937415
  ],
  [
   721.5926225447781,
   792.8615590346375
  ],
  [
   249.4742268761674,
   932.8242294544351
  ],
  [
   974.1268618453394,
   583.8564937652479
  ],
  [
   672.8388307632863,
   712.9717932815397
  ],
  [
   513.5085674337429,
   842.2909014990078
  ],
  [
   27.8731381546606,
   604.5144784496653
  ],
  [
   440.72345781125483,
   599.9202427800735
  ],
  [
   27.8731381546606,
   493.7194349738654
  ],
  [
   422.6191022272021,
   228.11484135101537
  ],
  [
   343.6495348024275,
   779.6737272362199
  ],
  [
   277.1620954282673,
   27.8731381546606
  ],
  [
   496.511616568931,
   92.99063255000797
  ],
  [
   279.2183174103416,
   184.0693602695522
  ],
  [
   544.9114495245839,
   27.8731381546606
  ],
  [
   974.1268618453394,
   965.6544822362386
  ],
  [
   160.4989192293839,
   526.2765840966633
  ],
  [
   865.242946340374,
   74.9956292704737
  ],
  [
   558.0100899361598,
   637.2858360596775
  ],
  [
   483.1006535740502,
   731.847238425949
  ],
  [
   214.9563444589756,
   96.52422384859214
  ],
  [
   693.7870697653724,
   271.3148580669225
  ],
  [
   110.80004890103591,
   128.79739561129614
  ],
  [
   179.6562285967713,
   792.8399420954005
  ],
  [
   622.6469883954877,
   330.81188276455794
  ],
  [
   974.1268618453394,
   226.35830517029277
  ],
  [
   152.59678380478456,
   974.1268618453394
  ],
  [
   216.17097866107417,
   499.99275276133596
  ],
  [
   227.84523719557856,
   553.1699601288956
  ],
  [
   670.2247533555994,
   809.5845179222581
  ],
  [
   616.7245633398456,
   596.9847579093781
  ],
  [
   940.4565933593003,
   419.2014983093622
  ],
  [
   294.69476765337754,
   654.3629505798962
  ],
  [
   643.0822586190392,
   247.80982513769038
  ],
  [
   870.4804380114563,
   491.4688441966981
  ],
  [
   336.84543916442544,
   27.8731381546606
  ],
  [
   310.841453159899,
   421.09695271350574
  ],
  [
   806.5552621950854,
