{
 "Object_Radius": 24.430125595146,
 "Object_Shape": "disc",
 "Workspace_Density": 0.3,
 "Workspace_Height": 1000,
 "Workspace_Width": 1000,
 "number_of_objects": 160,
 "point_list": [
  [
   502.4518810228296,
   186.1608635931484
  ],
  [
   652.9322080881875,
   27.8731381546606
  ],
  [
   600.1012830559009,
   943.1797671392671
  ],
  [
   745.0262483814961,
   873.8385740529585
  ],
  [
   179.75069578686518,
   702.7568922766246
  ],
  [
   157.15238909634658,
   844.0634372707276
  ],
  [
   641.3760768796373,
   423.7332744424806
  ],
  [
   707.4780379886458,
   40.49404105857171
  ],
  [
   677.8543069054163,
   648.7449797123755
  ],
  [
   136.95073515488357,
   236.17057046163066
  ],
  [
   27.8731381546606,
   275.07524339767883
  ],
  [
   112.78087874159651,
   974.1268618453394
  ],
  [
   845.0868726283774,
   939.7967719689761
  ],
  [
   915.0716003175667,
   348.1746525933207
  ],
  [
   104.4511151911186,
   831.1946929602975
  ],
  [
   895.0130288962176,
   897.1536993541412
  ],
  [
   828.7475338075762,
   672.9662543212628
  ],
  [
   152.90522248960735,
   373.3166311194646
  ],
  [
   840.4178200621109,
   193.13790575529222
  ],
  [
   974.1268618453394,
   731.4804510097208
  ],
  [
   291.6312288399193,
   231.76080606750148
  ],
  [
   83.97155052691777,
   60.98599951324188
  ],
  [
   267.08499279404936,
   974.1268618453394
  ],
  [
   86.02176447847768,
   187.70779617837542
  ],
  [
   360.4613583358559,
   249.86622230248724
  ],
  [
   623.9423903571063,
   652.9107744510407
  ],
  [
   241.25024739574766,
   759.6883376106733
  ],
  [
   901.3194214658423,
   974.1268618453394
  ],
  [
   963.4299015179699,
   165.34934883913388
  ],
  [
   258.0123262323676,
   137.25283238134818
  ],
  [
   506.24452276033725,
   750.7165519695294
  ],
  [
   685.2372124248963,
   467.9200610301985
  ],
  [
   582.6908130626719,
   504.80566010564695
  ],
  [
   569.1440749694635,
   61.75545166419553
  ],
  [
   448.5455605669031,
   861.8500900570492
  ],
  [
   564.5192274652666,
   737.6883152712536
  ],
  [
   522.8903043750777,
   33.96977586802841
  ],
  [
   417.58604440301735,
   322.78092392439714
  ],
  [
   922.8435195217511,
   695.385535108444
  ],
  [
   581.6653990153349,
   686.3539804992083
  ],
  [
   250.37950995297365,
   386.3779052167554
  ],
  [
   361.49874646226783,
   835.4757568114148
  ],
  [
   87.1028721699657,
   923.0509818743858
  ],
  [
   108.57222182297774,
   551.9806493587206
  ],
  [
   622.6050259266314,
   129.46217914624538
  ],
  [
   497.83936135716243,
   263.79604273852925
  ],
  [
   187.4504584654156,
   773.4829359192852
  ],
  [
   683.0184210524476,
   568.8528315210974
  ],
  [
   70.10520052730585,
   490.66755247417575
  ],
  [
   383.4449627242175,
   623.7612861187276
  ],
  [
   148.73689089877374,
   589.8486437388068
  ],
  [
   229.1661653804926,
   54.418801590659484
  ],
  [
   873.3399988201242,
   311.26623082356804
  ],
  [
   974.1268618453394,
   974.1268618453394
  ],
  [
   133.99716855948623,
   670.8070574556408
  ],
  [
   636.83910199725,
   600.6703337015064
  ],
  [
   323.4308269463091,
   960.8009235758798
  ],
  [
   217.29907682531552,
   542.045443183783
  ],
  [
   27.8731381546606,
   576.0381558547778
  ],
  [
   766.8108500533206,
   592.7808083606096
  ],
  [
   682.2359304236452,
   278.4177132429879
  ],
  [
   277.9456228207253,
   799.2513963097903
  ],
  [
   665.1556555467746,
   518.088301432463
  ],
  [
   920.5932870376796,
   408.3404507341946
  ],
  [
   868.8595626531535,
   598.3306428776881
  ],
  [
   568.7138930271103,
   425.0650125379348
  ],
  [
   974.1268618453394,
   891.6315589934802
  ],
  [
   589.9769317823711,
   311.78233300558355
  ],
  [
   429.30733838580403,
   725.8414726825408
  ],
  [
   36.14354183549627,
   27.8731381546606
  ],
  [
   135.53089242276252,
   27.8731381546606
  ],
  [
   729.1736855713144,
   318.60109842791155
  ],
  [
   698.3768721883837,
   749.5173485936974
  ],
  [
   974.1268618453394,
   291.6167724031202
  ],
  [
   618.1687850193073,
   880.1275486913362
  ],
  [
   974.1268618453394,
   400.28441281337524
  ],
  [
   563.9761344917022,
   631.1725638863683
  ],
  [
   895.5932559983119,
   94.43730660370856
  ],
  [
   27.8731381546606,
   635.9476627566614
  ],
  [
   877.3686747192654,
   441.8783308041952
  ],
  [
   715.9798649185384,
   974.1268618453394
  ],
  [
   921.0342383391979,
   611.2332821536786
  ],
  [
   70.42816728086166,
   678.6185304788207
  ],
  [
   705.92854404352,
   147.06156723586497
  ],
  [
   842.8966389844725,
   399.86440800217605
  ],
  [
   738.0989159190715,
   196.83023213568484
  ],
  [
   237.23290862198508,
   704.6683617630806
  ],
  [
   617.1070864114224,
   826.1851675372733
  ],
  [
   125.15756179259947,
   499.2552438999854
  ],
  [
   131.0104369842614,
   779.9396410268449
  ],
  [
   970.8250383247492,
   27.8731381546606
  ],
  [
   33.49006759710092,
   934.3337232059796
  ],
  [
   974.1268618453394,
   544.0650896431187
  ],
  [
   836.7217700580171,
   776.0956805141008
  ],
  [
   27.8731381546606,
   394.4937641146939
  ],
  [
   818.7396073013609,
   578.9146941904617
  ],
  [
   623.8000670253888,
   253.13937841360357
  ],
  [
   143.72082561110642,
   180.79718291059015
  ],
  [
   334.75395604228515,
   377.31173358392397
  ],
  [
   938.1981274165412,
   461.35139850633635
  ],
  [
   590.908123950615,
   196.51463232636914
  ],
  [
   527.5175704520451,
   687.1204336763475
  ],
  [
   175.50409854370875,
   275.7861134424672
  ],
  [
   300.84350970619,
   595.6955688275365
  ],
  [
   361.99502086187675,
   722.4440673580293
  ],
  [
   27.8731381546606,
   155.81207450120465
  ],
  [
   299.19484675112085,
   852.0130043723411
  ],
  [
   903.4634857204784,
   551.5202367821782
  ],
  [
   27.8731381546606,
   716.981852379368
  ],
  [
   533.1937455398228,
   935.4239943035165
  ],
  [
   27.8731381546606,
   455.08860681915104
  ],
  [
   673.3364891815913,
   897.3694859047922
  ],
  [
   339.0373994443221,
   890.1822942783768
  ],
  [
   890.6718045777693,
   252.3239878105551
  ],
  [
   666.6699474116274,
   702.460018287817
  ],
  [
   503.9713435400845,
   110.72278324827491
  ],
  [
   618.9240778521398,
   371.9880122969845
  ],
  [
   392.8969262574747,
   891.1696404392428
  ],
  [
   649.2410059324633,
   176.72366821216252
  ],
  [
   489.9689676637703,
   486.1461437355504
  ],
  [
   114.0320039288176,
   127.9056936643748
  ],
  [
   624.7005212127923,
   740.2871291997652
  ],
  [
   765.277504769152,
   501.9418654420319
  ],
  [
   974.1268618453394,
   787.9383481821612
  ],
  [
   816.5140066112875,
   525.2144923022106
  ],
  [
   380.73276138916816,
   782.0318224943227
  ],
  [
   76.0691162689605,
   761.3883505817223
  ],
  [
   484.0454882336565,
   813.58030900284
  ],
  [
   786.7699935149774,
   922.6381203228834
  ],
  [
   511.263108302911,
   594.0725805006394
  ],
  [
   314.4663534006768,
   757.7503722872585
  ],
  [
   760.3605729554941,
   790.9070841017203
  ],
  [
   768.942308871072,
   27.8731381546606
  ],
  [
   561.1915910584418,
   250.23653237544804
  ],
  [
   97.44778739167461,
   277.6515794152144
  ],
  [
   555.9145395278075,
   840.3697611587767
  ],
  [
   50.89013830128493,
   818.3642376943685
  ],
  [
   179.0074343601543,
   635.2141150672974
  ],
  [
   210.06975735289615,
   890.8837153352849
  ],
  [
   974.1268618453394,
   619.5900479210497
  ],
  [
   847.3844788039775,
   861.3684870531328
  ],
  [
   305.7003786277521,
   326.2338007211624
  ],
  [
   734.0605888190111,
   97.1450176380243
  ],
  [
   716.271797146331,
   611.0772973429222
  ],
  [
   369.003541607619,
   185.70116615911962
  ],
  [
   576.7542309961337,
   790.437562654856
  ],
  [
   263.1433485829096,
   915.9089911163176
  ],
  [
   666.0360953761715,
   93.6488170214724
  ],
  [
   791.0864024419213,
   275.11406214740487
  ],
  [
   418.05672910517836,
