{
 "Object_Radius": 24.430125595146,
 "Object_Shape": "disc",
 "Workspace_Density": 0.3,
 "Workspace_Height": 1000,
 "Workspace_Width": 1000,
 "number_of_objects": 160,
 "point_list": [
  [
   728.6077876159444,
   801.5194758958875
  ],
  [
   893.5549086188662,
   314.774932982364
  ],
  [
   166.51991801539398,
   27.8731381546606
  ],
  [
   319.70997177158375,
   354.65048534920453
  ],
  [
   941.1453036546935,
   211.58162033505093
  ],
  [
   643.9569179715429,
   164.3096825743362
  ],
  [
   221.15730664108614,
   27.8731381546606
  ],
  [
   401.0036914693891,
   578.2400538040837
  ],
  [
   908.3427176586741,
   914.397868833833
  ],
  [
   235.18382845017786,
   254.38126869663816
  ],
  [
   321.96877771730385,
   647.593308282276
  ],
  [
   768.2092651599258,
   27.8731381546606
  ],
  [
   566.7670478314338,
   196.53557905147034
  ],
  [
   27.8731381546606,
   864.1213608968924
  ],
  [
   403.7480066186748,
   524.4505926407201
  ],
  [
   466.7167866153106,
   339.9304826563737
  ],
  [
   253.7091592010272,
   773.5844632101066
  ],
  [
   268.73494684806343,
   211.38078306924945
  ],
  [
   368.05205615749657,
   774.6882790038896
  ],
  [
   847.938997631106,
   771.1670648965462
  ],
  [
   90.1430042129432,
   612.5384377124535
  ],
  [
   651.201324962697,
   522.0245604049002
  ],
  [
   136.6244903527438,
   974.1268618453394
  ],
  [
   904.931174677092,
   814.235603562092
  ],
  [
   98.09226442387153,
   817.6094694701387
  ],
  [
   148.0978585969687,
   781.9235513721418
  ],
  [
   974.1268618453394,
   653.5980022312342
  ],
  [
   124.6597140297109,
   127.33658522073502
  ],
  [
   386.99963389258073,
   876.8223139033901
  ],
  [
   203.79827321395365,
   92.1849377306164
  ],
  [
   27.8731381546606,
   213.8751406691706
  ],
  [
   622.3699755076138,
   451.2096717603531
  ],
  [
   272.0739426938798,
   721.6218064882951
  ],
  [
   175.84843754320465,
   222.74606248839947
  ],
  [
   452.498443546283,
   72.53481492598624
  ],
  [
   326.37000519449975,
   93.35730245744575
  ],
  [
   27.8731381546606,
   974.1268618453394
  ],
  [
   208.98420370455858,
   577.6052991384281
  ],
  [
   611.0758454758786,
   333.9712173831586
  ],
  [
   707.6487113281954,
   251.92893491959802
  ],
  [
   687.7914927644213,
   109.77768229205248
  ],
  [
   494.2064587835351,
   186.53036918644406
  ],
  [
   491.72620340797766,
   263.74108448481206
  ],
  [
   27.8731381546606,
   681.8001042124333
  ],
  [
   541.5391357111902,
   143.40582842160137
  ],
  [
   382.6987083160373,
   933.2926917973814
  ],
  [
   574.7088513494489,
   259.38215280428676
  ],
  [
   308.5969110120313,
   892.0733618842828
  ],
  [
   683.9075561236301,
   871.6511806333365
  ],
  [
   974.1268618453394,
   258.8279198847348
  ],
  [
   481.5493558883328,
   743.778017116749
  ],
  [
   339.2959674557139,
   222.33120178114453
  ],
  [
   393.4114151403028,
   253.5625538901715
  ],
  [
   537.3896880783715,
   64.8768847909817
  ],
  [
   282.52885246830635,
   939.4772720251043
  ],
  [
   657.6927934250002,
   944.6245399210171
  ],
  [
   857.1624298969407,
   184.938545786787
  ],
  [
   369.2206701570752,
   311.1812149541504
  ],
  [
   776.4097800472066,
   81.06725510596685
  ],
  [
   27.8731381546606,
   622.7403200529878
  ],
  [
   207.6358211560639,
   349.4530938522
  ],
  [
   871.7873268246781,
   509.3519032194358
  ],
  [
   137.33443646942268,
   557.7748648885652
  ],
  [
   78.952563108395,
   902.123005324128
  ],
  [
   437.66235619167935,
   643.3677943425553
  ],
  [
   957.9628575710393,
   63.627712097576726
  ],
  [
   133.9832435190227,
   908.0710229171907
  ],
  [
   334.9193276944052,
   719.2482678850197
  ],
  [
   158.708969303615,
   673.8638502939439
  ],
  [
   74.06329776581234,
   482.69799077217044
  ],
  [
   692.522245526547,
   699.7080433248269
  ],
  [
   761.0235308513019,
   504.5727335881734
  ],
  [
   175.95668815717832,
   861.8216941298441
  ],
  [
   710.8052710904317,
   55.531761228141406
  ],
  [
   718.1030285853745,
   171.37591379520842
  ],
  [
   830.7166088646369,
   710.5367916833492
  ],
  [
   27.8731381546606,
   919.8530653149106
  ],
  [
   446.0993531168872,
   415.5354328074671
  ],
  [
   126.52216057949094,
   247.7233311453419
  ],
  [
   262.2989483286545,
   828.2912886217806
  ],
  [
   582.6512686189046,
   974.1268618453394
  ],
  [
   746.2474551397636,
   125.58778434374625
  ],
  [
   815.6180882024773,
   512.8396230426458
  ],
  [
   803.5347492325121,
   266.59459601119386
  ],
  [
   55.00300818129467,
   777.4183114857997
  ],
  [
   935.5488868267437,
   859.9461063829433
  ],
  [
   830.2576368072826,
   81.5226578211137
  ],
  [
   530.390727339543,
   699.5379084164573
  ],
  [
   521.8942188630173,
   357.7921424580448
  ],
  [
   191.15090820746494,
   524.1155322285721
  ],
  [
   363.0419764681911,
   135.3478673700071
  ],
  [
   406.613940795806,
   826.6311791172092
  ],
  [
   493.69928299990437,
   468.5752552005894
  ],
  [
   496.73614230531496,
   27.8731381546606
  ],
  [
   732.8927156728299,
   431.72722505721725
  ],
  [
   96.7495540158996,
   50.50087183426756
  ],
  [
   94.0832036322245,
   300.33243462073585
  ],
  [
   77.94544737626354,
   154.24640232358314
  ],
  [
   427.6935962467097,
   773.117538021642
  ],
  [
   472.9319760025767,
   688.7051141069527
  ],
  [
   750.7652598662789,
   214.19139455053372
  ],
  [
   340.1737282788167,
   573.629595770194
  ],
  [
   211.35432819581982,
   811.041035809446
  ],
  [
   554.9926412403688,
   414.88852252128765
  ],
  [
   650.1270860394204,
   775.2364559325946
  ],
  [
   336.7120943036612,
   27.8731381546606
  ],
  [
   469.0060596865259,
   970.25629190448
  ],
  [
   378.00165753489813,
   74.87891587103617
  ],
  [
   145.36953147482225,
   77.4916270176834
  ],
  [
   376.4156668856116,
   683.906835634474
  ],
  [
   200.0319652244769,
   743.0187715832974
  ],
  [
   588.5918911422218,
   909.977761137203
  ],
  [
   923.9179332616674,
   550.1932794597776
  ],
  [
   678.2206582117997,
   599.1036195085384
  ],
  [
   546.7227425682493,
   871.8840926375408
  ],
  [
   381.63700116546573,
   470.5828039575709
  ],
  [
   71.66655054607898,
   246.64931508173876
  ],
  [
   491.88160034406843,
   796.871247911796
  ],
  [
   64.65236321595825,
   351.02973144625037
  ],
  [
   945.4609383947126,
   121.6795422744752
  ],
  [
   904.3799774493311,
   760.2504751178811
  ],
  [
   782.8815895530461,
   899.7559720976808
  ],
  [
   311.8205624977744,
   792.7095665493671
  ],
  [
   624.3579575445154,
   844.6012745567067
  ],
  [
   974.1268618453394,
   315.36637430466806
  ],
  [
   934.1731943591008,
   616.7963920882648
  ],
  [
   258.5651256953936,
   67.89965529991872
  ],
  [
   579.4809825805585,
   100.9467492400493
  ],
  [
   664.5156613095645,
   27.8731381546606
  ],
  [
   853.2283803703057,
   851.6403672108314
  ],
  [
   884.205837532038,
   79.82279078841795
  ],
  [
   863.7150498540676,
   584.1758470372702
  ],
  [
   83.43302553332845,
   957.7831674399088
  ],
  [
   615.3583784187005,
   219.72605143412915
  ],
  [
   381.01508543968964,
   629.3606981948157
  ],
  [
   907.5107887674781,
   260.4573805193248
  ],
  [
   190.5324176044962,
   974.1268618453394
  ],
  [
   491.890564771383,
   122.25807664022307
  ],
  [
   849.4132209129964,
   131.7417658893234
  ],
  [
   766.5739915686153,
   966.0096934827666
  ],
  [
   558.9788497066882,
   476.4330272744618
  ],
  [
   806.2614056624078,
   208.23059091761058
  ],
  [
   27.8731381546606,
   27.8731381546606
  ],
  [
   856.1975938919082,
   238.67616340964355
  ],
  [
   534.5108083323295,
   298.9995032386273
  ],
  [
   275.86449297740864,
   119.4330893229164
  ],
  [
   660.7821857812355,
   652.4561016508106
  ],
  [
   827.0284805499813,
   27.8731381546606
  ],
  [
   496.3304565122652,
   602.8002369513894
  ],
  [
   606.5074497143191,
   628.1754403789835
  ],
  [
