{
 "Object_Radius": 24.430125595146,
 "Object_Shape": "disc",
 "Workspace_Density": 0.3,
 "Workspace_Height": 1000,
 "Workspace_Width": 1000,
 "number_of_objects": 160,
 "point_list": [
  [
   344.7260130743765,
   446.0793502899243
  ],
  [
   853.3947317362303,
   818.6452611867961
  ],
  [
   519.1929499998068,
   205.0722032103206
  ],
  [
   27.8731381546606,
   974.1268618453394
  ],
  [
   584.8081537822667,
   404.6411086439314
  ],
  [
   229.64136082135593,
   816.883003928669
  ],
  [
   605.249078921382,
   666.3590148838031
  ],
  [
   552.7678268537344,
   350.8709732857189
  ],
  [
   326.1243777724306,
   974.1268618453394
  ],
  [
   199.19871574664563,
   27.8731381546606
  ],
  [
   309.857342436025,
   617.6172515327162
  ],
  [
   859.4373227741112,
   369.44167842230434
  ],
  [
   445.16661921831246,
   84.26737545275134
  ],
  [
   722.8190703454175,
   598.6506741142994
  ],
  [
   930.794003143617,
   187.68495446023582
  ],
  [
   134.1393448147585,
   347.1735387079225
  ],
  [
   594.410168248542,
   496.77287140765924
  ],
  [
   888.5973794601571,
   90.84284849767712
  ],
  [
   759.5473695668861,
   27.8731381546606
  ],
  [
   155.0072991460407,
   618.3407544056867
  ],
  [
   654.0177185177345,
   737.5089697020292
  ],
  [
   894.396508735053,
   872.6671191402104
  ],
  [
   347.2557669981596,
   802.6870279112447
  ],
  [
   202.42944343285515,
   162.6113266626337
  ],
  [
   610.5348640472503,
   314.29186126626735
  ],
  [
   770.7322874412331,
   974.1268618453394
  ],
  [
   675.4941412437951,
   27.8731381546606
  ],
  [
   475.1118075334703,
   686.1221327728003
  ],
  [
   185.89830226073985,
   454.14965096075673
  ],
  [
   78.46617065972204,
   624.2045390583614
  ],
  [
   637.566346019614,
   219.10053732553135
  ],
  [
   575.7960501428236,
   974.1268618453394
  ],
  [
   783.2505920242853,
   778.2790477609316
  ],
  [
   707.4521549767484,
   817.3308574918892
  ],
  [
   541.849612065058,
   669.5027518078822
  ],
  [
   832.0730262563965,
   321.48558857865686
  ],
  [
   602.3769204414482,
   820.8009823655937
  ],
  [
   793.2063861185092,
   458.34615942377155
  ],
  [
   774.7870100008682,
   615.6322658019579
  ],
  [
   355.95794567636256,
   860.3771634752978
  ],
  [
   914.9318574394088,
   341.8275765539393
  ],
  [
   400.4792161334462,
   120.61710768720333
  ],
  [
   793.9070047239023,
   924.0760456071765
  ],
  [
   846.7790764771997,
   452.72376992151516
  ],
  [
   699.0607442114176,
   206.94542499541683
  ],
  [
   435.7108282434042,
   762.3958273072225
  ],
  [
   154.57842241147785,
   498.38499735487017
  ],
  [
   974.1268618453394,
   625.5767313413592
  ],
  [
   951.8981112833903,
   676.6764583633704
  ],
  [
   974.1268618453394,
   88.66605725622871
  ],
  [
   599.7747669416158,
   177.26840154596414
  ],
  [
   261.42579546686915,
   251.90527741646844
  ],
  [
   957.3456930154138,
   820.3186587206815
  ],
  [
   91.00704356239848,
   759.3147642229948
  ],
  [
   27.8731381546606,
   655.5131663061857
  ],
  [
   496.8904692230882,
   450.9063301530619
  ],
  [
   974.1268618453394,
   743.8081218923514
  ],
  [
   252.28210041057645,
   54.26390124685708
  ],
  [
   841.5967752643013,
   64.4233502126076
  ],
  [
   796.2096135591705,
   243.95626447703154
  ],
  [
   629.9962338537841,
   974.1268618453394
  ],
  [
   854.3065067950906,
   667.9851459737405
  ],
  [
   127.02356397661595,
   571.2097283734113
  ],
  [
   706.1681145458539,
   260.6363978830915
  ],
  [
   177.2841378899173,
   781.7804904780371
  ],
  [
   833.1110151240903,
   961.522129084161
  ],
  [
   412.6350240208899,
   263.3955524927685
  ],
  [
   646.6419833534537,
   620.5462237643736
  ],
  [
   365.8431234192452,
   634.6657160482038
  ],
  [
   230.68319067441385,
   563.7815546769679
  ],
  [
   932.0218054808701,
   126.72599881499023
  ],
  [
   635.6891890262867,
   865.0859311609211
  ],
  [
   119.26698148437423,
   86.07195473028766
  ],
  [
   756.333311244184,
   280.0886235807019
  ],
  [
   919.7292410616024,
   974.1268618453394
  ],
  [
   93.33320082003175,
   920.1759337806699
  ],
  [
   422.17188972563144,
   321.25345417257574
  ],
  [
   149.89501523641624,
   725.1802892619107
  ],
  [
   314.74713710887477,
   491.38069293472535
  ],
  [
   864.2672659735075,
   602.9418944503784
  ],
  [
   741.5035868924828,
   908.574556337244
  ],
  [
   103.16736221444094,
   27.8731381546606
  ],
  [
   638.582234254331,
   131.56983053418915
  ],
  [
   570.5495598880073,
   130.77371654205103
  ],
  [
   849.9238037375254,
   249.20736546011324
  ],
  [
   319.4801793452425,
   563.9629665773816
  ],
  [
   974.1268618453394,
   920.3193086968531
  ],
  [
   110.25880692759415,
   462.598260799815
  ],
  [
   948.1404051435401,
   873.2708441256513
  ],
  [
   27.8731381546606,
   726.1616721377145
  ],
  [
   132.31249039909582,
   198.47682136144695
  ],
  [
   780.2259261789179,
   192.45392362902075
  ],
  [
   560.4127680418494,
   294.6868974461241
  ],
  [
   709.088352435446,
   527.6663605379756
  ],
  [
   712.0147866697667,
   760.5402114620696
  ],
  [
   198.06038403363397,
   896.4020252626095
  ],
  [
   110.93195733664199,
   140.4332464162453
  ],
  [
   654.5256792418348,
   281.93527147071853
  ],
  [
   463.7725387580458,
   280.18593400502454
  ],
  [
   291.42387767295946,
   747.5727541089833
  ],
  [
   96.32232625994092,
   834.180210847957
  ],
  [
   585.8370057489586,
   27.8731381546606
  ],
  [
   532.2731047220828,
   606.5169791439137
  ],
  [
   716.4113212161546,
   376.56718266192627
  ],
  [
   397.01640970166784,
   724.5868341250367
  ],
  [
   39.94872230439561,
   394.98823955404305
  ],
  [
   77.23530638437059,
   549.1111259398716
  ],
  [
   921.9667160550986,
   758.4393552688321
  ],
  [
   815.6306599712323,
   579.7557381427644
  ],
  [
   974.1268618453394,
   561.1402154672925
  ],
  [
   892.4791924749404,
   282.38322962450303
  ],
  [
   146.95639572867307,
   974.1268618453394
  ],
  [
   748.7652978436612,
   333.5084793257941
  ],
  [
   901.3858751697019,
   699.6505792787382
  ],
  [
   513.5859237151407,
   520.0776221146921
  ],
  [
   248.995699339568,
   651.2922449589654
  ],
  [
   694.1717791617755,
   665.0447130234103
  ],
  [
   170.20413497738903,
   836.7298539416327
  ],
  [
   787.7234948615544,
   864.4300057880562
  ],
  [
   673.6675248240491,
   941.8083288916362
  ],
  [
   357.1975897245472,
   27.8731381546606
  ],
  [
   751.3391096847462,
   492.36738428170145
  ],
  [
   508.46620142538205,
   310.2627146526937
  ],
  [
   219.65002850675612,
   411.76562648155993
  ],
  [
   302.1911637914219,
   27.8731381546606
  ],
  [
   187.5642150576302,
   353.8596879763219
  ],
  [
   291.18757631044707,
   193.92944857570092
  ],
  [
   897.6943753668081,
   35.39308504900607
  ],
  [
   27.8731381546606,
   919.3990024198796
  ],
  [
   974.1268618453394,
   974.1268618453394
  ],
  [
   257.2206732936626,
   321.86860274697386
  ],
  [
   965.8426871940021,
   448.4080609120562
  ],
  [
   355.2334860578625,
   275.07654862323477
  ],
  [
   476.51535395777336,
   869.6033949349068
  ],
  [
   710.103360878061,
   141.97726515622577
  ],
  [
   258.1169088989373,
   974.1268618453394
  ],
  [
   344.69983274892536,
   738.2187310441896
  ],
  [
   260.6007627022642,
   454.7002342619541
  ],
  [
   216.78938876298196,
   219.37371028266597
  ],
  [
   939.4417698657433,
   390.21852084061214
  ],
  [
   563.6047135944888,
   240.06888192111128
  ],
  [
   192.61506990641743,
   285.9048195031519
  ],
  [
   92.8429254041855,
   411.66303684969006
  ],
  [
   113.21229220221981,
   263.89608075812305
  ],
  [
   582.4124300700647,
   763.5909345221179
  ],
  [
   49.4210859703175,
   27.8731381546606
  ],
  [
   65.12202109777854,
   494.7868336255046
  ],
  [
   363.38938909054997,
   330.2352322124679
  ],
  [
   58.076048141484996,
   155.79947297309548
  ],
  [
