{
 "Object_Radius": 24.430125595146,
 "Object_Shape": "disc",
 "Workspace_Density": 0.3,
 "Workspace_Height": 1000,
 "Workspace_Width": 1000,
 "number_of_objects": 160,
 "point_list": [
  [
   486.2168380647965,
   723.1551376528403
  ],
  [
   447.49919687117233,
   340.4295647360051
  ],
  [
   400.985663921498,
   783.5193621319697
  ],
  [
   63.10203913488273,
   589.2666681218886
  ],
  [
   824.4478181357188,
   927.4636356623851
  ],
  [
   740.9250945555393,
   353.83963321075674
  ],
  [
   130.97297465881914,
   270.31620338923614
  ],
  [
   941.6260305080617,
   270.60678535228527
  ],
  [
   453.89820154108025,
   512.656045264059
  ],
  [
   530.7761028259425,
   39.41150877096866
  ],
  [
   441.38613374558764,
   943.15846533434
  ],
  [
   405.5497009424816,
   305.41831043204536
  ],
  [
   911.2812881886165,
   790.5431659507533
  ],
  [
   96.8884680290233,
   27.8731381546606
  ],
  [
   957.1826474585805,
   584.6436003895667
  ],
  [
   804.455660189765,
   819.4262708019573
  ],
  [
   841.3998417608547,
   203.9593156618162
  ],
  [
   307.7373779542017,
   875.6105055653532
  ],
  [
   72.94970300386278,
   238.36424226361888
  ],
  [
   871.0018173860119,
   396.6236716875834
  ],
  [
   389.03321864423265,
   359.4201590234572
  ],
  [
   364.37719456154394,
   574.9274990540033
  ],
  [
   282.6024230576313,
   527.3536748807622
  ],
  [
   167.01010345099624,
   170.48759510127357
  ],
  [
   601.4787319211498,
   898.7631197363521
  ],
  [
   199.08315795337052,
   124.3723003908512
  ],
  [
   458.1687533426929,
   803.1773415199245
  ],
  [
   268.7096992333692,
   798.9811904273882
  ],
  [
   911.0677824652795,
   613.6138059802582
  ],
  [
   974.1268618453394,
   799.9114337858227
  ],
  [
   244.5415843974056,
   341.7716896671982
  ],
  [
   69.06363575933304,
   130.81506592417597
  ],
  [
   565.0977798288295,
   800.8739456141539
  ],
  [
   488.62668812895174,
   974.1268618453394
  ],
  [
   854.1900204097238,
   863.1677269313439
  ],
  [
   303.84669272008574,
   974.1268618453394
  ],
  [
   91.94644344718438,
   491.68477069427337
  ],
  [
   412.6011009948601,
   472.1084149822757
  ],
  [
   225.61637159817084,
   853.1551162453918
  ],
  [
   915.7027521240427,
   844.2313202172968
  ],
  [
   546.7414623514478,
   857.2024100175321
  ],
  [
   272.6805306626146,
   440.32552003306034
  ],
  [
   847.1247420719968,
   643.1840148481762
  ],
  [
   196.82837284701154,
   931.8640961302484
  ],
  [
   814.62803838215,
   381.39900964184375
  ],
  [
   650.0472660408232,
   444.2571116829256
  ],
  [
   753.0692959744965,
   443.96447731462285
  ],
  [
   754.7426968648017,
   156.16392252329604
  ],
  [
   42.36803663601426,
   456.5949619870841
  ],
  [
   792.4584123523475,
   974.1268618453394
  ],
  [
   728.0975759316176,
   735.0719712230166
  ],
  [
   244.6559606423232,
   962.175412987732
  ],
  [
   495.0131147314695,
   367.84867006845036
  ],
  [
   379.58763295768176,
   911.4128176071254
  ],
  [
   655.3289161033233,
   721.1242738048201
  ],
  [
   321.78107900137786,
   107.1432602674277
  ],
  [
   852.2501621542607,
   974.1268618453394
  ],
  [
   750.8359209688571,
   936.0545480732999
  ],
  [
   617.0917545573386,
   560.4173226418379
  ],
  [
   222.6386353754385,
   414.1253973010037
  ],
  [
   346.37015628186117,
   522.9765336749188
  ],
  [
   654.6808402418226,
   777.792227212233
  ],
  [
   278.19277506728776,
   27.8731381546606
  ],
  [
   814.9693601971493,
   326.8275428116737
  ],
  [
   974.1268618453394,
   431.9478115040811
  ],
  [
   651.882323139784,
   974.1268618453394
  ],
  [
   116.61760930965373,
   910.7823606267108
  ],
  [
   699.834237129559,
   919.0473638522099
  ],
  [
   368.0305480089234,
   173.36413078356242
  ],
  [
   836.4127643464857,
   45.1767617718568
  ],
  [
   142.25913936995423,
   431.0661118795412
  ],
  [
   27.8731381546606,
   971.0072088701309
  ],
  [
   884.5448712196844,
   743.6918089022043
  ],
  [
   350.9419961166149,
   301.41826069220656
  ],
  [
   225.55615402387795,
   502.38920136830257
  ],
  [
   683.8129821153751,
   348.7534340252499
  ],
  [
   911.203777063983,
   669.1091477308553
  ],
  [
   794.4349802164545,
   596.619178371116
  ],
  [
   36.749069052506414,
   888.6832798835501
  ],
  [
   750.9687145476552,
   824.91243775525
  ],
  [
   454.15745095119524,
   590.1668126051333
  ],
  [
   495.3136954394577,
   475.29360143011814
  ],
  [
   616.6591690853138,
   816.0865412233667
  ],
  [
   860.4248698364621,
   695.4840930628363
  ],
  [
   974.1268618453394,
   324.3188667031363
  ],
  [
   912.1368607500824,
   328.8995371885468
  ],
  [
   809.606896060921,
   251.9576950672632
  ],
  [
   974.1268618453394,
   378.20151667646127
  ],
  [
   514.8254145513965,
   920.6843079007549
  ],
  [
   116.78789881819728,
   598.6013516763055
  ],
  [
   595.1968440271497,
   612.0134435852221
  ],
  [
   974.1268618453394,
   172.694089164657
  ],
  [
   927.7418552046308,
   27.8731381546606
  ],
  [
   27.8731381546606,
   75.5813343712174
  ],
  [
   605.0980608782706,
   345.80308179859634
  ],
  [
   184.66214785066384,
   312.5020368563529
  ],
  [
   400.62682264630894,
   614.6683514381823
  ],
  [
   733.5127625075999,
   876.3588735165143
  ],
  [
   312.54481222443803,
   477.2706650681629
  ],
  [
   597.8879931932072,
   250.1791326206939
  ],
  [
   928.9554500650883,
   87.24803940059833
  ],
  [
   231.51447125101518,
   78.61804337961792
  ],
  [
   800.1307928676804,
   472.22940138235765
  ],
  [
   138.47182164934645,
   105.39214793673024
  ],
  [
   747.426500057822,
   227.26470150081346
  ],
  [
   849.2177258400499,
   789.214028549537
  ],
  [
   265.6445035685277,
   639.7986040538176
  ],
  [
   945.0262252112749,
   532.2881334382055
  ],
  [
   974.1268618453394,
   905.1171572051137
  ],
  [
   785.8823889972871,
   889.8271169139598
  ],
  [
   317.0187687757409,
   656.0436734394907
  ],
  [
   634.840887984884,
   32.79356378915044
  ],
  [
   380.58801604775283,
   974.1268618453394
  ],
  [
   647.2024703031931,
   514.4269319795973
  ],
  [
   397.4115893195525,
   852.9558028439031
  ],
  [
   680.2628463416346,
   868.0746737759505
  ],
  [
   667.1363428848135,
   196.29244810789828
  ],
  [
   511.56718260012985,
   792.6804070430097
  ],
  [
   259.5505345132955,
   151.9064611524226
  ],
  [
   421.5838752740349,
   723.7199795899146
  ],
  [
   550.4813979659532,
   275.54839868429593
  ],
  [
   947.4287813903226,
   478.59408317854
  ],
  [
   974.1268618453394,
   227.03202465913947
  ],
  [
   797.5459742586257,
   720.4169362400825
  ],
  [
   870.9058972136947,
   253.20975150809414
  ],
  [
   702.0925091096817,
   497.60718346133217
  ],
  [
   560.0511802981542,
   561.7558761900415
  ],
  [
   27.8731381546606,
   683.2544270864362
  ],
  [
   441.2960703747609,
   669.8461217503043
  ],
  [
   225.6142952731953,
   683.7020113659298
  ],
  [
   764.3920003186803,
   301.22766808114847
  ],
  [
   27.8731381546606,
   402.2131745543884
  ],
  [
   851.3530745559899,
   489.9967919974008
  ],
  [
   706.5941620386728,
   974.1268618453394
  ],
  [
   513.9103334863534,
   107.26723465259913
  ],
  [
   372.0450187369026,
   665.1642665632552
  ],
  [
   716.5921825873498,
   403.31399483646805
  ],
  [
   407.9661500995491,
   210.72585325221348
  ],
  [
   322.9213119542996,
   814.4260707647105
  ],
  [
   720.3663356993804,
   90.20867304668376
  ],
  [
   106.00879484556411,
   856.6349925732864
  ],
  [
   513.6760281722231,
   234.15068434337684
  ],
  [
   210.46071001536868,
   27.8731381546606
  ],
  [
   175.66515992387173,
   634.6964066008101
  ],
  [
   762.8035595096992,
   663.5139390550938
  ],
  [
   811.4794358759312,
   536.8288090362729
  ],
  [
   460.48801296163634,
   288.2256004369554
  ],
  [
   163.0475829313012,
   719.2222066886233
  ],
  [
   176.42786571192565,
   474.1300548955592
  ],
  [
   327.7145808721825,
