{
 "Object_Length": 163.29931618554522,
 "Object_Shape": "cuboid",
 "Object_Width": 48.98979485566357,
 "Workspace_Density": 0.4,
 "Workspace_Height": 1000,
 "Workspace_Width": 1000,
 "number_of_objects": 50,
 "point_list": [
  [
   855.35605739,
   165.527070363,
   1.03735459406
  ],
  [
   842.704415371,
   380.202840207,
   2.74371893594
  ],
  [
   362.491684832,
   67.0846570117,
   0.394803149267
  ],
  [
   271.909691369,
   251.695058382,
   0.976828289752
  ],
  [
   346.474749224,
   574.493514852,
   1.25943860906
  ],
  [
   585.0867005,
   908.336334908,
   1.56548448962
  ],
  [
   404.68295925,
   384.492745905,
   0.862532020838
  ],
  [
   526.104090329,
   724.843810066,
   1.57665921558
  ],
  [
   141.769149414,
   743.87573021,
   1.07952913683
  ],
  [
   649.162862751,
   480.916768911,
   0.430259607193
  ],
  [
   713.329229381,
   365.189867442,
   1.76311224718
  ],
  [
   388.729280415,
   193.693269628,
   2.66497952371
  ],
  [
   813.71562139,
   569.22627013,
   1.04997137114
  ],
  [
   163.359372259,
   445.733825537,
   1.20908238304
  ],
  [
   757.294018302,
   779.657264916,
   0.698893638421
  ],
  [
   408.538968439,
   542.140161143,
   1.25941228817
  ],
  [
   232.233604956,
   104.21404753,
   0.256286929942
  ],
  [
   798.132622715,
   260.929080615,
   0.498145974552
  ],
  [
   861.348289577,
   512.885394319,
   1.05427140442
  ],
  [
   437.450095789,
   316.67075848,
   0.862476502649
  ],
  [
   899.64315438,
   868.090331172,
   2.79979215266
  ],
  [
   388.978286776,
   965.380004195,
   -0.00270798773717
  ],
  [
   260.290031876,
   531.887497874,
   1.25946537887
  ],
  [
   687.278272059,
   103.635982025,
   -0.00050766812139
  ],
  [
   595.201385394,
   568.852018022,
   0.830018209742
  ],
  [
   965.186413736,
   472.264014384,
   1.57609515246
  ],
  [
   905.150521831,
   965.665848888,
   3.14151777764
  ],
  [
   33.6504905171,
   629.468229543,
   1.57138386714
  ],
  [
   285.45673229,
   394.101107956,
   0.959684174824
  ],
  [
   721.209146212,
   966.271035283,
   -0.00123276761173
  ],
  [
   655.009937306,
   303.734287863,
   1.76326383644
  ],
  [
   90.8732309699,
   270.409357399,
   0.733230187221
  ],
  [
   94.0636654463,
   956.334424995,
   3.03801437369
  ],
  [
   390.836273592,
   765.426766412,
   2.13441334651
  ],
  [
   821.797047366,
   743.729500835,
   0.69894131613
  ],
  [
   272.403270723,
   898.791217974,
   3.0348922304
  ],
  [
   967.001210377,
   161.029717627,
   1.58400257945
  ],
  [
   72.0870435321,
   427.279918952,
   1.10195635051
  ],
  [
   913.65883982,
   656.006950621,
   2.27177778918
  ],
  [
   289.89095138,
   773.35317131,
   2.27038734013
  ],
  [
   547.365253253,
   394.718010571,
   1.98392290749
  ],
  [
   710.094648873,
   896.99604695,
   -0.00434364453974
  ],
  [
   911.195944513,
   34.414454464,
   -3.14078391685
  ],
  [
   714.948362257,
   651.079803173,
   2.61350481313
  ],
  [
   100.394491827,
   110.788088599,
   1.58925420126
  ],
  [
   727.44533524,
   34.5124274895,
   -0.000124214684575
  ],
  [
   458.431626206,
   893.810206517,
   3.12454371131
  ],
  [
   522.697544655,
   165.91657738,
   1.03020311931
  ],
  [
   148.684721889,
   613.291625426,
   1.01188624839
  ],
  [
   635.927736639,
   766.004857737,
   1.04287645931
  ]
 ]
}