{
 "Object_Length": 163.29931618554522,
 "Object_Shape": "cuboid",
 "Object_Width": 48.98979485566357,
 "Workspace_Density": 0.4,
 "Workspace_Height": 1000,
 "Workspace_Width": 1000,
 "number_of_objects": 50,
 "point_list": [
  [
   172.495868584,
   674.497994154,
   1.56789145784
  ],
  [
   965.206137473,
   480.137614051,
   1.57084837404
  ],
  [
   182.526658081,
   103.412903446,
   -0.000379405106031
  ],
  [
   667.598569242,
   481.471288818,
   0.732910775978
  ],
  [
   398.139265959,
   236.341075234,
   1.07111969741
  ],
  [
   908.007066488,
   352.502174081,
   -3.13519535396
  ],
  [
   887.206057236,
   222.847986155,
   -1.68020591041
  ],
  [
   302.02524691,
   624.379912657,
   0.562204979256
  ],
  [
   833.184149213,
   833.102751756,
   0.429162422899
  ],
  [
   369.197859141,
   87.6220922703,
   2.47259635499
  ],
  [
   247.394453051,
   34.4371159466,
   1.01482967234e-06
  ],
  [
   491.260570359,
   742.760388892,
   -0.257208994665
  ],
  [
   85.5344519202,
   357.026674998,
   2.00396071131
  ],
  [
   260.994944069,
   255.201674037,
   2.69996959563
  ],
  [
   102.880539963,
   909.213468544,
   1.5617282991
  ],
  [
   667.455425932,
   149.068413483,
   1.05142470883
  ],
  [
   705.159651277,
   423.018952085,
   0.738686411921
  ],
  [
   772.149933854,
   391.05987868,
   0.741800505348
  ],
  [
   422.079155059,
   896.964946852,
   0.00104818599973
  ],
  [
   292.96585775,
   537.80152532,
   0.556644199478
  ],
  [
   798.234690046,
   121.742263193,
   2.63755155907
  ],
  [
   331.477536157,
   756.468622508,
   0.882874343487
  ],
  [
   548.88115673,
   222.565937334,
   1.04913687629
  ],
  [
   810.466898917,
   598.928245111,
   0.765925670578
  ],
  [
   685.176415941,
   752.633719043,
   -0.309241454177
  ],
  [
   607.007756479,
   184.499241872,
   1.04537221151
  ],
  [
   471.340483872,
   965.85622879,
   0.000838132380628
  ],
  [
   753.640232035,
   245.169994689,
   2.61442026522
  ],
  [
   609.522264581,
   917.383647186,
   0.499109800244
  ],
  [
   32.9820537963,
   909.519111426,
   1.57084333321
  ],
  [
   544.428880439,
   540.36190566,
   2.30420983834
  ],
  [
   221.048225608,
   880.243074097,
   1.77509065434
  ],
  [
   898.753368304,
   588.944744605,
   0.765014851769
  ],
  [
   676.592694722,
   582.491277362,
   0.7288995867
  ],
  [
   965.402349926,
   904.939873679,
   1.57078300012
  ],
  [
   484.031273797,
   673.28725694,
   -0.257340916537
  ],
  [
   423.769664466,
   546.822840377,
   1.57432346324
  ],
  [
   872.173277145,
   720.145388988,
   3.02431617016
  ],
  [
   412.59666691,
   381.097623685,
   2.55360742847
  ],
  [
   91.3439720605,
   172.348831691,
   0.000328823393025
  ],
  [
   34.1834804348,
   541.801375521,
   1.57080960273
  ],
  [
   103.434458271,
   651.824083882,
   1.56793843163
  ],
  [
   505.416179458,
   285.395054821,
   1.04815680825
  ],
  [
   286.991293878,
   903.11238167,
   1.77531243437
  ],
  [
   792.257982881,
   890.300655239,
   0.429667693214
  ],
  [
   965.074503451,
   159.018683969,
   1.57031049613
  ],
  [
   632.330718727,
   631.490067758,
   0.729201545689
  ],
  [
   139.635683452,
   404.235995249,
   2.00459817307
  ],
  [
   34.1962610172,
   725.60746143,
   1.57096216083
  ],
  [
   271.515123836,
   390.031541508,
   1.14619244229
  ]
 ]
}