{
 "Object_Length": 163.29931618554522,
 "Object_Shape": "cuboid",
 "Object_Width": 48.98979485566357,
 "Workspace_Density": 0.4,
 "Workspace_Height": 1000,
 "Workspace_Width": 1000,
 "number_of_objects": 50,
 "point_list": [
  [
   345.301629616,
   814.364796162,
   0.930334946094
  ],
  [
   601.869430251,
   965.665821584,
   -2.94992018406e-05
  ],
  [
   720.278293663,
   128.351689268,
   0.457869894747
  ],
  [
   894.759260078,
   649.749681974,
   1.56927809863
  ],
  [
   617.287785669,
   383.971199481,
   2.95258125949
  ],
  [
   757.00038423,
   287.581401499,
   2.95075620213
  ],
  [
   797.281345773,
   349.090027216,
   2.95245088679
  ],
  [
   530.517006662,
   117.926102663,
   2.6157880282
  ],
  [
   104.852265786,
   320.861858522,
   1.38936517627
  ],
  [
   916.952730586,
   290.072782597,
   0.991339290412
  ],
  [
   937.035557803,
   854.565338892,
   1.88222545884
  ],
  [
   756.76827247,
   643.349276385,
   1.56713665943
  ],
  [
   562.272921839,
   678.32714925,
   -0.00569645789601
  ],
  [
   963.702416224,
   536.310178105,
   1.57024063011
  ],
  [
   687.755994992,
   644.825743144,
   1.56712130162
  ],
  [
   448.718512428,
   343.36547829,
   1.91362692542
  ],
  [
   331.3191451,
   123.587375344,
   1.5801727824
  ],
  [
   97.8132040913,
   933.120101717,
   2.74907351974
  ],
  [
   785.18163821,
   965.632711937,
   -3.1415651298
  ],
  [
   692.506024049,
   510.944910913,
   -0.180823082686
  ],
  [
   241.941116107,
   905.956736411,
   0.930846555605
  ],
  [
   963.800511624,
   155.854106091,
   1.57071530147
  ],
  [
   284.329307498,
   440.476319066,
   3.05159624091
  ],
  [
   561.830728215,
   746.758805423,
   -0.00638795592403
  ],
  [
   118.469403883,
   170.48231682,
   2.72354847477
  ],
  [
   400.418113138,
   116.903397322,
   1.57992265103
  ],
  [
   573.255087537,
   259.652196631,
   1.22689044454
  ],
  [
   895.100050798,
   102.535722038,
   1.57049921239
  ],
  [
   825.28411916,
   477.048922345,
   1.56754267723
  ],
  [
   589.961141424,
   856.357321142,
   0.509131641556
  ],
  [
   242.005025365,
   340.674322552,
   0.327766724761
  ],
  [
   381.917600862,
   520.45651466,
   2.20479962594
  ],
  [
   751.655506129,
   835.036061928,
   2.12229971018
  ],
  [
   266.681343521,
   669.315164469,
   2.01341080365
  ],
  [
   383.277927078,
   718.427920235,
   1.14565748048
  ],
  [
   452.022012393,
   541.730875658,
   2.20331835808
  ],
  [
   388.674022008,
   306.342983601,
   1.913571932
  ],
  [
   656.991839068,
   447.195696852,
   2.95947064834
  ],
  [
   254.083569877,
   179.60227557,
   1.38326397704
  ],
  [
   97.4210686481,
   472.10408993,
   2.68722757812
  ],
  [
   170.275449629,
   578.45087331,
   1.16586196229
  ],
  [
   841.892251305,
   836.770894024,
   2.20141579858
  ],
  [
   432.703516721,
   911.047177395,
   2.35602924239
  ],
  [
   114.182450038,
   747.233694109,
   2.44507594665
  ],
  [
   894.300618298,
   465.200831981,
   1.56823725801
  ],
  [
   676.212768462,
   183.574276282,
   0.458007788774
  ],
  [
   291.516467049,
   856.903138047,
   0.930096647497
  ],
  [
   768.959872073,
   34.519884809,
   0.000308737808919
  ],
  [
   562.004102238,
   609.30208256,
   3.13554195116
  ],
  [
   825.891683676,
   660.19070634,
   1.56789030258
  ]
 ]
}