{
 "Object_Length": 163.29931618554522,
 "Object_Shape": "cuboid",
 "Object_Width": 48.98979485566357,
 "Workspace_Density": 0.4,
 "Workspace_Height": 1000,
 "Workspace_Width": 1000,
 "number_of_objects": 50,
 "point_list": [
  [
   858.34397004,
   764.611202566,
   -2.49021379821
  ],
  [
   870.631869752,
   263.727967162,
   2.19183088197
  ],
  [
   415.121102167,
   338.022275582,
   0.768679573672
  ],
  [
   261.5228941,
   625.689330483,
   1.91474348322
  ],
  [
   232.806496791,
   876.613091038,
   1.35185197941
  ],
  [
   577.679636561,
   542.873662624,
   -0.687198833003
  ],
  [
   96.6606233894,
   472.047788343,
   0.196788781151
  ],
  [
   765.260030152,
   346.84986608,
   0.595367566034
  ],
  [
   374.616685099,
   718.712680455,
   1.93056701025
  ],
  [
   770.603570677,
   130.469933031,
   0.370280321577
  ],
  [
   559.644957882,
   158.485026662,
   1.73344529967
  ],
  [
   97.9140366581,
   92.6510556083,
   1.59169134951
  ],
  [
   165.252708779,
   890.651695368,
   1.35168226699
  ],
  [
   459.603478046,
   854.738697472,
   0.943001274415
  ],
  [
   427.231929989,
   165.918385404,
   1.76159101771
  ],
  [
   96.6841225167,
   769.065871269,
   3.03654650054
  ],
  [
   883.221149923,
   617.025765874,
   1.8352207817
  ],
  [
   837.193306934,
   82.119572973,
   0.373963376181
  ],
  [
   642.265741392,
   95.8025587089,
   1.7330676326
  ],
  [
   230.021042813,
   340.489559539,
   1.76165129899
  ],
  [
   348.158697485,
   462.483444263,
   -2.38205957291
  ],
  [
   544.316779433,
   746.627041014,
   2.43019626492
  ],
  [
   593.538498598,
   330.707003477,
   2.45261410857
  ],
  [
   461.463968567,
   548.732961543,
   2.28434969996
  ],
  [
   645.831249606,
   908.230974932,
   1.57178848977
  ],
  [
   340.310077956,
   902.882738686,
   1.88881695991
  ],
  [
   714.572338843,
   629.855440468,
   2.16734516072
  ],
  [
   290.175292756,
   114.29051394,
   0.836615473095
  ],
  [
   895.433523422,
   428.507954497,
   1.56319029936
  ],
  [
   499.460808333,
   696.032015662,
   2.44534218607
  ],
  [
   658.045456654,
   590.57696705,
   2.17054027481
  ],
  [
   841.654244439,
   966.050153748,
   0.000253361165268
  ],
  [
   57.881723282,
   906.393135936,
   1.8323971059
  ],
  [
   578.123161341,
   908.829942348,
   1.57304604043
  ],
  [
   757.271650172,
   199.716192259,
   -2.77610966472
  ],
  [
   91.3729430709,
   337.290676649,
   1.77788636238
  ],
  [
   213.354919069,
   525.645502491,
   1.81271461554
  ],
  [
   219.230905529,
   210.012409863,
   -2.9416954906
  ],
  [
   34.9588297382,
   185.94000292,
   1.5777084445
  ],
  [
   714.836252879,
   908.614361116,
   1.57178876658
  ],
  [
   964.236698999,
   379.780584577,
   1.56380616924
  ],
  [
   308.111341363,
   698.349106764,
   1.925950349
  ],
  [
   769.6680801,
   512.83388121,
   0.587298723265
  ],
  [
   356.372172532,
   374.78570991,
   0.761643682011
  ],
  [
   94.1051869577,
   659.244091156,
   2.52427196866
  ],
  [
   161.26642811,
   340.019675803,
   1.77771218196
  ],
  [
   767.545118762,
   670.855674318,
   2.16960171206
  ],
  [
   387.909345775,
   31.2190834235,
   0.0323127711462
  ],
  [
   910.217847144,
   897.138181697,
   -3.14066333482
  ],
  [
   768.791024321,
   428.394423943,
   0.595958613349
  ]
 ]
}