{
 "Object_Length": 163.29931618554522,
 "Object_Shape": "cuboid",
 "Object_Width": 48.98979485566357,
 "Workspace_Density": 0.4,
 "Workspace_Height": 1000,
 "Workspace_Width": 1000,
 "number_of_objects": 50,
 "point_list": [
  [
   453.373697266,
   903.879971057,
   -1.03645745404
  ],
  [
   282.206918046,
   804.340996891,
   0.451346543783
  ],
  [
   309.522421146,
   184.550346155,
   2.35697444161
  ],
  [
   414.557402735,
   97.5787722812,
   1.12601568817
  ],
  [
   649.224415438,
   176.984525308,
   2.75227083592
  ],
  [
   97.8385358595,
   823.459468642,
   2.76706766141
  ],
  [
   929.285438887,
   806.301446936,
   1.9889817887
  ],
  [
   195.567947226,
   902.80792617,
   2.01487966461
  ],
  [
   907.543295822,
   674.128246908,
   -0.00292842872638
  ],
  [
   647.442400688,
   327.832275838,
   -0.46793070012
  ],
  [
   773.261395209,
   624.136396365,
   1.47944579571
  ],
  [
   839.185130116,
   477.986027011,
   3.13871733759
  ],
  [
   300.524142159,
   493.288501436,
   0.733144460046
  ],
  [
   655.640792491,
   33.5481037937,
   -3.13845538954
  ],
  [
   792.776582856,
   881.100821421,
   1.80529752769
  ],
  [
   839.179762744,
   408.551304167,
   -3.13981671024
  ],
  [
   410.252282008,
   419.893641937,
   -0.478118374185
  ],
  [
   908.064473239,
   965.384030832,
   -0.00312192161186
  ],
  [
   738.726807247,
   810.742685511,
   1.80512895959
  ],
  [
   507.695912601,
   335.421008143,
   1.09087288695
  ],
  [
   965.418684562,
   460.013119623,
   1.57056327484
  ],
  [
   357.415659532,
   353.449580244,
   2.82551740898
  ],
  [
   516.050553619,
   637.048398038,
   0.530331623645
  ],
  [
   306.266815675,
   661.967831231,
   0.417848778989
  ],
  [
   102.436253587,
   95.5699486358,
   1.56275354892
  ],
  [
   810.40612636,
   247.591486301,
   -2.87428408546
  ],
  [
   931.921787211,
   206.892251383,
   1.1653225517
  ],
  [
   159.687910207,
   213.720146994,
   2.37690708978
  ],
  [
   181.00045374,
   410.013410928,
   2.22327252969
  ],
  [
   34.1946887593,
   705.864334154,
   1.55317035565
  ],
  [
   550.826924758,
   578.718666785,
   0.541348594903
  ],
  [
   589.670145486,
   521.568641015,
   0.540736933324
  ],
  [
   619.820436224,
   890.635021794,
   2.13612655871
  ],
  [
   223.948035236,
   90.7474303881,
   -2.31364460109
  ],
  [
   165.016412683,
   543.755685224,
   2.24271678575
  ],
  [
   902.082525575,
   579.815056653,
   0.289467053967
  ],
  [
   712.744132689,
   442.937720399,
   1.56600181267
  ],
  [
   166.249894581,
   684.083609745,
   0.328715124143
  ],
  [
   563.719285514,
   102.305270934,
   0.00479062843139
  ],
  [
   494.77767959,
   704.624207032,
   0.530566801914
  ],
  [
   461.84266633,
   765.333321942,
   0.530809063614
  ],
  [
   838.772508621,
   339.304134993,
   0.00609635253864
  ],
  [
   169.368334866,
   302.74191499,
   2.35577949709
  ],
  [
   34.4408143232,
   432.374752434,
   1.5708016544
  ],
  [
   394.035897461,
   867.785795923,
   2.10037689814
  ],
  [
   576.769050508,
   830.459912419,
   2.13009385098
  ],
  [
   781.326104786,
   101.882846633,
   1.58178255209
  ],
  [
   409.885563441,
   567.419131216,
   2.08796354574
  ],
  [
   342.790678723,
   285.155656389,
   2.8308486723
  ],
  [
   658.336772015,
   652.575285528,
   2.11586828139
  ]
 ]
}