{
 "Object_Length": 163.29931618554522,
 "Object_Shape": "cuboid",
 "Object_Width": 48.98979485566357,
 "Workspace_Density": 0.4,
 "Workspace_Height": 1000,
 "Workspace_Width": 1000,
 "number_of_objects": 50,
 "point_list": [
  [
   637.344281375,
   656.656741633,
   2.17336810385
  ],
  [
   908.253303286,
   898.75326923,
   -3.1415569352
  ],
  [
   182.726044011,
   230.740331773,
   0.34525902285
  ],
  [
   909.088908133,
   34.2748859066,
   0.000643097063265
  ],
  [
   713.375580972,
   770.646143879,
   1.57183957877
  ],
  [
   760.596015149,
   326.054336983,
   1.57367936641
  ],
  [
   471.850863455,
   482.72624411,
   1.59048179515
  ],
  [
   777.922071169,
   152.36337704,
   0.749504111623
  ],
  [
   307.450137352,
   202.884233509,
   1.14096241
  ],
  [
   72.5541994173,
   890.390717631,
   1.10822234968
  ],
  [
   429.461942988,
   141.478096336,
   1.13308025192
  ],
  [
   475.419245392,
   759.653314813,
   2.08341321555
  ],
  [
   687.453227681,
   525.259445832,
   0.759994748718
  ],
  [
   213.541520943,
   98.9332478934,
   1.9026156955
  ],
  [
   725.033422157,
   965.871306461,
   3.14013790231
  ],
  [
   590.572128635,
   347.711540314,
   2.45325060851
  ],
  [
   205.336285327,
   903.027781664,
   0.555973042677
  ],
  [
   655.809557749,
   896.942535189,
   3.14011079821
  ],
  [
   275.222373584,
   641.334707021,
   1.27057287621
  ],
  [
   34.1693784404,
   638.891967919,
   1.57056608084
  ],
  [
   898.573575375,
   343.601323451,
   1.57369567994
  ],
  [
   316.583586475,
   795.828255822,
   2.79433074071
  ],
  [
   89.962846841,
   455.780278728,
   2.38435188795
  ],
  [
   165.779744596,
   780.149991465,
   2.74215384591
  ],
  [
   347.800303853,
   650.284598176,
   1.27176312063
  ],
  [
   366.93008853,
   170.628104314,
   1.1330820739
  ],
  [
   839.337306718,
   648.202343493,
   -0.752398277973
  ],
  [
   150.554268159,
   334.477972294,
   0.840304683647
  ],
  [
   967.723094868,
   310.513960315,
   1.572892507
  ],
  [
   95.2617945767,
   77.3622571453,
   2.57743632349
  ],
  [
   525.90776014,
   32.9838375515,
   -0.000180397534059
  ],
  [
   349.828515119,
   378.197675018,
   0.0195477732507
  ],
  [
   908.374150162,
   966.027122171,
   3.1410329374
  ],
  [
   583.769125255,
   192.131619525,
   0.476902585791
  ],
  [
   782.319250036,
   830.252974869,
   1.57634095741
  ],
  [
   829.561376866,
   339.281377643,
   1.57367946684
  ],
  [
   580.256724806,
   818.429727739,
   2.74591943677
  ],
  [
   171.422931972,
   549.120580792,
   1.58820771571
  ],
  [
   357.144238407,
   904.952861854,
   2.16858840416
  ],
  [
   268.908896975,
   475.989720546,
   0.848052657813
  ],
  [
   633.271832178,
   401.93170812,
   2.45323120626
  ],
  [
   899.7331611,
   143.522829602,
   0.51309934496
  ],
  [
   452.215861368,
   272.184908208,
   2.67244540098
  ],
  [
   585.755365348,
   609.725884063,
   2.17469084063
  ],
  [
   403.563193535,
   505.452168162,
   1.58983290392
  ],
  [
   875.613606292,
   766.684487591,
   1.84805317341
  ],
  [
   677.064811298,
   152.744822505,
   0.749499503337
  ],
  [
   472.651959776,
   965.37286244,
   -0.00319025478758
  ],
  [
   92.3202386563,
   664.341430456,
   1.57730523365
  ],
  [
   826.319889244,
   567.884374875,
   2.38897884235
  ]
 ]
}