{
 "Object_Radius": 115.16471649044516,
 "Object_Shape": "disc",
 "Workspace_Density": 0.5,
 "Workspace_Height": 1000,
 "Workspace_Width": 1000,
 "number_of_objects": 12,
 "point_list": [
  [
   881.228694849937,
   318.53782436881835
  ],
  [
   881.228694849937,
   620.4478217600135
  ],
  [
   649.9057386255694,
   819.010086332678
  ],
  [
   745.998419081889,
   120.77130515006297
  ],
  [
   120.77130515006297,
   351.17479659362544
  ],
  [
   209.7404133360632,
   120.77130515006297
  ],
  [
   881.228694849937,
   881.228694849937
  ],
  [
   640.309280950532,
   373.2836993283167
  ],
  [
   546.1717280310837,
   603.0936274962378
  ],
  [
   398.91937691846056,
   408.6935987882354
  ],
  [
   450.035368891027,
   120.77130515006297
  ],
  [
   212.81254646124336,
   853.3283019969751
  ]
 ]
}