{
 "Object_Radius": 115.16471649044516,
 "Object_Shape": "disc",
 "Workspace_Density": 0.5,
 "Workspace_Height": 1000,
 "Workspace_Width": 1000,
 "number_of_objects": 12,
 "point_list": [
  [
   475.6779506304729,
   881.228694849937
  ],
  [
   120.77130515006297,
   120.77130515006297
  ],
  [
   379.3660498882524,
   238.2879908643796
  ],
  [
   120.77130515006297,
   641.6860845447309
  ],
  [
   428.88103995554366,
   625.2988023553859
  ],
  [
   615.3171457453896,
   120.77130515006297
  ],
  [
   881.228694849937,
   578.6201220450716
  ],
  [
   670.6044703846222,
   464.51594927113996
  ],
  [
   881.228694849937,
   334.7832639444462
  ],
  [
   678.7139036926446,
   752.2273188831657
  ],
  [
   120.77130515006297,
   881.228694849937
  ],
  [
   249.39472414573945,
   439.60126838715354
  ]
 ]
}