{
 "Object_Radius": 115.16471649044516,
 "Object_Shape": "disc",
 "Workspace_Density": 0.5,
 "Workspace_Height": 1000,
 "Workspace_Width": 1000,
 "number_of_objects": 12,
 "point_list": [
  [
   445.8554620659427,
   458.8428364817795
  ],
  [
   120.77130515006297,
   641.6855231479896
  ],
  [
   637.4970776765686,
   881.228694849937
  ],
  [
   192.3440927618097,
   413.0854395454289
  ],
  [
   394.41067537712274,
   881.228694849937
  ],
  [
   881.228694849937,
   142.00597942540426
  ],
  [
   608.5090083965698,
   120.77130515006297
  ],
  [
   120.77130515006297,
   881.228694849937
  ],
  [
   120.77130515006297,
   120.77130515006297
  ],
  [
   881.228694849937,
   422.6866847920557
  ],
  [
   739.6436510027389,
   629.1784888777895
  ],
  [
   881.228694849937,
   881.228694849937
  ]
 ]
}