{
 "Object_Radius": 115.16471649044516,
 "Object_Shape": "disc",
 "Workspace_Density": 0.5,
 "Workspace_Height": 1000,
 "Workspace_Width": 1000,
 "number_of_objects": 12,
 "point_list": [
  [
   881.228694849937,
   511.14587095139024
  ],
  [
   459.061155262289,
   120.77130515006297
  ],
  [
   354.5833723777478,
   339.4237496089649
  ],
  [
   402.0048284531201,
   881.228694849937
  ],
  [
   444.52014560737143,
   562.7768973109573
  ],
  [
   669.9783225582504,
   241.33015210472843
  ],
  [
   120.77130515006297,
   631.2006371187467
  ],
  [
   120.77130515006297,
   391.5061781601413
  ],
  [
   881.228694849937,
   122.59633344011633
  ],
  [
   881.228694849937,
   881.228694849937
  ],
  [
   120.77130515006297,
   881.228694849937
  ],
  [
   641.5504345677679,
   881.228694849937
  ]
 ]
}