{
 "Object_Radius": 115.16471649044516,
 "Object_Shape": "disc",
 "Workspace_Density": 0.5,
 "Workspace_Height": 1000,
 "Workspace_Width": 1000,
 "number_of_objects": 12,
 "point_list": [
  [
   235.21263861839876,
   325.3411775680099
  ],
  [
   881.228694849937,
   374.5093165528929
  ],
  [
   365.16044103908223,
   791.2098385827742
  ],
  [
   678.3872425728138,
   513.2518532683104
  ],
  [
   530.3361599942573,
   120.77130515006297
  ],
  [
   120.77130515006297,
   553.6859823414045
  ],
  [
   881.228694849937,
   881.228694849937
  ],
  [
   120.77130515006297,
   881.228694849937
  ],
  [
   881.228694849937,
   120.77130515006297
  ],
  [
   602.0462091105724,
   881.228694849937
  ],
  [
   881.228694849937,
   640.7182096961991
  ],
  [
   461.2278308140085,
   412.1324511841671
  ]
 ]
}