{
 "Object_Radius": 115.16471649044516,
 "Object_Shape": "disc",
 "Workspace_Density": 0.5,
 "Workspace_Height": 1000,
 "Workspace_Width": 1000,
 "number_of_objects": 12,
 "point_list": [
  [
   481.6867328123786,
   440.3108815944367
  ],
  [
   120.77130515006297,
   588.2666691211624
  ],
  [
   622.6254953558184,
   774.0172426435562
  ],
  [
   881.228694849937,
   407.15142031929304
  ],
  [
   512.0480357590383,
   120.77130515006297
  ],
  [
   860.6852526319399,
   881.228694849937
  ],
  [
   729.0933025432774,
   222.1222511413798
  ],
  [
   357.5675890205626,
   646.1657513796988
  ],
  [
   120.77130515006297,
   128.9437662918315
  ],
  [
   837.9682271426111,
   642.7648641789332
  ],
  [
   404.48359735424924,
   881.228694849937
  ],
  [
   120.77130515006297,
   857.7596001325293
  ]
 ]
}