{
 "Object_Radius": 115.16471649044516,
 "Object_Shape": "disc",
 "Workspace_Density": 0.5,
 "Workspace_Height": 1000,
 "Workspace_Width": 1000,
 "number_of_objects": 12,
 "point_list": [
  [
   548.9747078824029,
   474.48594589553073
  ],
  [
   350.56020299245523,
   340.2758319432768
  ],
  [
   881.228694849937,
   737.501752114171
  ],
  [
   288.1550365756516,
   881.228694849937
  ],
  [
   878.1557706682177,
   120.77130515006297
  ],
  [
   120.77130515006297,
   709.8519938751767
  ],
  [
   362.27256094873957,
   649.4925683920378
  ],
  [
   120.77130515006297,
   139.79278023451366
  ],
  [
   689.5956330515291,
   881.228694849937
  ],
  [
   881.228694849937,
   496.6882309310519
  ],
  [
   120.77130515006297,
   407.9347176574051
  ],
  [
   718.4238328403659,
   302.70303269517905
  ]
 ]
}