{
 "Object_Radius": 79.78845608028654,
 "Object_Shape": "disc",
 "Workspace_Density": 0.6,
 "Workspace_Height": 1000,
 "Workspace_Width": 1000,
 "number_of_objects": 30,
 "point_list": [
  [
   918.0018821914182,
   768.4197036081791
  ],
  [
   380.1141608782688,
   83.979994323498
  ],
  [
   83.979994323498,
   415.9606930816663
  ],
  [
   548.9491164316671,
   591.2779119485562
  ],
  [
   131.948628886372,
   915.2683653910627
  ],
  [
   344.39511686541846,
   918.0200054861581
  ],
  [
   83.979994323498,
   744.3461118046735
  ],
  [
   409.41059654639923,
   501.4296143146985
  ],
  [
   918.0200047734704,
   178.67804790149688
  ],
  [
   349.32681887182235,
   656.1354841008974
  ],
  [
   714.8792232347311,
   570.9407542661698
  ],
  [
   510.3561832967343,
   917.769257786975
  ],
  [
   676.3184315662335,
   918.019880961863
  ],
  [
   886.6906973635511,
   600.4258602237313
  ],
  [
   722.2525149250084,
   403.7458078759528
  ],
  [
   252.90162047891843,
   444.09378164646455
  ],
  [
   845.6793209089896,
   917.9870061701844
  ],
  [
   83.979994323498,
   249.9996390911264
  ],
  [
   684.4094189698804,
   744.0107394703568
  ],
  [
   752.0669939424351,
   180.20018828061544
  ],
  [
   616.847204843487,
   83.979994323498
  ],
  [
   557.2162182672773,
   422.17324548519684
  ],
  [
   83.979994323498,
   83.979994323498
  ],
  [
   517.0199120671967,
   216.5606977339514
  ],
  [
   244.93459606181233,
   785.1637865981163
  ],
  [
   902.5977177998758,
   371.6060165694596
  ],
  [
   248.6364657403309,
   270.8682078974641
  ],
  [
   484.89142558595785,
   751.8779694305822
  ],
  [
   401.4402395777901,
   335.66066453029885
  ],
  [
   108.65899721090105,
   580.0915182824901
  ]
 ]
}