{
 "Object_Radius": 79.78845608028654,
 "Object_Shape": "disc",
 "Workspace_Density": 0.6,
 "Workspace_Height": 1000,
 "Workspace_Width": 1000,
 "number_of_objects": 30,
 "point_list": [
  [
   597.6004702874343,
   580.3890609756106
  ],
  [
   641.3564254256028,
   918.0199881733869
  ],
  [
   612.360595753041,
   83.979994323498
  ],
  [
   917.9797662567961,
   660.898363805091
  ],
  [
   762.9555928097135,
   594.549398861977
  ],
  [
   83.979994323498,
   661.0002295168681
  ],
  [
   83.979994323498,
   328.65009712996726
  ],
  [
   522.9661695754996,
   801.633778840554
  ],
  [
   83.979994323498,
   495.04001829810744
  ],
  [
   918.0157072312626,
   323.9111707818281
  ],
  [
   689.0846501328564,
   436.57450853887445
  ],
  [
   236.28521503137588,
   918.020005676502
  ],
  [
   802.1605559984878,
   203.35151758908117
  ],
  [
   83.979994323498,
   848.0506104996541
  ],
  [
   222.40526242120754,
   752.5488909418622
  ],
  [
   354.575896209125,
   407.5808519832336
  ],
  [
   526.7165883820497,
   376.9328914530321
  ],
  [
   893.7398021687452,
   830.2961649791042
  ],
  [
   433.7194452367836,
   553.7210093315678
  ],
  [
   644.4715087288876,
   256.8214075231399
  ],
  [
   199.46838857597254,
   114.05756872537
  ],
  [
   383.31979079811913,
   711.9108367371936
  ],
  [
   420.909037222545,
   83.979994323498
  ],
  [
   412.20156347392657,
   250.7437473218128
  ],
  [
   402.353969448238,
   918.018844803891
  ],
  [
   891.7361032298926,
   489.8117885255708
  ],
  [
   918.0112004223507,
   83.979994323498
  ],
  [
   244.4803148877542,
   278.72820388206503
  ],
  [
   255.08785890808392,
   547.999067433094
  ],
  [
   679.7772058819543,
   745.9677192238686
  ]
 ]
}