{
 "Object_Radius": 79.78845608028654,
 "Object_Shape": "disc",
 "Workspace_Density": 0.6,
 "Workspace_Height": 1000,
 "Workspace_Width": 1000,
 "number_of_objects": 30,
 "point_list": [
  [
   596.3553510044803,
   518.594973893106
  ],
  [
   83.979994323498,
   915.9058629089635
  ],
  [
   83.979994323498,
   416.3319506343223
  ],
  [
   704.2010859800531,
   650.8139572694903
  ],
  [
   577.6817804466024,
   346.47038560451483
  ],
  [
   583.8191525049557,
   765.1853789170879
  ],
  [
   918.019138580362,
   83.979994323498
  ],
  [
   83.979994323498,
   749.9458951908508
  ],
  [
   918.0200056346531,
   424.0509686299968
  ],
  [
   256.20879099946876,
   217.73737118087024
  ],
  [
   918.0200012466767,
   595.5376005115124
  ],
  [
   367.0000981636929,
   83.979994323498
  ],
  [
   438.27471186885765,
   240.13267300935024
  ],
  [
   249.42272977505633,
   763.0384259143888
  ],
  [
   454.0459136924352,
   603.9895718373607
  ],
  [
   659.0484312796616,
   917.4747679057443
  ],
  [
   745.1396628229695,
   333.07782070016174
  ],
  [
   251.9434260587657,
   400.5352320615978
  ],
  [
   262.1214299283793,
   596.1427832308385
  ],
  [
   86.61321484931995,
   83.979994323498
  ],
  [
   416.2636663253186,
   438.04789113925233
  ],
  [
   83.979994323498,
   583.2008730064155
  ],
  [
   415.3763051785629,
   765.3983666372544
  ],
  [
   918.0199964088594,
   772.1209231089247
  ],
  [
   481.27667912104016,
   918.0147457193112
  ],
  [
   83.979994323498,
   250.27357978015314
  ],
  [
   310.3780257717207,
   918.0127744308828
  ],
  [
   897.7146483501738,
   257.56127465418285
  ],
  [
   602.8195522673378,
   176.83561752277674
  ],
  [
   748.0777090075419,
   83.979994323498
  ]
 ]
}