{
 "Object_Radius": 79.78845608028654,
 "Object_Shape": "disc",
 "Workspace_Density": 0.6,
 "Workspace_Height": 1000,
 "Workspace_Width": 1000,
 "number_of_objects": 30,
 "point_list": [
  [
   83.979994323498,
   263.54273880859495
  ],
  [
   587.6923883408995,
   526.8403462242032
  ],
  [
   516.3147072712273,
   918.0196695097632
  ],
  [
   570.496521629164,
   698.2279243241403
  ],
  [
   425.9773147218216,
   253.40637561235528
  ],
  [
   918.0180453863115,
   581.9569346876787
  ],
  [
   251.68727915740962,
   594.3960379061231
  ],
  [
   916.9636986027555,
   917.7735807097991
  ],
  [
   250.01488722404,
   83.979994323498
  ],
  [
   739.2251035115756,
   740.445604024816
  ],
  [
   415.9966213055603,
   83.979994323498
  ],
  [
   581.9753848624819,
   83.979994323498
  ],
  [
   694.7103476435587,
   240.10825375463892
  ],
  [
   422.25048966929364,
   781.2647991177283
  ],
  [
   272.68666261324506,
   419.4129039964817
  ],
  [
   918.0195483590418,
   413.461093060631
  ],
  [
   83.979994323498,
   433.23661244466507
  ],
  [
   751.3902136103889,
   563.4641126322163
  ],
  [
   256.840625573587,
   250.41576534767123
  ],
  [
   417.02914334215404,
   615.3869666621271
  ],
  [
   83.979994323498,
   83.979994323498
  ],
  [
   751.8990114955425,
   83.979994323498
  ],
  [
   918.0164125739198,
   83.979994323498
  ],
  [
   566.1150613688828,
   345.0328834335542
  ],
  [
   83.979994323498,
   918.0191892429002
  ],
  [
   918.0200056545148,
   751.2133108260704
  ],
  [
   752.9669838087169,
   395.83815414758146
  ],
  [
   83.979994323498,
   600.4708022654322
  ],
  [
   438.21043090587966,
   450.78390265369364
  ],
  [
   135.68925589314574,
   758.4445172570104
  ]
 ]
}