{
 "Object_Radius": 43.70193722368317,
 "Object_Shape": "disc",
 "Workspace_Density": 0.3,
 "Workspace_Height": 1000,
 "Workspace_Width": 1000,
 "number_of_objects": 50,
 "point_list": [
  [
   454.0845054717131,
   229.77087106495006
  ],
  [
   884.6621906411239,
   759.5050861525154
  ],
  [
   550.9893582814199,
   505.5082361834421
  ],
  [
   638.3165156937872,
   669.5592764877377
  ],
  [
   849.8611150644099,
   647.8578925171308
  ],
  [
   540.7523064726514,
   930.1603597424829
  ],
  [
   519.19027206403,
   73.75452294808599
  ],
  [
   599.2939594541363,
   236.62758348936993
  ],
  [
   780.032315450527,
   89.74619783798195
  ],
  [
   557.884455683318,
   345.28483849550696
  ],
  [
   437.961622226207,
   122.10067900593933
  ],
  [
   257.3667377711221,
   665.1264096992387
  ],
  [
   301.33430373316656,
   339.0770227547805
  ],
  [
   710.0338093226093,
   289.17413031417124
  ],
  [
   270.66787220575185,
   219.57896027357077
  ],
  [
   700.1057499281596,
   46.45001471263049
  ],
  [
   428.2798967371228,
   942.6083060317782
  ],
  [
   890.4990333427393,
   955.5499852873695
  ],
  [
   728.3407807603601,
   606.9743404202487
  ],
  [
   813.4975423593777,
   299.1226133329081
  ],
  [
   137.8123986250841,
   707.8762013489384
  ],
  [
   955.5499852873695,
   889.9000144218735
  ],
  [
   178.7525265532442,
   512.3306611971943
  ],
  [
   179.5433990380374,
   610.1811489610707
  ],
  [
   94.73602834718575,
   181.17114660272483
  ],
  [
   607.7625550456471,
   46.45001471263049
  ],
  [
   955.5499852873695,
   46.45001471263049
  ],
  [
   711.8375789287386,
   737.2442585669527
  ],
  [
   151.1945818394333,
   803.1539191374474
  ],
  [
   831.3783532401287,
   837.039195202726
  ],
  [
   955.5499852873695,
   608.4311892302535
  ],
  [
   955.5499852873695,
   699.6323812534914
  ],
  [
   517.7092611796252,
   637.985167519332
  ],
  [
   99.34102782991349,
   46.45001471263049
  ],
  [
   846.4262765298131,
   548.7973742745887
  ],
  [
   955.5499852873695,
   146.81867945624185
  ],
  [
   191.84482513224586,
   46.45001471263049
  ],
  [
   764.9180008565055,
   469.30086414062606
  ],
  [
   436.7622464778204,
   508.1920347256531
  ],
  [
   46.45001471263049,
   955.5499852873695
  ],
  [
   136.4678519999088,
   941.9772586974427
  ],
  [
   723.5551327199505,
   379.07820881148643
  ],
  [
   337.60164173451193,
   713.7757446119487
  ],
  [
   180.89830355192387,
   274.3019688708775
  ],
  [
   859.9606988530153,
   46.45001471263049
  ],
  [
   955.5499852873695,
   237.71896634118167
  ],
  [
   46.45001471263049,
   779.2052529903705
  ],
  [
   226.93852785760745,
   951.6110195515212
  ],
  [
   616.6196735426622,
   767.3382131035122
  ],
  [
   92.84032487487181,
   433.8422351038913
  ]
 ]
}