{
 "Object_Radius": 43.70193722368317,
 "Object_Shape": "disc",
 "Workspace_Density": 0.3,
 "Workspace_Height": 1000,
 "Workspace_Width": 1000,
 "number_of_objects": 50,
 "point_list": [
  [
   677.408884538614,
   282.94349966313564
  ],
  [
   799.4555990430055,
   46.45001471263049
  ],
  [
   553.405933428325,
   771.0001936122475
  ],
  [
   155.36700788082513,
   46.45001471263049
  ],
  [
   199.58663400369014,
   584.407630479357
  ],
  [
   304.0945744614841,
   464.2716908727973
  ],
  [
   597.5006591462355,
   46.45001471263049
  ],
  [
   474.3736222713982,
   644.0434668763605
  ],
  [
   604.4930629321988,
   377.2318549692266
  ],
  [
   833.8908410738903,
   576.8541281436206
  ],
  [
   698.2550731168675,
   46.45001471263049
  ],
  [
   451.22926842949295,
   536.2324897289344
  ],
  [
   263.6186780154693,
   821.7737679518475
  ],
  [
   712.9821153605286,
   562.7357189564253
  ],
  [
   570.9708934759287,
   285.4370872361907
  ],
  [
   402.5497616228509,
   390.92219728466245
  ],
  [
   638.1445829318509,
   839.0351399567805
  ],
  [
   551.63588500939,
   156.50050391145388
  ],
  [
   754.3133672189404,
   234.37541396418612
  ],
  [
   148.54940906063976,
   713.207882187749
  ],
  [
   46.45001471263049,
   435.4838758770806
  ],
  [
   624.4452434793851,
   635.2514689730833
  ],
  [
   91.43178193615843,
   784.3359895866816
  ],
  [
   46.45001471263049,
   955.5499852873695
  ],
  [
   358.9337710912487,
   858.1619431767485
  ],
  [
   955.5499852873695,
   876.6013551029862
  ],
  [
   929.5168414376994,
   201.671513034766
  ],
  [
   839.0995647366681,
   130.6915861726197
  ],
  [
   906.7672922585879,
   46.45001471263049
  ],
  [
   639.1749355554258,
   480.91036255659054
  ],
  [
   158.61510648590942,
   389.46797368719393
  ],
  [
   46.45001471263049,
   693.0221763956075
  ],
  [
   46.45001471263049,
   602.0072977424833
  ],
  [
   740.9290003780607,
   464.75793251296926
  ],
  [
   426.7026090764065,
   918.7463242707172
  ],
  [
   199.8143494271086,
   955.5499852873695
  ],
  [
   247.92527594890356,
   673.2075484641157
  ],
  [
   253.07739005468238,
   61.33854271936492
  ],
  [
   453.18025237590103,
   742.42039706254
  ],
  [
   300.59197100509124,
   293.73643223128
  ],
  [
   955.5499852873695,
   518.1710856400624
  ],
  [
   515.7842344718713,
   856.391569266576
  ],
  [
   308.8542559055339,
   955.5499852873695
  ],
  [
   166.4785072652483,
   483.22358969306003
  ],
  [
   871.6488661160361,
   483.19372296966867
  ],
  [
   46.45001471263049,
   864.6288452899998
  ],
  [
   494.979221872666,
   433.68963769097627
  ],
  [
   46.45001471263049,
   259.7439651362966
  ],
  [
   862.8395572108561,
   736.4619080089221
  ],
  [
   173.87353743130478,
   173.44642741514082
  ]
 ]
}