{
 "Object_Radius": 43.70193722368317,
 "Object_Shape": "disc",
 "Workspace_Density": 0.3,
 "Workspace_Height": 1000,
 "Workspace_Width": 1000,
 "number_of_objects": 50,
 "point_list": [
  [
   187.6399944467279,
   520.0703107655864
  ],
  [
   395.9613060027252,
   46.45001471263049
  ],
  [
   398.60480021437587,
   703.253697686091
  ],
  [
   539.1094153979409,
   57.32024494201095
  ],
  [
   782.7060172226,
   200.3461497388365
  ],
  [
   366.8891275304592,
   464.29638414500045
  ],
  [
   339.42494532963,
   552.2882759394835
  ],
  [
   579.1347885271671,
   239.77101340484705
  ],
  [
   257.8680459742559,
   675.3420042353141
  ],
  [
   776.5810961856461,
   744.8431342129516
  ],
  [
   414.2538018657322,
   354.52264559973014
  ],
  [
   955.0571954312074,
   159.00242558630376
  ],
  [
   608.9340196380093,
   688.7896498858876
  ],
  [
   691.8463233615832,
   181.2407741129085
  ],
  [
   780.026420761778,
   893.6160853053561
  ],
  [
   196.11214868844263,
   917.1985072764148
  ],
  [
   955.5499852873695,
   559.475985121028
  ],
  [
   424.4860218925961,
   921.0147163278986
  ],
  [
   955.5499852873695,
   66.10823925098208
  ],
  [
   566.6496326546551,
   565.2182942250002
  ],
  [
   602.6036511963259,
   151.93088064023033
  ],
  [
   509.210236834305,
   153.34410457735683
  ],
  [
   955.5499852873695,
   258.6266744861525
  ],
  [
   57.854227081428064,
   955.5499852873695
  ],
  [
   646.3252871084813,
   519.6986146269463
  ],
  [
   770.918784042741,
   355.2343728682612
  ],
  [
   252.32828015292367,
   455.0712940698832
  ],
  [
   649.1111476194238,
   307.01814937591473
  ],
  [
   183.7825960831949,
   802.918548577294
  ],
  [
   46.45001471263049,
   136.19230201655
  ],
  [
   499.5350987659767,
   468.6544070208107
  ],
  [
   473.8370153169357,
   812.8719687825046
  ],
  [
   775.8987313766402,
   46.45001471263049
  ],
  [
   721.7251382611263,
   662.4082160481864
  ],
  [
   631.6193189634865,
   955.5499852873695
  ],
  [
   95.23043306802758,
   566.228075258281
  ],
  [
   866.8010745973277,
   46.45001471263049
  ],
  [
   254.35309722312,
   152.05713833447604
  ],
  [
   955.5499852873695,
   410.8672796413123
  ],
  [
   684.9987003391358,
   46.45001471263049
  ],
  [
   709.9847903375487,
   453.7276674422135
  ],
  [
   849.8788202243375,
   674.160536009377
  ],
  [
   510.76131403847074,
   953.8692530806893
  ],
  [
   136.08293509845308,
   105.23242028513104
  ],
  [
   865.8731183235288,
   504.3152363881707
  ],
  [
   253.67176406813545,
   583.7570443387262
  ],
  [
   316.25432155240975,
   386.6713805681712
  ],
  [
   46.45001471263049,
   255.11541875683838
  ],
  [
   210.9688960232646,
   46.45001471263049
  ],
  [
   332.023102214099,
   834.7508193072396
  ]
 ]
}