{
 "Object_Radius": 43.70193722368317,
 "Object_Shape": "disc",
 "Workspace_Density": 0.3,
 "Workspace_Height": 1000,
 "Workspace_Width": 1000,
 "number_of_objects": 50,
 "point_list": [
  [
   216.84784348221052,
   462.1530740172338
  ],
  [
   560.3833047031276,
   288.46566027489075
  ],
  [
   675.4356524670153,
   607.7741341892953
  ],
  [
   46.45001471263049,
   51.69901193696013
  ],
  [
   280.21892527212134,
   46.45001471263049
  ],
  [
   187.79481370324655,
   145.35465464176102
  ],
  [
   375.36338099457026,
   756.2657279731002
  ],
  [
   951.5352415377786,
   173.30768386713947
  ],
  [
   46.45001471263049,
   549.2767549152162
  ],
  [
   783.6300207045473,
   232.58515657733648
  ],
  [
   271.33780291356277,
   883.1282520246854
  ],
  [
   585.4234080740769,
   620.4887362844404
  ],
  [
   955.5499852873695,
   528.2423331031379
  ],
  [
   95.15243227954099,
   886.9149132361621
  ],
  [
   876.0850355941866,
   262.9317657210834
  ],
  [
   242.69057602691558,
   271.8440191749248
  ],
  [
   387.82423859451376,
   160.97899532973568
  ],
  [
   564.9574449400782,
   494.3822241504657
  ],
  [
   731.7600016800762,
   455.1758999167886
  ],
  [
   868.1136665935892,
   818.6380346548409
  ],
  [
   950.8158167591158,
   728.3815318284
  ],
  [
   361.84612632549516,
   874.6534777521952
  ],
  [
   46.45001471263049,
   332.06963241451336
  ],
  [
   783.2256826166114,
   757.8193501670179
  ],
  [
   655.3768697412697,
   730.7356053428654
  ],
  [
   131.19707672014434,
   502.0239099740621
  ],
  [
   522.2734935270172,
   776.1797645373616
  ],
  [
   280.7128876727226,
   389.2515420603774
  ],
  [
   286.0207747301129,
   635.2358675569346
  ],
  [
   439.22428264058306,
   383.5750733038185
  ],
  [
   766.5674503340297,
   321.9466963971279
  ],
  [
   815.218359085288,
   399.41043291483163
  ],
  [
   857.146939845406,
   620.1506869922622
  ],
  [
   482.6385159148181,
   46.45001471263049
  ],
  [
   359.133509845047,
   507.4030563793771
  ],
  [
   453.0823179455527,
   225.168342197908
  ],
  [
   732.944196872715,
   679.4089218723929
  ],
  [
   431.98980393621184,
   672.3666356424919
  ],
  [
   655.7859899370995,
   518.957745087772
  ],
  [
   46.45001471263049,
   750.9566838936723
  ],
  [
   540.6255347865489,
   199.17824519079744
  ],
  [
   578.9647376545917,
   74.77092253292199
  ],
  [
   955.5499852873695,
   843.4917169299149
  ],
  [
   861.375966880098,
   711.1862277772314
  ],
  [
   691.204034258359,
   887.9754965933043
  ],
  [
   395.5359384626055,
   303.80779582617214
  ],
  [
   164.3052680655321,
   640.7794504769743
  ],
  [
   216.39725183083917,
   955.5499852873695
  ],
  [
   664.4083526603584,
   302.8788775556718
  ],
  [
   453.3269918453536,
   473.6488009821801
  ]
 ]
}