{
 "Object_Radius": 43.70193722368317,
 "Object_Shape": "disc",
 "Workspace_Density": 0.3,
 "Workspace_Height": 1000,
 "Workspace_Width": 1000,
 "number_of_objects": 50,
 "point_list": [
  [
   768.8144741944627,
   46.45001471263049
  ],
  [
   364.9804853624124,
   456.15958829708813
  ],
  [
   438.51817500854855,
   575.5350570738732
  ],
  [
   238.84787721986908,
   764.6211098415403
  ],
  [
   771.6189919110383,
   287.2802843062746
  ],
  [
   247.67435411017425,
   518.3281872734448
  ],
  [
   57.500644127653274,
   50.85724474968279
  ],
  [
   607.4358723010284,
   751.144157917029
  ],
  [
   350.3589977985778,
   548.1200563062771
  ],
  [
   324.3730795412435,
   700.6177179831267
  ],
  [
   48.508005348924634,
   440.2329426339081
  ],
  [
   345.5530370327896,
   46.45001471263049
  ],
  [
   955.5499852873695,
   716.8610898993737
  ],
  [
   361.5369286194787,
   309.436987806723
  ],
  [
   955.5499852873695,
   202.18204220696978
  ],
  [
   179.00068913317247,
   678.8864806679188
  ],
  [
   889.9272317674432,
   652.8142069969709
  ],
  [
   755.5315474256929,
   557.769796210397
  ],
  [
   462.12592002146624,
   254.62766636355462
  ],
  [
   179.48490875039812,
   46.45001471263049
  ],
  [
   513.9571431622838,
   46.45001471263049
  ],
  [
   283.1002820792137,
   373.7061768658012
  ],
  [
   955.5499852873695,
   816.4697222657381
  ],
  [
   271.0517507989493,
   623.5294239108848
  ],
  [
   892.7401018214218,
   889.8392963719511
  ],
  [
   779.3086167805523,
   757.1327762324041
  ],
  [
   403.45711970802364,
   119.41284807209442
  ],
  [
   623.8319885636397,
   955.5499852873695
  ],
  [
   633.4738234762918,
   864.9958610610291
  ],
  [
   955.5499852873695,
   955.5499852873695
  ],
  [
   626.5898634006433,
   393.3546342422428
  ],
  [
   312.51661553056255,
   223.7629655923804
  ],
  [
   690.5141214652011,
   486.90637088684275
  ],
  [
   842.4021499210822,
   102.78675016998066
  ],
  [
   682.4092079027274,
   149.92324592323823
  ],
  [
   129.44986832038796,
   906.77408382291
  ],
  [
   692.274892632172,
   784.2515264379696
  ],
  [
   634.5994703506373,
   239.7639758491623
  ],
  [
   855.4803679987842,
   806.9265257754394
  ],
  [
   736.5351572883897,
   383.78150763628986
  ],
  [
   135.892789059055,
   208.24838987865496
  ],
  [
   563.8859651761048,
   327.36923144442056
  ],
  [
   596.868073456083,
   481.086815976128
  ],
  [
   606.7823671882982,
   46.45001471263049
  ],
  [
   46.45001471263049,
   624.6594028088009
  ],
  [
   46.45001471263049,
   955.5499852873695
  ],
  [
   547.2770254150008,
   819.992018785762
  ],
  [
   446.6138914851015,
   390.470081027391
  ],
  [
   772.9000037280373,
   168.26754029851622
  ],
  [
   204.51686655849448,
   148.18136223883212
  ]
 ]
}