{
 "Object_Radius": 94.03159725795938,
 "Object_Shape": "disc",
 "Workspace_Density": 0.5,
 "Workspace_Height": 1000,
 "Workspace_Width": 1000,
 "number_of_objects": 18,
 "point_list": [
  [
   292.9028839546848,
   98.79286114827775
  ],
  [
   842.7291585103933,
   569.8555826459226
  ],
  [
   477.6684418055697,
   741.5212181892857
  ],
  [
   597.4912453064577,
   262.0665952327843
  ],
  [
   903.2071388517222,
   283.09040232249197
  ],
  [
   98.79286114827775,
   346.0837106897951
  ],
  [
   489.75370360036396,
   98.79286114827775
  ],
  [
   98.79286114827775,
   839.1260279272949
  ],
  [
   267.1351017167185,
   665.792367746886
  ],
  [
   350.3223490404004,
   903.2071388517222
  ],
  [
   641.3516216365183,
   632.0726501299821
  ],
  [
   525.0092088332561,
   452.5908497299179
  ],
  [
   291.62957388792313,
   305.372614226173
  ],
  [
   98.79286114827775,
   150.3534950865461
  ],
  [
   903.2071388517222,
   842.6681251597067
  ],
  [
   742.0801268370684,
   394.58322327645624
  ],
  [
   837.722914977077,
   98.79286114827775
  ],
  [
   98.79286114827775,
   551.4735226265271
  ]
 ]
}