{
 "Object_Radius": 94.03159725795938,
 "Object_Shape": "disc",
 "Workspace_Density": 0.5,
 "Workspace_Height": 1000,
 "Workspace_Width": 1000,
 "number_of_objects": 18,
 "point_list": [
  [
   383.1187475180514,
   98.79286114827775
  ],
  [
   903.2071388517222,
   402.4216675855872
  ],
  [
   294.38518269651587,
   903.2071388517222
  ],
  [
   98.79286114827775,
   903.2071388517222
  ],
  [
   693.1789107791036,
   422.2799524651934
  ],
  [
   510.55982767412326,
   590.9320482777215
  ],
  [
   903.2071388517222,
   903.2071388517222
  ],
  [
   903.2071388517222,
   700.8144274085396
  ],
  [
   234.97685822152124,
   376.28832992463134
  ],
  [
   360.6093098093151,
   716.5052020850502
  ],
  [
   98.79286114827775,
   518.625553486784
  ],
  [
   903.2071388517222,
   98.79286114827775
  ],
  [
   489.98758110417737,
   903.2071388517222
  ],
  [
   197.2548728576344,
   184.35568106583608
  ],
  [
   468.5903645312783,
   357.2838976493399
  ],
  [
   661.2779707785216,
   808.7964214852515
  ],
  [
   148.89032953863156,
   709.9943268259539
  ],
  [
   722.1022147350212,
   622.6717021542033
  ]
 ]
}