{
 "Object_Radius": 94.03159725795938,
 "Object_Shape": "disc",
 "Workspace_Density": 0.5,
 "Workspace_Height": 1000,
 "Workspace_Width": 1000,
 "number_of_objects": 18,
 "point_list": [
  [
   881.5503236255623,
   556.1016406089503
  ],
  [
   302.90233279527615,
   98.79286114827775
  ],
  [
   459.00088367446835,
   699.2279932350239
  ],
  [
   705.2276669744466,
   98.79286114827775
  ],
  [
   98.79286114827775,
   98.79286114827775
  ],
  [
   723.2634101002271,
   371.99265143560524
  ],
  [
   903.2071388517222,
   804.085450863356
  ],
  [
   599.5687405445384,
   524.5148411782109
  ],
  [
   903.2071388517222,
   98.79286114827775
  ],
  [
   677.4525435266265,
   903.2071388517222
  ],
  [
   500.8612952538136,
   98.79286114827775
  ],
  [
   256.568469537738,
   712.7116001290725
  ],
  [
   98.79286114827775,
   383.2173504794501
  ],
  [
   280.6329978813767,
   298.613219826352
  ],
  [
   903.2071388517222,
   295.35048549107626
  ],
  [
   98.79286114827775,
   903.2071388517222
  ],
  [
   472.42088933997013,
   903.2071388517222
  ],
  [
   668.1181691017151,
   707.7114822039928
  ]
 ]
}