{
 "Object_Radius": 94.03159725795938,
 "Object_Shape": "disc",
 "Workspace_Density": 0.5,
 "Workspace_Height": 1000,
 "Workspace_Width": 1000,
 "number_of_objects": 18,
 "point_list": [
  [
   542.3410556661219,
   234.2085339171638
  ],
  [
   98.79286114827775,
   466.66254336967086
  ],
  [
   98.79286114827775,
   268.6169564064094
  ],
  [
   401.2152164601361,
   98.79286114827775
  ],
  [
   204.718376239622,
   98.79286114827775
  ],
  [
   290.06730640566695,
   631.8340246741686
  ],
  [
   509.1057817393794,
   426.9939036639873
  ],
  [
   903.2071388517222,
   98.79286114827775
  ],
  [
   868.8796742716805,
   682.7560257665652
  ],
  [
   483.82356075517004,
   831.9464578976294
  ],
  [
   725.9139020929038,
   528.947463583842
  ],
  [
   710.8934102044245,
   333.7758802274508
  ],
  [
   487.5435080830111,
   621.3874674835022
  ],
  [
   696.1343025760593,
   98.79286114827775
  ],
  [
   287.428446861864,
   392.88140719346563
  ],
  [
   903.2071388517222,
   295.42659117764345
  ],
  [
   706.6975374544731,
   903.2071388517222
  ],
  [
   660.2449332743264,
   713.2017652208967
  ]
 ]
}