{
 "Object_Radius": 23.032943298089034,
 "Object_Shape": "disc",
 "Workspace_Density": 0.3,
 "Workspace_Height": 1000,
 "Workspace_Width": 1000,
 "number_of_objects": 180,
 "point_list": [
  [
   244.13267112802905,
   273.5624525301328
  ],
  [
   154.76960602896403,
   278.3684643076903
  ],
  [
   98.80771897584104,
   639.5896124938986
  ],
  [
   917.9853934393627,
   663.0757357628153
  ],
  [
   490.1337754850566,
   709.4426143709534
  ],
  [
   530.2898977800932,
   503.41229557321964
  ],
  [
   183.89768745976275,
   179.65283250784518
  ],
  [
   843.1185427237904,
   29.30624867065707
  ],
  [
   572.9104834808625,
   40.980873563006725
  ],
  [
   232.6441187043412,
   972.2350197761432
  ],
  [
   903.8118576134707,
   186.76341784028457
  ],
  [
   516.8158475336611,
   26.33623762789794
  ],
  [
   26.33623762789794,
   845.950256558116
  ],
  [
   630.7111862024695,
   542.0155077740749
  ],
  [
   655.0106566849262,
   412.90034764497494
  ],
  [
   565.4025881512282,
   448.8957101372543
  ],
  [
   109.82542076783784,
   250.8596407000123
  ],
  [
   609.6369841553542,
   796.6142714997906
  ],
  [
   26.33623762789794,
   768.9207263863805
  ],
  [
   305.4380371898694,
   284.11255377285903
  ],
  [
   799.3373045790375,
   930.3746672963072
  ],
  [
   807.9357326038645,
   223.06421549305267
  ],
  [
   279.19120493707135,
   496.334175453214
  ],
  [
   615.4202170786768,
   186.75326662034294
  ],
  [
   325.7771703402325,
   747.7834633381613
  ],
  [
   902.3882527534325,
   320.66431533342586
  ],
  [
   158.46186822188147,
   409.27045533918715
  ],
  [
   729.3989250447315,
   566.5226444457035
  ],
  [
   425.84909222576914,
   975.663762372102
  ],
  [
   223.68412678307337,
   799.8788565517269
  ],
  [
   310.77715753887514,
   552.1528364673258
  ],
  [
   384.9507493605569,
   834.8962670487256
  ],
  [
   551.8934449234049,
   678.6041940425971
  ],
  [
   585.3736324361446,
   289.7338593991082
  ],
  [
   403.71393507975085,
   216.92796408404723
  ],
  [
   474.7540243723113,
   959.7786206335315
  ],
  [
   137.89991417920757,
   26.33623762789794
  ],
  [
   642.2390569435521,
   26.33623762789794
  ],
  [
   26.33623762789794,
   326.5281210148006
  ],
  [
   568.1578819238221,
   354.9062389759663
  ],
  [
   768.337881545805,
   884.5185316459786
  ],
  [
   718.0521521079289,
   26.33623762789794
  ],
  [
   649.5774279370573,
   898.093189028417
  ],
  [
   681.3833059946512,
   278.64691715225234
  ],
  [
   964.2748238974494,
   120.9900846545888
  ],
  [
   497.44900724257496,
   226.43933004459956
  ],
  [
   511.5908223360815,
   557.7395896495403
  ],
  [
   484.7062169729935,
   290.5324931251759
  ],
  [
   353.6859862815286,
   204.87207783515942
  ],
  [
   97.1082986570264,
   401.3883426755785
  ],
  [
   895.67911165477,
   441.70610709728714
  ],
  [
   825.3491838804999,
   505.09524578646756
  ],
  [
   799.7057324219776,
   319.32079160398115
  ],
  [
   799.6113839428627,
   812.6617102033309
  ],
  [
   902.3548912549784,
   975.663762372102
  ],
  [
   52.554665072753195,
   716.6681348849528
  ],
  [
   491.35474098554187,
   86.6790236892465
  ],
  [
   802.6505514112594,
   395.14065390212295
  ],
  [
   85.5671278946134,
   469.7390406118034
  ],
  [
   312.996828207318,
   123.99767185147341
  ],
  [
   210.57841001405507,
   924.0500375738122
  ],
  [
   701.3724984987203,
   647.8038248014684
  ],
  [
   455.3786754383953,
   190.3250341267315
  ],
  [
   923.9731361248738,
   90.2033376893073
  ],
  [
   362.90881563166624,
   154.30139813109966
  ],
  [
   393.1103656276571,
   34.78661477919272
  ],
  [
   779.1277110763707,
   444.9530848058258
  ],
  [
   599.4978637091269,
   742.9299952841909
  ],
  [
   283.751204734127,
   639.7299955702738
  ],
  [
   336.996975371761,
   975.663762372102
  ],
  [
   304.2362215484474,
   695.4167437390118
  ],
  [
   881.2791671836035,
   62.84786050353552
  ],
  [
   838.5718665936284,
   279.6656621145351
  ],
  [
   833.3550288098543,
   674.050753320085
  ],
  [
   26.33623762789794,
   574.6251520674631
  ],
  [
   397.69698146817194,
   99.90366312309291
  ],
  [
   210.15744405389106,
   872.7757710154342
  ],
  [
   26.33623762789794,
   212.68551969603695
  ],
  [
   456.4181746319979,
   649.6204110126492
  ],
  [
   965.6225985192592,
   963.3528191861833
  ],
  [
   756.55662798906,
   206.22422626985863
  ],
  [
   269.34600873206335,
   163.35646850783658
  ],
  [
   975.663762372102,
   214.6957953849194
  ],
  [
   852.5269587545372,
   380.4371121397355
  ],
  [
   451.43946865487675,
   588.2396822676322
  ],
  [
   256.4825565454531,
   578.4358730172352
  ],
  [
   369.298989759067,
   537.4903637099161
  ],
  [
   455.23927434564297,
   416.6823910528202
  ],
  [
   794.5813293651386,
   742.5280671840471
  ],
  [
   666.3637088538146,
   606.9517341038505
  ],
  [
   510.16973124985,
   448.7905777095775
  ],
  [
   405.21190960321417,
   297.09655463559034
  ],
  [
   262.23533829505834,
   371.33563509207306
  ],
  [
   975.663762372102,
   316.71845904795174
  ],
  [
   832.6702495786325,
   173.63606702960774
  ],
  [
   332.9614224907625,
   26.33623762789794
  ],
  [
   26.33623762789794,
   264.73292090618514
  ],
  [
   706.0830280253363,
   499.3737330614753
  ],
  [
   266.5697641513777,
   320.19432564743266
  ],
  [
   736.8981036018528,
   151.2266178612544
  ],
  [
   689.1636735604034,
   975.663762372102
  ],
  [
   26.33623762789794,
   952.4763293719415
  ],
  [
   975.663762372102,
   472.8076441480597
  ],
  [
   907.0669398367252,
   917.9026786374016
  ],
  [
   903.4150566488225,
   535.904967568002
  ],
  [
   351.2790361029529,
   795.654912655292
  ],
  [
   951.6541670760635,
   170.0657491338598
  ],
  [
   52.992361313212605,
   376.0848892979583
  ],
  [
   658.2648651528383,
   756.0565591967683
  ],
  [
   479.5358039974113,
   350.99902824846123
  ],
  [
   616.0036566340088,
   596.3767589790828
  ],
  [
   325.9986025458374,
   458.1090625813851
  ],
  [
   569.4468934342145,
   938.5538122497209
  ],
  [
   788.8116595876418,
   26.33623762789794
  ],
  [
   730.9023450346975,
   253.81204681295876
  ],
  [
   359.0814785606841,
   318.0785627285728
  ],
  [
   95.22803152518145,
   848.2791360515848
  ],
  [
   288.2218601424454,
   423.582720808703
  ],
  [
   533.2724517196685,
   975.663762372102
  ],
  [
   548.1101386790456,
   212.95167106488452
  ],
  [
   317.50513252329216,
   883.6250200927853
  ],
  [
   366.20748517689947,
   259.41766430538354
  ],
  [
   437.1495280745704,
   523.2857298256533
  ],
  [
   975.663762372102,
   367.69201700138746
  ],
  [
   308.67744039612774,
   825.9003512176326
  ],
  [
   47.995154638603786,
   426.5103645728909
  ],
  [
   156.30271301189242,
   543.96591440736
  ],
  [
   440.7150825397953,
   65.1108056736339
  ],
  [
   597.6586776948327,
   236.19764221180748
  ],
  [
   100.98553455351832,
   145.72148639856846
  ],
  [
   228.40902204342356,
   520.2850210120632
  ],
  [
   280.2346256413547,
   26.33623762789794
  ],
  [
   699.1617114061239,
   443.99802736951705
  ],
  [
   533.7940626579997,
   310.2839995409328
  ],
  [
   667.4678458376276,
   154.52217995882233
  ],
  [
   921.7637172393328,
   487.9349707674781
  ],
  [
   160.97688924218826,
   227.874447201893
  ],
  [
   578.5029913312989,
   543.4636979117676
  ],
  [
   464.35329865988325,
   479.15295487145715
  ],
  [
   122.08819941322079,
   778.245223644601
  ],
  [
   626.2369866879287,
   852.6240971085685
  ],
  [
   43.24745715072911,
   63.217065760645546
  ],
  [
   388.02209825516104,
   602.4667994536513
  ],
  [
   923.9024796523695,
   747.5383870872371
  ],
  [
   48.453117240754175,
   892.649630255206
  ],
  [
   809.5754307626872,
   84.19506677872528
  ],
  [
   757.850241751595,
   357.9933614387295
  ],
  [
   207.21884276017502,
   686.4895007986742
  ],
  [
   445.9584421626529,
   128.51138097031148
  ],
  [
