{
 "Object_Radius": 23.032943298089034,
 "Object_Shape": "disc",
 "Workspace_Density": 0.3,
 "Workspace_Height": 1000,
 "Workspace_Width": 1000,
 "number_of_objects": 180,
 "point_list": [
  [
   452.907516785922,
   604.1065741268145
  ],
  [
   41.766808481744626,
   333.45256062315286
  ],
  [
   900.2590049825938,
   975.663762372102
  ],
  [
   777.754846866302,
   584.3233838351422
  ],
  [
   278.9138367073558,
   711.618683124303
  ],
  [
   611.8826636311237,
   811.5243357957731
  ],
  [
   414.27305428970976,
   518.881923419761
  ],
  [
   509.6058747769208,
   593.28336781827
  ],
  [
   975.663762372102,
   481.61870927010193
  ],
  [
   26.33623762789794,
   276.7133192925219
  ],
  [
   119.73396464444464,
   32.363470504560894
  ],
  [
   849.532812922898,
   26.33623762789794
  ],
  [
   616.3916457990482,
   149.21059672590098
  ],
  [
   385.47260973873944,
   928.4898908954632
  ],
  [
   920.4540431997083,
   468.5699530822445
  ],
  [
   785.2140563175283,
   110.05571127943696
  ],
  [
   349.02927101710605,
   482.53561658666575
  ],
  [
   492.75523628784737,
   823.1168534228707
  ],
  [
   925.9685356934162,
   295.7268111136625
  ],
  [
   661.2054758091156,
   955.3545306390953
  ],
  [
   603.4614654779388,
   646.758514308618
  ],
  [
   378.6458537671789,
   125.1038876827016
  ],
  [
   358.14621531069855,
   540.6567976549874
  ],
  [
   227.0166732833233,
   812.7753715029819
  ],
  [
   546.9557188099193,
   539.461310306679
  ],
  [
   808.7174938326139,
   538.4150158258161
  ],
  [
   303.16625610648936,
   535.2999008228469
  ],
  [
   555.0438225849081,
   222.30919880125572
  ],
  [
   501.04427910945583,
   659.2218287510963
  ],
  [
   26.33623762789794,
   577.2790343133483
  ],
  [
   298.56977096185256,
   75.05259741979592
  ],
  [
   673.9840971200092,
   125.7850878600482
  ],
  [
   284.933545362149,
   140.60726436949852
  ],
  [
   456.1162862767845,
   99.06048605196789
  ],
  [
   494.89696624351484,
   877.4186213798723
  ],
  [
   672.3319087072842,
   481.2739392637024
  ],
  [
   84.52510772465297,
   197.76649556064538
  ],
  [
   342.74894881967145,
   619.7004926839085
  ],
  [
   276.3172261431983,
   468.09273008117896
  ],
  [
   591.2885763583566,
   911.4267611605412
  ],
  [
   248.5276934528169,
   975.663762372102
  ],
  [
   904.4141649727165,
   26.33623762789794
  ],
  [
   443.1971974161707,
   808.6484876143045
  ],
  [
   373.9946332239057,
   226.59734552492765
  ],
  [
   911.6707373491334,
   791.8856938286247
  ],
  [
   797.9451716020715,
   26.33623762789794
  ],
  [
   724.0306759045943,
   264.3346368019068
  ],
  [
   530.3263345372224,
   975.663762372102
  ],
  [
   392.43808451386724,
   809.8859715392304
  ],
  [
   246.2297689761596,
   376.8085903930977
  ],
  [
   723.002511616502,
   873.4945883737439
  ],
  [
   365.7786369009975,
   363.5746146957395
  ],
  [
   914.595512338028,
   412.01772034461385
  ],
  [
   825.7910646835581,
   628.4100782653459
  ],
  [
   677.1849076789323,
   618.8862132008
  ],
  [
   510.666136829284,
   304.1334888892033
  ],
  [
   914.6659613311887,
   525.7054479482829
  ],
  [
   917.1459925449971,
   347.59842531149735
  ],
  [
   692.6433844109829,
   26.33623762789794
  ],
  [
   592.2639080299135,
   562.5809468171415
  ],
  [
   127.63452384206259,
   436.94880071119064
  ],
  [
   975.663762372102,
   367.2448259952377
  ],
  [
   656.6556493862354,
   672.2318950873758
  ],
  [
   374.02582148654454,
   175.6193981521806
  ],
  [
   26.33623762789794,
   775.2448310765516
  ],
  [
   727.106212029774,
   607.0285442915161
  ],
  [
   379.79127713821435,
   415.9300218922589
  ],
  [
   611.2570897772789,
   512.0032756291052
  ],
  [
   841.668686465441,
   425.33422238971843
  ],
  [
   238.89803328304586,
   508.8418594270329
  ],
  [
   753.3413434197946,
   162.17360419971544
  ],
  [
   200.7167695897603,
   72.3970691175412
  ],
  [
   302.74084051506736,
   366.24962168714717
  ],
  [
   26.33623762789794,
   683.3332291696244
  ],
  [
   710.4984130090997,
   941.4220144768948
  ],
  [
   812.9732825222015,
   710.6478114152607
  ],
  [
   414.88095531275815,
   750.4591993966842
  ],
  [
   630.129154571168,
   600.085808460822
  ],
  [
   363.5413094851071,
   76.724393720435
  ],
  [
   934.5772213478306,
   573.8742997359967
  ],
  [
   626.248644907793,
   38.92972428521094
  ],
  [
   626.9768172172962,
   346.0782792262324
  ],
  [
   186.63364311521678,
   488.58052814715853
  ],
  [
   453.76987969949533,
   716.9229090429604
  ],
  [
   153.49712147917782,
   618.6746263555871
  ],
  [
   76.73552941844154,
   602.6865918155117
  ],
  [
   118.91177193191747,
   125.19719735928204
  ],
  [
   69.1850037771992,
   975.663762372102
  ],
  [
   885.409145501051,
   194.11469566960233
  ],
  [
   346.9512257788827,
   690.7217338223307
  ],
  [
   235.35217512790405,
   26.33623762789794
  ],
  [
   450.2342943838351,
   658.88872269308
  ],
  [
   845.5110045968785,
   577.7916473551546
  ],
  [
   149.56875887440947,
   811.9736269622445
  ],
  [
   556.7665016236818,
   486.7889093705723
  ],
  [
   481.6940248541162,
   147.56974629470727
  ],
  [
   589.8477841629303,
   708.2653716165107
  ],
  [
   134.389120070574,
   975.663762372102
  ],
  [
   34.38566143013501,
   873.8812207223287
  ],
  [
   266.7323491132197,
   586.6134778107358
  ],
  [
   698.0555340909585,
   535.8613897089194
  ],
  [
   975.663762372102,
   423.52640147099595
  ],
  [
   414.60969012716976,
   335.1501225907355
  ],
  [
   743.8657332031562,
   717.4022076194478
  ],
  [
   835.3583061045982,
   268.1098170311816
  ],
  [
   426.6617741452725,
   149.71896757650904
  ],
  [
   686.1405552433004,
   784.790396059785
  ],
  [
   829.9277953011307,
   491.2812304719543
  ],
  [
   540.250654092929,
   799.054745945798
  ],
  [
   26.33623762789794,
   938.4779175240509
  ],
  [
   495.54554243453293,
   769.2915185863095
  ],
  [
   975.663762372102,
   538.7775292347707
  ],
  [
   33.216634635667425,
   511.8787399624604
  ],
  [
   663.273796000608,
   270.17170245911757
  ],
  [
   268.81375014967824,
   278.6141715166399
  ],
  [
   506.7543542580221,
   507.8047427157694
  ],
  [
   98.58784195979942,
   737.4316679347771
  ],
  [
   313.5412356091936,
   309.71537027784194
  ],
  [
   959.7307181562247,
   639.7247834008186
  ],
  [
   864.0212345273285,
   837.1397385150707
  ],
  [
   837.9808880455328,
   153.61315939303614
  ],
  [
   975.663762372102,
   118.70431202573526
  ],
  [
   228.40018154871848,
   324.7679474684566
  ],
  [
   493.27527084503635,
   200.07845570387
  ],
  [
   354.2751952119685,
   975.663762372102
  ],
  [
   324.773667950236,
   253.1690567380892
  ],
  [
   762.5708317332729,
   912.6957155386276
  ],
  [
   975.663762372102,
   826.3875258341535
  ],
  [
   300.713271210043,
   975.663762372102
  ],
  [
   750.6746796203583,
   515.3268070806649
  ],
  [
   293.58786188519224,
   877.9804452475975
  ],
  [
   217.0814234984476,
   426.7854555087107
  ],
  [
   392.128327376194,
   871.6585571187468
  ],
  [
   541.3232148240434,
   26.33623762789794
  ],
  [
   26.33623762789794,
   443.60042191674694
  ],
  [
   222.8943392559669,
   255.23097300162496
  ],
  [
   674.6939818353926,
   731.9043561652983
  ],
  [
   247.7496989053457,
   175.15451044661458
  ],
  [
   136.85096766741555,
   516.1546912821606
  ],
  [
   485.8855971608749,
   350.3479261581669
  ],
  [
   358.18076658467896,
   26.33623762789794
  ],
  [
   195.50533826172818,
   975.663762372102
  ],
  [
   332.58588164120636,
   916.2615605085524
  ],
  [
   166.1850220765919,
   931.3162660330322
  ],
  [
   140.38578966286093,
   568.9683455054627
  ],
  [
   437.7543974929778,
   50.83490271664931
  ],
  [
   754.1114802784508,
   311.9946919693546
  ],
  [
   86.9189588495201,
   262.0862477625858
  ],
  [
   975.663762372102,
   230.2322608501802
  ],
  [
   369.65531191084546,
   310.3910889782932
