{
 "Object_Radius": 23.032943298089034,
 "Object_Shape": "disc",
 "Workspace_Density": 0.3,
 "Workspace_Height": 1000,
 "Workspace_Width": 1000,
 "number_of_objects": 180,
 "point_list": [
  [
   824.8067641056422,
   273.3969644225871
  ],
  [
   26.33623762789794,
   593.8144589957706
  ],
  [
   708.8375421919865,
   120.78159373935712
  ],
  [
   788.1089286632343,
   956.1291622266818
  ],
  [
   683.0466923746366,
   421.18760243504295
  ],
  [
   120.35899234725615,
   494.2059070309648
  ],
  [
   524.3961199068982,
   975.663762372102
  ],
  [
   88.5233258083181,
   950.494332098494
  ],
  [
   704.4391077185338,
   657.6823302789362
  ],
  [
   257.0287887548377,
   594.3154438872086
  ],
  [
   803.674208049713,
   26.33623762789794
  ],
  [
   378.06829589175715,
   354.657237335021
  ],
  [
   681.457373952443,
   481.34902473455685
  ],
  [
   323.96138183211235,
   223.92968615200996
  ],
  [
   187.66914243031997,
   912.8540983288691
  ],
  [
   883.4823430862065,
   835.5283707224246
  ],
  [
   742.9446312819115,
   27.198681759474848
  ],
  [
   811.5196723675242,
   809.4785439618321
  ],
  [
   371.69357851933137,
   975.663762372102
  ],
  [
   75.83049369335427,
   392.0857771368512
  ],
  [
   710.9496726270307,
   759.3247816833112
  ],
  [
   497.7759661517552,
   463.4078056814872
  ],
  [
   345.9728010952152,
   689.703608227814
  ],
  [
   975.663762372102,
   26.33623762789794
  ],
  [
   594.4703593297728,
   275.7326844870908
  ],
  [
   720.7025862553462,
   706.0539142546277
  ],
  [
   323.02438990919933,
   418.97358994118355
  ],
  [
   407.60778847062073,
   777.9111498848903
  ],
  [
   504.08421284871247,
   923.4548103636836
  ],
  [
   493.36818096865915,
   172.7692980484323
  ],
  [
   150.6530283428198,
   449.3768096303595
  ],
  [
   579.1634066362757,
   975.663762372102
  ],
  [
   388.2324514620577,
   730.7866547208
  ],
  [
   702.2225760483656,
   290.8617322075852
  ],
  [
   924.413484156262,
   584.7060036465765
  ],
  [
   924.4046524092228,
   714.8920326940814
  ],
  [
   660.1999294671242,
   90.85876948625256
  ],
  [
   645.9172413938644,
   828.79768927504
  ],
  [
   272.23236941944884,
   751.8805133236785
  ],
  [
   285.4082026740752,
   490.2274942878997
  ],
  [
   532.098405774835,
   248.4121085203429
  ],
  [
   687.3701611892493,
   26.33623762789794
  ],
  [
   71.99559175669809,
   810.0355551089464
  ],
  [
   384.3781892846904,
   642.3539125888528
  ],
  [
   666.1755984775044,
   341.1190853697611
  ],
  [
   759.6832668317884,
   123.43109324144747
  ],
  [
   975.663762372102,
   480.6489054182384
  ],
  [
   602.2776846255683,
   380.6993754152001
  ],
  [
   271.39944076147196,
   250.71010372517276
  ],
  [
   235.65096851896695,
   168.17820753973282
  ],
  [
   117.11125462063691,
   232.3227708938156
  ],
  [
   510.84235343025586,
   626.2725763263082
  ],
  [
   315.37290416849163,
   969.1276975514118
  ],
  [
   52.5330136176132,
   543.3801058805758
  ],
  [
   511.7715361236248,
   414.00974153952905
  ],
  [
   665.5436950113312,
   159.01638631298442
  ],
  [
   731.3840692279302,
   903.8940856609263
  ],
  [
   77.67895010960552,
   329.97182947948517
  ],
  [
   164.11428277919762,
   380.0792309582174
  ],
  [
   752.1668517850509,
   594.1901813003789
  ],
  [
   360.74788668091537,
   920.7902477034608
  ],
  [
   641.2820789645649,
   653.6369715108651
  ],
  [
   827.9321655102013,
   153.288957901778
  ],
  [
   626.7663101755343,
   779.0900092122924
  ],
  [
   835.3714337995139,
   381.2566809619931
  ],
  [
   199.15727368572985,
   858.8638623554872
  ],
  [
   324.4616079832962,
   336.64636275393383
  ],
  [
   245.5688861271468,
   704.5320164176538
  ],
  [
   578.1366728331786,
   887.6529524701754
  ],
  [
   677.3747617890403,
   600.274209001828
  ],
  [
   877.236805616649,
   603.2063697947739
  ],
  [
   731.4491744858548,
   975.663762372102
  ],
  [
   195.42625359782227,
   975.663762372102
  ],
  [
   26.33623762789794,
   975.663762372102
  ],
  [
   317.9931827380665,
   858.9118762712308
  ],
  [
   975.663762372102,
   328.58621217925526
  ],
  [
   33.12899060225012,
   922.8029913546076
  ],
  [
   212.61477988287118,
   789.7689356897178
  ],
  [
   675.757022149183,
   949.3462026493664
  ],
  [
   159.74924162955327,
   782.847642300421
  ],
  [
   325.7623128701092,
   759.8492622716115
  ],
  [
   76.49927123879397,
   644.0379451938508
  ],
  [
   618.3930746530839,
   207.04351483572412
  ],
  [
   338.6700334186066,
   472.4597601469897
  ],
  [
   859.7042479624034,
   195.30333486980967
  ],
  [
   394.31683718774116,
   471.07208654131455
  ],
  [
   841.0214418152766,
   450.6638893281969
  ],
  [
   870.2840471256656,
   767.4914825641249
  ],
  [
   803.6903105800791,
   643.2975253916404
  ],
  [
   261.79245249721316,
   124.647433759508
  ],
  [
   199.1547391351557,
   671.4644936542401
  ],
  [
   572.6152407249682,
   764.4467493569066
  ],
  [
   975.663762372102,
   531.687644474847
  ],
  [
   140.33023353235222,
   951.9610847756687
  ],
  [
   975.663762372102,
   582.424693905539
  ],
  [
   975.663762372102,
   966.422455214402
  ],
  [
   130.2940286561696,
   897.1092668010189
  ],
  [
   594.7635987054973,
   117.5571970174959
  ],
  [
   625.770372535326,
   448.91648434985865
  ],
  [
   828.1176179102883,
   330.17986161961113
  ],
  [
   816.4757780390738,
   756.0134411028571
  ],
  [
   854.1089135222793,
   648.3634618583616
  ],
  [
   937.0554267388396,
   634.1725732688841
  ],
  [
   892.2277441150766,
   269.8874298832125
  ],
  [
   207.2751570240179,
   316.2008651538847
  ],
  [
   801.5142999615526,
   554.2403077358853
  ],
  [
   588.0336654295397,
   814.4730313307231
  ],
  [
   393.5434124595482,
   276.0474715855183
  ],
  [
   212.57614945226504,
   620.5200481990281
  ],
  [
   219.52747248020322,
   26.33623762789794
  ],
  [
   387.04728798673864,
   418.33811307301727
  ],
  [
   454.3714579742718,
   133.50331606204566
  ],
  [
   524.9544226862214,
   118.65757378024666
  ],
  [
   928.9895304011175,
   353.876545294589
  ],
  [
   455.28700751735295,
   884.9177154359488
  ],
  [
   767.340154325776,
   509.69355000576775
  ],
  [
   153.57069303179728,
   694.8013743615611
  ],
  [
   733.5381040380196,
   804.8957577909633
  ],
  [
   266.96634610655025,
   402.5186326849852
  ],
  [
   114.59644666324733,
   164.63917065629715
  ],
  [
   975.663762372102,
   429.95059091022716
  ],
  [
   573.8493179940865,
   26.33623762789794
  ],
  [
   310.3844876211174,
   651.8805897070054
  ],
  [
   279.5683357307452,
   33.772298027393944
  ],
  [
   603.0999337737372,
   505.8278686687954
  ],
  [
   975.663762372102,
   275.70192274687304
  ],
  [
   181.68116064829664,
   67.84805831668508
  ],
  [
   26.33623762789794,
   245.40335411079258
  ],
  [
   241.72090041335633,
   73.55841561428167
  ],
  [
   447.2343240664681,
   520.884696595166
  ],
  [
   41.35422314594184,
   137.2622713048267
  ],
  [
   935.0094235162554,
   168.6233425633466
  ],
  [
   915.0674954909224,
   60.014294101686055
  ],
  [
   455.6826445723515,
   278.5524764830889
  ],
  [
   184.96289704558737,
   577.4358604429782
  ],
  [
   975.663762372102,
   223.82819192282346
  ],
  [
   26.33623762789794,
   479.17103818619546
  ],
  [
   895.4571377348408,
   441.4986944968762
  ],
  [
   365.6077567459904,
   26.33623762789794
  ],
  [
   441.1777569884993,
   26.33623762789794
  ],
  [
   975.663762372102,
   136.91440699643218
  ],
  [
   280.520142932497,
   302.1756559879793
  ],
  [
   485.9815614066943,
   367.21353017786566
  ],
  [
   26.33623762789794,
   30.756716256419182
  ],
  [
   899.7957145453047,
   121.59472911716725
  ],
  [
   755.0232249700957,
   664.2268568984548
  ],
  [
   766.9082891950277,
   736.199707469998
  ],
  [
   975.663762372102,
   85.87637457827229
  ],
  [
   975.663762372102,
   707.630046943445
  ],
  [
   826.7997527899611,
