{
 "Object_Radius": 23.032943298089034,
 "Object_Shape": "disc",
 "Workspace_Density": 0.3,
 "Workspace_Height": 1000,
 "Workspace_Width": 1000,
 "number_of_objects": 180,
 "point_list": [
  [
   364.82797470033574,
   702.8003633869504
  ],
  [
   670.6675224651104,
   112.39830344518852
  ],
  [
   623.1283697925694,
   531.2905780175149
  ],
  [
   517.6635621310978,
   482.3077448970703
  ],
  [
   756.8553373019084,
   430.4287880066062
  ],
  [
   902.8639596507242,
   245.77200097605328
  ],
  [
   933.8985531870051,
   48.51923668240499
  ],
  [
   342.10671236169213,
   211.8130999854963
  ],
  [
   777.6388238945516,
   163.73527819234013
  ],
  [
   175.2984513529022,
   901.5573373161787
  ],
  [
   591.4785224638723,
   875.6923784683022
  ],
  [
   885.157970359354,
   730.2775476153846
  ],
  [
   26.33623762789794,
   437.47292104419836
  ],
  [
   527.7859050967226,
   397.93493891734255
  ],
  [
   750.7270382932895,
   971.774058604186
  ],
  [
   201.67069808252108,
   951.3388692250644
  ],
  [
   26.33623762789794,
   748.09295197944
  ],
  [
   452.20175958439813,
   117.34785513878205
  ],
  [
   244.53335460165283,
   329.69548474229316
  ],
  [
   842.3712325353398,
   677.9282717829374
  ],
  [
   721.8255450718551,
   141.86538564991358
  ],
  [
   406.9954392432057,
   72.25797835467732
  ],
  [
   579.3606261919958,
   925.155176498314
  ],
  [
   420.8321481935998,
   312.806798828511
  ],
  [
   112.78306518304596,
   146.67990036428068
  ],
  [
   260.2839602061396,
   586.756470040663
  ],
  [
   385.57307931072074,
   123.56121001792361
  ],
  [
   838.369691209559,
   418.99439896855733
  ],
  [
   46.006959343460146,
   539.9705440704167
  ],
  [
   126.34103375834925,
   916.0543447133348
  ],
  [
   857.0940811044101,
   314.09780445275925
  ],
  [
   915.8883413967492,
   532.4437917116891
  ],
  [
   87.78055167185683,
   603.905725255457
  ],
  [
   412.6653231025391,
   681.7965398570135
  ],
  [
   926.4355365269364,
   834.5475940412954
  ],
  [
   923.0703749600864,
   929.2027812578011
  ],
  [
   905.9169671391128,
   330.46567619461814
  ],
  [
   484.65675730105704,
   425.50954946842353
  ],
  [
   432.64221730238916,
   401.9578118850434
  ],
  [
   308.627213286058,
   615.1641730799184
  ],
  [
   77.57709498046074,
   665.9719195404712
  ],
  [
   975.663762372102,
   588.7424710218288
  ],
  [
   101.17222256591756,
   26.33623762789794
  ],
  [
   975.663762372102,
   700.5920548444149
  ],
  [
   314.0867848951803,
   379.8535447485998
  ],
  [
   834.7479647998655,
   744.8704305051904
  ],
  [
   62.853683040171376,
   63.84501639897963
  ],
  [
   844.4057250110203,
   251.37044461925635
  ],
  [
   280.1502059158333,
   752.2568232472053
  ],
  [
   641.1633490276865,
   860.879400961101
  ],
  [
   938.2732645047357,
   734.8267672756635
  ],
  [
   789.7042658921537,
   246.82178460569364
  ],
  [
   660.2714168382215,
   253.42066771547954
  ],
  [
   432.24000952950564,
   26.33623762789794
  ],
  [
   26.33623762789794,
   491.97613594873184
  ],
  [
   469.74834484206474,
   214.0220817011257
  ],
  [
   211.39396238621876,
   601.7621556149641
  ],
  [
   656.0276093091697,
   34.79976048861257
  ],
  [
   192.71731894455186,
   26.33623762789794
  ],
  [
   743.8634595031648,
   26.33623762789794
  ],
  [
   335.94095005913334,
   506.8293231048766
  ],
  [
   635.9452387628198,
   350.61577934371275
  ],
  [
   733.8277600222435,
   553.4610103725872
  ],
  [
   26.33623762789794,
   26.33623762789794
  ],
  [
   621.2119885276587,
   76.95624259712334
  ],
  [
   479.21907996093574,
   975.663762372102
  ],
  [
   450.88325056636177,
   878.1584664029125
  ],
  [
   26.33623762789794,
   975.663762372102
  ],
  [
   904.8288062872236,
   410.8577136893319
  ],
  [
   672.1584414168356,
   394.4974038251913
  ],
  [
   640.1062589050345,
   972.4259032733203
  ],
  [
   99.6407121445077,
   306.7793495287423
  ],
  [
   762.9781147376924,
   919.9182634630723
  ],
  [
   821.236961420598,
   927.4919931936313
  ],
  [
   975.663762372102,
   537.0955744436224
  ],
  [
   402.44286521168203,
   502.95036084478244
  ],
  [
   290.3436535452736,
   183.3010829240723
  ],
  [
   737.7532733886891,
   378.72442852996636
  ],
  [
   378.58262399688255,
   881.4612539451238
  ],
  [
   883.6003931870646,
   602.1326222089442
  ],
  [
   58.092252178230204,
   145.0775089492972
  ],
  [
   453.8350350371244,
   826.9042759025778
  ],
  [
   452.73040476026074,
   473.564937194717
  ],
  [
   758.0512785710886,
   94.6370131733724
  ],
  [
   376.3381984797906,
   823.6489667449637
  ],
  [
   352.9619650939854,
   753.0337156691303
  ],
  [
   603.1952043846944,
   585.2625642994648
  ],
  [
   477.1086099786168,
   519.2112160843155
  ],
  [
   278.03327119568036,
   76.65090781476614
  ],
  [
   243.4756155625409,
   26.573430121037287
  ],
  [
   216.12964381951755,
   271.07936422667416
  ],
  [
   802.5729970288581,
   46.13438595213201
  ],
  [
   363.6547489139026,
   321.7265998746599
  ],
  [
   975.663762372102,
   975.663762372102
  ],
  [
   41.980261029598516,
   277.2795305415157
  ],
  [
   860.2761413153196,
   40.73779801903058
  ],
  [
   975.663762372102,
   769.0408486966201
  ],
  [
   146.843032836132,
   49.86053031501574
  ],
  [
   176.30598602732235,
   307.27930087785535
  ],
  [
   424.2470504014233,
   164.02546810530498
  ],
  [
   296.8326868613803,
   273.7369950965104
  ],
  [
   821.6013882079552,
   829.342035494135
  ],
  [
   446.15017410138336,
   261.08251924591207
  ],
  [
   493.8151431362797,
   80.92403937069359
  ],
  [
   816.1248364136329,
   556.0117757354092
  ],
  [
   351.1486146198542,
   975.663762372102
  ],
  [
   791.4403164365397,
   382.59485891757186
  ],
  [
   867.7291456526488,
   791.0985465028607
  ],
  [
   487.332430415744,
   918.1318844875341
  ],
  [
   917.371569751766,
   640.6972525914621
  ],
  [
   906.7374399713522,
   881.234724899193
  ],
  [
   672.1431059571551,
   571.47180375481
  ],
  [
   476.13671895459925,
   315.3048547043387
  ],
  [
   510.800258876553,
   843.1800553801477
  ],
  [
   975.663762372102,
   822.5201288832976
  ],
  [
   975.663762372102,
   432.3104988676708
  ],
  [
   700.3483163659447,
   876.1774799646442
  ],
  [
   616.1265510693487,
   634.2790361954238
  ],
  [
   663.5876709384396,
   304.7797525386022
  ],
  [
   702.8038644246353,
   200.01043919481137
  ],
  [
   839.1273365750816,
   365.40339570128623
  ],
  [
   267.62688663031054,
   505.9936457219684
  ],
  [
   170.85596025001996,
   117.91790224119322
  ],
  [
   335.4326649677937,
   569.3922236209845
  ],
  [
   773.1725666378177,
   778.3766578076295
  ],
  [
   431.56294109362096,
   630.9990987962284
  ],
  [
   803.5242439886847,
   879.8946983451406
  ],
  [
   553.0253113336483,
   285.01505097442333
  ],
  [
   141.1385208136599,
   373.404679296954
  ],
  [
   719.2099502413753,
   301.4207719746596
  ],
  [
   557.4322199118028,
   701.5422405410327
  ],
  [
   855.7690582283805,
   888.4833631627251
  ],
  [
   600.2686019104592,
   130.50300384262778
  ],
  [
   92.67972940343542,
   248.54857413700105
  ],
  [
   592.7853233860295,
   782.4221041323085
  ],
  [
   387.0320187091958,
   377.63273847401604
  ],
  [
   669.3407324362358,
   756.4025291263741
  ],
  [
   808.746694825764,
   460.22830213668635
  ],
  [
   894.6188768272783,
   975.663762372102
  ],
  [
   669.9160656120946,
   808.4720735387785
  ],
  [
   829.0090206396089,
   608.104658104404
  ],
  [
   119.97515131269995,
   93.0385114493231
  ],
  [
   904.7663891561658,
   119.7837610237119
  ],
  [
   827.2592271306038,
   126.23052763795994
  ],
  [
   26.33623762789794,
   360.41951358376576
  ],
  [
   698.748770105829,
   443.2141384029418
  ],
  [
   837.0836820675206,
   975.663762372102
  ],
  [
   845.7529676283295,
   197.09275293477208
  ],
  [
   553.1764712097124,
   446.1256981425224
  ],
  [
   117.13163606188256,
