{
 "Object_Radius": 23.032943298089034,
 "Object_Shape": "disc",
 "Workspace_Density": 0.3,
 "Workspace_Height": 1000,
 "Workspace_Width": 1000,
 "number_of_objects": 180,
 "point_list": [
  [
   484.48608835336546,
   523.1720654657942
  ],
  [
   748.6546233494412,
   770.5026017344192
  ],
  [
   333.98518502922406,
   244.31756361912707
  ],
  [
   528.7399108576803,
   596.3674948456262
  ],
  [
   942.2502350728936,
   647.8209260741019
  ],
  [
   185.33620223866293,
   749.5917478988421
  ],
  [
   801.5929158850289,
   868.1178287526077
  ],
  [
   397.25169106524754,
   630.6320312740714
  ],
  [
   255.8802740294549,
   466.4603770043524
  ],
  [
   542.8286261671665,
   647.0243206577701
  ],
  [
   539.0159881600036,
   717.1842403196509
  ],
  [
   953.3934637954878,
   473.44200708564966
  ],
  [
   717.0361013246121,
   359.0668144553996
  ],
  [
   921.8119713072701,
   557.2718246236738
  ],
  [
   650.1237355871847,
   408.57811213673745
  ],
  [
   846.8871575322606,
   374.4411060453259
  ],
  [
   472.9103238495711,
   372.1675162229488
  ],
  [
   951.4545407071273,
   114.00630499780813
  ],
  [
   57.48840383678613,
   635.4759788489403
  ],
  [
   418.71163409422775,
   385.92116972015805
  ],
  [
   161.59499625801257,
   975.663762372102
  ],
  [
   315.34405405556777,
   352.1942476160774
  ],
  [
   26.33623762789794,
   427.15308090693117
  ],
  [
   150.90714485612807,
   26.33623762789794
  ],
  [
   493.971817759201,
   945.0799602847203
  ],
  [
   211.21423926780645,
   793.1658886612405
  ],
  [
   627.5316481618808,
   306.75038768119674
  ],
  [
   89.18151449610123,
   840.5697234389716
  ],
  [
   824.732092607666,
   779.098913983182
  ],
  [
   425.1545656658689,
   436.6165256203737
  ],
  [
   387.934806071723,
   471.00312558357945
  ],
  [
   893.0133920654372,
   344.97167912091953
  ],
  [
   448.37547897608255,
   622.2086990145837
  ],
  [
   683.9151113264509,
   905.4071762490623
  ],
  [
   684.3549302461564,
   618.8029892336403
  ],
  [
   538.2234683700485,
   137.6236194239254
  ],
  [
   678.6042162319857,
   474.3230786934651
  ],
  [
   702.6448642395437,
   89.93175947657491
  ],
  [
   269.2232684284153,
   937.1781580040431
  ],
  [
   579.7911896665662,
   884.6068780221174
  ],
  [
   880.3018583998686,
   828.5302328254895
  ],
  [
   26.33623762789794,
   219.39332934846854
  ],
  [
   409.4950703338532,
   225.91469709288825
  ],
  [
   683.4540647503245,
   295.08017588934075
  ],
  [
   140.57787740081997,
   298.0552915643438
  ],
  [
   602.1837569271682,
   559.6674983746261
  ],
  [
   624.6882324481886,
   913.6889043368835
  ],
  [
   496.78979393905604,
   745.5619978571093
  ],
  [
   298.47000798700145,
   894.7235828606605
  ],
  [
   671.2016236048723,
   803.9871218443722
  ],
  [
   439.3749072222342,
   975.663762372102
  ],
  [
   893.3216908119988,
   975.663762372102
  ],
  [
   637.0523101975367,
   678.3482544735424
  ],
  [
   581.8143523590795,
   689.0212123134262
  ],
  [
   445.08942586597925,
   738.3740185468721
  ],
  [
   368.81160774790834,
   517.9301992665388
  ],
  [
   649.4281767525339,
   246.00097313230557
  ],
  [
   547.2280325480199,
   433.74341110775123
  ],
  [
   654.623925926048,
   975.663762372102
  ],
  [
   153.45774408698773,
   708.6646084442021
  ],
  [
   975.663762372102,
   686.0481208455592
  ],
  [
   173.46234511896748,
   849.111599507614
  ],
  [
   336.5750749937882,
   142.69031802895464
  ],
  [
   223.71490964369053,
   842.2864189020762
  ],
  [
   595.0646996067484,
   216.65257532653195
  ],
  [
   730.9583246522043,
   644.2923612507869
  ],
  [
   802.8626885812185,
   217.8447337950843
  ],
  [
   969.4630717964408,
   736.6617466978477
  ],
  [
   127.94616867884878,
   890.1653376124478
  ],
  [
   446.3516522504809,
   676.2352721773362
  ],
  [
   940.0921375977726,
   781.0721249101782
  ],
  [
   729.498914097645,
   468.28794010428805
  ],
  [
   363.4336325669946,
   768.8992266002405
  ],
  [
   820.5983066320626,
   328.2273471928032
  ],
  [
   773.6951028236505,
   494.26550865563
  ],
  [
   183.37745044573717,
   368.46529408465443
  ],
  [
   975.663762372102,
   26.33623762789794
  ],
  [
   700.659629478142,
   26.33623762789794
  ],
  [
   26.33623762789794,
   99.09842595526649
  ],
  [
   654.5052909185172,
   69.83388529210698
  ],
  [
   975.663762372102,
   551.737443284269
  ],
  [
   344.3137051848159,
   91.29029241804284
  ],
  [
   297.060404688637,
   71.82601206343931
  ],
  [
   546.029866160477,
   547.7738271857532
  ],
  [
   924.8497461152082,
   203.50712712434736
  ],
  [
   26.33623762789794,
   919.2768628354578
  ],
  [
   678.2596969174593,
   854.5405738835333
  ],
  [
   579.9334488239928,
   747.1873038197591
  ],
  [
   305.85066998460934,
   975.663762372102
  ],
  [
   361.36703229413405,
   975.663762372102
  ],
  [
   834.6107724865307,
   425.44672696656676
  ],
  [
   124.18806886057932,
   242.75076600228593
  ],
  [
   786.7819910567235,
   814.7783193974174
  ],
  [
   513.7503673392162,
   472.1715683781357
  ],
  [
   625.8366812235607,
   836.1294933732647
  ],
  [
   576.5637928535747,
   388.74581918587035
  ],
  [
   687.8609813704171,
   706.6683434095563
  ],
  [
   231.9527549877461,
   163.5513766858969
  ],
  [
   614.9055884322516,
   509.4925930763253
  ],
  [
   963.9713296750108,
   601.5434578095534
  ],
  [
   310.3909721458584,
   670.1216571080566
  ],
  [
   302.9959795146283,
   769.8438641995574
  ],
  [
   122.13804179712503,
   632.9024198426886
  ],
  [
   761.2444885245699,
   975.663762372102
  ],
  [
   923.0787494584388,
   861.645540277607
  ],
  [
   499.2630332551095,
   105.22324755894148
  ],
  [
   371.05279518960907,
   868.2525799163246
  ],
  [
   522.2735376006366,
   799.2002224248067
  ],
  [
   457.3055409758475,
   76.8107948194739
  ],
  [
   74.68334134345793,
   890.2263576243982
  ],
  [
   861.0984756771896,
   724.5216383561726
  ],
  [
   234.63254947816506,
   613.8653845731715
  ],
  [
   597.5849427554091,
   975.663762372102
  ],
  [
   102.18371792313808,
   457.0075908200505
  ],
  [
   741.0489528758144,
   186.02265854628558
  ],
  [
   764.0110827146474,
   329.80606538995704
  ],
  [
   104.8270272791159,
   165.2584809925037
  ],
  [
   528.663523181547,
   367.2859469552159
  ],
  [
   159.97562457637648,
   465.86136873140816
  ],
  [
   391.57448859994184,
   817.7721731770686
  ],
  [
   493.9639752108009,
   693.8117667505056
  ],
  [
   244.44641449156697,
   243.67341005213012
  ],
  [
   857.9653917313268,
   658.3976781256126
  ],
  [
   312.251964553882,
   525.8691833386742
  ],
  [
   114.02725947773503,
   62.755375009479096
  ],
  [
   403.66314691967335,
   61.99069588053263
  ],
  [
   698.099029319338,
   760.8319189223251
  ],
  [
   227.67036410649254,
   420.61343110485996
  ],
  [
   273.54680258813625,
   26.33623762789794
  ],
  [
   749.3450826852272,
   134.41025262695308
  ],
  [
   87.9480402906928,
   566.3595441481556
  ],
  [
   629.6621624607398,
   459.66801264180856
  ],
  [
   902.63130816511,
   132.24943301911452
  ],
  [
   835.6743024692953,
   265.68507714463584
  ],
  [
   583.7856907630902,
   280.73826133187987
  ],
  [
   398.75826280998064,
   698.0579890632557
  ],
  [
   506.7572160620322,
   26.33623762789794
  ],
  [
   88.69356401864513,
   957.1391456785271
  ],
  [
   651.8680685086002,
   575.0842647749334
  ],
  [
   465.4183532133665,
   146.45124998975007
  ],
  [
   26.33623762789794,
   532.7303785107679
  ],
  [
   157.3735204290193,
   154.41246474484396
  ],
  [
   26.33623762789794,
   166.94462842221762
  ],
  [
   91.01240625969159,
   398.14438225399306
  ],
  [
   235.70297085830876,
   327.8953429527279
  ],
  [
   471.69692397161396,
   791.6851864008686
  ],
  [
   198.12104455876906,
   45.23121873218486
  ],
  [
   345.03438851656534,
   915.4280648199407
  ],
  [
   118.4410384428366,
   783.6064898081205
  ],
  [
