{
 "Object_Radius": 23.032943298089034,
 "Object_Shape": "disc",
 "Workspace_Density": 0.3,
 "Workspace_Height": 1000,
 "Workspace_Width": 1000,
 "number_of_objects": 180,
 "point_list": [
  [
   198.77485873029818,
   862.7965520695547
  ],
  [
   264.45264143880837,
   191.7043983773198
  ],
  [
   438.66500768948,
   211.11354181244033
  ],
  [
   971.6774284123599,
   936.1961634590069
  ],
  [
   26.33623762789794,
   460.5042989594607
  ],
  [
   138.05258685025092,
   307.0039890381015
  ],
  [
   596.0660053465808,
   318.13959851338
  ],
  [
   828.0965889330749,
   335.77336676008815
  ],
  [
   126.83641460636142,
   864.6351463163963
  ],
  [
   701.2974148903942,
   519.1601118063569
  ],
  [
   84.21383698041828,
   26.33623762789794
  ],
  [
   141.0815945109778,
   690.4623651040164
  ],
  [
   425.23423116753236,
   377.5666349638778
  ],
  [
   323.9188867621537,
   177.74876758112651
  ],
  [
   693.962653904552,
   602.5768988990437
  ],
  [
   524.6182131413088,
   88.14612734152514
  ],
  [
   351.69703583185617,
   235.1985693723791
  ],
  [
   218.84161051404962,
   471.06450981070105
  ],
  [
   725.0899923490442,
   304.07537065582403
  ],
  [
   974.5631160342995,
   681.4652699533772
  ],
  [
   887.1295405095738,
   647.9369131090649
  ],
  [
   639.2105464581254,
   883.1895468212696
  ],
  [
   886.7790821825746,
   466.19016658734216
  ],
  [
   731.5047112012442,
   561.242370537156
  ],
  [
   878.5489183042336,
   26.33623762789794
  ],
  [
   175.81751995379668,
   642.8425766198147
  ],
  [
   585.8458211311898,
   975.663762372102
  ],
  [
   817.4851118965769,
   526.5591284790472
  ],
  [
   773.0032623282929,
   975.663762372102
  ],
  [
   354.5138882466758,
   698.8512617467313
  ],
  [
   26.33623762789794,
   26.33623762789794
  ],
  [
   896.771343117831,
   311.45653656845025
  ],
  [
   446.5855501321425,
   929.3159750626866
  ],
  [
   748.9977391023194,
   435.38431545964175
  ],
  [
   479.34830356888745,
   597.6763749897073
  ],
  [
   497.79081367571285,
   932.048757952132
  ],
  [
   975.663762372102,
   276.9335414921133
  ],
  [
   406.4769487032469,
   705.89767879468
  ],
  [
   674.339166332003,
   291.1789324792055
  ],
  [
   836.0719475576439,
   975.663762372102
  ],
  [
   550.8829403784396,
   646.8167954329657
  ],
  [
   276.5131085931325,
   539.0761163694131
  ],
  [
   342.9083757134761,
   117.6774706502612
  ],
  [
   477.3313449649514,
   32.35003289716829
  ],
  [
   341.3393669535547,
   359.35636614557353
  ],
  [
   975.663762372102,
   495.6711357291311
  ],
  [
   62.44252550401717,
   765.8471063978543
  ],
  [
   838.9799131253595,
   65.87298483540661
  ],
  [
   496.9001314246369,
   817.6062152873407
  ],
  [
   703.9862810750116,
   150.62173306229948
  ],
  [
   620.6639148469221,
   273.41614147822554
  ],
  [
   26.33623762789794,
   152.4981713921607
  ],
  [
   609.7014268344838,
   468.917018715411
  ],
  [
   813.1321734910982,
   276.7410720960407
  ],
  [
   456.4492789092221,
   697.443322411244
  ],
  [
   877.918454722553,
   108.26134772021824
  ],
  [
   612.6396031962361,
   79.7161098215709
  ],
  [
   26.33623762789794,
   905.885954190708
  ],
  [
   394.79304706037453,
   128.55708619815636
  ],
  [
   802.9957462870326,
   26.33623762789794
  ],
  [
   774.2331168437577,
   749.3459098088679
  ],
  [
   405.5289449083289,
   251.59378483112656
  ],
  [
   674.4139730507706,
   344.27093477160065
  ],
  [
   859.7683383254187,
   600.4119266021174
  ],
  [
   712.4373282188003,
   94.6663907885411
  ],
  [
   226.7694497281819,
   907.1899798751147
  ],
  [
   328.866969148103,
   294.2655188025542
  ],
  [
   473.7680911045735,
   84.55465877286557
  ],
  [
   558.3039617076131,
   512.7704348135637
  ],
  [
   373.90247617018105,
   69.06748911219651
  ],
  [
   345.200063229104,
   645.6505464501638
  ],
  [
   417.75167134060985,
   606.327018485507
  ],
  [
   269.71404594616024,
   869.8045968984034
  ],
  [
   206.73296776301103,
   43.30841084616296
  ],
  [
   534.3733719784611,
   410.5771923488245
  ],
  [
   129.1948823412388,
   357.4288557764843
  ],
  [
   781.7886221663123,
   885.1613710568811
  ],
  [
   726.8568849058041,
   253.10140669481865
  ],
  [
   116.24162331380977,
   171.17243983915878
  ],
  [
   287.01694827828294,
   117.5265289991822
  ],
  [
   943.8456932054683,
   620.7508940010305
  ],
  [
   76.86531409204557,
   220.8786533870608
  ],
  [
   975.663762372102,
   226.2577494522661
  ],
  [
   795.5496810798036,
   396.46294445708946
  ],
  [
   519.4789802423835,
   239.10297501424168
  ],
  [
   975.663762372102,
   733.41558391874
  ],
  [
   482.285869136846,
   184.65327999264852
  ],
  [
   850.7232121037202,
   810.6827967178443
  ],
  [
   548.5615895181217,
   938.8737080801127
  ],
  [
   26.33623762789794,
   802.5997247236769
  ],
  [
   730.0741978081136,
   920.9552998175085
  ],
  [
   254.46830496543694,
   722.7110593027115
  ],
  [
   477.24700166404523,
   427.5046780680144
  ],
  [
   530.5955871445655,
   300.76335241344395
  ],
  [
   416.5701756050546,
   975.663762372102
  ],
  [
   809.5647213914436,
   202.69014999948473
  ],
  [
   918.6701710386378,
   935.4093038809422
  ],
  [
   647.2891230839485,
   975.663762372102
  ],
  [
   926.5732937711414,
   369.64224596294025
  ],
  [
   824.4200061164348,
   115.75745280530298
  ],
  [
   496.8766626406351,
   878.5749740814622
  ],
  [
   103.63411130443497,
   797.9664834426352
  ],
  [
   99.37282847752108,
   273.8904345471631
  ],
  [
   57.21240851737122,
   535.1630716154297
  ],
  [
   744.3417862440315,
   351.9094222971393
  ],
  [
   136.25593792835824,
   923.1055898698319
  ],
  [
   848.3592594802674,
   404.13195398620286
  ],
  [
   601.4696418668333,
   371.92001686797016
  ],
  [
   551.4984366453793,
   828.3203932368874
  ],
  [
   777.7840650047244,
   142.17854579626987
  ],
  [
   26.33623762789794,
   79.26153131214126
  ],
  [
   364.74815755527277,
   961.367919610244
  ],
  [
   477.6774745980351,
   375.10519437954093
  ],
  [
   878.5372049014633,
   227.86096421477848
  ],
  [
   953.8733755581776,
   322.91495125050716
  ],
  [
   397.6708410395626,
   485.67148487849323
  ],
  [
   40.63693424730211,
   267.5204175264582
  ],
  [
   535.7662565839058,
   696.5911121851175
  ],
  [
   249.14893371029754,
   643.0874400581474
  ],
  [
   596.5003130205879,
   913.4904288055973
  ],
  [
   812.5335808100599,
   929.0615370026916
  ],
  [
   147.52011215960258,
   48.69939540319168
  ],
  [
   379.9777860578757,
   561.7886702482979
  ],
  [
   440.12762419537813,
   821.7821245637291
  ],
  [
   290.3339916320058,
   765.9246359340558
  ],
  [
   237.68443091104814,
   140.05273794542126
  ],
  [
   973.503408633394,
   87.37020886978397
  ],
  [
   353.6460001903545,
   807.7772809441295
  ],
  [
   527.6666296472616,
   26.33623762789794
  ],
  [
   649.1360778313679,
   231.09706881693654
  ],
  [
   882.1945646599308,
   162.46170445583954
  ],
  [
   39.2007161156241,
   588.534799498618
  ],
  [
   386.4236729847056,
   423.86663187402206
  ],
  [
   660.5198620930003,
   96.3429256869371
  ],
  [
   822.8203406265704,
   448.4034420002787
  ],
  [
   604.8019277459147,
   26.33623762789794
  ],
  [
   566.2495587395437,
   59.228210153808725
  ],
  [
   100.64779168662818,
   576.4863485032221
  ],
  [
   795.9727131919396,
   636.6700321510383
  ],
  [
   137.39258840762994,
   420.39942433654346
  ],
  [
   650.393435023838,
   162.57079150327502
  ],
  [
   387.2945907355871,
   894.0010916474948
  ],
  [
   695.2719208564381,
   204.48421331917794
  ],
  [
   424.6657051364301,
   71.0980494723263
  ],
  [
   665.6331263706451,
   689.8949372719819
  ],
  [
   311.5522175152299,
   975.663762372102
  ],
  [
   874.7531012487591,
   358.0651843240126
  ],
  [
   248.83949673973675,
   246.5016664660671
  ],
  [
   958.5215884054238,
   26.33623762789794
  ],
  [
   283.6312371103591,
