{
 "Object_Radius": 32.573500793528,
 "Object_Shape": "disc",
 "Workspace_Density": 0.2,
 "Workspace_Height": 1000,
 "Workspace_Width": 1000,
 "number_of_objects": 60,
 "point_list": [
  [
   514.1527364339693,
   180.26112769392958
  ],
  [
   119.05536599379722,
   931.9048376879814
  ],
  [
   329.6970745952984,
   284.0026328123314
  ],
  [
   783.4988912908841,
   213.50265441456114
  ],
  [
   563.9442218158482,
   369.4492972688029
  ],
  [
   431.4901218271049,
   223.81654061188493
  ],
  [
   445.4276670240695,
   34.87644082526912
  ],
  [
   223.54353316608632,
   551.4265735585716
  ],
  [
   636.3925941085736,
   390.519405192864
  ],
  [
   691.8308665366337,
   34.87644082526912
  ],
  [
   510.9392377431337,
   838.6279634101448
  ],
  [
   373.9802310876248,
   127.6000640465732
  ],
  [
   258.1158168287486,
   967.1235591747309
  ],
  [
   954.4076015981274,
   849.4611999530247
  ],
  [
   625.0704379892343,
   247.33946324108751
  ],
  [
   712.6155631962746,
   134.17481082403316
  ],
  [
   337.57543265633353,
   34.87644082526912
  ],
  [
   928.9740379236487,
   445.52892561184296
  ],
  [
   359.6643037500077,
   927.7538030932354
  ],
  [
   98.18527934131244,
   479.33352593516315
  ],
  [
   437.37634847449885,
   102.14923800895279
  ],
  [
   441.4884748200152,
   555.2328358005423
  ],
  [
   755.6343132254996,
   291.5515180730327
  ],
  [
   34.87644082526912,
   446.211136464017
  ],
  [
   818.4797377406321,
   870.6567094357509
  ],
  [
   449.30123981013304,
   307.47034047489115
  ],
  [
   862.3924577111154,
   175.38172792768069
  ],
  [
   341.0048723357911,
   602.4866295718077
  ],
  [
   551.1308698033091,
   119.57416458716463
  ],
  [
   34.87644082526912,
   948.3351228235191
  ],
  [
   153.7164339830484,
   368.59918906233094
  ],
  [
   746.8087672436639,
   698.3466785148219
  ],
  [
   775.2683379992399,
   34.87644082526912
  ],
  [
   178.62641355527253,
   247.6040148966865
  ],
  [
   780.5310961132234,
   492.4617101612633
  ],
  [
   76.01369544651504,
   264.6459442821275
  ],
  [
   110.72146880501398,
   34.87644082526912
  ],
  [
   967.1235591747309,
   626.7730726757354
  ],
  [
   142.12986840415255,
   675.1149117598878
  ],
  [
   904.8665083360548,
   660.1525566781686
  ],
  [
   142.4798343035021,
   776.8504441094728
  ],
  [
   95.00564638798672,
   407.95002923501517
  ],
  [
   564.1894948055085,
   277.3709263650036
  ],
  [
   615.4065037429843,
   620.0571294119015
  ],
  [
   819.6254770236769,
   967.1235591747309
  ],
  [
   910.8596720691612,
   105.45549847969745
  ],
  [
   932.46327529888,
   967.1235591747309
  ],
  [
   293.0077209629046,
   907.655155045687
  ],
  [
   678.701741357428,
   201.4732773917124
  ],
  [
   524.6953944471894,
   608.1427689614831
  ],
  [
   500.28306584972756,
   74.76135782250302
  ],
  [
   275.5024252730249,
   394.1519869732714
  ],
  [
   370.58552440096935,
   400.42120494659207
  ],
  [
   248.98386921271975,
   303.09712646457075
  ],
  [
   361.8579952307539,
   724.2435225133138
  ],
  [
   564.4409425996101,
   908.0777731488271
  ],
  [
   675.4769804751652,
   940.4189088167461
  ],
  [
   454.39955258632943,
   380.86612408271236
  ],
  [
   306.0238694860911,
   213.33140316120225
  ],
  [
   772.447326611254,
   411.4552720618411
  ]
 ]
}