{
 "Object_Radius": 32.573500793528,
 "Object_Shape": "disc",
 "Workspace_Density": 0.2,
 "Workspace_Height": 1000,
 "Workspace_Width": 1000,
 "number_of_objects": 60,
 "point_list": [
  [
   279.3670377992832,
   73.21857534012966
  ],
  [
   510.0469332643627,
   760.0379947252637
  ],
  [
   197.7384730081803,
   290.2908180937996
  ],
  [
   75.78094762763655,
   633.3823220433046
  ],
  [
   425.80474023179613,
   528.7950409078525
  ],
  [
   166.6072461622789,
   412.7274238010315
  ],
  [
   706.2120312256536,
   736.1662048792314
  ],
  [
   34.87644082526912,
   763.1459982562762
  ],
  [
   639.90636936366,
   961.6715716803982
  ],
  [
   439.3157836136636,
   91.60437526315054
  ],
  [
   270.5861938413049,
   324.1441340972344
  ],
  [
   229.77159381205334,
   440.5984866359667
  ],
  [
   102.66133997894173,
   436.71001692335346
  ],
  [
   966.8110226342719,
   717.5235889941772
  ],
  [
   961.844100098406,
   240.6823395942733
  ],
  [
   880.9193582017685,
   967.1235591747309
  ],
  [
   304.59119624036504,
   485.1902896773506
  ],
  [
   785.8780079283617,
   306.6698494443367
  ],
  [
   508.1130094852955,
   967.1235591747309
  ],
  [
   119.76003452924537,
   874.7735249521744
  ],
  [
   577.608016323837,
   34.87644082526912
  ],
  [
   159.6979300760881,
   107.68884624830099
  ],
  [
   933.2659841247946,
   568.0693357807999
  ],
  [
   840.1374288271517,
   898.338099987103
  ],
  [
   520.421808277085,
   239.81668559014716
  ],
  [
   34.87644082526912,
   442.5156357883638
  ],
  [
   34.87644082526912,
   365.05163578991943
  ],
  [
   448.57727508413603,
   840.7740320427583
  ],
  [
   34.87644082526912,
   899.3185880966978
  ],
  [
   918.8911432930612,
   810.414760490696
  ],
  [
   644.698841409518,
   174.8007112986949
  ],
  [
   906.359808841227,
   192.44749702616915
  ],
  [
   34.87644082526912,
   967.1235591747309
  ],
  [
   750.1751154698854,
   34.87644082526912
  ],
  [
   54.358655891981435,
   697.7139406884558
  ],
  [
   793.4211917602031,
   954.8115332607285
  ],
  [
   967.1235591747309,
   864.3983480420842
  ],
  [
   584.3577049806523,
   291.0872164279669
  ],
  [
   34.87644082526912,
   831.5657140891497
  ],
  [
   967.1235591747309,
   630.2091213965545
  ],
  [
   275.7591765113108,
   890.8450114015423
  ],
  [
   89.59559617419043,
   234.86133220399796
  ],
  [
   49.3464716542872,
   518.8842362127571
  ],
  [
   911.0460170417924,
   906.4371785303896
  ],
  [
   588.3400482464219,
   713.2962117801245
  ],
  [
   845.2722026105228,
   823.2302349816152
  ],
  [
   896.5615583864883,
   125.40137195036503
  ],
  [
   372.163230637499,
   284.4555734718539
  ],
  [
   514.474956192518,
   666.544726523578
  ],
  [
   426.2494227752135,
   413.33458273889255
  ],
  [
   487.4565022280816,
   42.90031438996816
  ],
  [
   159.70526008780718,
   767.2224745096784
  ],
  [
   536.5902526471983,
   127.00123265926526
  ],
  [
   710.1547436393467,
   941.7670030974568
  ],
  [
   791.6904602291766,
   775.8403112485843
  ],
  [
   597.3384736131537,
   904.6472559955441
  ],
  [
   519.4320563508684,
   590.7219247320993
  ],
  [
   825.6502999542276,
   716.506463870387
  ],
  [
   654.1310356333488,
   262.4790248141201
  ],
  [
   884.1180274449345,
   266.3739410611938
  ]
 ]
}