{
 "Object_Radius": 32.573500793528,
 "Object_Shape": "disc",
 "Workspace_Density": 0.2,
 "Workspace_Height": 1000,
 "Workspace_Width": 1000,
 "number_of_objects": 60,
 "point_list": [
  [
   34.87644082526912,
   759.4307355906991
  ],
  [
   428.2223992375001,
   639.6141829385308
  ],
  [
   292.04841168778125,
   773.9431330116445
  ],
  [
   884.460886469291,
   872.599669976764
  ],
  [
   62.89504495242537,
   967.1235591747309
  ],
  [
   600.3845080447991,
   842.619473084908
  ],
  [
   539.517265545587,
   967.1235591747309
  ],
  [
   557.106033330673,
   721.1025049332571
  ],
  [
   723.2417253753567,
   293.29100896500876
  ],
  [
   326.4229634379919,
   102.77014018412318
  ],
  [
   118.97040578080507,
   239.75964202745402
  ],
  [
   737.326487189182,
   133.37790048289878
  ],
  [
   921.7052719970146,
   372.2188048253161
  ],
  [
   855.6882431820252,
   131.07085218917368
  ],
  [
   380.73150750802677,
   576.8481681947652
  ],
  [
   741.4241083650189,
   869.7986548296267
  ],
  [
   34.87644082526912,
   491.13666565218296
  ],
  [
   407.26936769516084,
   910.3618173948364
  ],
  [
   267.1424285116151,
   386.1964430152497
  ],
  [
   186.8553436433399,
   365.9846021283968
  ],
  [
   51.66877748747115,
   353.4860066677209
  ],
  [
   736.1268940136123,
   967.1235591747309
  ],
  [
   245.36588508967634,
   848.6977048948822
  ],
  [
   176.9678236772473,
   826.5991901397208
  ],
  [
   668.462932094342,
   963.4920912001334
  ],
  [
   855.3054274032546,
   270.0049794359046
  ],
  [
   617.0028448347966,
   470.996672943003
  ],
  [
   444.77145867733896,
   967.1235591747309
  ],
  [
   444.78130315100475,
   156.40717905733283
  ],
  [
   259.38355206159684,
   225.8850975710169
  ],
  [
   490.22203830860843,
   345.88256444957
  ],
  [
   738.4180700236877,
   372.6887935459791
  ],
  [
   614.0706376889258,
   773.1055011688037
  ],
  [
   814.5139913897804,
   884.6396691891614
  ],
  [
   472.111661204341,
   811.6280730154136
  ],
  [
   188.49189861266993,
   755.5141243345655
  ],
  [
   397.6126223567176,
   222.7240718370676
  ],
  [
   492.91990721145606,
   916.3589114901044
  ],
  [
   411.12012116240857,
   842.7184342805564
  ],
  [
   967.1235591747309,
   34.87644082526912
  ],
  [
   42.375286560679584,
   211.9355793488993
  ],
  [
   766.6237548580593,
   780.6362406908052
  ],
  [
   806.1976345253208,
   642.6821936390629
  ],
  [
   921.8809398479159,
   943.7292419194268
  ],
  [
   547.0894203233345,
   648.1769573492754
  ],
  [
   678.7679203334493,
   239.11674652877716
  ],
  [
   133.60838386423546,
   487.57314957194984
  ],
  [
   208.76817525292955,
   960.3354465449355
  ],
  [
   258.8413609430007,
   133.88282015790122
  ],
  [
   886.0599744056559,
   557.7973749473967
  ],
  [
   796.2297304055736,
   710.1729831055462
  ],
  [
   156.02092042426003,
   906.0437492019158
  ],
  [
   589.8510640275828,
   910.4920605475222
  ],
  [
   671.1290302162221,
   858.4391921838122
  ],
  [
   953.3715469797443,
   622.7740186955795
  ],
  [
   642.6465230098913,
   299.12569991820624
  ],
  [
   290.202453423522,
   665.5432489812009
  ],
  [
   614.0398771116274,
   582.5300910780707
  ],
  [
   878.6858539006461,
   683.3368547410773
  ],
  [
   910.078389526893,
   198.07868696780272
  ]
 ]
}