{
 "Object_Radius": 32.573500793528,
 "Object_Shape": "disc",
 "Workspace_Density": 0.2,
 "Workspace_Height": 1000,
 "Workspace_Width": 1000,
 "number_of_objects": 60,
 "point_list": [
  [
   135.25814404564295,
   214.50170586877093
  ],
  [
   262.0701327939162,
   485.6241652759763
  ],
  [
   210.7941994728058,
   130.7179760373665
  ],
  [
   326.56687611610874,
   659.8738642101764
  ],
  [
   181.95039543920453,
   34.87644082526912
  ],
  [
   463.86830373055994,
   57.27179234347266
  ],
  [
   967.1235591747309,
   899.3121386473038
  ],
  [
   684.9021102740647,
   346.13991260744683
  ],
  [
   767.0750630673381,
   110.53269350051387
  ],
  [
   894.2859736782189,
   129.6057981010931
  ],
  [
   434.25983461317685,
   526.1493015326354
  ],
  [
   866.2675195763472,
   845.6759357081257
  ],
  [
   216.5663145496542,
   199.1481361996339
  ],
  [
   892.0399878680269,
   956.8844926956004
  ],
  [
   967.1235591747309,
   296.4422483802743
  ],
  [
   515.0567374952337,
   900.0584629449676
  ],
  [
   34.87644082526912,
   34.87644082526912
  ],
  [
   925.0039829845072,
   694.759706140893
  ],
  [
   296.20513135563556,
   36.39852931701781
  ],
  [
   181.04444674319006,
   459.91707114519596
  ],
  [
   967.1235591747309,
   967.1235591747309
  ],
  [
   857.9231506681834,
   651.3680624770848
  ],
  [
   475.9877911201984,
   449.74106967209667
  ],
  [
   702.8957347189622,
   197.0761953325606
  ],
  [
   900.269613716927,
   326.91026676909104
  ],
  [
   591.1020095337374,
   503.69252653347485
  ],
  [
   747.8160492074421,
   926.2271544379969
  ],
  [
   547.8097116993137,
   373.39741649055185
  ],
  [
   535.1443998989554,
   34.87644082526912
  ],
  [
   245.04081129581036,
   662.4161481421037
  ],
  [
   801.7267396111733,
   582.98745287998
  ],
  [
   808.7971693311554,
   795.0794854498404
  ],
  [
   967.1235591747309,
   831.239495914689
  ],
  [
   350.64300335742405,
   169.08343443367517
  ],
  [
   872.063188758197,
   233.45174335589348
  ],
  [
   294.51525515455324,
   207.13167843376561
  ],
  [
   463.4292124613489,
   598.7525298618657
  ],
  [
   167.90471085128533,
   759.3292476005932
  ],
  [
   380.24704013843336,
   66.57202782915084
  ],
  [
   206.9639703142677,
   268.4231293421486
  ],
  [
   351.927467842002,
   469.20513831012863
  ],
  [
   139.02087266300558,
   659.3455920749019
  ],
  [
   927.6786524979085,
   578.5334449597445
  ],
  [
   509.86534629334767,
   663.5952389839263
  ],
  [
   876.0749191644707,
   757.2800777620936
  ],
  [
   317.1122921630899,
   930.5063982963671
  ],
  [
   34.87644082526912,
   539.7701362760827
  ],
  [
   265.1579327389808,
   356.3204083396022
  ],
  [
   111.20351777901723,
   34.87644082526912
  ],
  [
   437.04524365473736,
   390.0419418562462
  ],
  [
   34.87644082526912,
   326.5015067434696
  ],
  [
   75.04475696949598,
   922.9192074574387
  ],
  [
   967.1235591747309,
   641.6900003005638
  ],
  [
   814.7188256436262,
   340.12462837886915
  ],
  [
   494.53634703917066,
   232.74634772037558
  ],
  [
   378.22610765867984,
   279.0847386120042
  ],
  [
   769.236406446475,
   36.95093953576689
  ],
  [
   962.3120545482251,
   371.198467128237
  ],
  [
   531.9166306502055,
   302.604771722415
  ],
  [
   102.08918376007523,
   476.6015621881824
  ]
 ]
}