{
 "Object_Radius": 32.573500793528,
 "Object_Shape": "disc",
 "Workspace_Density": 0.2,
 "Workspace_Height": 1000,
 "Workspace_Width": 1000,
 "number_of_objects": 60,
 "point_list": [
  [
   465.90246697288217,
   181.95536773622754
  ],
  [
   889.1959122745965,
   967.1235591747309
  ],
  [
   678.9125210950473,
   966.2141112634332
  ],
  [
   34.87644082526912,
   283.17705125933014
  ],
  [
   326.440934110953,
   602.447183135695
  ],
  [
   361.18012896299655,
   699.5458228427825
  ],
  [
   330.75337713611384,
   325.7725659048597
  ],
  [
   662.5586309062337,
   134.39884860585582
  ],
  [
   756.1962053389041,
   876.1064781739989
  ],
  [
   387.2329965347347,
   966.1102483649861
  ],
  [
   34.87644082526912,
   790.961268379094
  ],
  [
   610.1341755438013,
   282.0828753405843
  ],
  [
   750.2023096445039,
   224.70866479158025
  ],
  [
   146.42890941058417,
   204.77157851157847
  ],
  [
   279.633389712287,
   411.8313541551389
  ],
  [
   290.6073166855662,
   677.4537625198972
  ],
  [
   967.1235591747309,
   377.925439236753
  ],
  [
   183.81242298029719,
   565.0571152353784
  ],
  [
   296.92940929948907,
   921.0597376139264
  ],
  [
   107.17462452154908,
   702.9838119552504
  ],
  [
   372.70433691657036,
   117.39832803183097
  ],
  [
   967.1235591747309,
   858.3757069390339
  ],
  [
   113.61052070687386,
   635.5258744983123
  ],
  [
   554.145169464399,
   34.87644082526912
  ],
  [
   527.7757332287969,
   845.1198661293438
  ],
  [
   170.2492319049349,
   353.4078104807263
  ],
  [
   967.1235591747309,
   302.292571729272
  ],
  [
   302.0960451885688,
   801.7918061455249
  ],
  [
   156.5151325574887,
   749.4170895645045
  ],
  [
   34.87644082526912,
   502.57960179203224
  ],
  [
   140.64881055796002,
   502.3216937839313
  ],
  [
   967.1235591747309,
   967.1235591747309
  ],
  [
   863.365485595405,
   844.6274786699133
  ],
  [
   34.87644082526912,
   881.9610893059846
  ],
  [
   138.30887127126488,
   879.498912637984
  ],
  [
   34.87644082526912,
   570.3324832632513
  ],
  [
   244.89583674678934,
   613.4230751965976
  ],
  [
   967.1235591747309,
   580.6201067647688
  ],
  [
   60.992604541777254,
   385.9759329754692
  ],
  [
   930.4242201136719,
   173.89955229816835
  ],
  [
   79.26063912648081,
   451.316841557413
  ],
  [
   438.66623077031056,
   912.5492157791722
  ],
  [
   785.7692606261495,
   532.8291967270663
  ],
  [
   63.60240798702088,
   88.95830819711625
  ],
  [
   761.5075159364155,
   647.0340278000741
  ],
  [
   967.1235591747309,
   672.2526633047515
  ],
  [
   246.2698260262356,
   845.7065991911805
  ],
  [
   488.6397803239695,
   430.6017726075375
  ],
  [
   45.74410122148431,
   644.0244183009031
  ],
  [
   851.2763334434189,
   224.24685339401913
  ],
  [
   225.42996576249325,
   731.3528019419175
  ],
  [
   639.3935111098457,
   910.0213603877185
  ],
  [
   554.6625389936286,
   621.5573693736994
  ],
  [
   810.7364546701729,
   464.93422503559856
  ],
  [
   712.8083452612512,
   286.09101641275095
  ],
  [
   828.1484108893546,
   915.1304080041464
  ],
  [
   176.20846943975891,
   431.81084372365393
  ],
  [
   365.77468315402297,
   837.0108085540517
  ],
  [
   180.37288553642645,
   649.4651557270537
  ],
  [
   177.27410290546183,
   813.9114160646493
  ]
 ]
}