{
 "Object_Radius": 32.573500793528,
 "Object_Shape": "disc",
 "Workspace_Density": 0.2,
 "Workspace_Height": 1000,
 "Workspace_Width": 1000,
 "number_of_objects": 60,
 "point_list": [
  [
   437.4842964191593,
   73.66023043649898
  ],
  [
   127.55390925415611,
   509.01798510831117
  ],
  [
   773.9160745629797,
   725.6777746042704
  ],
  [
   99.39802158013833,
   852.757715516566
  ],
  [
   303.8904623177417,
   215.36001103646717
  ],
  [
   521.261035965113,
   123.65051593540187
  ],
  [
   705.0201177753363,
   81.76399746612047
  ],
  [
   857.5771669537937,
   195.60785903770494
  ],
  [
   863.6000282468291,
   960.1817100734706
  ],
  [
   34.87644082526912,
   390.49809980697785
  ],
  [
   948.4050400907848,
   731.0444110770765
  ],
  [
   448.80774614942067,
   417.1863242557259
  ],
  [
   163.0403133303092,
   695.4390547294872
  ],
  [
   656.8436979678576,
   535.7824659796586
  ],
  [
   529.1888400404312,
   265.6188032952411
  ],
  [
   700.4960980515872,
   165.74305148262508
  ],
  [
   227.5373694671925,
   155.2432706689858
  ],
  [
   743.3701858486506,
   509.88408444765577
  ],
  [
   544.8314964622913,
   923.6311277882072
  ],
  [
   246.8038348541315,
   856.903785922281
  ],
  [
   605.3144356800607,
   702.0171402872451
  ],
  [
   723.544150252388,
   770.9891662544214
  ],
  [
   256.51686872773666,
   701.6055255500838
  ],
  [
   34.87644082526912,
   475.9595712994404
  ],
  [
   205.62800740092263,
   443.2378112597958
  ],
  [
   610.8011773855599,
   292.70462675968173
  ],
  [
   97.17776762933983,
   289.7633123199316
  ],
  [
   841.42964554008,
   731.3845734630744
  ],
  [
   363.0296278113216,
   181.78416296931132
  ],
  [
   410.50217312777426,
   476.867445440409
  ],
  [
   303.14447520209353,
   597.6698807247002
  ],
  [
   198.35612867676122,
   563.6327401399474
  ],
  [
   416.16846556304466,
   763.8726388798597
  ],
  [
   461.145891268861,
   549.4040134048543
  ],
  [
   788.9593805647804,
   637.7127685504861
  ],
  [
   693.210266749513,
   365.37449989218203
  ],
  [
   269.65934659211996,
   484.22366188474155
  ],
  [
   34.87644082526912,
   230.50851303556826
  ],
  [
   105.19884974789052,
   442.9421003373926
  ],
  [
   34.87644082526912,
   747.8989250664837
  ],
  [
   891.5182832220363,
   270.3696111809584
  ],
  [
   832.1142914608444,
   34.87644082526912
  ],
  [
   589.0117574943503,
   518.9225090701984
  ],
  [
   744.4334520866232,
   318.19487674424335
  ],
  [
   142.51036976033592,
   239.20144922287645
  ],
  [
   418.63212143940433,
   641.6478728092709
  ],
  [
   696.1480029661006,
   833.2656642263535
  ],
  [
   94.7381210052951,
   617.5430567835152
  ],
  [
   344.20787601285986,
   308.55031002040744
  ],
  [
   929.6168229796979,
   569.1409990184658
  ],
  [
   967.1235591747309,
   260.3562347097725
  ],
  [
   419.30780434297986,
   318.35160736245757
  ],
  [
   848.7992031214187,
   605.3894027876007
  ],
  [
   52.66014242922989,
   34.87644082526912
  ],
  [
   967.1235591747309,
   507.3651807622375
  ],
  [
   967.1235591747309,
   34.87644082526912
  ],
  [
   840.8111829608745,
   857.0286049419943
  ],
  [
   34.87644082526912,
   160.50090617697484
  ],
  [
   764.9301003282102,
   233.8414687811724
  ],
  [
   561.9582692897626,
   34.87644082526912
  ]
 ]
}