{
 "Object_Radius": 39.89422804014327,
 "Object_Shape": "disc",
 "Workspace_Density": 0.2,
 "Workspace_Height": 1000,
 "Workspace_Width": 1000,
 "number_of_objects": 40,
 "point_list": [
  [
   927.0425890244619,
   284.9170633067915
  ],
  [
   635.3988123445771,
   667.9914935885854
  ],
  [
   53.198247987571456,
   612.8252899425863
  ],
  [
   400.541953315334,
   606.784662191287
  ],
  [
   129.80241954584992,
   237.971174241547
  ],
  [
   506.17748784214655,
   302.15179888090324
  ],
  [
   358.5950994119022,
   959.510002838251
  ],
  [
   611.921154995137,
   573.5668650374423
  ],
  [
   482.49857452818895,
   565.5118736227579
  ],
  [
   535.8368342945344,
   838.7242380679767
  ],
  [
   312.33754784817245,
   596.613125603531
  ],
  [
   750.6401549952999,
   292.81839758544135
  ],
  [
   811.2180247111572,
   867.0708500879402
  ],
  [
   959.510002838251,
   511.60077519734483
  ],
  [
   218.19078816198757,
   636.4804449678654
  ],
  [
   823.2048797937842,
   156.14776730988956
  ],
  [
   693.7934382041927,
   800.9435695222564
  ],
  [
   646.7416985804399,
   946.0514040507616
  ],
  [
   454.5044862857284,
   959.510002838251
  ],
  [
   314.4472350002039,
   42.489997161749
  ],
  [
   289.20932851634893,
   698.0608748619899
  ],
  [
   82.90344647720075,
   532.2865672216643
  ],
  [
   174.83271209748895,
   117.26107465200953
  ],
  [
   502.9381743755852,
   722.0891342464154
  ],
  [
   349.7722690424659,
   317.90388946828574
  ],
  [
   244.85329152484664,
   343.16838723652955
  ],
  [
   414.66341196603724,
   863.1205056927698
  ],
  [
   206.2141795016825,
   420.24571856842385
  ],
  [
   832.3586663149448,
   259.42074294630754
  ],
  [
   740.3244662184502,
   479.75526198664517
  ],
  [
   42.489997161749,
   215.67985106411368
  ],
  [
   169.6484128704251,
   494.7347969034335
  ],
  [
   959.510002838251,
   46.382201031558324
  ],
  [
   959.510002838251,
   926.9543356057998
  ],
  [
   869.882752936359,
   437.04387419369704
  ],
  [
   627.2771217003719,
   169.0925671852691
  ],
  [
   959.510002838251,
   599.1341192176459
  ],
  [
   337.6550698558495,
   159.13366689426965
  ],
  [
   578.1112941509186,
   757.2578720242832
  ],
  [
   379.263948509397,
   691.9302623175566
  ]
 ]
}