{
 "Object_Radius": 39.89422804014327,
 "Object_Shape": "disc",
 "Workspace_Density": 0.2,
 "Workspace_Height": 1000,
 "Workspace_Width": 1000,
 "number_of_objects": 40,
 "point_list": [
  [
   409.06432341495315,
   322.88550944130435
  ],
  [
   179.43003044852824,
   886.3417548908079
  ],
  [
   386.072276546563,
   746.8949864747366
  ],
  [
   959.510002838251,
   231.80722002455755
  ],
  [
   516.7644070282951,
   426.74405002840007
  ],
  [
   362.6379559520934,
   554.5360326085865
  ],
  [
   281.4626945303453,
   891.521786076873
  ],
  [
   218.72943781682451,
   959.510002838251
  ],
  [
   241.5274381285008,
   205.42907166504068
  ],
  [
   549.4557267637247,
   52.172354037687356
  ],
  [
   101.83533083043281,
   584.7536461297552
  ],
  [
   721.7966119957932,
   913.8734302640623
  ],
  [
   315.21922982131537,
   98.13519508529234
  ],
  [
   592.6261750582705,
   844.323574257461
  ],
  [
   616.658010481976,
   104.94921566361253
  ],
  [
   329.28591664405366,
   959.510002838251
  ],
  [
   42.489997161749,
   959.510002838251
  ],
  [
   133.32563007988142,
   463.9213301378756
  ],
  [
   138.58882079263753,
   778.6773848331472
  ],
  [
   732.2386067549322,
   42.489997161749
  ],
  [
   42.489997161749,
   672.7050090657707
  ],
  [
   190.39684993342158,
   272.732003331633
  ],
  [
   564.9800599567799,
   555.3325239774342
  ],
  [
   451.3024189732606,
   900.5460536435872
  ],
  [
   42.489997161749,
   481.1264391273401
  ],
  [
   42.489997161749,
   202.96330821583896
  ],
  [
   803.4339620837019,
   268.3098500475589
  ],
  [
   247.8534076342113,
   708.7100591894409
  ],
  [
   959.510002838251,
   385.4530008912451
  ],
  [
   629.6553802528905,
   959.510002838251
  ],
  [
   42.489997161749,
   803.7434663789
  ],
  [
   397.70656852963583,
   419.8003089070748
  ],
  [
   959.510002838251,
   939.6357633287641
  ],
  [
   576.5350977675644,
   221.68744349893964
  ],
  [
   863.2600377417494,
   325.8121914243485
  ],
  [
   100.06200883980543,
   262.72234231517837
  ],
  [
   801.7525580670258,
   151.3671370524741
  ],
  [
   739.4237528890936,
   215.50210970249364
  ],
  [
   894.89803306504,
   456.03471081409816
  ],
  [
   665.5768499498749,
   781.705413139608
  ]
 ]
}