{
 "Object_Radius": 39.89422804014327,
 "Object_Shape": "disc",
 "Workspace_Density": 0.2,
 "Workspace_Height": 1000,
 "Workspace_Width": 1000,
 "number_of_objects": 40,
 "point_list": [
  [
   359.78350497076116,
   600.7041601254966
  ],
  [
   42.489997161749,
   266.36513224894145
  ],
  [
   879.4478784677934,
   450.4953587157872
  ],
  [
   732.6335228070951,
   677.9038421121965
  ],
  [
   959.510002838251,
   417.7607624956827
  ],
  [
   728.2089347247769,
   804.107119244667
  ],
  [
   821.6887849935761,
   885.7268708399677
  ],
  [
   122.03221947568451,
   159.67942273865194
  ],
  [
   126.74359982473015,
   814.0281284825313
  ],
  [
   654.0439868241788,
   459.76450092606524
  ],
  [
   891.3112958089092,
   286.99832493858025
  ],
  [
   274.86212915723837,
   42.489997161749
  ],
  [
   864.0499361817202,
   686.2777026645024
  ],
  [
   553.5321993919925,
   42.489997161749
  ],
  [
   959.510002838251,
   717.172765881206
  ],
  [
   613.8625965593149,
   239.87491833761365
  ],
  [
   959.510002838251,
   226.39832976865137
  ],
  [
   491.8893623551093,
   229.8306717263351
  ],
  [
   519.7938063875393,
   119.87859463087614
  ],
  [
   905.1969687024491,
   609.2168311160751
  ],
  [
   910.2358500861288,
   95.37792616215975
  ],
  [
   959.510002838251,
   500.74074851867266
  ],
  [
   758.522819069678,
   49.351130123595375
  ],
  [
   681.367949097866,
   586.9744206577282
  ],
  [
   708.5971580003958,
   249.6347646541487
  ],
  [
   834.5039445090232,
   153.07952027097753
  ],
  [
   437.38264097642985,
   395.6551997123239
  ],
  [
   489.65021222825607,
   842.0063011744882
  ],
  [
   405.7225292990045,
   728.5222069831572
  ],
  [
   573.9597800926053,
   835.5334205852865
  ],
  [
   170.74102575606352,
   590.7280194418286
  ],
  [
   406.6099932109499,
   841.1114977079784
  ],
  [
   90.03994184655225,
   42.489997161749
  ],
  [
   959.510002838251,
   334.7766918817293
  ],
  [
   605.8871760549315,
   647.4165687327713
  ],
  [
   352.8383865556445,
   485.0255491132655
  ],
  [
   495.60677913934404,
   727.1626730412787
  ],
  [
   123.33502437741272,
   299.1942476435103
  ],
  [
   959.510002838251,
   820.2962638984824
  ],
  [
   43.0780716692043,
   922.1582593887803
  ]
 ]
}