{
 "Object_Radius": 23.7007031237394,
 "Object_Shape": "disc",
 "Workspace_Density": 0.3,
 "Workspace_Height": 1000,
 "Workspace_Width": 1000,
 "number_of_objects": 170,
 "point_list": [
  [
   642.4939979193884,
   846.2743297051527
  ],
  [
   345.86116695303923,
   589.7436525348685
  ],
  [
   61.92970392221009,
   408.5146678211522
  ],
  [
   475.51841350219354,
   549.8588118465682
  ],
  [
   471.51437316425995,
   974.9292265638867
  ],
  [
   923.5809247554336,
   533.1425636645546
  ],
  [
   795.7011790475345,
   610.0733862260573
  ],
  [
   182.25522452574796,
   740.1990063761873
  ],
  [
   124.91117394458979,
   601.0641346803393
  ],
  [
   622.0112534440618,
   90.04186442988859
  ],
  [
   288.0872164703736,
   335.6089052622483
  ],
  [
   110.15365016441734,
   974.9292265638867
  ],
  [
   568.2522050546213,
   60.750217535204534
  ],
  [
   27.070773436113345,
   780.0179684835581
  ],
  [
   286.4951672704901,
   444.53804814347666
  ],
  [
   142.46689133852553,
   892.0264446911564
  ],
  [
   452.9945744319697,
   249.54202301707303
  ],
  [
   278.25745488260003,
   558.2243445502919
  ],
  [
   31.648564512356057,
   602.1883931391213
  ],
  [
   762.3346527457677,
   706.5085280523946
  ],
  [
   264.4812962435077,
   908.9038523318928
  ],
  [
   795.3064759820401,
   758.5898675705382
  ],
  [
   419.58022896632093,
   832.0666620425129
  ],
  [
   973.5145689566973,
   307.2124463726612
  ],
  [
   382.03898897934425,
   208.51910287386477
  ],
  [
   130.0113181851299,
   27.070773436113345
  ],
  [
   215.37905706283217,
   535.999120180527
  ],
  [
   383.42285016413115,
   92.16726301635464
  ],
  [
   865.1984552097688,
   649.0024814963763
  ],
  [
   89.94721140944412,
   110.49362252363385
  ],
  [
   701.1112389648966,
   314.7951064415472
  ],
  [
   698.515631061785,
   679.7662673236307
  ],
  [
   338.5119816884249,
   413.05740610603647
  ],
  [
   584.3596827027717,
   769.6458727679541
  ],
  [
   126.90488620029355,
   393.92985679248375
  ],
  [
   372.66901371212464,
   482.28591658479246
  ],
  [
   808.1765430197319,
   372.35685494974126
  ],
  [
   727.0249322918884,
   476.6195703881158
  ],
  [
   249.07871997260747,
   668.837365365178
  ],
  [
   861.7093310007383,
   949.0685868007583
  ],
  [
   223.2461463225916,
   865.2929561618447
  ],
  [
   32.51955228397976,
   91.84163610882217
  ],
  [
   974.9292265638867,
   685.0643155443088
  ],
  [
   820.2722950935935,
   244.39332629092667
  ],
  [
   362.5999606357841,
   892.2941224448742
  ],
  [
   891.7573714719177,
   395.62576011615806
  ],
  [
   804.7848318582616,
   546.3450159574555
  ],
  [
   863.4593806307381,
   871.6733767618801
  ],
  [
   533.3412972120341,
   457.17536505595143
  ],
  [
   27.070773436113345,
   39.94970826113762
  ],
  [
   412.78820222070146,
   708.5342713980939
  ],
  [
   376.05405450930976,
   323.336229523207
  ],
  [
   590.685330970944,
   892.3050464122173
  ],
  [
   517.5764897491846,
   775.5635113220429
  ],
  [
   162.76735620017473,
   345.3624019524213
  ],
  [
   581.3889551998434,
   273.50175771983817
  ],
  [
   330.36802045453334,
   698.0604371302421
  ],
  [
   495.60850414797915,
   833.0965956297791
  ],
  [
   430.3065825028046,
   298.3468674156238
  ],
  [
   357.7332746972929,
   974.9292265638867
  ],
  [
   814.5044131520099,
   917.6800509970698
  ],
  [
   122.44291026949287,
   782.1144791589023
  ],
  [
   56.411981875598485,
   950.3098383799401
  ],
  [
   392.58181239608945,
   27.070773436113345
  ],
  [
   285.99794067746257,
   725.8233668765404
  ],
  [
   374.0647190097855,
   271.22260880630057
  ],
  [
   878.6142104363487,
   485.4834885004753
  ],
  [
   742.0412507023829,
   597.7048423104793
  ],
  [
   369.06763609779705,
   741.6696092498845
  ],
  [
   192.25193539185713,
   178.47690278492934
  ],
  [
   170.20343877434644,
   635.5252536450624
  ],
  [
   847.0136089953127,
   158.12615893073647
  ],
  [
   217.0033318731102,
   591.6954602350066
  ],
  [
   738.2983006087235,
   866.0426083455529
  ],
  [
   318.64294299607235,
   927.6710402099252
  ],
  [
   287.0812483341068,
   27.070773436113345
  ],
  [
   257.0166950998425,
   777.5256747537961
  ],
  [
   631.7819585024141,
   237.60908566508576
  ],
  [
   974.9292265638867,
   439.96558200719954
  ],
  [
   602.1568630953219,
   141.5812450807371
  ],
  [
   535.6385994241662,
   674.4433302049823
  ],
  [
   182.15369051825888,
   27.070773436113345
  ],
  [
   111.84078932602807,
   444.2981343504642
  ],
  [
   759.8229921051126,
   517.8723653223248
  ],
  [
   765.3855989482355,
   225.7033075982158
  ],
  [
   289.64106473661235,
   163.2839662933078
  ],
  [
   170.56015221586347,
   427.75738426043637
  ],
  [
   371.9572812504791,
   664.7238661869293
  ],
  [
   27.070773436113345,
   453.86260131843693
  ],
  [
   89.0263515637944,
   647.5877354280916
  ],
  [
   494.82624942996216,
   127.30401293038112
  ],
  [
   873.6997343266145,
   286.6452950356012
  ],
  [
   416.9724628108819,
   526.0704379310064
  ],
  [
   648.6677869294399,
   28.206801695455972
  ],
  [
   904.8273739822181,
   189.92518619889347
  ],
  [
   398.1274449795516,
   580.6865048053908
  ],
  [
   328.06633453943783,
   299.10300680119275
  ],
  [
   395.16688493360704,
   426.94495344089205
  ],
  [
   644.3427825823087,
   629.7685790780979
  ],
  [
   538.9573515617454,
   865.0185748859637
  ],
  [
   576.3973214931278,
   501.11915203023705
  ],
  [
   552.3051504276318,
   118.50093711421935
  ],
  [
   952.1415151321744,
   860.2767305876025
  ],
  [
   144.70808254216257,
   86.74877783508744
  ],
  [
   242.88618933783573,
   477.8644585004357
  ],
  [
   371.37583323589604,
   151.19754767134373
  ],
  [
   284.664964443592,
   974.9292265638867
  ],
  [
   791.5026583348347,
   294.67847503837936
  ],
  [
   907.6806940239962,
   701.5765340760742
  ],
  [
   877.0706885964189,
   556.7302703052046
  ],
  [
   517.3179731090072,
   610.6917476820996
  ],
  [
   77.86977647911851,
   27.070773436113345
  ],
  [
   686.1158503937324,
   365.7318243306521
  ],
  [
   917.2959994983088,
   444.65593839049
  ],
  [
   37.95870708813131,
   310.4782945978557
  ],
  [
   181.37108020080618,
   800.1643620747424
  ],
  [
   747.07929535104,
   391.2202305531632
  ],
  [
   269.1760005424898,
   611.340309061019
  ],
  [
   206.83949119009887,
   262.94976427535994
  ],
  [
   974.9292265638867,
   387.6583007753091
  ],
  [
   416.11270186803637,
   974.9292265638867
  ],
  [
   493.4421837866914,
   329.7618940969047
  ],
  [
   846.6828958548989,
   599.1212285067683
  ],
  [
   528.4023673362709,
   394.6850303599419
  ],
  [
   553.4257001425859,
   572.3545782176644
  ],
  [
   445.3292282981326,
   389.36259336078626
  ],
  [
   121.66410570265316,
   548.2126405216019
  ],
  [
   394.02874990168965,
   374.7132577742334
  ],
  [
   83.51169745972472,
   863.7592110029898
  ],
  [
   952.2239911269415,
   488.1412965339079
  ],
  [
   959.3988102370888,
   238.52267123966774
  ],
  [
   228.3847921302647,
   974.9292265638867
  ],
  [
   787.7924850933294,
   838.2594592658767
  ],
  [
   511.9169306367468,
   721.9363883715731
  ],
  [
   632.6556169896833,
   380.8380475432036
  ],
  [
   233.37251211072697,
   36.83669452060302
  ],
  [
   427.1636681450793,
   766.7371267301102
  ],
  [
   27.070773436113345,
   210.59270623682835
  ],
  [
   253.56865965244444,
   234.51327163058912
  ],
  [
   282.21258933985825,
   99.92464274851731
  ],
  [
   762.58457833021,
   974.9292265638867
  ],
  [
   584.9239281866162,
   420.03682011135
  ],
  [
   670.6075806799431,
   500.16855763035005
  ],
  [
   793.5341179363708,
   27.070773436113345
  ],
  [
   710.3082980725733,
   958.2287057594365
  ],
  [
   544.3344858860962,
   974.9292265638867
  ],
  [
   546.1754092057707,
   178.3341894964804
  ],
  [
   370.1303147313985,
   796.8893304459523
  ],
  [
   418.57590662382114,
