{
 "Object_Radius": 23.7007031237394,
 "Object_Shape": "disc",
 "Workspace_Density": 0.3,
 "Workspace_Height": 1000,
 "Workspace_Width": 1000,
 "number_of_objects": 170,
 "point_list": [
  [
   350.2323158918207,
   66.6091839628915
  ],
  [
   534.470326713157,
   624.8603993264408
  ],
  [
   839.687016013389,
   174.31239016720446
  ],
  [
   762.6224069383695,
   466.17758588253594
  ],
  [
   72.9573269507325,
   174.30914378894116
  ],
  [
   371.9797682716212,
   140.81017944677947
  ],
  [
   836.3082310498565,
   769.9523617700164
  ],
  [
   945.6986337847998,
   833.0926732789974
  ],
  [
   151.8637081541927,
   63.582760344101374
  ],
  [
   87.41721684817207,
   495.2172166981947
  ],
  [
   747.8661911439792,
   972.732552695574
  ],
  [
   443.35893024037347,
   902.3190225584559
  ],
  [
   276.34568711219043,
   61.51587378149951
  ],
  [
   530.7187413848535,
   857.8359164556372
  ],
  [
   917.430844023123,
   478.5528992525839
  ],
  [
   301.0535785341973,
   241.23678557703633
  ],
  [
   242.25500531544674,
   500.59210423798237
  ],
  [
   511.75347115028467,
   770.4165062512759
  ],
  [
   502.5516112611534,
   258.68346358961685
  ],
  [
   974.9292265638867,
   372.2111919925747
  ],
  [
   119.25829918025488,
   373.4048901838081
  ],
  [
   61.28915535339353,
   252.3564047865951
  ],
  [
   220.999462172823,
   701.796835645189
  ],
  [
   394.1400764866591,
   367.3910485674741
  ],
  [
   200.92418255540895,
   446.86631700240497
  ],
  [
   874.0895958744106,
   510.2180432930079
  ],
  [
   491.733128618189,
   502.6915449999517
  ],
  [
   27.070773436113345,
   582.5216794698937
  ],
  [
   140.75773469350534,
   609.4538113976795
  ],
  [
   706.7696319321371,
   940.5910925962398
  ],
  [
   827.5011212373821,
   930.6127510584087
  ],
  [
   467.1764220141096,
   549.1594765326583
  ],
  [
   316.48744306437806,
   966.7006362794333
  ],
  [
   649.3624948552052,
   371.69628847961627
  ],
  [
   723.7319031278616,
   187.4782380710509
  ],
  [
   325.74936557553355,
   635.6525332921466
  ],
  [
   40.73641387163502,
   731.2570516274957
  ],
  [
   433.1138229150113,
   846.0884594129046
  ],
  [
   974.9292265638867,
   689.470687564256
  ],
  [
   176.62872822683568,
   650.2657279374818
  ],
  [
   66.37235318550223,
   685.8517888727486
  ],
  [
   118.49879406495097,
   687.1067637583346
  ],
  [
   665.9620564803687,
   148.61597057578135
  ],
  [
   904.9472169114705,
   587.0531434605472
  ],
  [
   570.4801891237963,
   708.6006492474535
  ],
  [
   660.023178889717,
   475.8511010154051
  ],
  [
   448.03422454185767,
   753.6707848306088
  ],
  [
   607.5377144272968,
   70.89684834583021
  ],
  [
   350.95689735328483,
   286.20904498159587
  ],
  [
   857.2999160228059,
   117.62545535971725
  ],
  [
   175.9007435807038,
   314.2495475314529
  ],
  [
   686.8649196975524,
   228.40856713882462
  ],
  [
   661.6474393051923,
   914.454991653022
  ],
  [
   736.6954701018873,
   654.8435050288875
  ],
  [
   392.88674370174095,
   431.23150917541
  ],
  [
   140.95137271550138,
   482.4065682578777
  ],
  [
   812.409562560753,
   66.28210476556836
  ],
  [
   408.8895970694522,
   941.8329137451192
  ],
  [
   457.59125659197514,
   398.9461457976708
  ],
  [
   694.3753907365743,
   91.37522642646704
  ],
  [
   101.71623596646465,
   219.1545397705459
  ],
  [
   809.2310386506007,
   689.8840816025224
  ],
  [
   935.9423751395977,
   35.859614090057114
  ],
  [
   304.9936650284297,
   762.5458937073439
  ],
  [
   483.92716414754403,
   205.2767859752468
  ],
  [
   665.8412023980226,
   974.9292265638867
  ],
  [
   491.48763258575235,
   332.0376347159183
  ],
  [
   123.29939723893689,
   904.4742476013685
  ],
  [
   232.30953410181246,
   94.66876953045983
  ],
  [
   770.4775920678828,
   795.7349471505769
  ],
  [
   27.070773436113345,
   651.5454780825617
  ],
  [
   800.0083385667157,
   974.9292265638867
  ],
  [
   331.88445416568004,
   341.08534893244956
  ],
  [
   338.45483393511716,
   522.276026596899
  ],
  [
   194.73356356726362,
   523.4785751657112
  ],
  [
   816.2686298135429,
   501.5903035502543
  ],
  [
   60.353064338052874,
   847.058979439652
  ],
  [
   714.7038401886346,
   571.1293353781202
  ],
  [
   313.8091961863228,
   572.9313111377693
  ],
  [
   771.1090658681718,
   599.3049765007454
  ],
  [
   502.22500126560476,
   27.070773436113345
  ],
  [
   58.328645759079905,
   539.3944613031889
  ],
  [
   385.8852313173644,
   498.341456268454
  ],
  [
   715.8234089064296,
   828.1531389031445
  ],
  [
   472.64019928604114,
   645.504590197508
  ],
  [
   396.29732731999286,
   239.61996106501618
  ],
  [
   892.8605979486604,
   638.5914421220679
  ],
  [
   631.3294414189761,
   634.94819036995
  ],
  [
   95.48529230179838,
   737.5660779841971
  ],
  [
   27.070773436113345,
   27.070773436113345
  ],
  [
   444.5147979696137,
   277.46944327397307
  ],
  [
   974.9292265638867,
   741.685105607077
  ],
  [
   27.070773436113345,
   291.9315114108536
  ],
  [
   340.74272206172685,
   801.3982306697892
  ],
  [
   94.61050843920353,
   638.5369534361737
  ],
  [
   393.75853283311096,
   645.6753642344047
  ],
  [
   939.7326666328521,
   780.3043136604225
  ],
  [
   969.6466981917479,
   499.3624205703531
  ],
  [
   282.66867634629165,
   467.28983488456436
  ],
  [
   382.394236088835,
   550.396816755285
  ],
  [
   674.558055753603,
   863.8758990177696
  ],
  [
   124.88934343196183,
   782.8420662379577
  ],
  [
   893.9137197958687,
   368.4558577699209
  ],
  [
   958.5768529991599,
   169.98234239446853
  ],
  [
   393.17723454519256,
   811.3218678600431
  ],
  [
   224.31096435115734,
   618.6866981517826
  ],
  [
   614.7012523643757,
   891.7593103616268
  ],
  [
   321.79686574768294,
   432.6845362625011
  ],
  [
   430.8031044772179,
   170.81640198592862
  ],
  [
   429.2319936173007,
   585.1430746816351
  ],
  [
   365.0670680375401,
   600.7756170421818
  ],
  [
   647.6706698176104,
   795.0834325828812
  ],
  [
   586.9473490643056,
   398.47562741049023
  ],
  [
   36.37893037710813,
   789.8095225515799
  ],
  [
   762.009138396459,
   854.1644397724849
  ],
  [
   906.5796122357153,
   200.03678992345408
  ],
  [
   609.1462777279647,
   163.22676948832702
  ],
  [
   185.44082229207453,
   575.6784596109802
  ],
  [
   685.6793310009341,
   413.45244762967934
  ],
  [
   830.3949172442468,
   451.1133764722422
  ],
  [
   844.7089122585393,
   345.6371706546992
  ],
  [
   869.9973901494527,
   686.9693855906728
  ],
  [
   156.83991529368149,
   197.14180767777484
  ],
  [
   619.3503115313184,
   949.9521836748386
  ],
  [
   408.65645651196604,
   70.02673897790346
  ],
  [
   158.40281720003657,
   412.84474215473193
  ],
  [
   728.2825728499976,
   316.2982378281696
  ],
  [
   641.5971615904332,
   688.0142165230369
  ],
  [
   39.96955113832481,
   78.30100743476083
  ],
  [
   481.0927782620507,
   825.3727956823094
  ],
  [
   103.38513784268031,
   27.070773436113345
  ],
  [
   27.070773436113345,
   346.40907654831943
  ],
  [
   737.6274364450466,
   400.54883082094005
  ],
  [
   224.96120290024413,
   974.9292265638867
  ],
  [
   477.2341054112094,
   448.9185615189548
  ],
  [
   498.11688431382606,
   974.9292265638867
  ],
  [
   286.5511791566633,
   528.1594281435791
  ],
  [
   167.7567372292703,
   704.2063841030127
  ],
  [
   673.2309466516101,
   27.070773436113345
  ],
  [
   592.8133552836179,
   599.5569475870125
  ],
  [
   570.2060783445057,
   969.5351461740418
  ],
  [
   811.9570895604497,
   220.3284550992768
  ],
  [
   192.1369678547491,
   372.09939991713964
  ],
  [
   338.5661944740467,
   859.2200814163093
  ],
  [
   915.6565438684437,
   879.9894000900933
  ],
  [
   777.5398530268301,
   342.4679802821725
  ],
  [
   777.8839601996932,
   27.070773436113345
  ],
  [
   709.6445343461996,
   459.76242153525055
  ],
  [
   266.0203123441511,
   193.66886866852255
  ],
  [
