{
 "Object_Radius": 23.7007031237394,
 "Object_Shape": "disc",
 "Workspace_Density": 0.3,
 "Workspace_Height": 1000,
 "Workspace_Width": 1000,
 "number_of_objects": 170,
 "point_list": [
  [
   651.2627520455567,
   380.7557834659959
  ],
  [
   215.81876937232636,
   675.7682657070959
  ],
  [
   130.16201457001873,
   468.58649562590085
  ],
  [
   586.3154619982953,
   581.4215455992039
  ],
  [
   828.8199600516155,
   316.01268249802735
  ],
  [
   891.7772713222895,
   459.15880273792203
  ],
  [
   27.070773436113345,
   237.75927308496725
  ],
  [
   27.070773436113345,
   27.070773436113345
  ],
  [
   427.69741710952036,
   127.60127906260057
  ],
  [
   599.7247394803466,
   29.894903495900515
  ],
  [
   602.9096493905352,
   401.2404040207913
  ],
  [
   275.23927437479796,
   840.3009682926703
  ],
  [
   746.4923860617315,
   627.1457552130529
  ],
  [
   628.0192970798985,
   830.2093095665965
  ],
  [
   690.0272086598771,
   578.6372965109304
  ],
  [
   203.8849310749623,
   214.08251314916183
  ],
  [
   648.2524666236362,
   58.3431978017325
  ],
  [
   567.2357415945658,
   439.4997225907581
  ],
  [
   690.3359478204881,
   240.98413956571414
  ],
  [
   400.863183778073,
   323.1477095480629
  ],
  [
   79.21520548574652,
   27.070773436113345
  ],
  [
   826.4175255968655,
   713.9858920245853
  ],
  [
   100.5641538887097,
   905.2369863690508
  ],
  [
   320.26629062519567,
   152.44384673459118
  ],
  [
   214.43360978621482,
   863.4960417898552
  ],
  [
   949.0865052220829,
   754.5846504914601
  ],
  [
   733.9773383938914,
   842.6460142032817
  ],
  [
   720.5898746348826,
   521.937627338103
  ],
  [
   563.3740948007619,
   774.6830589736552
  ],
  [
   546.2637214570727,
   352.867803679688
  ],
  [
   155.45049171748659,
   850.6068429796974
  ],
  [
   403.3491853098987,
   888.5717206099674
  ],
  [
   400.30004681763904,
   27.070773436113345
  ],
  [
   485.04600303509477,
   877.6282018690174
  ],
  [
   540.9284318675261,
   293.88064914328976
  ],
  [
   377.26809781823204,
   635.4119214470664
  ],
  [
   70.96722452567968,
   659.6727723705916
  ],
  [
   100.89337965076746,
   399.73555579588214
  ],
  [
   583.1624242732609,
   248.80651056048646
  ],
  [
   323.2415972752262,
   788.0670171752711
  ],
  [
   974.9292265638867,
   259.20967336736186
  ],
  [
   553.3108565237787,
   715.2262404866157
  ],
  [
   27.070773436113345,
   702.2951272033916
  ],
  [
   130.74758245161968,
   233.90352520877227
  ],
  [
   54.2819044708825,
   804.0294113517513
  ],
  [
   607.8585522279114,
   745.5821894943988
  ],
  [
   543.9033529816836,
   59.30778945447448
  ],
  [
   184.22676805395992,
   487.26913953546807
  ],
  [
   27.070773436113345,
   756.1176370974874
  ],
  [
   423.6173024316815,
   275.96147283277054
  ],
  [
   793.4779996681324,
   912.9815872201483
  ],
  [
   902.5443152639484,
   512.2952408130549
  ],
  [
   504.3904947673713,
   392.48657318804567
  ],
  [
   627.3337222079923,
   922.5850646612226
  ],
  [
   897.0008732001768,
   757.8430121886269
  ],
  [
   598.1738195902097,
   110.02028305979384
  ],
  [
   129.44431363370126,
   41.069491662405035
  ],
  [
   787.7419376947543,
   570.5721512647526
  ],
  [
   588.8517287155214,
   646.5912231015578
  ],
  [
   962.1017721770734,
   962.4091817301687
  ],
  [
   362.33568674173154,
   533.5051632808672
  ],
  [
   153.51817051398183,
   416.1762219077627
  ],
  [
   665.1964888265746,
   330.36640635033973
  ],
  [
   621.4514850499471,
   541.6138309340311
  ],
  [
   371.32003551255997,
   134.3755510741892
  ],
  [
   974.9292265638867,
   801.4392380632104
  ],
  [
   506.9415206964174,
   251.19311451469028
  ],
  [
   476.5448573328649,
   564.8106740571197
  ],
  [
   880.3004841659148,
   702.5633830144963
  ],
  [
   974.9292265638867,
   906.5690327485263
  ],
  [
   527.1013352970932,
   542.8955919531378
  ],
  [
   27.070773436113345,
   290.1602567115981
  ],
  [
   144.31321991290406,
   97.96944533376285
  ],
  [
   573.5573965595518,
   826.7110845420151
  ],
  [
   830.4589004343427,
   419.66335120877676
  ],
  [
   684.3920795748597,
   974.9292265638867
  ],
  [
   420.23915791000434,
   581.1899239117064
  ],
  [
   335.1436060922792,
   729.5027822561631
  ],
  [
   713.8001352233828,
   311.134973731787
  ],
  [
   251.48502541155054,
   366.39540062987487
  ],
  [
   862.9164724694141,
   192.50242311264572
  ],
  [
   188.03796264260964,
   44.115283448789235
  ],
  [
   456.69996696078914,
   235.3272446353716
  ],
  [
   27.070773436113345,
   420.0073887190016
  ],
  [
   102.31929916716393,
   830.4769900791136
  ],
  [
   159.35269308948605,
   362.91035224999194
  ],
  [
   578.8643919543598,
   966.2969592899465
  ],
  [
   632.8931950851152,
   698.7573372263312
  ],
  [
   825.9159863823262,
   632.6384432706585
  ],
  [
   615.4725458818331,
   479.03680680609517
  ],
  [
   680.906196680724,
   653.4102062852481
  ],
  [
   550.9216426340969,
   200.47471521563324
  ],
  [
   441.08538585164314,
   407.9531251500308
  ],
  [
   201.0455494992841,
   607.5186539800536
  ],
  [
   434.7258379804057,
   525.9261791138399
  ],
  [
   213.63277674975419,
   296.8337418633345
  ],
  [
   874.059098455848,
   349.1753132353136
  ],
  [
   974.9292265638867,
   148.74979136968648
  ],
  [
   445.4105256527493,
   920.2419786760212
  ],
  [
   614.574184504964,
   294.4886109020492
  ],
  [
   915.2645687097026,
   204.33253386811512
  ],
  [
   365.0042757172783,
   363.8468458327412
  ],
  [
   284.99112147526614,
   68.28716087282665
  ],
  [
   356.9268159408836,
   286.73809672321113
  ],
  [
   492.6949910440893,
   959.2409670063035
  ],
  [
   878.7986185170586,
   888.7676345264713
  ],
  [
   974.9292265638867,
   695.2090724200162
  ],
  [
   647.3937888142866,
   780.4108350567876
  ],
  [
   27.070773436113345,
   628.4100264641554
  ],
  [
   857.9734585589531,
   799.7269340244908
  ],
  [
   288.83380615179544,
   267.13419425690654
  ],
  [
   741.2929814207291,
   923.0081099194637
  ],
  [
   632.3139511135475,
   613.4855558984261
  ],
  [
   258.0713329902445,
   430.2123990116852
  ],
  [
   672.123426777095,
   870.3781786167931
  ],
  [
   268.0775463283315,
   653.0571540275596
  ],
  [
   691.4182307977567,
   27.070773436113345
  ],
  [
   974.9292265638867,
   320.77496577120155
  ],
  [
   886.0028246129547,
   580.9471651645846
  ],
  [
   283.5632728792893,
   603.2429087992258
  ],
  [
   520.8617065210051,
   637.6080964784029
  ],
  [
   974.9292265638867,
   27.070773436113345
  ],
  [
   57.614865736727985,
   336.6909013414266
  ],
  [
   844.7053369352443,
   974.9292265638867
  ],
  [
   902.6224195260779,
   407.23828965698624
  ],
  [
   939.0327089684135,
   649.8531355547492
  ],
  [
   599.7974946656033,
   344.49250878722364
  ],
  [
   756.0010735632648,
   974.9292265638867
  ],
  [
   775.57560675578,
   737.0415886380796
  ],
  [
   424.67735031514064,
   667.1343145516081
  ],
  [
   666.857730014433,
   124.5699866858588
  ],
  [
   974.9292265638867,
   483.8556998681446
  ],
  [
   225.76978184860295,
   974.9292265638867
  ],
  [
   675.0121213403828,
   180.3929192903942
  ],
  [
   833.8427666654659,
   140.85331714526026
  ],
  [
   559.3073264949859,
   912.3730971016712
  ],
  [
   713.5283898808628,
   394.64621374649016
  ],
  [
   631.1375470324415,
   974.9292265638867
  ],
  [
   962.2274205297111,
   426.2678959037009
  ],
  [
   488.5343971179249,
   118.20772022937348
  ],
  [
   227.68420498477937,
   128.04924157859043
  ],
  [
   539.8381508645931,
   148.22767574896199
  ],
  [
   378.0807910065631,
   208.24679035153477
  ],
  [
   465.30708864635244,
   462.61152977258405
  ],
  [
   475.73598006259215,
   342.5735016922805
  ],
  [
   52.46308041673783,
   191.76965761930143
  ],
  [
   92.31133384513052,
   276.9468079910377
  ],
  [
   915.2570772851155,
   938.4556810131076
  ],
  [
   397.986372989356,
