{
 "Object_Radius": 23.7007031237394,
 "Object_Shape": "disc",
 "Workspace_Density": 0.3,
 "Workspace_Height": 1000,
 "Workspace_Width": 1000,
 "number_of_objects": 170,
 "point_list": [
  [
   464.8001595532323,
   903.6609967769087
  ],
  [
   761.4147920306759,
   755.3979089959696
  ],
  [
   899.1127730851858,
   60.513718400533854
  ],
  [
   410.6871983630718,
   536.6700242322192
  ],
  [
   767.6682596804575,
   128.4795980584879
  ],
  [
   344.7218978786506,
   959.1873141357142
  ],
  [
   160.5384210224435,
   575.0301944843517
  ],
  [
   504.82341478592826,
   425.9637334552526
  ],
  [
   27.070773436113345,
   370.6368163761336
  ],
  [
   840.6482075240018,
   611.4730817141635
  ],
  [
   476.9475602908708,
   974.9292265638867
  ],
  [
   132.05943999880068,
   312.2320352576784
  ],
  [
   195.59944466210808,
   921.3183213093301
  ],
  [
   226.05066589732942,
   185.11316880646575
  ],
  [
   527.7937139298282,
   79.39375903242414
  ],
  [
   787.7193967727367,
   607.0323900003709
  ],
  [
   805.2437771979119,
   659.9795145464228
  ],
  [
   955.6506220431988,
   843.140277370571
  ],
  [
   27.070773436113345,
   514.2003657985188
  ],
  [
   27.070773436113345,
   201.13434448787933
  ],
  [
   732.7848453759817,
   895.2126269370751
  ],
  [
   277.95367047446285,
   544.0861410848901
  ],
  [
   812.8181352426452,
   193.31600716869252
  ],
  [
   538.805944710088,
   974.9292265638867
  ],
  [
   754.4244675443716,
   278.9712742539924
  ],
  [
   483.10076761730204,
   787.7920641284987
  ],
  [
   399.47788621499,
   351.13169196058635
  ],
  [
   533.5790858332011,
   588.5540395730724
  ],
  [
   137.55620259522698,
   648.3712004656572
  ],
  [
   27.070773436113345,
   423.1163579745381
  ],
  [
   322.63107154856215,
   581.0669847416074
  ],
  [
   771.1508656487922,
   703.0772385220587
  ],
  [
   746.3989061725038,
   833.4492170503208
  ],
  [
   209.7390791727981,
   129.08478011948043
  ],
  [
   27.070773436113345,
   829.2537559954411
  ],
  [
   647.4572566113044,
   141.41358347926487
  ],
  [
   298.28887462929436,
   257.2707163934705
  ],
  [
   731.3118977750605,
   91.10365288426713
  ],
  [
   27.070773436113345,
   567.6318802734398
  ],
  [
   357.565767208916,
   293.75106068163973
  ],
  [
   526.2006938946801,
   708.6715637418356
  ],
  [
   529.367687394809,
   151.86300646483446
  ],
  [
   357.98259698686667,
   167.4326886081814
  ],
  [
   974.9292265638867,
   113.59337107006151
  ],
  [
   699.0307786224233,
   228.85207434984574
  ],
  [
   498.44647242583693,
   548.0080024810742
  ],
  [
   614.2862141919948,
   606.8849567820108
  ],
  [
   686.7720015996342,
   922.9149678096392
  ],
  [
   792.5531672233383,
   330.26811046957977
  ],
  [
   200.9719616384857,
   298.59203183268244
  ],
  [
   131.129964253375,
   726.7546498639999
  ],
  [
   381.4969874533201,
   739.2279668615193
  ],
  [
   974.9292265638867,
   278.9888936619365
  ],
  [
   395.3752023461051,
   231.32537287187316
  ],
  [
   449.4553125238216,
   573.3680541388123
  ],
  [
   205.8743108251155,
   974.9292265638867
  ],
  [
   900.0804502570902,
   858.3460510919533
  ],
  [
   876.5387777582268,
   405.0934077667818
  ],
  [
   231.33304740029467,
   464.5044601063624
  ],
  [
   426.6795741982885,
   137.40520387346268
  ],
  [
   231.65246522110695,
   384.95934554931966
  ],
  [
   601.4121999639983,
   745.9158942175952
  ],
  [
   636.803233086073,
   974.9292265638867
  ],
  [
   950.5908342626436,
   599.2028398715902
  ],
  [
   951.9038182953287,
   472.93929840233216
  ],
  [
   269.58382735122524,
   867.2450894843294
  ],
  [
   682.0956368070605,
   73.87989692435058
  ],
  [
   474.50111479368036,
   651.4197580831159
  ],
  [
   842.175520346853,
   710.8717626890523
  ],
  [
   714.6518258510938,
   27.070773436113345
  ],
  [
   178.59229023473978,
   27.070773436113345
  ],
  [
   915.5624822864883,
   162.9507050560885
  ],
  [
   854.3603140898847,
   351.45633451913756
  ],
  [
   818.6742240199864,
   974.9292265638867
  ],
  [
   347.7034826608284,
   357.930293791589
  ],
  [
   475.8651985095693,
   170.72799614428777
  ],
  [
   618.2052095995905,
   516.3817107539423
  ],
  [
   718.8406328311581,
   712.801250821648
  ],
  [
   553.6592267250522,
   347.1406508373651
  ],
  [
   974.9292265638867,
   645.9047210971835
  ],
  [
   668.3961662828399,
   828.290957363788
  ],
  [
   149.0787942771188,
   966.2561556275909
  ],
  [
   81.83607140190895,
   101.36627202837778
  ],
  [
   467.67700495049,
   706.8694284964238
  ],
  [
   436.2125347473639,
   853.214681568194
  ],
  [
   817.3283538340213,
   757.7647369449724
  ],
  [
   762.023463728531,
   220.21775715245084
  ],
  [
   487.39869688172394,
   119.71830840575583
  ],
  [
   691.4577964044405,
   974.9292265638867
  ],
  [
   389.321592925772,
   829.5770543845832
  ],
  [
   685.9062194237583,
   301.5833606731398
  ],
  [
   95.11838389204355,
   683.2467190757384
  ],
  [
   786.3920590455872,
   902.3044798910024
  ],
  [
   104.39507637005737,
   480.4091951659588
  ],
  [
   627.0583787630778,
   70.40553334795807
  ],
  [
   727.4556684424166,
   626.1733734074671
  ],
  [
   828.3918462645368,
   457.62083856826916
  ],
  [
   843.5093378153914,
   95.81508795353935
  ],
  [
   97.96909576867586,
   218.6156585460628
  ],
  [
   863.2091936705427,
   167.71883030715318
  ],
  [
   360.6649310431708,
   27.070773436113345
  ],
  [
   95.79871513221376,
   364.1799685014104
  ],
  [
   225.4024628710236,
   520.1155950190368
  ],
  [
   564.8608013970523,
   631.4399258322229
  ],
  [
   427.1959280648883,
   189.73113208333248
  ],
  [
   692.1278235995593,
   768.8006644403054
  ],
  [
   414.4204907793148,
   46.28295894700568
  ],
  [
   806.0642259496616,
   530.9347450187712
  ],
  [
   880.9710412035728,
   483.073471846806
  ],
  [
   680.6694718923585,
   596.9323491943096
  ],
  [
   869.1946495378713,
   774.0251888437277
  ],
  [
   93.76430375825173,
   566.8352552817341
  ],
  [
   27.070773436113345,
   643.3130683057091
  ],
  [
   178.23803260935122,
   218.3689489249773
  ],
  [
   273.23299277710635,
   208.46309648709882
  ],
  [
   522.4300281422531,
   900.5839925793678
  ],
  [
   570.5154523560003,
   27.070773436113345
  ],
  [
   343.06147245009186,
   230.29142278461913
  ],
  [
   358.4216344146339,
   539.482815025306
  ],
  [
   944.3954378716228,
   33.698335677883115
  ],
  [
   488.76096189089435,
   315.5153640997602
  ],
  [
   175.7671430715717,
   831.1872161692952
  ],
  [
   445.4764081905499,
   384.38092809088744
  ],
  [
   505.27005161817,
   367.9224393854927
  ],
  [
   691.6624542684282,
   667.6978738490485
  ],
  [
   647.7331193174116,
   721.6164513315584
  ],
  [
   261.21565005956063,
   73.1961962237071
  ],
  [
   454.3916204542287,
   493.32289853604976
  ],
  [
   341.543883932635,
   798.1628118124277
  ],
  [
   290.1400010503537,
   27.070773436113345
  ],
  [
   574.5136431831033,
   556.2531846376461
  ],
  [
   974.9292265638867,
   524.5898558282775
  ],
  [
   673.5562581919468,
   497.7431565274708
  ],
  [
   552.0064569576285,
   788.0712684794191
  ],
  [
   399.5792946930734,
   651.3082604243177
  ],
  [
   659.065998289062,
   27.070773436113345
  ],
  [
   903.3233637219511,
   530.1840970627595
  ],
  [
   125.65838701444154,
   27.070773436113345
  ],
  [
   619.1479135208729,
   800.1887309110386
  ],
  [
   844.7405842977519,
   244.02956007495976
  ],
  [
   27.070773436113345,
   905.001807192956
  ],
  [
   194.69958868457613,
   422.96590011562483
  ],
  [
   587.3229782386819,
   955.808372336136
  ],
  [
   742.0465772095781,
   957.5635480279453
  ],
  [
   27.070773436113345,
   700.9057874399815
  ],
  [
   70.41913303528507,
   308.55264950818423
  ],
  [
   53.20015370853926,
   468.4618650552999
  ],
  [
   576.7957709405259,
   842.0962274771736
  ],
  [
   879.9472075696672,
   910.5685579904673
  ],
  [
