{
 "Object_Radius": 23.7007031237394,
 "Object_Shape": "disc",
 "Workspace_Density": 0.3,
 "Workspace_Height": 1000,
 "Workspace_Width": 1000,
 "number_of_objects": 170,
 "point_list": [
  [
   211.15583673893818,
   825.5754807750083
  ],
  [
   788.0293404748905,
   679.0495217858914
  ],
  [
   803.2717356577044,
   535.5066478661348
  ],
  [
   230.74487685228402,
   474.90094024845627
  ],
  [
   314.7603637868557,
   218.38544343776536
  ],
  [
   853.3505748315606,
   753.2385430730872
  ],
  [
   752.8644980169905,
   922.239123612144
  ],
  [
   751.9910076790326,
   632.7801830103914
  ],
  [
   27.070773436113345,
   114.54360137309104
  ],
  [
   231.72398308352348,
   261.52601947330686
  ],
  [
   131.92572267264634,
   440.8621797425402
  ],
  [
   126.92712514671837,
   82.34732318702025
  ],
  [
   407.94258029476595,
   198.8495273868086
  ],
  [
   53.580143346433815,
   833.7992247269007
  ],
  [
   475.1913443984861,
   27.070773436113345
  ],
  [
   812.9374222823944,
   633.2240625082135
  ],
  [
   974.9292265638867,
   433.75177342018736
  ],
  [
   584.0005886106264,
   447.8420438620072
  ],
  [
   781.0536313077058,
   197.73885297216972
  ],
  [
   769.62455924222,
   872.8443187287235
  ],
  [
   784.5668267780896,
   486.71196937572495
  ],
  [
   315.3342190940373,
   27.070773436113345
  ],
  [
   417.6850463040279,
   143.10375150159837
  ],
  [
   268.147933876871,
   544.9072680735051
  ],
  [
   897.4031063873865,
   345.33739111713544
  ],
  [
   760.1523656226558,
   27.070773436113345
  ],
  [
   661.5469213963061,
   974.9292265638867
  ],
  [
   203.78348340327207,
   358.93795428058604
  ],
  [
   974.9292265638867,
   27.070773436113345
  ],
  [
   974.9292265638867,
   588.6197732334737
  ],
  [
   675.9653686644771,
   323.09456577922504
  ],
  [
   32.82332268311581,
   620.7966826629693
  ],
  [
   953.2819578847556,
   386.006984390722
  ],
  [
   245.14111631107693,
   630.1718277030967
  ],
  [
   707.2432542796068,
   948.3754164044977
  ],
  [
   313.2464108337801,
   371.2516237536468
  ],
  [
   353.73004710323875,
   474.3744051941382
  ],
  [
   731.0065601990266,
   493.17844678603285
  ],
  [
   216.11194347744046,
   926.0360682039804
  ],
  [
   817.0838484737376,
   790.8154699298552
  ],
  [
   648.4093414490959,
   552.4317842587011
  ],
  [
   338.48757477017307,
   276.7984121474151
  ],
  [
   812.1883631073563,
   842.7268161032626
  ],
  [
   535.3923965755807,
   620.3321157307804
  ],
  [
   151.09236994175782,
   170.00157686209707
  ],
  [
   848.1026966862615,
   671.734140133551
  ],
  [
   974.9292265638867,
   756.8789532940822
  ],
  [
   27.070773436113345,
   675.0251961890601
  ],
  [
   888.0294999381881,
   188.2622403827811
  ],
  [
   764.9784509659438,
   265.9336519788393
  ],
  [
   588.7431287226406,
   787.9853925183431
  ],
  [
   412.5115121326947,
   591.1406280215944
  ],
  [
   905.6880046828361,
   431.59568597098945
  ],
  [
   209.78163994044132,
   591.60132415574
  ],
  [
   678.1647526560449,
   601.0122431408909
  ],
  [
   658.9481829949755,
   499.31012716047417
  ],
  [
   495.8638131345099,
   437.3782415835556
  ],
  [
   307.9585280498047,
   319.1029520736892
  ],
  [
   347.72704859630244,
   782.535972743614
  ],
  [
   955.1833840586567,
   812.4120725692336
  ],
  [
   495.349976389895,
   118.54845290556042
  ],
  [
   371.672675592082,
   236.5779368619989
  ],
  [
   287.12012789412773,
   267.8471807305685
  ],
  [
   116.93314401166339,
   808.5509655586371
  ],
  [
   185.40904451635353,
   448.5140300893133
  ],
  [
   350.2856825424251,
   412.2922956688023
  ],
  [
   417.30628077505764,
   353.1913012383962
  ],
  [
   809.0311173840456,
   437.0843630834811
  ],
  [
   155.81089782406656,
   579.7246483118251
  ],
  [
   714.3092066329061,
   765.2145620877759
  ],
  [
   281.4272539251158,
   95.95936093337521
  ],
  [
   134.5088662199246,
   974.9292265638867
  ],
  [
   407.17313747879103,
   536.3351851434329
  ],
  [
   713.1499316363532,
   275.2363995170443
  ],
  [
   222.8201150918755,
   139.27778463776966
  ],
  [
   253.94754895433945,
   185.43852817763036
  ],
  [
   413.38647492320626,
   465.22567318348695
  ],
  [
   813.1244902264696,
   243.25290739990865
  ],
  [
   197.0797460618883,
   974.9292265638867
  ],
  [
   572.3219562055464,
   720.1288444671067
  ],
  [
   247.39383020396423,
   27.070773436113345
  ],
  [
   548.3750110762959,
   294.94180055350256
  ],
  [
   574.8300348602347,
   665.7100471577974
  ],
  [
   699.0395553254601,
   222.4744931960463
  ],
  [
   340.8779074308324,
   974.9292265638867
  ],
  [
   171.1816168751475,
   27.070773436113345
  ],
  [
   467.8655085662107,
   167.42508979269672
  ],
  [
   685.945669122946,
   449.83302891725555
  ],
  [
   130.93258371114345,
   265.39290021690726
  ],
  [
   162.11331369099776,
   848.4541881290359
  ],
  [
   27.070773436113345,
   934.5533052387075
  ],
  [
   577.3429553708272,
   177.78928215373026
  ],
  [
   343.97869916529265,
   614.463831751634
  ],
  [
   643.1538950733878,
   217.5627664052424
  ],
  [
   531.4875836788264,
   496.89823991293036
  ],
  [
   329.5286343867166,
   134.2508654728118
  ],
  [
   919.0121738816869,
   955.4094730168891
  ],
  [
   738.30667981491,
   579.6917152730665
  ],
  [
   974.9292265638867,
   80.79538329092506
  ],
  [
   70.861306872859,
   460.15842935866306
  ],
  [
   27.070773436113345,
   562.8274004061267
  ],
  [
   515.0323410664287,
   679.1791757932292
  ],
  [
   286.4630027035812,
   974.9292265638867
  ],
  [
   562.4155287235395,
   369.0056692493712
  ],
  [
   846.930283581338,
   590.8703492493128
  ],
  [
   448.118488509275,
   307.74217442944877
  ],
  [
   35.63402903176529,
   170.2239330960192
  ],
  [
   858.3164317030244,
   868.1451587307439
  ],
  [
   974.9292265638867,
   337.8590959877042
  ],
  [
   606.5233032936553,
   269.3758667329431
  ],
  [
   285.2352855186398,
   481.68004760496405
  ],
  [
   644.2476262433994,
   924.5746161414169
  ],
  [
   62.49846477543876,
   974.9292265638867
  ],
  [
   463.3300735367352,
   753.2191327910698
  ],
  [
   472.78362773331725,
   356.1670782041316
  ],
  [
   883.6959867975577,
   710.5403833853503
  ],
  [
   278.038083340621,
   809.4500684271464
  ],
  [
   619.3537018358074,
   399.92491126754425
  ],
  [
   469.92545699715214,
   826.6670429515873
  ],
  [
   836.6762804842846,
   27.070773436113345
  ],
  [
   767.716402104402,
   809.8265737375286
  ],
  [
   698.8185635855335,
   27.070773436113345
  ],
  [
   232.09189497781009,
   697.9177195585919
  ],
  [
   736.4276427956679,
   688.0500313833311
  ],
  [
   263.17239514524744,
   345.9198416458237
  ],
  [
   974.9292265638867,
   974.9292265638867
  ],
  [
   798.0966169792209,
   77.37494890463591
  ],
  [
   193.9088377055837,
   535.2334571128418
  ],
  [
   420.48247917685075,
   861.3901476158056
  ],
  [
   91.28111207092131,
   754.5395863175203
  ],
  [
   192.7739232040047,
   301.1028253319396
  ],
  [
   788.4020759722806,
   974.9292265638867
  ],
  [
   700.7228465568805,
   543.4499392678096
  ],
  [
   895.2643922705462,
   830.5324018646514
  ],
  [
   474.68781001228314,
   594.9378902235627
  ],
  [
   974.9292265638867,
   520.7298479605846
  ],
  [
   187.74837636646978,
   82.15314315952621
  ],
  [
   509.77406107401214,
   781.4381528973602
  ],
  [
   626.5791652644567,
   846.9859462929288
  ],
  [
   755.5529971142197,
   368.17944038232076
  ],
  [
   72.08308560584449,
   87.09237661965824
  ],
  [
   65.35708143726072,
   304.08691200316184
  ],
  [
   699.1810492952636,
   651.3271046754575
  ],
  [
   790.6025508423406,
   586.1050507269438
  ],
  [
   467.2096968412814,
   974.9292265638867
  ],
  [
   27.070773436113345,
   786.5988783875935
  ],
  [
   611.3174972956833,
   337.69653058467463
  ],
  [
   132.35581551380315,
   699.6264530803381
  ],
  [
   388.1240377732575,
   649.6813091043934
  ],
  [
