{
 "Object_Radius": 26.59615202676218,
 "Object_Shape": "disc",
 "Workspace_Density": 0.2,
 "Workspace_Height": 1000,
 "Workspace_Width": 1000,
 "number_of_objects": 90,
 "point_list": [
  [
   46.95444819235302,
   582.2058497875582
  ],
  [
   306.2127278754993,
   437.66625349618306
  ],
  [
   163.48783703200144,
   490.12053424223166
  ],
  [
   315.40918468776357,
   254.69058010155442
  ],
  [
   649.5971175185641,
   272.7381533431251
  ],
  [
   552.300129332613,
   418.46104569051835
  ],
  [
   747.522372729148,
   821.3982682110064
  ],
  [
   454.23649444593866,
   870.7979805568039
  ],
  [
   467.6322625136788,
   359.89662542747874
  ],
  [
   895.2591629688532,
   399.810892315085
  ],
  [
   816.8773549487232,
   286.66162417463295
  ],
  [
   973.3400018921674,
   172.6893081551273
  ],
  [
   624.0420571907258,
   567.8173838432164
  ],
  [
   473.8896897358209,
   70.67709579146309
  ],
  [
   28.659998107832667,
   973.3400018921674
  ],
  [
   582.5283390381895,
   268.01387531432044
  ],
  [
   695.9002982098692,
   79.55208519356893
  ],
  [
   938.9762961200228,
   216.61948012313468
  ],
  [
   374.60472980340694,
   320.78986374568905
  ],
  [
   94.81065983720362,
   926.3160428893946
  ],
  [
   232.6582216238586,
   380.4874681981582
  ],
  [
   404.9209142955175,
   839.6601255554432
  ],
  [
   611.1990731021539,
   157.62318531697338
  ],
  [
   868.8673718272277,
   252.0750980064231
  ],
  [
   270.28503057082986,
   550.4383352803217
  ],
  [
   101.68307991112104,
   561.8271474424909
  ],
  [
   581.0439779659928,
   28.659998107832667
  ],
  [
   836.1665976924154,
   587.258803190254
  ],
  [
   932.8045158335688,
   552.453329337754
  ],
  [
   304.82479813240644,
   753.5311336196957
  ],
  [
   801.1943553047103,
   790.5569810376722
  ],
  [
   666.8610444201349,
   368.03174827408577
  ],
  [
   797.5205322178025,
   973.3400018921674
  ],
  [
   51.81043622108621,
   691.8261101895536
  ],
  [
   579.5220865411075,
   659.9359850205949
  ],
  [
   723.4362006582516,
   526.2536948505085
  ],
  [
   143.29838802439227,
   28.659998107832667
  ],
  [
   186.8678293326045,
   811.8059413146964
  ],
  [
   141.34501655801012,
   184.22443977525126
  ],
  [
   203.65302645447923,
   54.501061207963495
  ],
  [
   936.1581337045731,
   88.27686492952576
  ],
  [
   35.68824976229781,
   870.8233773496437
  ],
  [
   194.41051693827538,
   139.74036552580583
  ],
  [
   508.31435181981476,
   920.1249161291232
  ],
  [
   349.7543271629439,
   102.6108882944864
  ],
  [
   720.1799343424778,
   231.98843864310652
  ],
  [
   938.1822522677451,
   304.11766419217406
  ],
  [
   685.6069079462634,
   421.36471183804895
  ],
  [
   578.5678737810837,
   947.0697237679844
  ],
  [
   203.35887017950952,
   437.12917482277516
  ],
  [
   681.7450052608872,
   564.324854752377
  ],
  [
   681.9485557424478,
   476.6477650320287
  ],
  [
   28.659998107832667,
   334.0031864625801
  ],
  [
   512.0057450341101,
   312.7811750665543
  ],
  [
   673.4438036729144,
   877.8929495539305
  ],
  [
   175.24313305935837,
   677.8776690200334
  ],
  [
   397.20703619564944,
   691.0809902447936
  ],
  [
   314.03136612971906,
   687.2517154289608
  ],
  [
   884.9280318283878,
   190.3267184284848
  ],
  [
   684.3540299232255,
   148.45530606351664
  ],
  [
   254.64341182362648,
   973.3400018921674
  ],
  [
   554.1216871468109,
   187.98504017282667
  ],
  [
   315.8541097203664,
   515.3299716218149
  ],
  [
   560.573258659412,
   851.6318695711531
  ],
  [
   640.6347493967689,
   709.2844523996082
  ],
  [
   369.0663981025094,
   28.659998107832667
  ],
  [
   717.5867868156073,
   28.659998107832667
  ],
  [
   842.6034713445197,
   687.4703640458156
  ],
  [
   787.205293372548,
   409.3893904703334
  ],
  [
   790.6841950594325,
   135.6480756872483
  ],
  [
   219.23542390412044,
   253.73196654534945
  ],
  [
   43.08530268455838,
   87.38806768318683
  ],
  [
   840.9228212687822,
   108.7615598275909
  ],
  [
   90.37516728243796,
   861.4834571008691
  ],
  [
   28.659998107832667,
   389.7053430020186
  ],
  [
   533.9819832473848,
   60.21469415709717
  ],
  [
   736.4415823764162,
   119.08343243683845
  ],
  [
   200.18886015647232,
   948.530053285816
  ],
  [
   228.92473752930476,
   489.4781011009413
  ],
  [
   111.62579542247394,
   408.4945294709298
  ],
  [
   164.53985502407392,
   756.0049674529141
  ],
  [
   973.3400018921674,
   260.2830874877292
  ],
  [
   869.7966113054503,
   928.9812348217521
  ],
  [
   866.3778117517684,
   349.32092354033506
  ],
  [
   281.61235949778927,
   174.747000207576
  ],
  [
   505.234681734107,
   456.99628165086705
  ],
  [
   829.0587947760605,
   201.5150804740304
  ],
  [
   973.3400018921674,
   463.5487866869062
  ],
  [
   400.2063718370825,
   783.3798153915233
  ],
  [
   58.522618258143424,
   502.44625607081315
  ]
 ]
}