{
 "Object_Radius": 26.59615202676218,
 "Object_Shape": "disc",
 "Workspace_Density": 0.2,
 "Workspace_Height": 1000,
 "Workspace_Width": 1000,
 "number_of_objects": 90,
 "point_list": [
  [
   142.844780912159,
   973.3400018921674
  ],
  [
   592.1137268811824,
   833.2159452770929
  ],
  [
   228.85497491209426,
   973.3400018921674
  ],
  [
   54.13651911370299,
   51.07354724736513
  ],
  [
   629.0299065979212,
   642.4034626707708
  ],
  [
   804.3273596473822,
   731.6290429550759
  ],
  [
   646.2288794288037,
   810.7842148639805
  ],
  [
   861.5412269558404,
   772.5410169914303
  ],
  [
   818.4938596415201,
   973.3400018921674
  ],
  [
   903.4943886978406,
   28.659998107832667
  ],
  [
   859.9722653901114,
   848.8780245271108
  ],
  [
   489.5803851381829,
   176.6513116649192
  ],
  [
   288.3373823326476,
   491.5558903316375
  ],
  [
   144.52192548300388,
   265.3704850074024
  ],
  [
   783.0634363086149,
   680.4071454142573
  ],
  [
   230.71668226336362,
   239.71319077732323
  ],
  [
   83.33731479510557,
   373.6756662801041
  ],
  [
   750.0043363846984,
   780.4201757237213
  ],
  [
   88.05368787363466,
   126.90769485207498
  ],
  [
   265.91912604850114,
   394.9568066921205
  ],
  [
   395.1167276111034,
   597.55812390317
  ],
  [
   475.42062592704616,
   534.9657481800981
  ],
  [
   745.80976915267,
   514.3672433419033
  ],
  [
   193.45379807745832,
   822.1896250969747
  ],
  [
   250.75638074026867,
   325.8063704265179
  ],
  [
   973.3400018921674,
   205.70852525749498
  ],
  [
   28.659998107832667,
   360.4451140817607
  ],
  [
   28.659998107832667,
   415.95634662764934
  ],
  [
   835.5381114661474,
   498.3039419944587
  ],
  [
   907.774618801374,
   231.8820223374373
  ],
  [
   28.659998107832667,
   868.0905565150404
  ],
  [
   61.975645888547774,
   272.9806640267738
  ],
  [
   794.7804815385629,
   879.9877666725079
  ],
  [
   421.92989835524344,
   549.0763059134124
  ],
  [
   62.442530814143495,
   465.0240628128083
  ],
  [
   381.0092104497809,
   356.34748622260753
  ],
  [
   301.9952598929871,
   639.0334853188075
  ],
  [
   973.3400018921674,
   438.1361457928682
  ],
  [
   727.2332821450559,
   973.3400018921674
  ],
  [
   357.6187196291485,
   876.4436770749235
  ],
  [
   649.7997633183164,
   519.9986640916202
  ],
  [
   973.3400018921674,
   72.98308208192316
  ],
  [
   451.48971351187225,
   81.90892340423395
  ],
  [
   382.0938284114144,
   173.5224884499733
  ],
  [
   701.8543649154676,
   810.1453247780859
  ],
  [
   924.7064895487082,
   753.9923043397953
  ],
  [
   929.0356717985491,
   973.3400018921674
  ],
  [
   203.2338105169288,
   360.3141944474437
  ],
  [
   427.7071644792817,
   853.394681239556
  ],
  [
   704.5558229864648,
   561.0806557188979
  ],
  [
   168.76894011945487,
   544.9995989377848
  ],
  [
   973.3400018921674,
   887.1987501983142
  ],
  [
   180.74511682343075,
   904.6270999094994
  ],
  [
   784.7356327839472,
   825.0099953230009
  ],
  [
   514.7388025166615,
   496.0506822673712
  ],
  [
   403.00394881835564,
   480.59564694174384
  ],
  [
   453.8489834351785,
   610.1490048172973
  ],
  [
   461.5291494053199,
   474.24648397855503
  ],
  [
   457.84587437654886,
   728.8146878737678
  ],
  [
   465.64044782211346,
   973.3400018921674
  ],
  [
   499.10005810575456,
   267.38258467075207
  ],
  [
   133.79969830738415,
   89.1258656890721
  ],
  [
   49.7232753966218,
   928.9963879491339
  ],
  [
   857.2061421812008,
   400.7356125955587
  ],
  [
   28.659998107832667,
   781.8712850245805
  ],
  [
   578.5175178633557,
   670.5044251644432
  ],
  [
   128.60746711736846,
   416.8386597585552
  ],
  [
   746.1952323652924,
   306.98339929528646
  ],
  [
   572.0704488092358,
   596.9081825687831
  ],
  [
   973.3400018921674,
   138.43229518412343
  ],
  [
   358.8804458153904,
   639.4403118301256
  ],
  [
   249.86725474245404,
   536.3987947581631
  ],
  [
   839.2288176685362,
   921.4426879599005
  ],
  [
   28.659998107832667,
   510.07142744925153
  ],
  [
   601.9137263255101,
   548.7019995960294
  ],
  [
   648.365051763049,
   367.6600768268322
  ],
  [
   929.0317792141346,
   842.0895532840115
  ],
  [
   885.670578866922,
   160.822717243483
  ],
  [
   660.6355283408332,
   972.7029670499503
  ],
  [
   604.2599614468135,
   758.2684429480042
  ],
  [
   603.6344926764964,
   936.345103173799
  ],
  [
   532.9104869244431,
   70.84808999676406
  ],
  [
   514.8871868808982,
   699.6040773149562
  ],
  [
   246.31763032587796,
   125.16675702085655
  ],
  [
   301.8778262708278,
   860.2688569548014
  ],
  [
   163.37966498445354,
   317.5826894765165
  ],
  [
   344.7406509430804,
   557.6011101834273
  ],
  [
   501.3150292218743,
   930.8941858821272
  ],
  [
   754.4739316557219,
   632.3846609411224
  ],
  [
   880.9793850148412,
   330.34636900205777
  ]
 ]
}