{
 "Object_Radius": 26.59615202676218,
 "Object_Shape": "disc",
 "Workspace_Density": 0.2,
 "Workspace_Height": 1000,
 "Workspace_Width": 1000,
 "number_of_objects": 90,
 "point_list": [
  [
   570.448323676639,
   533.5369410773571
  ],
  [
   442.4936098659322,
   397.7542629164589
  ],
  [
   626.3631658368067,
   264.0609945076907
  ],
  [
   343.21519944345226,
   76.1393249141004
  ],
  [
   897.4915811129299,
   377.3937259862234
  ],
  [
   671.3534730906418,
   412.1356138654926
  ],
  [
   148.18220751921933,
   33.67885539850939
  ],
  [
   511.1640402635545,
   696.1023659128433
  ],
  [
   28.659998107832667,
   518.1429546115431
  ],
  [
   606.4596260850894,
   168.78407807562536
  ],
  [
   388.6574598331739,
   109.4555402368619
  ],
  [
   352.6008212348337,
   284.7451842340773
  ],
  [
   973.3400018921674,
   577.893217899874
  ],
  [
   361.78317233738875,
   452.4499156521484
  ],
  [
   28.659998107832667,
   764.5038101666555
  ],
  [
   113.64028713545505,
   794.7396574309538
  ],
  [
   831.9086894230769,
   383.8018527735195
  ],
  [
   612.071330277362,
   319.66011362098465
  ],
  [
   94.46466217115746,
   334.93766705623204
  ],
  [
   497.59817615272425,
   271.4814226046597
  ],
  [
   592.3733447729059,
   660.6659131248542
  ],
  [
   973.3400018921674,
   415.6712817691344
  ],
  [
   758.5558503908633,
   85.91538669321042
  ],
  [
   28.659998107832667,
   853.5975334266101
  ],
  [
   763.5143593089775,
   229.78139404169684
  ],
  [
   97.66638827595489,
   562.8418018380037
  ],
  [
   973.3400018921674,
   483.70245165458766
  ],
  [
   472.99626435106126,
   820.0695663957722
  ],
  [
   973.3400018921674,
   823.5010415533969
  ],
  [
   646.8589138944943,
   489.6812484593559
  ],
  [
   973.3400018921674,
   329.80042591030474
  ],
  [
   806.4373607198889,
   736.5618313849727
  ],
  [
   516.8129952543651,
   585.3588505442001
  ],
  [
   550.964330231159,
   286.0635268168662
  ],
  [
   511.15030512975267,
   28.659998107832667
  ],
  [
   971.5380043819179,
   973.3400018921674
  ],
  [
   291.99923465852305,
   260.7880558061844
  ],
  [
   852.1564692992996,
   589.417097533828
  ],
  [
   331.06343922830405,
   929.7905348436956
  ],
  [
   70.75985015706443,
   973.3400018921674
  ],
  [
   197.6858398788056,
   333.4949000923764
  ],
  [
   241.89564095433911,
   808.3584058747629
  ],
  [
   443.3830324264535,
   66.38991333068122
  ],
  [
   182.91019560879556,
   464.72555745427934
  ],
  [
   846.678784486108,
   866.5448980667901
  ],
  [
   228.40922980207307,
   238.28029710111082
  ],
  [
   115.26512337286178,
   697.0569396575343
  ],
  [
   454.9093058879287,
   306.66611155979757
  ],
  [
   66.0219215054011,
   38.27674879866649
  ],
  [
   446.09334773369415,
   682.3548377721467
  ],
  [
   344.6577346298851,
   597.4392596999717
  ],
  [
   315.39266417076584,
   330.5622916059088
  ],
  [
   421.15242021746946,
   559.1723197283342
  ],
  [
   863.9701356626977,
   225.39483326763366
  ],
  [
   769.454436935721,
   496.49289869043525
  ],
  [
   505.8472261474857,
   765.841023822423
  ],
  [
   555.3085818091307,
   892.3427864315358
  ],
  [
   180.20349938260603,
   597.540310012454
  ],
  [
   230.79420511812066,
   545.878943371081
  ],
  [
   303.49923739372963,
   517.1956992378576
  ],
  [
   794.3995581066239,
   585.8675417434099
  ],
  [
   920.6591660568433,
   855.6194323997513
  ],
  [
   255.18829068477334,
   144.93412740599408
  ],
  [
   596.8058489407437,
   973.3400018921674
  ],
  [
   45.2196928825969,
   663.7392500633314
  ],
  [
   439.97146345775957,
   740.9421296021159
  ],
  [
   418.1955433412311,
   348.04858430812163
  ],
  [
   433.3679000623267,
   155.398892552854
  ],
  [
   177.60730580256313,
   973.3400018921674
  ],
  [
   28.659998107832667,
   383.7771595176838
  ],
  [
   240.5668210994446,
   397.3436596001072
  ],
  [
   794.7237251554376,
   908.8207366859913
  ],
  [
   210.65489288930874,
   178.01683920447687
  ],
  [
   37.52246366503099,
   607.8087201806337
  ],
  [
   807.8391296157794,
   826.3700280656784
  ],
  [
   76.74431268041826,
   457.2516653571262
  ],
  [
   822.3805338716162,
   310.6029575897382
  ],
  [
   376.7126389003671,
   656.8693093884765
  ],
  [
   237.76244003089545,
   751.3947830276588
  ],
  [
   360.1627199840653,
   221.4080384987948
  ],
  [
   83.29981009798968,
   844.8735375451354
  ],
  [
   614.6701684341451,
   788.6270188515878
  ],
  [
   867.0594385831408,
   703.617911717702
  ],
  [
   523.4303032229963,
   163.61547158900078
  ],
  [
   718.4009430689346,
   595.5152181629654
  ],
  [
   373.07434398918934,
   714.9973263442674
  ],
  [
   871.5307284060738,
   53.92181785340433
  ],
  [
   501.19479416357495,
   376.1337081178507
  ],
  [
   588.8493710972263,
   604.2697730043452
  ],
  [
   324.34337719571727,
   761.8668838445091
  ]
 ]
}