{
 "Object_Radius": 26.59615202676218,
 "Object_Shape": "disc",
 "Workspace_Density": 0.2,
 "Workspace_Height": 1000,
 "Workspace_Width": 1000,
 "number_of_objects": 90,
 "point_list": [
  [
   202.28820245684275,
   758.13090383186
  ],
  [
   826.2709749197878,
   791.4354276223438
  ],
  [
   883.4350343099233,
   33.309230145072334
  ],
  [
   973.3400018921674,
   807.7272785597546
  ],
  [
   256.04540677064017,
   728.4850305509276
  ],
  [
   395.12116968908896,
   973.3400018921674
  ],
  [
   513.983298634407,
   590.8018518715076
  ],
  [
   236.0785093249423,
   350.24611481126317
  ],
  [
   789.5549647483156,
   219.8081291955317
  ],
  [
   53.478481145918614,
   239.43963552114735
  ],
  [
   693.1878770740279,
   123.97508592476322
  ],
  [
   691.140858198131,
   589.1309260890083
  ],
  [
   654.6119134333896,
   79.78586864503406
  ],
  [
   576.4354671977527,
   257.86964210840824
  ],
  [
   418.82883350648217,
   122.28425481246919
  ],
  [
   594.0810639291627,
   452.4347366010782
  ],
  [
   837.2744034554374,
   178.79850408090886
  ],
  [
   807.3202730133066,
   38.71860758311407
  ],
  [
   809.7771488925358,
   738.4863987100431
  ],
  [
   196.9237030210844,
   876.7377711334947
  ],
  [
   171.90848863474918,
   809.6933795299151
  ],
  [
   964.7821500407715,
   262.12327380267357
  ],
  [
   633.4533836586819,
   28.659998107832667
  ],
  [
   225.68088302217606,
   260.6877092562464
  ],
  [
   270.87621537002747,
   573.3706211194202
  ],
  [
   791.4822858723621,
   594.4619996261702
  ],
  [
   66.71912562259315,
   382.0747545103414
  ],
  [
   28.659998107832667,
   698.5508602500565
  ],
  [
   144.64464275715125,
   755.7638877357051
  ],
  [
   973.3400018921674,
   59.20526743669289
  ],
  [
   781.1715937839197,
   687.7457923101128
  ],
  [
   164.73871765136414,
   28.659998107832667
  ],
  [
   566.1925953602463,
   145.2142302141987
  ],
  [
   912.9880133857583,
   973.3400018921674
  ],
  [
   28.659998107832667,
   776.2177845708001
  ],
  [
   698.585288584783,
   418.2919706256049
  ],
  [
   966.4917364427553,
   894.7334198434795
  ],
  [
   973.3400018921674,
   200.45765938914354
  ],
  [
   219.36963384799532,
   68.29495656621069
  ],
  [
   746.8281604040625,
   37.89987074318568
  ],
  [
   540.0554325137329,
   341.6513806017717
  ],
  [
   687.9302193993466,
   305.64278021005873
  ],
  [
   670.3547787833736,
   178.52155244444185
  ],
  [
   182.09923928242736,
   179.4848274448041
  ],
  [
   586.869047917496,
   973.3400018921674
  ],
  [
   374.8771232238405,
   283.8069147475443
  ],
  [
   217.5718850363653,
   129.49437292548248
  ],
  [
   854.5190834306704,
   121.00722052378575
  ],
  [
   649.0821205561026,
   446.503030331955
  ],
  [
   767.1550333513297,
   804.4601231372793
  ],
  [
   93.21850273254603,
   183.2041832823523
  ],
  [
   491.53226930314815,
   939.9227111457095
  ],
  [
   28.659998107832667,
   610.869064944246
  ],
  [
   566.4964826789276,
   28.659998107832667
  ],
  [
   973.3400018921674,
   951.1171421492801
  ],
  [
   854.8885116144013,
   527.3778274327597
  ],
  [
   328.45472313179897,
   970.1806326260438
  ],
  [
   131.59391140564725,
   401.53684784615695
  ],
  [
   664.584783501411,
   779.9791884675795
  ],
  [
   443.6815730309207,
   827.6787391745725
  ],
  [
   548.2439272420586,
   896.3968350282248
  ],
  [
   434.24991261595414,
   436.9670510909042
  ],
  [
   464.86024599794774,
   501.4173986342237
  ],
  [
   973.3400018921674,
   358.47180011580093
  ],
  [
   325.4280811227371,
   780.0533807266967
  ],
  [
   330.61092506127943,
   460.50942232377747
  ],
  [
   183.10674208505773,
   502.1194655322285
  ],
  [
   881.4864786803964,
   798.8304458894564
  ],
  [
   265.3393304386371,
   193.3873239388175
  ],
  [
   688.3953534547619,
   243.92503702721604
  ],
  [
   608.3495049844857,
   882.1056155643164
  ],
  [
   608.1667464426456,
   772.2137784286169
  ],
  [
   973.3400018921674,
   568.8862573415765
  ],
  [
   931.6815789725338,
   475.7181162883831
  ],
  [
   568.228136234986,
   604.5539585479227
  ],
  [
   278.3535115968041,
   45.44127055776337
  ],
  [
   842.7407647928895,
   973.3400018921674
  ],
  [
   643.5383297656066,
   836.6007096850224
  ],
  [
   668.517248461494,
   700.8678329153076
  ],
  [
   893.5976792777457,
   219.54753072899857
  ],
  [
   340.05218352919724,
   647.4357762507889
  ],
  [
   491.26658087135627,
   380.06563410902265
  ],
  [
   104.09234471093532,
   717.6719487728117
  ],
  [
   96.5056303093551,
   846.4326815005867
  ],
  [
   966.4145231347735,
   145.41521666309944
  ],
  [
   291.94753353353025,
   349.95335811519857
  ],
  [
   383.0120867558633,
   804.3090244116614
  ],
  [
   128.98508995963576,
   941.300560308881
  ],
  [
   909.7012805645858,
   900.6663333661573
  ],
  [
   281.1051666367841,
   839.4559657064219
  ]
 ]
}