{
 "Object_Radius": 26.59615202676218,
 "Object_Shape": "disc",
 "Workspace_Density": 0.2,
 "Workspace_Height": 1000,
 "Workspace_Width": 1000,
 "number_of_objects": 90,
 "point_list": [
  [
   130.3575667589559,
   851.7447017405883
  ],
  [
   349.233945881645,
   952.853111305635
  ],
  [
   28.659998107832667,
   707.9225167452357
  ],
  [
   383.37370231933244,
   373.12995431661375
  ],
  [
   67.9028866421129,
   86.28252572166784
  ],
  [
   833.7784319853907,
   251.1240095890487
  ],
  [
   449.0534055424097,
   665.4104341757222
  ],
  [
   484.6995347996067,
   829.6726607594641
  ],
  [
   659.6853571796314,
   288.58896338402025
  ],
  [
   258.7868055929465,
   705.5773035242744
  ],
  [
   100.12610058527946,
   142.32528734217877
  ],
  [
   387.73194229676136,
   269.61234504671006
  ],
  [
   35.692902179992544,
   342.98919811810134
  ],
  [
   192.86481879754825,
   600.4513868153065
  ],
  [
   627.4042824060509,
   73.78028963183559
  ],
  [
   425.17207696194686,
   227.21872989522095
  ],
  [
   568.7137081634108,
   212.20152577576607
  ],
  [
   28.659998107832667,
   548.9083580877782
  ],
  [
   731.8068485495544,
   181.91551571200057
  ],
  [
   648.9616385215137,
   188.12520725479365
  ],
  [
   719.7513205972317,
   683.0346825332879
  ],
  [
   821.8251858933825,
   196.7880365965866
  ],
  [
   277.3242600919533,
   34.5081747205127
  ],
  [
   443.76372939363193,
   501.6708357525768
  ],
  [
   198.62234517280112,
   973.3400018921674
  ],
  [
   519.6747980055092,
   250.60796513085828
  ],
  [
   973.3400018921674,
   53.07260118380115
  ],
  [
   809.5707742739006,
   127.15646941471421
  ],
  [
   676.9073198154608,
   43.44420471446364
  ],
  [
   185.62482443099518,
   862.6442953000891
  ],
  [
   892.480717226317,
   331.96157668774566
  ],
  [
   467.9189953539018,
   28.659998107832667
  ],
  [
   842.3160226129714,
   306.00630117840785
  ],
  [
   778.041542083759,
   822.8322752071334
  ],
  [
   651.6634117844166,
   445.64097472767423
  ],
  [
   541.2212960945448,
   353.27640285360934
  ],
  [
   789.0535478686888,
   474.0029465370557
  ],
  [
   806.2638194757086,
   699.0965856952689
  ],
  [
   171.30478268021673,
   28.659998107832667
  ],
  [
   894.3162601964175,
   415.4813230218509
  ],
  [
   782.3587013869897,
   767.2240100954674
  ],
  [
   550.5715326275968,
   298.0259830371572
  ],
  [
   665.049216104515,
   781.0814871474608
  ],
  [
   910.9657088047808,
   838.1641989371723
  ],
  [
   739.047065419534,
   922.9830331394666
  ],
  [
   297.1335916029582,
   973.3400018921674
  ],
  [
   761.9575795244322,
   973.3400018921674
  ],
  [
   134.91405647051758,
   562.0108703085051
  ],
  [
   576.9526315160552,
   543.0798317176285
  ],
  [
   516.6195718056999,
   433.01431847617
  ],
  [
   462.16659603549573,
   747.2311655825789
  ],
  [
   106.29938547112405,
   28.659998107832667
  ],
  [
   962.6463184420829,
   752.5279287156069
  ],
  [
   380.474936575563,
   644.5095542863991
  ],
  [
   435.4858645505743,
   920.553136017176
  ],
  [
   60.081706874169846,
   661.2394021614318
  ],
  [
   623.0880448493782,
   239.18568143149838
  ],
  [
   973.3400018921674,
   233.09115689339228
  ],
  [
   389.91894964139414,
   572.5191037888912
  ],
  [
   973.3400018921674,
   500.3609329260822
  ],
  [
   624.5962060182685,
   726.389507483497
  ],
  [
   271.82648690604134,
   900.0568146318485
  ],
  [
   858.3246591076904,
   670.498673222171
  ],
  [
   655.3522017800658,
   389.52235241915423
  ],
  [
   922.9504614678619,
   119.7354879624385
  ],
  [
   581.7405512131182,
   446.81585461738524
  ],
  [
   130.69925786363146,
   471.8668930565679
  ],
  [
   973.3400018921674,
   658.032426715539
  ],
  [
   384.77176191677626,
   738.3219949600028
  ],
  [
   194.3771387902989,
   118.13349980755206
  ],
  [
   221.36754169134974,
   922.7327096938178
  ],
  [
   28.659998107832667,
   189.26104656705365
  ],
  [
   914.8643637645686,
   973.3400018921674
  ],
  [
   973.3400018921674,
   898.6621959318641
  ],
  [
   512.3933895421433,
   67.43082771013296
  ],
  [
   328.1690306388051,
   748.1548765464895
  ],
  [
   55.40226271362168,
   818.6329733677403
  ],
  [
   944.1332391698617,
   451.5589312479902
  ],
  [
   313.1092736893283,
   632.4304016195834
  ],
  [
   904.6259356910305,
   28.659998107832667
  ],
  [
   687.3781859166378,
   729.654775991295
  ],
  [
   921.1128663303396,
   637.4024397556043
  ],
  [
   742.5291941561734,
   867.767762734605
  ],
  [
   116.16469420772192,
   659.8372802274035
  ],
  [
   447.0150646783542,
   560.1712739576205
  ],
  [
   335.1785660164471,
   28.659998107832667
  ],
  [
   774.4472518455394,
   270.0070977541542
  ],
  [
   143.42772201869286,
   88.54545182935576
  ],
  [
   502.7261761263593,
   887.0511917491817
  ],
  [
   114.86923216519452,
   275.06761476632914
  ]
 ]
}