{
 "Object_Radius": 26.59615202676218,
 "Object_Shape": "disc",
 "Workspace_Density": 0.2,
 "Workspace_Height": 1000,
 "Workspace_Width": 1000,
 "number_of_objects": 90,
 "point_list": [
  [
   516.0361922851906,
   615.4383474087355
  ],
  [
   900.311919422709,
   754.8156197032337
  ],
  [
   747.3286696508595,
   505.4326007688319
  ],
  [
   860.2533702867621,
   105.33013340155789
  ],
  [
   973.3400018921674,
   930.2659021425446
  ],
  [
   915.9080766791898,
   364.3583637094811
  ],
  [
   294.87583038418023,
   304.30228269653145
  ],
  [
   717.4150106944427,
   875.7535906998085
  ],
  [
   819.9122149872547,
   927.7406603038994
  ],
  [
   178.650221290202,
   224.40787985527732
  ],
  [
   796.0984466511335,
   420.30051395638196
  ],
  [
   737.475500966943,
   190.08594080139483
  ],
  [
   226.45024106266519,
   445.6404418255652
  ],
  [
   326.30591655601637,
   927.57408319403
  ],
  [
   364.76822867362165,
   581.3810587938219
  ],
  [
   531.5220104311129,
   306.4774696707003
  ],
  [
   374.35432618732574,
   175.097644987665
  ],
  [
   800.3640802436554,
   36.84390983683142
  ],
  [
   359.5222716486042,
   318.5839676700079
  ],
  [
   499.0448797212257,
   917.9996168025749
  ],
  [
   311.9417200785287,
   771.7727366903478
  ],
  [
   78.67638694546403,
   89.44207421216362
  ],
  [
   261.92949289759315,
   28.659998107832667
  ],
  [
   430.2801955463883,
   336.37743781610317
  ],
  [
   631.2763152283452,
   120.66838481118282
  ],
  [
   477.35114879583085,
   518.6130241063761
  ],
  [
   254.00936021087483,
   613.1587131020077
  ],
  [
   765.3733162761839,
   973.3400018921674
  ],
  [
   180.04372234124295,
   623.6717422680052
  ],
  [
   967.2738054637247,
   461.2115987718468
  ],
  [
   881.1027547221621,
   528.2169584882154
  ],
  [
   28.659998107832667,
   737.3560855589487
  ],
  [
   828.6329004054232,
   736.4792968161196
  ],
  [
   973.3400018921674,
   840.8602982470517
  ],
  [
   199.63553780497162,
   848.988515284715
  ],
  [
   224.4677595867731,
   139.9213153471102
  ],
  [
   973.3400018921674,
   377.30634516239473
  ],
  [
   192.35104631741143,
   778.1070725043346
  ],
  [
   370.9087789011322,
   963.0127234583779
  ],
  [
   685.431874926574,
   28.659998107832667
  ],
  [
   917.5915551945268,
   694.0623429801312
  ],
  [
   254.26529932910893,
   763.6550991868861
  ],
  [
   126.6975733787912,
   638.3172111950595
  ],
  [
   462.2104238704944,
   578.3711364784572
  ],
  [
   817.0656501832069,
   364.8496188086761
  ],
  [
   163.79779845510538,
   121.84248985030216
  ],
  [
   198.0211237673314,
   336.60393464452886
  ],
  [
   156.27095781960887,
   442.96536651731276
  ],
  [
   142.5131469867523,
   350.2186940872294
  ],
  [
   592.5654260030747,
   973.3400018921674
  ],
  [
   966.9855963308434,
   749.6860895054292
  ],
  [
   866.4382142328099,
   37.8733419210071
  ],
  [
   181.28084944256653,
   904.5482350628499
  ],
  [
   667.0108719111957,
   945.5724026588506
  ],
  [
   464.1735923520216,
   764.8683674800894
  ],
  [
   28.659998107832667,
   207.98529954809635
  ],
  [
   533.1923772866844,
   718.2179570225054
  ],
  [
   397.5527679962636,
   51.102188192752365
  ],
  [
   99.29168226923377,
   295.55638602573015
  ],
  [
   98.73898873173073,
   689.6763662149946
  ],
  [
   170.45475820594433,
   54.278138604783784
  ],
  [
   62.71914577583143,
   252.5155095841889
  ],
  [
   101.29822433043157,
   29.76742793944709
  ],
  [
   127.45171449710041,
   887.3269400334261
  ],
  [
   58.50410489017119,
   795.2234842235476
  ],
  [
   214.73950352988578,
   950.8960477151437
  ],
  [
   590.7897848643261,
   902.6560571718353
  ],
  [
   383.2009017794609,
   636.7244171073459
  ],
  [
   537.8180521256235,
   878.3394535625393
  ],
  [
   923.600026144045,
   28.659998107832667
  ],
  [
   28.659998107832667,
   389.27927683946166
  ],
  [
   963.2523718755207,
   69.92620304150236
  ],
  [
   251.2676199846887,
   521.6742222259132
  ],
  [
   94.30564327282701,
   587.4938194609008
  ],
  [
   43.0842333669892,
   683.8551935295146
  ],
  [
   433.05657804004426,
   108.24587320920342
  ],
  [
   933.8962012887633,
   146.60547816529288
  ],
  [
   105.02990591727006,
   762.5797938220867
  ],
  [
   518.9060170957815,
   62.61518916940673
  ],
  [
   809.4772622117149,
   835.0003384063369
  ],
  [
   308.942180968117,
   586.8187680408527
  ],
  [
   223.36720091026655,
   664.9079376184155
  ],
  [
   781.8909586464675,
   577.2094830856822
  ],
  [
   353.11345264519787,
   836.7765497980589
  ],
  [
   927.7608438600375,
   218.1174806533067
  ],
  [
   294.16111951853617,
   836.4353273855442
  ],
  [
   109.73924956726277,
   158.08270968688132
  ],
  [
   324.98142474279393,
   702.4078904252906
  ],
  [
   324.5925691803458,
   28.659998107832667
  ],
  [
   497.56616259522383,
   973.3400018921674
  ]
 ]
}