{
 "Object_Radius": 26.59615202676218,
 "Object_Shape": "disc",
 "Workspace_Density": 0.2,
 "Workspace_Height": 1000,
 "Workspace_Width": 1000,
 "number_of_objects": 90,
 "point_list": [
  [
   922.6735579940853,
   972.2797662385103
  ],
  [
   78.47294765916115,
   660.5910099976282
  ],
  [
   703.6832966856116,
   263.2514573755249
  ],
  [
   263.61864679983705,
   157.16678720512311
  ],
  [
   834.9206963565679,
   687.8876126883756
  ],
  [
   277.0819077626575,
   756.4849284047465
  ],
  [
   618.3494184718393,
   715.3498468483195
  ],
  [
   565.3863888132709,
   936.8152929462474
  ],
  [
   451.75147559515074,
   951.9901896926193
  ],
  [
   466.07574685314523,
   551.2019892068358
  ],
  [
   646.4683800746308,
   283.7541661930705
  ],
  [
   887.3415305348587,
   135.05013179195188
  ],
  [
   925.5253566718682,
   766.2833995747392
  ],
  [
   681.1843026811921,
   741.7785996357786
  ],
  [
   321.17507423777073,
   819.4648652787375
  ],
  [
   807.4543140447493,
   289.5811026962346
  ],
  [
   172.61104373810898,
   273.05940537140214
  ],
  [
   894.7288280886391,
   190.04840523507775
  ],
  [
   917.5725334754652,
   40.65667991148319
  ],
  [
   687.9526872608972,
   840.7429735261154
  ],
  [
   440.25770577963056,
   437.8710651440779
  ],
  [
   436.24874053044925,
   621.9841721008484
  ],
  [
   973.3400018921674,
   336.57273171281923
  ],
  [
   523.4546797114217,
   421.14420855868156
  ],
  [
   584.6336644863503,
   28.659998107832667
  ],
  [
   885.1264143874974,
   714.2153839349597
  ],
  [
   265.7600684099085,
   364.5996662326858
  ],
  [
   664.1169810869462,
   416.49069636813977
  ],
  [
   699.1491849624515,
   372.84981531086356
  ],
  [
   387.21887937181367,
   593.7474305530013
  ],
  [
   647.4882763862277,
   665.2454936695866
  ],
  [
   102.69307709994624,
   823.6942472234715
  ],
  [
   493.84696394237204,
   906.9360384332757
  ],
  [
   590.7763253030892,
   339.67538021882945
  ],
  [
   474.9082133567617,
   71.30437797790967
  ],
  [
   405.350259199644,
   53.672210623277984
  ],
  [
   238.31097174688352,
   53.52311412207544
  ],
  [
   28.659998107832667,
   632.2457151017027
  ],
  [
   973.3400018921674,
   86.12494838625587
  ],
  [
   790.8269326355706,
   503.8319131522899
  ],
  [
   973.3400018921674,
   738.4204366068064
  ],
  [
   374.66380328342774,
   334.0981147996524
  ],
  [
   730.2572579150557,
   769.1484960624758
  ],
  [
   325.31566224142995,
   302.620751802342
  ],
  [
   150.99652992357142,
   447.7839486065902
  ],
  [
   50.10927973265439,
   903.013463261083
  ],
  [
   961.5703913352795,
   906.0014465918912
  ],
  [
   346.78229968728846,
   631.6471249572919
  ],
  [
   973.3400018921674,
   627.7801020750476
  ],
  [
   155.61480706386422,
   710.0751022550425
  ],
  [
   586.9405967788574,
   667.8566538340518
  ],
  [
   811.3115910830578,
   196.7875097612734
  ],
  [
   920.2464888115992,
   651.1119024108912
  ],
  [
   973.3400018921674,
   683.1000982889902
  ],
  [
   813.2556802059403,
   118.5474086267156
  ],
  [
   742.095008240516,
   868.1608021045632
  ],
  [
   162.6219362079241,
   605.81829545199
  ],
  [
   83.26881514745007,
   28.659998107832667
  ],
  [
   73.92748048623689,
   243.0392085949429
  ],
  [
   207.4932450960721,
   438.9009009110874
  ],
  [
   217.07462119502873,
   778.9343228694551
  ],
  [
   789.2252960231672,
   772.2072346094975
  ],
  [
   464.8439349013126,
   807.7320616151707
  ],
  [
   153.38348421060084,
   887.0900937006849
  ],
  [
   676.356105586541,
   497.25576367521785
  ],
  [
   778.6167794785981,
   671.1989732124813
  ],
  [
   973.3400018921674,
   437.825238359862
  ],
  [
   476.7560851168546,
   365.36531411892605
  ],
  [
   288.48951957682743,
   913.3560699479805
  ],
  [
   340.40252168049,
   761.4031192182679
  ],
  [
   518.285811442414,
   792.7206261520365
  ],
  [
   551.5291780285531,
   742.3799948836455
  ],
  [
   91.46806794403017,
   496.9918942405389
  ],
  [
   814.4421572158991,
   453.2834170512642
  ],
  [
   361.0236457252657,
   535.9989778377671
  ],
  [
   424.8216803410467,
   492.74840472022754
  ],
  [
   973.3400018921674,
   28.659998107832667
  ],
  [
   74.35993159631421,
   94.13292994857834
  ],
  [
   305.72185495618305,
   543.9169851085139
  ],
  [
   835.1864666730407,
   599.4568934936203
  ],
  [
   775.5842820316913,
   557.2650596349188
  ],
  [
   735.3678782200078,
   141.59437482190913
  ],
  [
   740.5190831276158,
   335.3553460209222
  ],
  [
   136.7119635725555,
   544.941494744819
  ],
  [
   28.659998107832667,
   56.42697360474054
  ],
  [
   779.0169478318514,
   614.3514413900472
  ],
  [
   199.23619995414805,
   145.48353231155716
  ],
  [
   260.1580724041641,
   271.29342588950766
  ],
  [
   694.5491287813899,
   634.6572529209806
  ],
  [
   940.1999527366229,
   819.6628295831937
  ]
 ]
}