{
 "Object_Radius": 26.59615202676218,
 "Object_Shape": "disc",
 "Workspace_Density": 0.2,
 "Workspace_Height": 1000,
 "Workspace_Width": 1000,
 "number_of_objects": 90,
 "point_list": [
  [
   753.3635351105786,
   821.1087236950021
  ],
  [
   49.25671297460199,
   861.5225630915124
  ],
  [
   956.3665227449048,
   973.3400018921674
  ],
  [
   252.1479388462352,
   854.3342673363842
  ],
  [
   182.30270406345673,
   438.82457523994873
  ],
  [
   435.01010051679214,
   122.71862871400685
  ],
  [
   507.4512773311295,
   254.55482884514834
  ],
  [
   333.4628314331294,
   713.0911162766682
  ],
  [
   385.5162887573211,
   28.659998107832667
  ],
  [
   660.5045676509412,
   812.0298950705682
  ],
  [
   193.60302655027175,
   576.7346390003183
  ],
  [
   83.98067172285167,
   567.3135727435039
  ],
  [
   194.16953010922822,
   754.4012077452184
  ],
  [
   472.930859499334,
   300.2166792898133
  ],
  [
   393.00127833370135,
   551.7332578244371
  ],
  [
   842.4052375374241,
   282.4094410436579
  ],
  [
   838.4021432389192,
   173.48483885086364
  ],
  [
   394.6961595914966,
   480.0899949448799
  ],
  [
   140.0015046361709,
   279.8937738705094
  ],
  [
   53.147840289589546,
   322.71889327190524
  ],
  [
   28.659998107832667,
   272.6835475302543
  ],
  [
   184.58856533864443,
   953.2385821478257
  ],
  [
   973.3400018921674,
   608.2625317496473
  ],
  [
   269.60272497144643,
   520.8297354607314
  ],
  [
   973.3400018921674,
   302.8843257427267
  ],
  [
   716.0219548172129,
   761.798090981834
  ],
  [
   531.5454962102052,
   617.3157994444482
  ],
  [
   296.70213907196745,
   254.5402262535319
  ],
  [
   284.1327517739992,
   670.0466113791188
  ],
  [
   118.85285216620063,
   785.348409325581
  ],
  [
   671.2977341711094,
   943.0531881368747
  ],
  [
   28.659998107832667,
   622.9568568322236
  ],
  [
   664.5836201481723,
   598.525711593678
  ],
  [
   261.58648720464686,
   347.03562251837815
  ],
  [
   973.3400018921674,
   433.51739789177543
  ],
  [
   323.60932503617056,
   470.4882811594487
  ],
  [
   726.7333338971288,
   973.3400018921674
  ],
  [
   973.3400018921674,
   360.65562801319913
  ],
  [
   810.9639694817798,
   843.4082418431733
  ],
  [
   138.77850261924962,
   172.13284431210107
  ],
  [
   973.3400018921674,
   543.1026330718499
  ],
  [
   476.6328444373796,
   58.941457281764805
  ],
  [
   372.64421607958275,
   187.88685946789755
  ],
  [
   492.5872467628746,
   912.8280802935836
  ],
  [
   686.1250389790841,
   473.41321694431906
  ],
  [
   927.2339514604212,
   808.4742686073068
  ],
  [
   798.0057047953686,
   783.8452216972136
  ],
  [
   28.659998107832667,
   943.8337933980002
  ],
  [
   348.6496388938797,
   402.209764849453
  ],
  [
   70.22543124209102,
   728.0736832002866
  ],
  [
   81.94077507638636,
   641.3219368904153
  ],
  [
   145.72583930227373,
   359.30221281650574
  ],
  [
   192.86038302236142,
   886.9297987926633
  ],
  [
   837.5182422278251,
   481.9297171994772
  ],
  [
   882.8350207159688,
   449.63813245852594
  ],
  [
   814.0567861753758,
   942.6391122325489
  ],
  [
   437.1119862404358,
   348.24061098135564
  ],
  [
   587.5236219200199,
   501.35678912039515
  ],
  [
   767.717528974976,
   322.4183547840298
  ],
  [
   28.659998107832667,
   375.0895309260765
  ],
  [
   327.8108259698055,
   823.9102816226938
  ],
  [
   412.7293680495742,
   927.5904074872109
  ],
  [
   889.6551689596929,
   571.2387524815414
  ],
  [
   248.6544213394762,
   725.7930746947566
  ],
  [
   973.3400018921674,
   773.2780027807978
  ],
  [
   139.29046125227006,
   566.2252803761021
  ],
  [
   290.07687993772123,
   957.8449043270982
  ],
  [
   509.0602006291144,
   541.5303652092176
  ],
  [
   916.0101866344788,
   746.6343589689131
  ],
  [
   580.0419245617678,
   809.6485254052291
  ],
  [
   259.3761747675145,
   112.98159632407712
  ],
  [
   243.1078559128442,
   437.17086301984114
  ],
  [
   548.2101010379658,
   28.659998107832667
  ],
  [
   696.3773514027021,
   299.0518772258022
  ],
  [
   575.0098615787525,
   874.7489393373065
  ],
  [
   928.1747329269539,
   889.9594881997288
  ],
  [
   618.2547104277875,
   925.3034080475946
  ],
  [
   835.0957755669077,
   57.66340357281074
  ],
  [
   881.7376014055804,
   380.85432708695583
  ],
  [
   606.6627064406265,
   649.0641221708238
  ],
  [
   28.659998107832667,
   511.9888290524802
  ],
  [
   240.12344967152973,
   28.659998107832667
  ],
  [
   753.2931287600165,
   28.659998107832667
  ],
  [
   452.2882603557736,
   231.0866413014677
  ],
  [
   28.659998107832667,
   567.3467497070396
  ],
  [
   739.0671365935715,
   648.9252216450161
  ],
  [
   326.04822368120875,
   337.21019911419
  ],
  [
   28.659998107832667,
   456.3820560542625
  ],
  [
   746.4278764923754,
   454.71182530290133
  ],
  [
   351.22288709303075,
   269.3237543928471
  ]
 ]
}