{
 "Object_Length": 182.57418583505537,
 "Object_Shape": "cuboid",
 "Object_Width": 54.772255750516614,
 "Workspace_Density": 0.3,
 "Workspace_Height": 1000,
 "Workspace_Width": 1000,
 "number_of_objects": 30,
 "point_list": [
  [
   310.3934165837191,
   640.3256761645443,
   0.724560927221
  ],
  [
   162.376238745965,
   286.8026680672003,
   1.40065124023
  ],
  [
   709.863636081853,
   300.44266430043785,
   0.439583264315
  ],
  [
   109.35191234567321,
   699.9968318752578,
   2.99584296101
  ],
  [
   714.9357531924746,
   726.5365685136863,
   0.36109807328
  ],
  [
   402.71253924284485,
   198.83650278259205,
   2.28001905247
  ],
  [
   106.1891960737202,
   568.0711992435882,
   2.41256294295
  ],
  [
   812.0641383511257,
   574.3304248102876,
   1.75673206198
  ],
  [
   278.05487565571616,
   112.39881205382557,
   2.30109176389
  ],
  [
   300.5165985058164,
   845.0751207510274,
   1.5787116412
  ],
  [
   661.892004183122,
   359.0341022388362,
   0.234233324261
  ],
  [
   362.8023170385336,
   421.184927811992,
   0.417473941514
  ],
  [
   773.6903763820228,
   243.9312986481986,
   0.677873466259
  ],
  [
   57.36065275687778,
   209.0920746393579,
   1.62029775055
  ],
  [
   679.4156204958174,
   459.3552131068285,
   0.614373202524
  ],
  [
   535.0890496689323,
   557.2792563825863,
   3.03433745712
  ],
  [
   110.38892546558651,
   950.172785008501,
   3.09126364286
  ],
  [
   504.9798649522029,
   215.66891768585376,
   2.15027657351
  ],
  [
   543.3092430321615,
   759.5730059457088,
   1.73198899238
  ],
  [
   932.2784362072114,
   605.6121355059864,
   1.76116061668
  ],
  [
   945.0095357066158,
   180.41614684659282,
   1.56110051596
  ],
  [
   896.4065610364902,
   459.2008759721728,
   0.2622862749
  ],
  [
   503.1173196489019,
   48.663295424779406,
   3.04902814122
  ],
  [
   61.4740207240102,
   427.3532901902753,
   1.40346210448
  ],
  [
   886.2512366034566,
   925.2784875274442,
   2.78960247907
  ],
  [
   487.341135036925,
   912.2707128855017,
   0.0651246236453
  ],
  [
   755.3654178876908,
   919.5335113147344,
   2.53001229839
  ],
  [
   235.50815520037088,
   413.9979129058671,
   1.95938863324
  ],
  [
   435.93710996235797,
   635.6215731747785,
   1.01175503604
  ],
  [
   159.0973031984683,
   773.1371514012033,
   2.9597993146
  ]
 ]
}