{
 "Object_Length": 182.57418583505537,
 "Object_Shape": "cuboid",
 "Object_Width": 54.772255750516614,
 "Workspace_Density": 0.3,
 "Workspace_Height": 1000,
 "Workspace_Width": 1000,
 "number_of_objects": 30,
 "point_list": [
  [
   880.0449627802509,
   789.1755841493086,
   2.75241039163
  ],
  [
   95.69426190182578,
   646.3557526734792,
   0.622258823933
  ],
  [
   336.3649532276662,
   258.1604116279556,
   1.6521322097
  ],
  [
   98.7428807071618,
   368.64789741906463,
   1.53271506333
  ],
  [
   250.59294292205578,
   753.7813729033752,
   0.847855420289
  ],
  [
   629.9381184784207,
   710.5106935646795,
   0.851135867947
  ],
  [
   315.19694537386414,
   468.3243744448098,
   0.946380585903
  ],
  [
   651.4621471228022,
   903.8034843174931,
   2.77419375739
  ],
  [
   449.91193701565396,
   320.49519015113754,
   0.832449003578
  ],
  [
   583.2725824471356,
   174.72643197246651,
   0.270426988544
  ],
  [
   347.6939311212798,
   646.0648826899255,
   2.47045343362
  ],
  [
   760.1830064092019,
   312.6166867078471,
   1.1378543236
  ],
  [
   423.09023964870664,
   145.1254082849852,
   1.33428505172
  ],
  [
   890.5588003043958,
   241.83379046827355,
   2.11705028328
  ],
  [
   180.7697935173303,
   193.4818250180076,
   1.60709472723
  ],
  [
   240.6697405058452,
   53.246151136678534,
   3.00679932966
  ],
  [
   597.6675301167464,
   551.2828443427037,
   2.72808405974
  ],
  [
   846.2851956229067,
   607.4688491033012,
   0.321361844539
  ],
  [
   847.3516562610768,
   911.2245845983647,
   0.204950039263
  ],
  [
   603.3276946030096,
   348.24899584734777,
   1.52304354447
  ],
  [
   870.9048317226828,
   71.03527671818716,
   0.24171175388
  ],
  [
   223.4908184145034,
   346.72194103382145,
   2.08247856484
  ],
  [
   502.7354399968673,
   765.6259303532329,
   2.43770212619
  ],
  [
   961.5098105022421,
   328.53311520458163,
   1.68790326671
  ],
  [
   347.9128135611622,
   899.4369594279482,
   2.20128326779
  ],
  [
   705.4035303974947,
   652.6665288672476,
   1.03013516467
  ],
  [
   814.1851973155522,
   434.68161954340496,
   2.55905472481
  ],
  [
   459.18649856140917,
   573.6507143178678,
   1.08538383483
  ],
  [
   146.6209459274137,
   882.9473214230443,
   1.20275315935
  ],
  [
   42.86433057222452,
   759.6260534706425,
   1.5983602712
  ]
 ]
}