{
 "Object_Length": 182.57418583505537,
 "Object_Shape": "cuboid",
 "Object_Width": 54.772255750516614,
 "Workspace_Density": 0.3,
 "Workspace_Height": 1000,
 "Workspace_Width": 1000,
 "number_of_objects": 30,
 "point_list": [
  [
   887.5571007438317,
   656.2682612002292,
   3.11502092642
  ],
  [
   660.1715453678634,
   843.5082543328399,
   2.22278951416
  ],
  [
   911.1401380331165,
   781.3950692599996,
   1.85675985352
  ],
  [
   246.4103355041762,
   607.2070458181612,
   2.76419152451
  ],
  [
   377.33574425017764,
   536.9403249796791,
   0.614743300592
  ],
  [
   204.60052278040456,
   84.0000580674116,
   0.784550339739
  ],
  [
   765.6244409393156,
   387.6988332118255,
   1.19204977474
  ],
  [
   69.99774796824623,
   663.1849846222234,
   2.00084226744
  ],
  [
   168.955684457212,
   461.3580305068135,
   2.62763062125
  ],
  [
   838.7271668788919,
   190.55025459791352,
   2.84260062322
  ],
  [
   476.88400856102464,
   176.7605662875965,
   2.58213875058
  ],
  [
   681.188049714291,
   659.2765137780008,
   2.17843692484
  ],
  [
   916.2930976677276,
   512.4325735668974,
   2.01642935402
  ],
  [
   498.66415900343094,
   586.1287073585855,
   1.93286790789
  ],
  [
   879.030553287966,
   360.35759082777724,
   0.382730753545
  ],
  [
   767.6936207436604,
   894.0046389120221,
   2.86971038753
  ],
  [
   173.72279839829952,
   296.8166361862406,
   1.68907209152
  ],
  [
   790.9655579684757,
   721.743560673645,
   0.499023428715
  ],
  [
   549.9809288937861,
   680.414080264625,
   2.08041310667
  ],
  [
   696.7992546821367,
   473.9434427469639,
   1.25023855445
  ],
  [
   456.7837350245653,
   771.3891144780405,
   0.689952987886
  ],
  [
   662.541450160469,
   287.678736228732,
   1.64577430027
  ],
  [
   461.68841984215555,
   346.0886658344948,
   1.18090878575
  ],
  [
   716.6270352375307,
   61.30211076466412,
   0.188832987421
  ],
  [
   273.77060590455056,
   763.3863228254338,
   2.82738304586
  ],
  [
   239.45085206337905,
   289.9242595542604,
   1.63795490349
  ],
  [
   83.85643316401664,
   860.7535842431266,
   1.39933382466
  ],
  [
   556.4815438761123,
   364.2836497897395,
   1.35078341884
  ],
  [
   72.93694237836799,
   322.0955648921517,
   1.34489980163
  ],
  [
   389.3822543638779,
   902.6901906648661,
   2.92336198132
  ]
 ]
}