{
 "Object_Length": 182.57418583505537,
 "Object_Shape": "cuboid",
 "Object_Width": 54.772255750516614,
 "Workspace_Density": 0.3,
 "Workspace_Height": 1000,
 "Workspace_Width": 1000,
 "number_of_objects": 30,
 "point_list": [
  [
   797.5779983696134,
   553.787389614347,
   0.157729543582
  ],
  [
   784.4112335917399,
   266.2023417265478,
   2.69223324129
  ],
  [
   246.3161105302167,
   193.51096886885603,
   1.47704773729
  ],
  [
   372.4640101665601,
   474.78600243095457,
   2.31710074238
  ],
  [
   724.9182537336359,
   96.42850735711411,
   2.28900443989
  ],
  [
   561.3642067692263,
   592.4631394787529,
   0.912563293707
  ],
  [
   132.41748719425064,
   739.3975499191116,
   0.159502267696
  ],
  [
   445.9926329590946,
   260.87357514282155,
   1.91397874568
  ],
  [
   341.36286766199333,
   750.9291117208376,
   2.46146290135
  ],
  [
   324.57653440121646,
   165.0603694436538,
   1.44842232384
  ],
  [
   537.2632131989333,
   105.40322005288336,
   1.64808536156
  ],
  [
   592.0249979474446,
   239.95171543560087,
   1.90296941575
  ],
  [
   886.844964491109,
   420.47358556826106,
   2.81620060548
  ],
  [
   269.4329509017918,
   886.5645135016009,
   0.707107585223
  ],
  [
   353.6541388296804,
   615.1937604975975,
   0.269912970214
  ],
  [
   619.9878782307667,
   889.2178894779719,
   2.53860663953
  ],
  [
   563.8596960676181,
   413.4215171016908,
   2.44005538652
  ],
  [
   602.3458158819446,
   733.6047583436405,
   2.34995860265
  ],
  [
   136.80401890184277,
   519.3726506442157,
   1.81358768018
  ],
  [
   955.0025641549087,
   846.328597693192,
   1.44406423082
  ],
  [
   417.8184142928368,
   883.6694393797566,
   0.48544531795
  ],
  [
   791.2370819028603,
   899.1185871446031,
   0.801557567074
  ],
  [
   656.0085581839236,
   456.77529718269255,
   2.18410505864
  ],
  [
   180.1613802641663,
   100.81568866170541,
   1.65408830356
  ],
  [
   126.79434776652538,
   269.02622587064945,
   2.78333237679
  ],
  [
   49.23091734789773,
   542.1277664180577,
   1.52259360239
  ],
  [
   241.77674622285065,
   453.63028102218334,
   1.82120197433
  ],
  [
   898.9089267804403,
   308.8258908447604,
   2.90464424327
  ],
  [
   378.15158925539436,
   96.0097381846835,
   1.25510179863
  ],
  [
   833.4061459015968,
   746.5195785964711,
   1.15914659863
  ]
 ]
}