{
 "Object_Length": 182.57418583505537,
 "Object_Shape": "cuboid",
 "Object_Width": 54.772255750516614,
 "Workspace_Density": 0.3,
 "Workspace_Height": 1000,
 "Workspace_Width": 1000,
 "number_of_objects": 30,
 "point_list": [
  [
   796.7928587275675,
   927.6637580845635,
   0.282592893425
  ],
  [
   574.9343917583128,
   409.6498395149551,
   2.12253876255
  ],
  [
   299.1946016208879,
   313.60763085715575,
   0.906468709587
  ],
  [
   468.57422326040995,
   320.0086868273215,
   1.34157697084
  ],
  [
   696.61750349875,
   686.1136684658904,
   1.0507394418
  ],
  [
   234.69546772295618,
   559.9777112659945,
   2.84707364382
  ],
  [
   865.6976417086936,
   59.8052604513679,
   0.0843867123709
  ],
  [
   79.44239116927676,
   511.7698794067383,
   1.39613681343
  ],
  [
   518.69633347167,
   598.2929920257524,
   2.20670919758
  ],
  [
   727.2988130493924,
   131.47047262527244,
   1.30090839226
  ],
  [
   197.9366214892851,
   778.7329280852167,
   1.68059546363
  ],
  [
   150.74632026455316,
   908.8782160913634,
   0.872928143174
  ],
  [
   395.0245573789515,
   607.5468560297595,
   2.25206146368
  ],
  [
   507.9996857250706,
   137.07969567698,
   0.0298302081239
  ],
  [
   615.876953012242,
   252.39433559317695,
   0.339402382865
  ],
  [
   153.38696602885597,
   218.5528970970795,
   1.09786057669
  ],
  [
   603.7434588909266,
   816.6639893787286,
   2.59583354169
  ],
  [
   857.1743053223386,
   439.1170034114005,
   2.77389351918
  ],
  [
   274.30516068609035,
   848.4133424417552,
   1.97614648585
  ],
  [
   738.7493995461238,
   479.8614480095997,
   1.05115948798
  ],
  [
   412.17954367649725,
   326.18077076405564,
   1.32897411669
  ],
  [
   822.2283263910439,
   206.02684697239368,
   1.56657475419
  ],
  [
   396.84777796990846,
   938.1692894527567,
   0.413788741032
  ],
  [
   371.32800688707675,
   757.085684953203,
   0.444267744727
  ],
  [
   464.2755937348725,
   38.768332078628056,
   3.10105013302
  ],
  [
   62.727515326028424,
   786.6045514050884,
   1.914188422
  ],
  [
   855.7443928871223,
   814.2868584093682,
   0.516294940175
  ],
  [
   243.47510335969247,
   106.55928278992731,
   0.886113729732
  ],
  [
   899.2720864612725,
   549.6473032219694,
   1.9355346568
  ],
  [
   74.49761151557736,
   239.58752120390182,
   1.13556113714
  ]
 ]
}