{
 "Object_Length": 182.57418583505537,
 "Object_Shape": "cuboid",
 "Object_Width": 54.772255750516614,
 "Workspace_Density": 0.3,
 "Workspace_Height": 1000,
 "Workspace_Width": 1000,
 "number_of_objects": 30,
 "point_list": [
  [
   710.3463918009214,
   132.19969937231383,
   0.459874209357
  ],
  [
   523.5663528156044,
   376.52009148106544,
   0.243941226935
  ],
  [
   399.0912292978485,
   902.3906338437866,
   0.636843481911
  ],
  [
   529.7034614196405,
   520.3955505576633,
   2.80645234762
  ],
  [
   806.4307568145742,
   252.41452787646818,
   0.329615293018
  ],
  [
   365.0782685899739,
   626.9793947922917,
   1.2863105757
  ],
  [
   135.35093790837817,
   867.8092843999674,
   0.795476776208
  ],
  [
   695.7310058241341,
   798.6305695340623,
   0.168258931118
  ],
  [
   372.45391045815603,
   289.1990989788892,
   1.31754146694
  ],
  [
   101.14153967959089,
   213.35117958751908,
   0.276809149572
  ],
  [
   659.3167522237942,
   294.86105919067086,
   1.6711585452
  ],
  [
   97.27396791449111,
   669.9062382961812,
   2.55994720088
  ],
  [
   604.9396188169869,
   941.6093354380746,
   3.07899049849
  ],
  [
   898.7064660131126,
   836.1146435346334,
   3.00405700766
  ],
  [
   519.4915439512532,
   848.54928450314,
   0.0869583870063
  ],
  [
   191.26133119346684,
   462.03269686618387,
   2.43456281348
  ],
  [
   836.2579156869944,
   643.9659628775565,
   1.37311489165
  ],
  [
   928.4547792184821,
   224.6340573945723,
   1.51902039104
  ],
  [
   430.2433631346975,
   432.8491229946352,
   0.103714803859
  ],
  [
   104.87163046736629,
   445.4798575562828,
   2.18169004654
  ],
  [
   284.8036503557658,
   103.83299229813836,
   0.105265085819
  ],
  [
   257.3048081940577,
   779.5126349544432,
   0.653366568637
  ],
  [
   211.21753480481172,
   160.73071624861856,
   0.0139443343837
  ],
  [
   457.33541094715866,
   148.8735395776102,
   2.64565149475
  ],
  [
   264.13206751649903,
   651.6956455274137,
   0.743207013545
  ],
  [
   671.5992469239161,
   636.9308202097842,
   2.80967797181
  ],
  [
   885.8824583849705,
   508.6647971347093,
   3.10877586034
  ],
  [
   97.90835742687875,
   307.26149102447687,
   2.97627209606
  ],
  [
   732.6076982536117,
   395.3142181663451,
   2.31936877663
  ],
  [
   533.5687800664258,
   670.7847414760486,
   1.01730153471
  ]
 ]
}