{
 "Object_Radius": 48.860251190292,
 "Object_Shape": "disc",
 "Workspace_Density": 0.3,
 "Workspace_Height": 1000,
 "Workspace_Width": 1000,
 "number_of_objects": 40,
 "point_list": [
  [
   688.3991208494411,
   51.81466123790368
  ],
  [
   950.1853387620963,
   950.1853387620963
  ],
  [
   800.5882345472218,
   855.1719474344454
  ],
  [
   51.81466123790368,
   950.1853387620963
  ],
  [
   438.8322566536094,
   167.29438122469514
  ],
  [
   520.4223087300347,
   535.9531990958271
  ],
  [
   307.58630358769017,
   372.20434920523525
  ],
  [
   950.1853387620963,
   675.2331093806439
  ],
  [
   209.43976738704362,
   405.56865450795294
  ],
  [
   119.39044326162818,
   765.8652081637985
  ],
  [
   51.81466123790368,
   638.0851184529542
  ],
  [
   573.9118188286585,
   760.9702922424526
  ],
  [
   575.8168251105554,
   367.6012952113216
  ],
  [
   394.8184312734326,
   584.6200594238962
  ],
  [
   950.1853387620963,
   51.81466123790368
  ],
  [
   108.07604961595943,
   398.0334517280068
  ],
  [
   603.7605528206741,
   211.1013727251548
  ],
  [
   492.8692704942443,
   308.78381661494245
  ],
  [
   150.0465494658857,
   518.578323467939
  ],
  [
   698.8945967426903,
   832.3144114621621
  ],
  [
   739.2517420453942,
   410.54337028714144
  ],
  [
   175.8483499002744,
   868.8559134714656
  ],
  [
   651.6135470680103,
   501.54665205300074
  ],
  [
   51.81466123790368,
   155.3940111741517
  ],
  [
   743.4734300823126,
   687.5548140225619
  ],
  [
   780.7315578864843,
   102.52414500409462
  ],
  [
   51.81466123790368,
   51.81466123790368
  ],
  [
   271.213710702355,
   589.2686615318057
  ],
  [
   852.4888163697498,
   730.3679332688993
  ],
  [
   764.2849389928713,
   950.1853387620963
  ],
  [
   811.895617935834,
   548.3684164339529
  ],
  [
   897.6604830630998,
   825.0804707103308
  ],
  [
   462.31267254476256,
   746.2465559096324
  ],
  [
   197.9106413796921,
   679.6105237269855
  ],
  [
   230.00298210541538,
   71.27791854901952
  ],
  [
   362.32900819677553,
   285.971836218073
  ],
  [
   253.63671390680574,
   950.1853387620963
  ],
  [
   396.69222440178197,
   853.347689259161
  ],
  [
   401.3973719099288,
   51.81466123790368
  ],
  [
   662.6555367319121,
   950.1853387620963
  ]
 ]
}