{
 "Object_Radius": 48.860251190292,
 "Object_Shape": "disc",
 "Workspace_Density": 0.3,
 "Workspace_Height": 1000,
 "Workspace_Width": 1000,
 "number_of_objects": 40,
 "point_list": [
  [
   909.137355488289,
   530.8053958026036
  ],
  [
   435.15249791238034,
   658.5432174085565
  ],
  [
   950.1853387620963,
   745.7847523317262
  ],
  [
   51.81466123790368,
   677.4413976263857
  ],
  [
   647.8919401480229,
   334.80034503743025
  ],
  [
   356.3249914289529,
   847.5630499054806
  ],
  [
   51.81466123790368,
   870.957616109832
  ],
  [
   244.55110256101864,
   808.0711283531607
  ],
  [
   401.1947123727844,
   417.18038794524387
  ],
  [
   209.6966900904227,
   639.5331544965157
  ],
  [
   719.6852419612134,
   907.8860824264272
  ],
  [
   834.4540573416484,
   51.81466123790368
  ],
  [
   92.07564693379112,
   60.945671426212535
  ],
  [
   324.54075826100905,
   101.50699849165538
  ],
  [
   462.873414947452,
   255.29837315549779
  ],
  [
   320.06535816952845,
   950.1853387620963
  ],
  [
   530.1633138740891,
   721.8327233958554
  ],
  [
   110.81923421709789,
   770.4507309352176
  ],
  [
   253.12498619639322,
   286.9487799343626
  ],
  [
   913.7236460276795,
   950.1853387620963
  ],
  [
   206.23463764396496,
   106.43633332908493
  ],
  [
   821.7752547736859,
   191.91969611185112
  ],
  [
   883.2660611208767,
   295.3371978937757
  ],
  [
   116.58534535168124,
   950.1853387620963
  ],
  [
   218.37412524387338,
   950.1853387620963
  ],
  [
   455.88871054882316,
   801.7209311702826
  ],
  [
   438.8498883253605,
   154.60763558934158
  ],
  [
   641.6943698741288,
   712.6363771004197
  ],
  [
   523.4037436837921,
   950.1853387620963
  ],
  [
   421.75505242920065,
   950.1853387620963
  ],
  [
   361.2828231463825,
   297.08519993961045
  ],
  [
   541.052578096008,
   123.93280851839106
  ],
  [
   726.9688598575451,
   248.18995634758397
  ],
  [
   950.1853387620963,
   848.6043482880808
  ],
  [
   625.5346410532188,
   950.1853387620963
  ],
  [
   51.81466123790368,
   565.9693243249575
  ],
  [
   812.0935204185896,
   950.1853387620963
  ],
  [
   744.6450482037458,
   765.2556844785395
  ],
  [
   644.9231160944493,
   825.4900226664355
  ],
  [
   950.1853387620963,
   131.17678130424392
  ]
 ]
}