{
 "Object_Radius": 48.860251190292,
 "Object_Shape": "disc",
 "Workspace_Density": 0.3,
 "Workspace_Height": 1000,
 "Workspace_Width": 1000,
 "number_of_objects": 40,
 "point_list": [
  [
   448.62290506875996,
   51.81466123790368
  ],
  [
   744.4350830632526,
   599.6472073055073
  ],
  [
   934.0256881706555,
   102.45131917687434
  ],
  [
   210.72091591565695,
   554.5162491241193
  ],
  [
   427.52284370755694,
   554.3644983155675
  ],
  [
   714.8984659726663,
   800.1211321506718
  ],
  [
   950.1853387620963,
   324.97013308343656
  ],
  [
   560.5254608370313,
   252.59711638058778
  ],
  [
   171.59913457731824,
   303.10167635340747
  ],
  [
   233.39923739432675,
   813.3875381732332
  ],
  [
   427.4963192670406,
   180.4995518479652
  ],
  [
   359.10011007032983,
   740.8024780501656
  ],
  [
   950.1853387620963,
   736.2876781415162
  ],
  [
   71.5759655357569,
   652.2410968866459
  ],
  [
   623.1339499910783,
   853.1086187832328
  ],
  [
   272.66230078638466,
   472.8342146643573
  ],
  [
   331.4987668448418,
   231.93922127977535
  ],
  [
   51.81466123790368,
   777.4299085966383
  ],
  [
   74.30434894206823,
   915.2666832579441
  ],
  [
   308.30231160336535,
   587.91731714874
  ],
  [
   136.95805999147865,
   405.5559902874699
  ],
  [
   149.41922595635845,
   741.137420222128
  ],
  [
   656.8149817588012,
   950.1853387620963
  ],
  [
   83.41167428863535,
   252.58685604666485
  ],
  [
   632.5879662497708,
   629.5397106018921
  ],
  [
   667.4079176588033,
   143.56429845931098
  ],
  [
   357.2514277797645,
   348.2040360198385
  ],
  [
   285.98244338191665,
   115.03666773929729
  ],
  [
   688.610375710069,
   250.35446344678732
  ],
  [
   213.96699704731193,
   939.0246635768858
  ],
  [
   337.3729253246488,
   950.1853387620963
  ],
  [
   600.0586688696023,
   67.32623337703127
  ],
  [
   428.3935704555652,
   662.2076810308538
  ],
  [
   724.1833927903632,
   51.81466123790368
  ],
  [
   892.3774712154302,
   566.3984329354762
  ],
  [
   817.631991279516,
   670.1544018760393
  ],
  [
   242.710497709929,
   375.70808897789055
  ],
  [
   486.2616089222536,
   820.5466647771918
  ],
  [
   51.81466123790368,
   153.94824710972222
  ],
  [
   442.42046831324024,
   403.6799791633936
  ]
 ]
}