{
 "Object_Radius": 48.860251190292,
 "Object_Shape": "disc",
 "Workspace_Density": 0.3,
 "Workspace_Height": 1000,
 "Workspace_Width": 1000,
 "number_of_objects": 40,
 "point_list": [
  [
   950.1853387620963,
   355.3285267682181
  ],
  [
   305.90639623001357,
   193.67611955345882
  ],
  [
   51.81466123790368,
   707.8810912416225
  ],
  [
   842.3810912688308,
   521.9869447751486
  ],
  [
   147.97323207306178,
   350.1802539802297
  ],
  [
   789.7392440307432,
   950.1853387620963
  ],
  [
   369.60898036097217,
   275.7872171552252
  ],
  [
   561.1824425218874,
   535.0459994126546
  ],
  [
   809.5785470355065,
   265.80905314351145
  ],
  [
   585.6734694502046,
   260.31071406760486
  ],
  [
   746.4186454534776,
   848.5232244795566
  ],
  [
   508.0360158735903,
   758.6263571903565
  ],
  [
   909.3059490060637,
   51.81466123790368
  ],
  [
   414.1244565867088,
   817.4850622858197
  ],
  [
   280.3487163364154,
   769.3765658014132
  ],
  [
   847.1932772827236,
   830.8877416814069
  ],
  [
   872.389097747834,
   710.7870474631279
  ],
  [
   134.2117045533976,
   771.9509609727402
  ],
  [
   129.95889659477484,
   116.79161207371894
  ],
  [
   625.8630165599484,
   950.1853387620963
  ],
  [
   227.38989759016428,
   86.4534192792244
  ],
  [
   51.81466123790368,
   299.83561589837694
  ],
  [
   674.6765694386523,
   431.9878046056132
  ],
  [
   163.56540244053443,
   470.40343223214796
  ],
  [
   51.81466123790368,
   950.1853387620963
  ],
  [
   51.81466123790368,
   51.81466123790368
  ],
  [
   458.24674034794367,
   524.6763926575558
  ],
  [
   280.95591190572475,
   664.8606246948139
  ],
  [
   663.7836554990379,
   606.2902954410436
  ],
  [
   851.8196771596275,
   406.4672349390499
  ],
  [
   391.36292478027144,
   667.1106236897546
  ],
  [
   359.89680120554596,
   490.37211563873376
  ],
  [
   435.136967267584,
   356.21085298287886
  ],
  [
   212.6834174096701,
   950.1853387620963
  ],
  [
   405.75527037203506,
   60.396435026104925
  ],
  [
   622.2111270087826,
   154.6353155555723
  ],
  [
   318.50267890971907,
   950.1853387620963
  ],
  [
   606.9413595575381,
   785.0513303487124
  ],
  [
   691.9082161846023,
   707.9630889205387
  ],
  [
   420.8001546416169,
   927.4473496487725
  ]
 ]
}