{
 "Object_Radius": 48.860251190292,
 "Object_Shape": "disc",
 "Workspace_Density": 0.3,
 "Workspace_Height": 1000,
 "Workspace_Width": 1000,
 "number_of_objects": 40,
 "point_list": [
  [
   930.8092884483597,
   580.4269896625153
  ],
  [
   599.0389650462001,
   467.0109701092982
  ],
  [
   110.9396956230815,
   293.1020998610002
  ],
  [
   808.4430141756125,
   302.2315120170667
  ],
  [
   745.329214447506,
   426.8748159097074
  ],
  [
   718.9654934816107,
   950.1853387620963
  ],
  [
   579.4711312328459,
   312.29002452659705
  ],
  [
   90.6425634358762,
   602.8324723709844
  ],
  [
   392.1977888537512,
   235.4765614616975
  ],
  [
   789.9695305157876,
   866.7962144763773
  ],
  [
   655.0036335331142,
   380.29361134656835
  ],
  [
   263.8658022172423,
   51.81466123790368
  ],
  [
   282.9967771342585,
   440.71105071157524
  ],
  [
   103.41331654978637,
   394.858758701982
  ],
  [
   220.2139108627547,
   743.2484650285022
  ],
  [
   620.873330584703,
   675.2949892497409
  ],
  [
   170.56194545740567,
   208.38039387073658
  ],
  [
   364.5777619372023,
   370.2307854512777
  ],
  [
   466.6243444330441,
   51.81466123790368
  ],
  [
   294.6442239742162,
   294.5844899656499
  ],
  [
   357.0079607491904,
   751.2658721432183
  ],
  [
   405.87329630842487,
   133.89691790951994
  ],
  [
   193.76252897315769,
   540.2352376716425
  ],
  [
   95.55012911922482,
   135.88508873102427
  ],
  [
   51.81466123790368,
   707.5093652628728
  ],
  [
   435.8873293705974,
   443.23890243573226
  ],
  [
   260.8142342977554,
   845.1588493583569
  ],
  [
   699.0272527263697,
   178.6691562394363
  ],
  [
   809.7209782389956,
   543.4818336193483
  ],
  [
   489.7165272401335,
   264.3934302423341
  ],
  [
   465.04910346522337,
   652.7803577363691
  ],
  [
   269.74975851183746,
   651.9869229096549
  ],
  [
   459.40198230682347,
   773.045046028158
  ],
  [
   950.1853387620963,
   755.7934356956684
  ],
  [
   903.3987565220456,
   51.81466123790368
  ],
  [
   880.6736495359286,
   152.563025352542
  ],
  [
   950.1853387620963,
   950.1853387620963
  ],
  [
   304.0236348870477,
   541.2176597310474
  ],
  [
   722.6218534227545,
   615.5390606156568
  ],
  [
   846.3875961567943,
   777.6491560111218
  ]
 ]
}