{
 "Object_Radius": 48.860251190292,
 "Object_Shape": "disc",
 "Workspace_Density": 0.3,
 "Workspace_Height": 1000,
 "Workspace_Width": 1000,
 "number_of_objects": 40,
 "point_list": [
  [
   440.0225845250103,
   118.45339583573916
  ],
  [
   432.4361975395801,
   314.893524251652
  ],
  [
   91.72419379950136,
   97.99496764346394
  ],
  [
   407.3977504077149,
   950.1853387620963
  ],
  [
   312.6917566568093,
   797.904731869468
  ],
  [
   223.77154927738275,
   392.9503259016134
  ],
  [
   540.5432097604963,
   482.0771677301878
  ],
  [
   385.07111211431777,
   204.20774804906682
  ],
  [
   861.9111459170965,
   852.2450468835128
  ],
  [
   928.7501847268206,
   560.1044226954564
  ],
  [
   132.88733969701505,
   950.1853387620963
  ],
  [
   518.9926583248673,
   51.81466123790368
  ],
  [
   869.1594532182579,
   728.0429088280677
  ],
  [
   195.47413201568142,
   51.81466123790368
  ],
  [
   673.2648196832961,
   350.9639861198943
  ],
  [
   51.81466123790368,
   859.5498988117971
  ],
  [
   572.9441656113362,
   844.8132917446651
  ],
  [
   108.25353423946301,
   323.52327140462546
  ],
  [
   558.4894391878489,
   586.4391733484844
  ],
  [
   385.6495438504876,
   646.1249606187382
  ],
  [
   51.81466123790368,
   428.8226124550606
  ],
  [
   871.7396366000306,
   315.17454993312595
  ],
  [
   950.1853387620963,
   399.9943667630886
  ],
  [
   950.1853387620963,
   664.9429496973393
  ],
  [
   817.7138387227201,
   950.1853387620963
  ],
  [
   765.4759865855019,
   712.0943039649659
  ],
  [
   641.2801811197387,
   211.07383264271425
  ],
  [
   248.69927216769975,
   950.1853387620963
  ],
  [
   199.57684175655072,
   277.19435757352727
  ],
  [
   444.9610974822181,
   542.3256787720948
  ],
  [
   775.6852294270694,
   51.81466123790368
  ],
  [
   285.0459808666946,
   222.20758612900536
  ],
  [
   623.9890566443707,
   51.81466123790368
  ],
  [
   349.319924455291,
   51.81466123790368
  ],
  [
   613.741411133312,
   950.1853387620963
  ],
  [
   532.6590965255155,
   365.51668391206806
  ],
  [
   666.9780062421514,
   683.5403205639085
  ],
  [
   950.1853387620963,
   924.1692579845723
  ],
  [
   750.5156834552834,
   266.1089910302595
  ],
  [
   699.657915949235,
   812.2650501463003
  ]
 ]
}