{
 "Object_Length": 447.21359549995793,
 "Object_Shape": "cuboid",
 "Object_Width": 134.16407864998737,
 "Workspace_Density": 0.3,
 "Workspace_Height": 1000,
 "Workspace_Width": 1000,
 "number_of_objects": 5,
 "point_list": [
  [
   401.0927481209502,
   686.5443307417316,
   2.6690455826
  ],
  [
   250.43861596982467,
   334.7053998523151,
   1.52896387988
  ],
  [
   742.8622503608797,
   471.63901944396287,
   0.512189292348
  ],
  [
   703.5370487118519,
   840.301747305464,
   0.152221016902
  ],
  [
   709.3535661836394,
   159.40043905263607,
   0.298339871255
  ]
 ]
}