{
 "Object_Length": 447.21359549995793,
 "Object_Shape": "cuboid",
 "Object_Width": 134.16407864998737,
 "Workspace_Density": 0.3,
 "Workspace_Height": 1000,
 "Workspace_Width": 1000,
 "number_of_objects": 5,
 "point_list": [
  [
   517.8663526310754,
   241.05209963274757,
   1.92203752512
  ],
  [
   253.81122195516895,
   722.9231872517045,
   0.257388351531
  ],
  [
   735.2303751241877,
   663.1629565882238,
   0.662743395826
  ],
  [
   789.9237192443112,
   321.74518563620944,
   1.75192488113
  ],
  [
   192.2469665757523,
   360.32040176812166,
   1.71023302836
  ]
 ]
}