{
 "Object_Length": 447.21359549995793,
 "Object_Shape": "cuboid",
 "Object_Width": 134.16407864998737,
 "Workspace_Density": 0.3,
 "Workspace_Height": 1000,
 "Workspace_Width": 1000,
 "number_of_objects": 5,
 "point_list": [
  [
   527.709867562699,
   161.64124719308472,
   0.405870776765
  ],
  [
   753.4634080722135,
   654.3161115387786,
   1.71513084884
  ],
  [
   387.4587211047616,
   805.7785552839648,
   0.0576085408513
  ],
  [
   150.426396781714,
   342.72595674779734,
   1.77365679853
  ],
  [
   470.39626223073486,
   454.90776190624047,
   2.67444036646
  ]
 ]
}