{
 "Object_Length": 447.21359549995793,
 "Object_Shape": "cuboid",
 "Object_Width": 134.16407864998737,
 "Workspace_Density": 0.3,
 "Workspace_Height": 1000,
 "Workspace_Width": 1000,
 "number_of_objects": 5,
 "point_list": [
  [
   547.2114401553811,
   749.685597494639,
   2.78638289894
  ],
  [
   748.1305089061821,
   280.4648356544724,
   0.500270520493
  ],
  [
   535.2228651357898,
   513.1972801024823,
   0.0998061951202
  ],
  [
   172.03556466789513,
   678.1085847193752,
   1.14724703878
  ],
  [
   287.5715057110366,
   199.98241477109303,
   0.112200918546
  ]
 ]
}