{
 "Object_Length": 447.21359549995793,
 "Object_Shape": "cuboid",
 "Object_Width": 134.16407864998737,
 "Workspace_Density": 0.3,
 "Workspace_Height": 1000,
 "Workspace_Width": 1000,
 "number_of_objects": 5,
 "point_list": [
  [
   769.6752539026385,
   270.99726346941037,
   2.43735713401
  ],
  [
   551.0157908782116,
   693.6801994550855,
   2.84119552661
  ],
  [
   242.3109849035272,
   353.5908696408865,
   2.73256291457
  ],
  [
   888.4903352856865,
   688.1826863755441,
   1.72081243241
  ],
  [
   332.67595559366055,
   564.4918091407201,
   2.54117205546
  ]
 ]
}