{
 "Object_Radius": 79.78845608028654,
 "Object_Shape": "disc",
 "Workspace_Density": 0.4,
 "Workspace_Height": 1000,
 "Workspace_Width": 1000,
 "number_of_objects": 20,
 "point_list": [
  [
   918.020005676502,
   723.8724561602708
  ],
  [
   273.8256910644046,
   251.88541310694958
  ],
  [
   83.979994323498,
   590.0984425198814
  ],
  [
   918.020005676502,
   208.74739637890968
  ],
  [
   536.4742378847026,
   649.2810554428684
  ],
  [
   805.6477854742652,
   366.5823634468524
  ],
  [
   381.6097216183972,
   548.6241167799849
  ],
  [
   659.4768196621336,
   770.4026291612623
  ],
  [
   244.1508877333097,
   872.617317787848
  ],
  [
   212.2036413817798,
   695.4616650302197
  ],
  [
   379.9651105765296,
   716.9421340527497
  ],
  [
   570.1257157886506,
   918.020005676502
  ],
  [
   477.1294749844087,
   257.82189558649316
  ],
  [
   717.7140047499366,
   199.1474234271553
  ],
  [
   83.979994323498,
   918.020005676502
  ],
  [
   143.16710095650012,
   431.825147855141
  ],
  [
   403.91272906057935,
   918.020005676502
  ],
  [
   103.70376225405619,
   83.979994323498
  ],
  [
   642.6156724802835,
   500.23158396156606
  ],
  [
   108.57326348555252,
   269.48335081023
  ]
 ]
}