{
 "Object_Radius": 79.78845608028654,
 "Object_Shape": "disc",
 "Workspace_Density": 0.4,
 "Workspace_Height": 1000,
 "Workspace_Width": 1000,
 "number_of_objects": 20,
 "point_list": [
  [
   853.9131686852772,
   365.11793110296645
  ],
  [
   298.08750015564,
   488.96343198770444
  ],
  [
   365.0310079632244,
   83.979994323498
  ],
  [
   768.0184501318244,
   663.1021896035551
  ],
  [
   224.68135883596855,
   175.5916076794074
  ],
  [
   83.979994323498,
   918.020005676502
  ],
  [
   689.9113175729603,
   337.0431197161058
  ],
  [
   83.979994323498,
   264.63050266778515
  ],
  [
   413.741485404972,
   659.8725576121957
  ],
  [
   536.3243969342419,
   83.979994323498
  ],
  [
   83.979994323498,
   83.979994323498
  ],
  [
   529.6501194732531,
   285.78246128949763
  ],
  [
   485.97611947541117,
   841.4368313585243
  ],
  [
   555.2640615993479,
   572.9292195608003
  ],
  [
   616.6565978066118,
   733.3518380566899
  ],
  [
   711.1296438047474,
   504.04145379021446
  ],
  [
   810.2149429361484,
   83.979994323498
  ],
  [
   457.0552939998773,
   436.6958305444858
  ],
  [
   918.020005676502,
   210.15757379052033
  ],
  [
   206.53277025716895,
   628.431228110539
  ]
 ]
}