{
 "Object_Radius": 162.86750396763998,
 "Object_Shape": "disc",
 "Workspace_Density": 0.5,
 "Workspace_Height": 1000,
 "Workspace_Width": 1000,
 "number_of_objects": 6,
 "point_list": [
  [
   499.4158061166493,
   821.845745635596
  ],
  [
   180.15425436440398,
   180.15425436440398
  ],
  [
   489.6283158244242,
   364.37270948821543
  ],
  [
   821.845745635596,
   230.0877786871775
  ],
  [
   821.845745635596,
   631.7913887485272
  ],
  [
   180.15425436440398,
   659.1895161403055
  ]
 ]
}