{
 "Object_Radius": 162.86750396763998,
 "Object_Shape": "disc",
 "Workspace_Density": 0.5,
 "Workspace_Height": 1000,
 "Workspace_Width": 1000,
 "number_of_objects": 6,
 "point_list": [
  [
   821.845745635596,
   821.845745635596
  ],
  [
   821.845745635596,
   462.7701018999478
  ],
  [
   212.64141265484727,
   821.845745635596
  ],
  [
   601.5882803449616,
   180.15425436440398
  ],
  [
   180.15425436440398,
   236.5433556849951
  ],
  [
   445.257228503306,
   502.7872890736176
  ]
 ]
}