{
 "Object_Radius": 162.86750396763998,
 "Object_Shape": "disc",
 "Workspace_Density": 0.5,
 "Workspace_Height": 1000,
 "Workspace_Width": 1000,
 "number_of_objects": 6,
 "point_list": [
  [
   821.845745635596,
   568.1277234497154
  ],
  [
   805.7010392209723,
   206.11977572237907
  ],
  [
   438.73188898309655,
   180.15425436440398
  ],
  [
   180.15425436440398,
   821.845745635596
  ],
  [
   538.5695263113798,
   821.845745635596
  ],
  [
   220.8760736938332,
   465.85876505505445
  ]
 ]
}