{
 "Object_Radius": 162.86750396763998,
 "Object_Shape": "disc",
 "Workspace_Density": 0.5,
 "Workspace_Height": 1000,
 "Workspace_Width": 1000,
 "number_of_objects": 6,
 "point_list": [
  [
   821.845745635596,
   203.2473236236922
  ],
  [
   475.07393486648465,
   468.64212224333966
  ],
  [
   180.15425436440398,
   771.5149038720016
  ],
  [
   821.845745635596,
   561.5726093809627
  ],
  [
   535.3415701009584,
   821.845745635596
  ],
  [
   261.86056048102853,
   180.15425436440398
  ]
 ]
}