{
 "Object_Radius": 162.86750396763998,
 "Object_Shape": "disc",
 "Workspace_Density": 0.5,
 "Workspace_Height": 1000,
 "Workspace_Width": 1000,
 "number_of_objects": 6,
 "point_list": [
  [
   198.8541989481137,
   750.8101262272348
  ],
  [
   821.845745635596,
   582.9447447706198
  ],
  [
   791.0493102026636,
   225.96185867868496
  ],
  [
   475.73736895311185,
   450.61073931381685
  ],
  [
   554.8024130241113,
   821.845745635596
  ],
  [
   180.15425436440398,
   244.713289195315
  ]
 ]
}