{
 "Object_Length": 258.19888974716116,
 "Object_Shape": "cuboid",
 "Object_Width": 77.45966692414835,
 "Workspace_Density": 0.3,
 "Workspace_Height": 1000,
 "Workspace_Width": 1000,
 "number_of_objects": 15,
 "point_list": [
  [
   771.3306399218641,
   74.11666163672494,
   3.0798273244
  ],
  [
   174.53001520693522,
   724.1444571305805,
   2.48095624942
  ],
  [
   775.7325741604674,
   568.6600876500482,
   1.37194599404
  ],
  [
   221.4251156019945,
   365.94002646629616,
   2.35936035027
  ],
  [
   751.5363821381152,
   860.6141463533526,
   1.06671132567
  ],
  [
   755.2124678810883,
   385.91943721615763,
   0.0474653968165
  ],
  [
   387.0906495350327,
   556.8813296204462,
   0.632335541954
  ],
  [
   465.80678625224016,
   337.2548960980107,
   1.8728325515
  ],
  [
   552.3557888193455,
   436.86145132625114,
   1.64067455301
  ],
  [
   407.959648613622,
   811.2242743906432,
   2.63509459155
  ],
  [
   566.0118983555079,
   163.8071921384181,
   0.87959988892
  ],
  [
   945.8028704971799,
   860.462514017027,
   1.48899359989
  ],
  [
   142.49024730613235,
   172.5726560189398,
   0.868350232884
  ],
  [
   842.4091787851064,
   216.49234951151922,
   0.272759239756
  ],
  [
   917.5424298556462,
   574.721498347716,
   1.52443699306
  ]
 ]
}