{
 "Object_Length": 258.19888974716116,
 "Object_Shape": "cuboid",
 "Object_Width": 77.45966692414835,
 "Workspace_Density": 0.3,
 "Workspace_Height": 1000,
 "Workspace_Width": 1000,
 "number_of_objects": 15,
 "point_list": [
  [
   492.8590811734721,
   608.8999778466016,
   3.09427682664
  ],
  [
   804.3024253757603,
   764.7468525644849,
   0.641658289818
  ],
  [
   446.0091232011457,
   160.63663580173397,
   0.796169834801
  ],
  [
   136.4196864764131,
   340.91292447938093,
   0.297783082221
  ],
  [
   837.1312308634388,
   314.4810260380151,
   1.39698048175
  ],
  [
   628.1759414306009,
   501.3433026514129,
   2.9903854317
  ],
  [
   621.3563973931691,
   771.8586007944721,
   0.731567509849
  ],
  [
   366.6091345991623,
   707.0482122255338,
   0.512352853811
  ],
  [
   647.5349080672937,
   281.44135521393275,
   2.39754550835
  ],
  [
   887.9890638567225,
   601.1644943615669,
   1.10119982221
  ],
  [
   134.95914207066133,
   795.2472465570917,
   2.1116116553
  ],
  [
   392.918675193728,
   383.7251993918257,
   1.54747515454
  ],
  [
   521.7345948559886,
   924.8859516461777,
   3.09249116719
  ],
  [
   130.1371878109386,
   565.9631940170673,
   2.44053129903
  ],
  [
   217.23944686518166,
   208.6661353284885,
   0.494368591381
  ]
 ]
}