{
 "Object_Length": 258.19888974716116,
 "Object_Shape": "cuboid",
 "Object_Width": 77.45966692414835,
 "Workspace_Density": 0.3,
 "Workspace_Height": 1000,
 "Workspace_Width": 1000,
 "number_of_objects": 15,
 "point_list": [
  [
   825.7692015077777,
   409.74973197887823,
   0.127834494962
  ],
  [
   495.4491327886818,
   495.5029307638131,
   1.24690466503
  ],
  [
   801.0809937566111,
   685.2914083710787,
   2.36010506844
  ],
  [
   366.22467887175657,
   230.71885055231792,
   0.924065837433
  ],
  [
   297.1597087976549,
   577.7072484100015,
   1.10030401516
  ],
  [
   666.496069143878,
   310.8538814929051,
   1.81878085636
  ],
  [
   450.1633622578696,
   784.4114106444143,
   2.93878956844
  ],
  [
   138.99087957456769,
   859.7454157988329,
   0.489692483183
  ],
  [
   84.634746741548,
   194.81935997462068,
   1.37541539539
  ],
  [
   743.8842559944038,
   868.3806029000277,
   0.592823866964
  ],
  [
   148.74345750910587,
   602.8432754201402,
   0.614830541659
  ],
  [
   326.6528896881091,
   385.200158831104,
   1.1195816363
  ],
  [
   747.4002284153315,
   543.6194398809785,
   2.68771452499
  ],
  [
   871.1987961163005,
   153.4045095152774,
   2.35141634265
  ],
  [
   418.84396598197395,
   921.4853914195392,
   2.89543555249
  ]
 ]
}