{
 "Object_Length": 258.19888974716116,
 "Object_Shape": "cuboid",
 "Object_Width": 77.45966692414835,
 "Workspace_Density": 0.3,
 "Workspace_Height": 1000,
 "Workspace_Width": 1000,
 "number_of_objects": 15,
 "point_list": [
  [
   870.5297574960828,
   721.8611582844132,
   0.628252036455
  ],
  [
   499.0165874322699,
   279.4882096450702,
   2.74908732901
  ],
  [
   676.845503833717,
   120.84011911193024,
   0.815357249344
  ],
  [
   611.6483734700425,
   491.77869006836517,
   0.356122297224
  ],
  [
   386.2815563802343,
   114.76247853218177,
   0.163779202853
  ],
  [
   243.38626315211587,
   753.3464389185666,
   2.13915944571
  ],
  [
   637.5291487561017,
   816.5608967139153,
   2.04068620479
  ],
  [
   837.2165346363721,
   918.3349147998907,
   2.96275858642
  ],
  [
   597.5937439752579,
   688.3237135092606,
   2.37890580073
  ],
  [
   264.7048802203765,
   203.74390292448098,
   3.08024353147
  ],
  [
   130.41657607701916,
   603.7534200089318,
   0.62558543645
  ],
  [
   197.16828168687064,
   417.1856473368398,
   1.52032764034
  ],
  [
   47.56808210656893,
   840.4354246483585,
   1.57591776045
  ],
  [
   248.16964040667375,
   925.1975225752792,
   3.0127674564
  ],
  [
   869.7603873462224,
   328.6217693563566,
   1.46407646479
  ]
 ]
}