{
 "Object_Length": 258.19888974716116,
 "Object_Shape": "cuboid",
 "Object_Width": 77.45966692414835,
 "Workspace_Density": 0.3,
 "Workspace_Height": 1000,
 "Workspace_Width": 1000,
 "number_of_objects": 15,
 "point_list": [
  [
   727.9136038637012,
   745.2081114560068,
   2.59635719693
  ],
  [
   362.1419078679827,
   529.3958261194921,
   0.521590169197
  ],
  [
   277.0694189284785,
   330.3655047051766,
   0.197457065714
  ],
  [
   123.82296904370709,
   748.6330653284203,
   1.56164696021
  ],
  [
   563.2345891145612,
   359.27784889305093,
   2.77680038486
  ],
  [
   480.952440522403,
   189.72713430843513,
   0.774952822587
  ],
  [
   129.55644258752451,
   510.58549370100116,
   0.880949638965
  ],
  [
   911.5547669739581,
   275.71042438869915,
   1.72135776562
  ],
  [
   855.443071650312,
   841.7465969900835,
   1.98630782286
  ],
  [
   787.9923877528408,
   166.73276758123532,
   1.47714233532
  ],
  [
   109.4093735992179,
   148.29654628732916,
   1.78572887906
  ],
  [
   444.88051288260306,
   821.1860147938639,
   0.0742088259217
  ],
  [
   547.8093464704647,
   578.632247584253,
   2.07172269796
  ],
  [
   271.99257118330877,
   731.4571608482217,
   1.70445837492
  ],
  [
   861.9543506968481,
   533.5645260550917,
   1.02227598939
  ]
 ]
}