{
 "Object_Length": 258.19888974716116,
 "Object_Shape": "cuboid",
 "Object_Width": 77.45966692414835,
 "Workspace_Density": 0.3,
 "Workspace_Height": 1000,
 "Workspace_Width": 1000,
 "number_of_objects": 15,
 "point_list": [
  [
   662.4234145851665,
   484.18712970250687,
   0.0664986348931
  ],
  [
   707.6368138726548,
   848.4176142442258,
   0.945788557652
  ],
  [
   470.0807136407835,
   893.4156389234224,
   3.12577079741
  ],
  [
   373.83962255698503,
   185.20769568715238,
   2.30126325059
  ],
  [
   744.0364212818328,
   583.7488052326036,
   3.05476972059
  ],
  [
   588.132322396831,
   176.45603859258702,
   2.26793064532
  ],
  [
   167.59620885511413,
   685.3722902813886,
   2.07316425301
  ],
  [
   434.49584927364947,
   557.9835202710804,
   2.06509041472
  ],
  [
   855.1471313957286,
   679.3601023997755,
   0.119686953077
  ],
  [
   946.6651146177337,
   172.8726899416706,
   1.48743131735
  ],
  [
   250.1941348485,
   449.54638174755337,
   0.21258206729
  ],
  [
   173.9840195341476,
   912.5308204118941,
   0.332307975452
  ],
  [
   869.1134928497614,
   318.73894314410273,
   1.24035254448
  ],
  [
   440.44618981949435,
   726.4365326337804,
   2.74386556605
  ],
  [
   676.3483568472943,
   196.89532670418194,
   2.23329646162
  ]
 ]
}