{
 "Object_Radius": 32.573500793528,
 "Object_Shape": "disc",
 "Workspace_Density": 0.3,
 "Workspace_Height": 1000,
 "Workspace_Width": 1000,
 "number_of_objects": 90,
 "point_list": [
  [
   541.5914885128565,
   414.80060693050217
  ],
  [
   949.5037843712698,
   515.1222764370046
  ],
  [
   569.3329723010835,
   39.43455414815311
  ],
  [
   502.78922238892346,
   762.1869881357779
  ],
  [
   409.0877377843268,
   771.1503466466868
  ],
  [
   494.03104254807664,
   471.2184605374816
  ],
  [
   313.2428458895729,
   704.1430554115942
  ],
  [
   94.81106588712387,
   233.66276291221638
  ],
  [
   711.0326525389523,
   342.77229456790764
  ],
  [
   389.0141322038047,
   869.4615012543297
  ],
  [
   558.7990046512618,
   252.61494935262968
  ],
  [
   881.1368442796744,
   50.54386034471325
  ],
  [
   536.3566007034849,
   525.8764161203223
  ],
  [
   828.4662919569937,
   561.5559503463899
  ],
  [
   250.5079922638398,
   225.0257259574098
  ],
  [
   274.4724073623344,
   942.6826397470686
  ],
  [
   126.79117107957195,
   323.23627995967126
  ],
  [
   441.20183527510176,
   912.6692681009321
  ],
  [
   236.68980859560784,
   858.5789352856891
  ],
  [
   967.1235591747309,
   34.87644082526912
  ],
  [
   667.3713044317407,
   884.1796481578758
  ],
  [
   53.05762107922902,
   600.8535763588487
  ],
  [
   894.2325158953375,
   793.5826019131073
  ],
  [
   330.39369160069856,
   349.020515726665
  ],
  [
   704.4180315379288,
   623.6347642619894
  ],
  [
   425.4688095641365,
   478.7236673269697
  ],
  [
   743.2285079213972,
   417.4404583141436
  ],
  [
   481.5154074111144,
   967.1235591747309
  ],
  [
   589.4266785690476,
   355.96043892579667
  ],
  [
   967.1235591747309,
   103.0405338116088
  ],
  [
   967.1235591747309,
   590.8468874321294
  ],
  [
   56.23299885876387,
   510.73328629527214
  ],
  [
   211.41601291303613,
   605.5883570688117
  ],
  [
   257.70666127099804,
   97.55959784324737
  ],
  [
   613.3218528874968,
   457.90108434319205
  ],
  [
   616.6612607407978,
   766.4316790644723
  ],
  [
   812.2145917303413,
   187.15453611662937
  ],
  [
   680.6403075007205,
   817.5259447537658
  ],
  [
   443.4499384425979,
   220.37409730890656
  ],
  [
   880.5145367835812,
   516.10494093464
  ],
  [
   843.1340714802642,
   840.2021698265524
  ],
  [
   872.5649721027481,
   126.01230898001418
  ],
  [
   795.2093631040314,
   282.50833723229715
  ],
  [
   744.5475875789929,
   494.2140077309609
  ],
  [
   131.41973352015214,
   723.6503343682297
  ],
  [
   924.145021795999,
   910.108783840194
  ],
  [
   34.87644082526912,
   34.87644082526912
  ],
  [
   964.648888039308,
   801.9050173621574
  ],
  [
   745.2934396886831,
   141.6746488179776
  ],
  [
   439.72297394641265,
   551.5237028655332
  ],
  [
   216.73082631703116,
   153.66644814249574
  ],
  [
   585.8652018871492,
   826.8228066025392
  ],
  [
   604.9981290425317,
   525.6059709759256
  ],
  [
   677.695800773748,
   435.7576138634527
  ],
  [
   498.0127592632992,
   694.4955344580634
  ],
  [
   960.2092145592486,
   394.5625061609946
  ],
  [
   133.88305253441368,
   158.12804039244867
  ],
  [
   286.473687838655,
   161.12599188093267
  ],
  [
   756.8336015261042,
   967.1235591747309
  ],
  [
   329.1812133253315,
   902.2273055463611
  ],
  [
   606.7256664828863,
   201.09852714190336
  ],
  [
   389.62909220090506,
   967.1235591747309
  ],
  [
   514.6529758693113,
   839.0694976811533
  ],
  [
   106.52560423084782,
   34.87644082526912
  ],
  [
   856.3534742597938,
   944.233919288706
  ],
  [
   287.79377498600525,
   281.85993993887075
  ],
  [
   168.8128452225592,
   234.08246634330126
  ],
  [
   198.31289199556335,
   334.81297296103577
  ],
  [
   384.69980035157863,
   302.86346475931566
  ],
  [
   840.1824463763339,
   709.0782695819804
  ],
  [
   957.5770797625742,
   708.8170917420983
  ],
  [
   350.6850631933339,
   805.4953617249195
  ],
  [
   34.87644082526912,
   105.86307937825822
  ],
  [
   881.8000005821708,
   200.49546266870144
  ],
  [
   639.6427232480706,
   696.8866404921157
  ],
  [
   484.3947532478691,
   143.497251895789
  ],
  [
   573.5755082193583,
   967.1235591747309
  ],
  [
   64.86294594397094,
   169.1431397597192
  ],
  [
   344.7610750190273,
   615.4517785624973
  ],
  [
   280.26747324808264,
   796.8684030344181
  ],
  [
   67.59145988118209,
   429.20105339591896
  ],
  [
   277.3818833663678,
   402.9790975589358
  ],
  [
   772.2089849284228,
   900.5581136754896
  ],
  [
   601.4233868210006,
   905.2864746426989
  ],
  [
   34.87644082526912,
   805.3890364266757
  ],
  [
   360.49836461774686,
   154.81593218881716
  ],
  [
   607.8128845209886,
   613.5301927925296
  ],
  [
   892.452401186533,
   393.7013165209244
  ],
  [
   120.73068329520808,
   552.9608945773159
  ],
  [
   822.3491729334588,
   385.6038690767656
  ]
 ]
}