{
 "Object_Radius": 32.573500793528,
 "Object_Shape": "disc",
 "Workspace_Density": 0.3,
 "Workspace_Height": 1000,
 "Workspace_Width": 1000,
 "number_of_objects": 90,
 "point_list": [
  [
   380.2724460140508,
   412.49978204376595
  ],
  [
   540.5127745781498,
   781.4666381943626
  ],
  [
   967.1235591747309,
   649.3739182227881
  ],
  [
   101.69936916804721,
   627.8910807248838
  ],
  [
   594.8540711314663,
   625.6021106635529
  ],
  [
   261.75661518898653,
   584.0749535206141
  ],
  [
   357.22564286318726,
   634.1160319868648
  ],
  [
   879.3114008383646,
   949.7766005809641
  ],
  [
   147.23623433313156,
   857.5343398690004
  ],
  [
   967.1235591747309,
   503.83984518570344
  ],
  [
   450.6669636565959,
   713.8345588868756
  ],
  [
   864.3446897862198,
   200.0992952477762
  ],
  [
   591.1524514730307,
   298.4063145640318
  ],
  [
   868.1221995244249,
   286.28511287565624
  ],
  [
   172.7174108837891,
   219.9155494844487
  ],
  [
   477.76232160396,
   967.1235591747309
  ],
  [
   441.93753583433323,
   343.27021134287014
  ],
  [
   427.6804228342201,
   586.2452908769916
  ],
  [
   451.34069690462223,
   430.0239703077111
  ],
  [
   706.9630797641126,
   718.9282301883097
  ],
  [
   967.1235591747309,
   233.01076674975064
  ],
  [
   319.08158392776204,
   534.6493322007182
  ],
  [
   967.1235591747309,
   407.03586708166364
  ],
  [
   882.3110236760735,
   356.5933433233716
  ],
  [
   632.4172875132485,
   473.09032272413117
  ],
  [
   291.5942619355796,
   732.1859960843675
  ],
  [
   902.714211508846,
   672.0992434551786
  ],
  [
   112.90037424150468,
   402.5284049389705
  ],
  [
   239.34950553528526,
   481.8930140287681
  ],
  [
   528.6686893062672,
   488.29788793989127
  ],
  [
   752.5221906687135,
   536.4840816935817
  ],
  [
   823.0472549826737,
   459.10593902202316
  ],
  [
   166.20922335994797,
   90.21663759000172
  ],
  [
   34.87644082526912,
   417.4621996700653
  ],
  [
   957.6828435053621,
   831.4578340724493
  ],
  [
   471.7656857254614,
   779.049975919526
  ],
  [
   683.3818441349706,
   416.41059671923193
  ],
  [
   489.6527372686356,
   99.84337670746302
  ],
  [
   112.28592478815513,
   34.87644082526912
  ],
  [
   603.5122586411079,
   963.4889783164751
  ],
  [
   659.3101657688978,
   321.88251941562913
  ],
  [
   122.84912615891449,
   159.6658485706746
  ],
  [
   335.83309486007755,
   788.0666087104987
  ],
  [
   36.00840958832276,
   488.53501962500474
  ],
  [
   721.9200328810435,
   354.8858514202355
  ],
  [
   228.2281869359121,
   763.9121018875763
  ],
  [
   190.900127254308,
   532.1293429322012
  ],
  [
   820.2207721099015,
   546.9862013696196
  ],
  [
   311.29598738836796,
   465.6391869052269
  ],
  [
   186.8340419733009,
   967.1235591747309
  ],
  [
   578.9192023288973,
   842.0547514744312
  ],
  [
   401.62564478637995,
   478.95577976144926
  ],
  [
   64.48458238216548,
   551.606300012933
  ],
  [
   741.3691163263289,
   648.8805888169011
  ],
  [
   921.2382398830888,
   99.67198926624931
  ],
  [
   651.6177992984067,
   678.2945953379716
  ],
  [
   34.87644082526912,
   214.18604121351174
  ],
  [
   85.15620306541079,
   771.0150599107602
  ],
  [
   541.2519828587301,
   570.7249852006688
  ],
  [
   156.27903339603543,
   671.1410168949685
  ],
  [
   223.54555784766012,
   692.927929065537
  ],
  [
   754.2157549403503,
   279.52622864389446
  ],
  [
   233.5256144552081,
   142.39495704802076
  ],
  [
   860.6612210554285,
   604.9085194987579
  ],
  [
   789.6403698148677,
   398.6422093419525
  ],
  [
   698.639204916507,
   95.13778858281951
  ],
  [
   358.13213030544256,
   346.3393650141117
  ],
  [
   624.0978410107061,
   895.8526535652449
  ],
  [
   470.57248958173597,
   195.31488723725982
  ],
  [
   799.3930787894185,
   228.2826256783125
  ],
  [
   697.0503940167753,
   967.1235591747309
  ],
  [
   163.49881861216795,
   454.90799965855757
  ],
  [
   863.1850382261458,
   812.9569673312587
  ],
  [
   611.5005922604188,
   57.12872506828337
  ],
  [
   71.93299429419285,
   89.66277233394517
  ],
  [
   34.87644082526912,
   146.43014823786976
  ],
  [
   34.87644082526912,
   613.5284973918469
  ],
  [
   686.7795248381831,
   515.7102186474096
  ],
  [
   298.3084888751568,
   387.33964933831555
  ],
  [
   355.4544610884339,
   147.98112681934495
  ],
  [
   34.87644082526912,
   683.4459498438434
  ],
  [
   55.889975613939676,
   278.59786783085843
  ],
  [
   883.8312870300423,
   426.21525676149525
  ],
  [
   479.02373477227377,
   537.6905114286283
  ],
  [
   834.6625490066571,
   669.2595548536904
  ],
  [
   175.83511390005228,
   602.7323721895625
  ],
  [
   510.07277598948025,
   393.80455080130156
  ],
  [
   899.3119867228057,
   493.08528903021795
  ],
  [
   34.87644082526912,
   820.9133244402817
  ],
  [
   34.87644082526912,
   967.1235591747309
  ]
 ]
}