{
 "Object_Length": 182.57418583505537,
 "Object_Shape": "cuboid",
 "Object_Width": 54.772255750516614,
 "Workspace_Density": 0.2,
 "Workspace_Height": 1000,
 "Workspace_Width": 1000,
 "number_of_objects": 20,
 "point_list": [
  [
   699.6657023379873,
   446.865673565086,
   1.07394267572
  ],
  [
   273.91180061027035,
   334.09319592134136,
   0.00472068726318
  ],
  [
   327.78936681266,
   655.3954337195117,
   0.0529286440321
  ],
  [
   360.5375276175504,
   183.71418742919766,
   2.8741965874
  ],
  [
   768.7938342073326,
   698.3141365627595,
   1.05512310804
  ],
  [
   674.0973110738,
   285.01416051361707,
   0.88988591349
  ],
  [
   643.7885154620881,
   940.4887609311959,
   3.0763421834
  ],
  [
   924.3275044890245,
   434.412696415851,
   0.952207046624
  ],
  [
   509.9385984248154,
   580.7963879246472,
   2.84300916793
  ],
  [
   197.46366259127063,
   753.1127284545788,
   1.05697732096
  ],
  [
   832.3947242055683,
   497.9144711309052,
   1.12394663778
  ],
  [
   169.22670167392187,
   110.34946386113755,
   0.608854426691
  ],
  [
   780.454698308127,
   185.645957287737,
   2.57305163947
  ],
  [
   556.8568662037753,
   439.7219920192964,
   2.21326802795
  ],
  [
   97.20678154296957,
   814.8039406816799,
   1.59490340958
  ],
  [
   167.41601461201694,
   922.8816014841291,
   2.5291849179
  ],
  [
   479.43974931047387,
   780.9079731800828,
   2.75685227872
  ],
  [
   172.3159162913078,
   446.7194398769581,
   0.611481481134
  ],
  [
   805.0934475911232,
   58.407368295358076,
   0.359678254331
  ],
  [
   640.5411998840733,
   613.8031568044919,
   1.81033131164
  ]
 ]
}