{
 "Object_Length": 182.57418583505537,
 "Object_Shape": "cuboid",
 "Object_Width": 54.772255750516614,
 "Workspace_Density": 0.2,
 "Workspace_Height": 1000,
 "Workspace_Width": 1000,
 "number_of_objects": 20,
 "point_list": [
  [
   118.20850801896533,
   416.26813091514975,
   0.523032613463
  ],
  [
   321.4083709645069,
   801.93197625722,
   1.09917441931
  ],
  [
   831.0838667970336,
   688.1385804976061,
   3.02199717992
  ],
  [
   594.5751699702404,
   772.9153650125975,
   2.82472811622
  ],
  [
   820.5757569767648,
   489.1868722960273,
   1.38418987875
  ],
  [
   686.1226199176374,
   386.84005719862864,
   1.83275985202
  ],
  [
   743.0678683196172,
   886.4925145370648,
   0.464216403868
  ],
  [
   567.6207178936,
   611.2307801531042,
   2.03360917146
  ],
  [
   371.9219851713101,
   100.05927516942563,
   2.00097519573
  ],
  [
   849.1967432591862,
   812.4242699036985,
   0.660453632251
  ],
  [
   886.9726247155932,
   611.0610962388397,
   2.90939381938
  ],
  [
   62.54155303958058,
   679.7682427898642,
   1.46331812256
  ],
  [
   724.5462631108785,
   101.37107830890005,
   1.68037626965
  ],
  [
   476.58307768525225,
   453.8311347267565,
   2.93580060498
  ],
  [
   286.3327560567934,
   424.25507077799796,
   1.78628053806
  ],
  [
   161.3917771505444,
   748.7441300927115,
   2.07476746161
  ],
  [
   880.0291842728967,
   267.7498622827207,
   1.82660696289
  ],
  [
   409.26891521912796,
   233.06925032569438,
   0.175865892854
  ],
  [
   521.7308981004514,
   322.63269051377426,
   2.46688289581
  ],
  [
   197.19063997340993,
   218.29596822119203,
   2.67560266727
  ]
 ]
}