{
 "Object_Length": 182.57418583505537,
 "Object_Shape": "cuboid",
 "Object_Width": 54.772255750516614,
 "Workspace_Density": 0.2,
 "Workspace_Height": 1000,
 "Workspace_Width": 1000,
 "number_of_objects": 20,
 "point_list": [
  [
   545.3347194394752,
   430.7136045684513,
   2.50229805114
  ],
  [
   853.2937554599713,
   120.64561540582012,
   1.15454012815
  ],
  [
   438.0342963029026,
   492.43411002904907,
   0.842867898336
  ],
  [
   221.2697446762699,
   820.5082589427227,
   0.355898264259
  ],
  [
   748.7163329930464,
   820.7368299092061,
   0.745104563174
  ],
  [
   474.6370424553376,
   741.4646759341925,
   1.13620018334
  ],
  [
   817.1032468319896,
   767.8004479291878,
   1.08130495025
  ],
  [
   286.3332079702522,
   929.6708413659856,
   3.08593058161
  ],
  [
   408.07067673982107,
   818.488748175235,
   1.11772421838
  ],
  [
   266.38889923817476,
   671.7724193195581,
   1.64008005711
  ],
  [
   311.6527469850961,
   467.7312670953621,
   1.05134393435
  ],
  [
   964.5470988941539,
   673.4843691270273,
   1.586300511
  ],
  [
   451.84903246706943,
   185.86950633194624,
   1.86581248931
  ],
  [
   741.770711919488,
   515.7208990654315,
   2.33079081139
  ],
  [
   663.375751625655,
   856.0153321674663,
   0.446793412605
  ],
  [
   624.822174414385,
   116.5646973221193,
   2.79320220858
  ],
  [
   535.7274044158276,
   360.26084739565385,
   2.46633621261
  ],
  [
   142.08713339540617,
   560.2041490133615,
   0.503629887762
  ],
  [
   833.9541945061013,
   564.2819722956526,
   2.10132804571
  ],
  [
   663.5212396599743,
   509.96355264306703,
   2.33299076045
  ]
 ]
}