{
 "Object_Radius": 132.9807601338109,
 "Object_Shape": "disc",
 "Workspace_Density": 0.5,
 "Workspace_Height": 1000,
 "Workspace_Width": 1000,
 "number_of_objects": 9,
 "point_list": [
  [
   854.721163852808,
   705.5611783273347
  ],
  [
   602.6358777399371,
   854.721163852808
  ],
  [
   715.7350870287944,
   147.27883614719198
  ],
  [
   854.721163852808,
   410.1676205150946
  ],
  [
   147.27883614719198,
   452.5265086184315
  ],
  [
   165.19641417890938,
   147.27883614719198
  ],
  [
   147.27883614719198,
   854.721163852808
  ],
  [
   581.0032727340925,
   562.9640933969973
  ],
  [
   437.9099458193128,
   304.4702036375744
  ]
 ]
}