{
 "Object_Radius": 132.9807601338109,
 "Object_Shape": "disc",
 "Workspace_Density": 0.5,
 "Workspace_Height": 1000,
 "Workspace_Width": 1000,
 "number_of_objects": 9,
 "point_list": [
  [
   854.721163852808,
   461.79232196092363
  ],
  [
   147.27883614719198,
   506.22308926181483
  ],
  [
   562.1634915504169,
   854.721163852808
  ],
  [
   435.42468387198204,
   147.27883614719198
  ],
  [
   449.26923389308166,
   559.497700543509
  ],
  [
   147.27883614719198,
   202.91031288803597
  ],
  [
   147.27883614719198,
   854.721163852808
  ],
  [
   854.721163852808,
   854.721163852808
  ],
  [
   728.4910905044495,
   147.27883614719198
  ]
 ]
}