{
 "Object_Radius": 97.720502380584,
 "Object_Shape": "disc",
 "Workspace_Density": 0.3,
 "Workspace_Height": 1000,
 "Workspace_Width": 1000,
 "number_of_objects": 10,
 "point_list": [
  [
   587.5034412305293,
   848.1521689944288
  ],
  [
   341.0592527547156,
   462.22393639166404
  ],
  [
   102.62932247580736,
   527.1252264774132
  ],
  [
   102.62932247580736,
   322.08228464453134
  ],
  [
   672.2399787693029,
   286.28093686830795
  ],
  [
   779.1512819170456,
   102.62932247580736
  ],
  [
   891.432091123972,
   272.06128906489545
  ],
  [
   635.9065682670116,
   650.1476210228226
  ],
  [
   213.60956310989096,
   102.62932247580736
  ],
  [
   232.68773324046788,
   899.3706775241926
  ]
 ]
}