{
 "Object_Radius": 97.720502380584,
 "Object_Shape": "disc",
 "Workspace_Density": 0.3,
 "Workspace_Height": 1000,
 "Workspace_Width": 1000,
 "number_of_objects": 10,
 "point_list": [
  [
   122.1129329399856,
   663.5257728192994
  ],
  [
   200.52362768769189,
   475.99928516567155
  ],
  [
   817.9872124189388,
   625.3742863447582
  ],
  [
   102.62932247580736,
   899.3706775241926
  ],
  [
   899.3706775241926,
   849.8986791161589
  ],
  [
   271.88504423577115,
   285.6794885934075
  ],
  [
   615.2427626520273,
   565.1294993884932
  ],
  [
   727.6730099431169,
   295.2210792696227
  ],
  [
   899.3706775241926,
   404.2550699064643
  ],
  [
   307.6795241232216,
   899.3706775241926
  ]
 ]
}