{
 "Object_Radius": 97.720502380584,
 "Object_Shape": "disc",
 "Workspace_Density": 0.3,
 "Workspace_Height": 1000,
 "Workspace_Width": 1000,
 "number_of_objects": 10,
 "point_list": [
  [
   691.8585137672537,
   452.3767637759213
  ],
  [
   899.3706775241926,
   293.4265392009264
  ],
  [
   315.9857851028507,
   676.6898511343426
  ],
  [
   899.3706775241926,
   899.3706775241926
  ],
  [
   769.2128095644738,
   708.4380821067779
  ],
  [
   524.9893783809144,
   336.08771611282884
  ],
  [
   821.2156151082719,
   102.62932247580736
  ],
  [
   899.3706775241926,
   552.319443289526
  ],
  [
   325.96268384330773,
   294.294834892331
  ],
  [
   223.45904797465667,
   102.62932247580736
  ]
 ]
}