{
 "Object_Radius": 42.052208700336,
 "Object_Shape": "disc",
 "Workspace_Density": 0.5,
 "Workspace_Height": 1000,
 "Workspace_Width": 1000,
 "number_of_objects": 90,
 "point_list": [
  [
   44.73429704834945,
   44.73429704834945
  ],
  [
   887.8724464559915,
   275.2499379105165
  ],
  [
   104.84769251824434,
   781.235812470431
  ],
  [
   114.13135174690993,
   199.78737182424058
  ],
  [
   480.0164171017166,
   957.2657029469708
  ],
  [
   773.3765589274847,
   873.6819501011414
  ],
  [
   199.36298061807236,
   746.5896947890529
  ],
  [
   464.82905688027984,
   546.0377001262658
  ],
  [
   63.60078078033136,
   469.8785707224706
  ],
  [
   401.7183089896294,
   239.36622096657985
  ],
  [
   326.8724041856687,
   598.7261375607105
  ],
  [
   853.2427117086917,
   355.705154116607
  ],
  [
   573.5943636000803,
   697.8773260332447
  ],
  [
   321.4697360120917,
   686.6277375770776
  ],
  [
   228.36762638767428,
   659.6849532056855
  ],
  [
   44.73429704834945,
   565.8296479607232
  ],
  [
   791.5822678513687,
   44.73429704834945
  ],
  [
   221.17338840193264,
   44.73429704834945
  ],
  [
   957.265702939796,
   601.709000497342
  ],
  [
   269.9934600361057,
   117.79953927410953
  ],
  [
   713.322971115537,
   809.3608468210733
  ],
  [
   584.6865663339017,
   839.775081414276
  ],
  [
   957.2197412560819,
   487.18629583491537
  ],
  [
   957.2657029516506,
   221.5708774172973
  ],
  [
   283.52261584991345,
   257.5528456812415
  ],
  [
   695.3491115957644,
   434.4453641513202
  ],
  [
   302.4088574047678,
   343.07000097320457
  ],
  [
   547.0321575603841,
   337.61220459082546
  ],
  [
   957.2657029419095,
   133.28685673839482
  ],
  [
   136.8226518962669,
   957.0916982916717
  ],
  [
   508.3221706950201,
   760.5857949899212
  ],
  [
   214.33410750385218,
   348.7428036138313
  ],
  [
   417.4542012169568,
   736.7174379578591
  ],
  [
   44.73429704834945,
   145.54070841260395
  ],
  [
   957.265702939796,
   690.3399003850532
  ],
  [
   957.265702926303,
   779.1425306678133
  ],
  [
   781.3438764997147,
   579.2875161336116
  ],
  [
   861.2657535456372,
   894.1224211975579
  ],
  [
   813.8110119603919,
   660.8530427513233
  ],
  [
   650.8165935352048,
   745.9829088254371
  ],
  [
   472.7929533555493,
   860.5225464274063
  ],
  [
   414.1032105527684,
   624.8282880206485
  ],
  [
   134.0681940793452,
   562.2650766026692
  ],
  [
   957.2657029442746,
   44.73429704834945
  ],
  [
   487.600756185887,
   263.05650170742325
  ],
  [
   44.73429704834945,
   262.4288778031908
  ],
  [
   554.2362685663871,
   429.62233592962923
  ],
  [
   457.59012589128827,
   445.7534430639046
  ],
  [
   357.81849196890585,
   136.85846265659399
  ],
  [
   795.8689548808187,
   133.80720330837374
  ],
  [
   552.6436293011727,
   548.3680434241561
  ],
  [
   759.1751891631925,
   494.3587409639392
  ],
  [
   626.589590968038,
   608.309957100487
  ],
  [
   496.67886666905565,
   86.21750421944023
  ],
  [
   703.2698471562442,
   957.2581922667188
  ],
  [
   720.8258105065253,
   677.9858687361251
  ],
  [
   800.6057339099237,
   957.2655002978076
  ],
  [
   862.6450671126386,
   191.04786445583068
  ],
  [
   404.8959498153869,
   44.73429704834945
  ],
  [
   618.4534523686241,
   92.63308927955732
  ],
  [
   813.3774524527116,
   751.5757860297565
  ],
  [
   957.265702939796,
   957.2656984162383
  ],
  [
   109.94535935604853,
   325.43129555782156
  ],
  [
   690.4359593605649,
   548.4483325129825
  ],
  [
   135.42780511008502,
   682.1777469352546
  ],
  [
   342.18955725381085,
   802.5987596643536
  ],
  [
   172.99726663335747,
   122.53701132721208
  ],
  [
   178.0762294696487,
   269.00326351589746
  ],
  [
   183.34713171964498,
   488.44987575465126
  ],
  [
   827.0602879648659,
   439.2009942291773
  ],
  [
   957.2633885717072,
   362.4540561765736
  ],
  [
   44.73429704834945,
   861.5118405984146
  ],
  [
   133.02042865912702,
   44.73429704834945
  ],
  [
   875.3626951753139,
   87.69046282895775
  ],
  [
   957.2527134299792,
   867.7400073056947
  ],
  [
   44.73429704834945,
   384.3822955667637
  ],
  [
   223.3229586415709,
   194.08774023290968
  ],
  [
   708.6848886219933,
   149.59900431464078
  ],
  [
   367.73939589859,
   495.1938117467149
  ],
  [
   376.8812860807742,
   389.47536258512787
  ],
  [
   622.6955082000904,
   492.7013041861564
  ],
  [
   259.4889192901015,
   423.74957480287
  ],
  [
   144.292167038541,
   408.81901586632927
  ],
  [
   797.5865203912501,
   273.36415486614413
  ],
  [
   702.7601158327858,
   321.37795436086145
  ],
  [
   546.9256565517734,
   169.8800152210285
  ],
  [
   240.12165463495566,
   564.0176506151223
  ],
  [
   252.8373918733271,
   850.9876426206897
  ],
  [
   627.9603647552644,
   377.0710723522766
  ],
  [
   256.2437479363266,
   946.3542400493101
  ]
 ]
}