{
 "Object_Radius": 42.052208700336,
 "Object_Shape": "disc",
 "Workspace_Density": 0.5,
 "Workspace_Height": 1000,
 "Workspace_Width": 1000,
 "number_of_objects": 90,
 "point_list": [
  [
   772.1041641168531,
   727.2569074218751
  ],
  [
   149.40889092179106,
   549.7688776589956
  ],
  [
   471.8688554645612,
   225.31476901741837
  ],
  [
   957.265702374869,
   803.7109882314314
  ],
  [
   375.70139695617667,
   674.0412529404562
  ],
  [
   396.16785273407606,
   957.265289261219
  ],
  [
   654.4456350513223,
   606.1086856902257
  ],
  [
   375.7553074957452,
   871.1486202260448
  ],
  [
   227.33504839866293,
   683.3111682879841
  ],
  [
   626.683371978747,
   862.6525084501276
  ],
  [
   129.0155561571311,
   183.50992739296427
  ],
  [
   463.84913843905554,
   668.2701426017795
  ],
  [
   226.0451910101243,
   774.3173514259878
  ],
  [
   48.16963820645421,
   125.87502738546385
  ],
  [
   753.4598399295307,
   537.9658974952043
  ],
  [
   864.2746674314848,
   385.0213572094179
  ],
  [
   166.6542372096274,
   459.8081859582157
  ],
  [
   932.6217972850567,
   95.59662317633422
  ],
  [
   925.8243042031729,
   543.7723815543538
  ],
  [
   617.3966962693096,
   753.785312790486
  ],
  [
   432.6054677072905,
   307.51314878942287
  ],
  [
   621.644507040807,
   44.73429704834945
  ],
  [
   484.3638814288874,
   131.75938915944963
  ],
  [
   786.9526336536343,
   244.41805082960954
  ],
  [
   952.1427427013847,
   627.5067072218458
  ],
  [
   147.0318315918343,
   638.5811513584777
  ],
  [
   816.8551334575038,
   900.317533240955
  ],
  [
   93.04245840301712,
   289.9192097097947
  ],
  [
   598.6243523475188,
   375.9707497134775
  ],
  [
   764.6754067380577,
   352.84297780060183
  ],
  [
   234.68225020878836,
   865.9606985757531
  ],
  [
   315.97179428576214,
   745.1304546014524
  ],
  [
   642.4246419813002,
   165.56140331058452
  ],
  [
   260.27120794007794,
   492.00652938569317
  ],
  [
   858.0626355611242,
   710.0203578001549
  ],
  [
   680.064934979592,
   325.52785277870987
  ],
  [
   957.2656616122738,
   715.0389042460539
  ],
  [
   212.53343634705072,
   320.78300454136155
  ],
  [
   287.8895415773545,
   185.46540671498613
  ],
  [
   859.9949088930839,
   44.73429704834945
  ],
  [
   374.68059192695415,
   218.48432643755325
  ],
  [
   731.1042083068787,
   825.4457399648803
  ],
  [
   730.5865794343123,
   649.8424168769524
  ],
  [
   44.73429704834945,
   928.6126776289603
  ],
  [
   396.89371088523,
   133.8687215771522
  ],
  [
   570.4323310450504,
   115.74122824911622
  ],
  [
   471.19448713902284,
   386.57520477461685
  ],
  [
   207.00215554850612,
   233.47397777214186
  ],
  [
   302.60731106744777,
   623.0147673283846
  ],
  [
   957.263269183438,
   278.94792261024674
  ],
  [
   89.09505626021861,
   413.64732369320774
  ],
  [
   401.4838884740131,
   784.9608931258771
  ],
  [
   795.3018924714695,
   441.5073394163872
  ],
  [
   957.2654668773947,
   460.93433656903716
  ],
  [
   734.4941560291384,
   957.265702948609
  ],
  [
   305.067100271875,
   957.2651492345772
  ],
  [
   343.3178014600433,
   543.8961953882481
  ],
  [
   134.56185654775254,
   914.4263483065655
  ],
  [
   344.14423472341895,
   63.96208684195473
  ],
  [
   82.24928471591747,
   44.73429704834945
  ],
  [
   479.468370383319,
   883.814137577452
  ],
  [
   62.85392256998368,
   668.9132565795603
  ],
  [
   886.491038921993,
   957.2652307658781
  ],
  [
   170.4048405696174,
   44.73429704834945
  ],
  [
   291.6769649103018,
   410.1375024024578
  ],
  [
   865.0970355034626,
   295.2493816083052
  ],
  [
   537.774644693344,
   957.265702374869
  ],
  [
   258.5292150982691,
   44.73429704834945
  ],
  [
   556.1854055706355,
   202.0417412049874
  ],
  [
   474.8562652003145,
   515.5136661555521
  ],
  [
   957.265702374869,
   370.8286185192428
  ],
  [
   957.264778997654,
   901.9394409135905
  ],
  [
   673.8912366545816,
   495.5233894197171
  ],
  [
   621.6314703458894,
   260.07582700867357
  ],
  [
   595.201326821158,
   541.376661114499
  ],
  [
   543.4090077852244,
   306.49917097219776
  ],
  [
   44.73429704834945,
   213.3081994705526
  ],
  [
   591.1678403510911,
   666.7873506307736
  ],
  [
   44.73429704834945,
   766.7190440514129
  ],
  [
   519.321478371108,
   44.73429704834945
  ],
  [
   152.39233901852253,
   828.698089141888
  ],
  [
   646.3616006995061,
   957.2657029464568
  ],
  [
   529.604952211869,
   603.5217262733645
  ],
  [
   705.5077938902009,
   84.05222519663354
  ],
  [
   340.58922678909937,
   299.1363873492941
  ],
  [
   213.18061648279536,
   957.2594613933254
  ],
  [
   828.0533672619056,
   807.3253975850838
  ],
  [
   508.8033206854293,
   764.5129525502433
  ],
  [
   563.2719873376442,
   459.71570100538383
  ],
  [
   430.57950717907033,
   44.73429704834945
  ]
 ]
}