{
 "Object_Radius": 42.052208700336,
 "Object_Shape": "disc",
 "Workspace_Density": 0.5,
 "Workspace_Height": 1000,
 "Workspace_Width": 1000,
 "number_of_objects": 90,
 "point_list": [
  [
   685.2361958789509,
   100.21925635158188
  ],
  [
   757.0923887124143,
   47.79806765404838
  ],
  [
   44.73429704834945,
   44.73429704834945
  ],
  [
   298.6969781911704,
   559.7388383919189
  ],
  [
   661.236748610439,
   337.20129979983017
  ],
  [
   631.0496183113994,
   754.2984586310635
  ],
  [
   797.1643044753561,
   542.0585481273823
  ],
  [
   725.8127609416499,
   738.99461304936
  ],
  [
   44.73429704834945,
   773.3684204671987
  ],
  [
   123.24639139213723,
   554.6929316584078
  ],
  [
   130.3473202012356,
   702.8977985641363
  ],
  [
   566.2275126276502,
   429.2582582552569
  ],
  [
   500.5546148826421,
   621.1720825335753
  ],
  [
   408.986770584971,
   784.6898172644065
  ],
  [
   410.8319096644619,
   338.4033166029909
  ],
  [
   134.289673101603,
   194.20848887925894
  ],
  [
   375.2160714564587,
   499.78613601212487
  ],
  [
   843.919592039105,
   109.66083574966656
  ],
  [
   818.7150694796156,
   456.3054168121232
  ],
  [
   287.7508523849289,
   692.6024430853458
  ],
  [
   325.2093568163304,
   44.73429704834945
  ],
  [
   205.11503856070397,
   657.5045923306569
  ],
  [
   754.961356285399,
   637.0065008039742
  ],
  [
   366.81425003301945,
   622.5219185585753
  ],
  [
   44.73429704834945,
   236.4619037375203
  ],
  [
   441.1471273832248,
   698.463488255577
  ],
  [
   935.2877002047535,
   336.5173767893489
  ],
  [
   188.5439076684527,
   304.0859288224052
  ],
  [
   325.3624420149233,
   263.1660398620575
  ],
  [
   670.6185762503253,
   434.2205838413013
  ],
  [
   747.0793873927722,
   176.39814349675763
  ],
  [
   779.93825837553,
   826.3595920680283
  ],
  [
   44.73429704834945,
   414.20346634810215
  ],
  [
   830.482516371208,
   696.3959550550929
  ],
  [
   44.73429704834945,
   140.80354004165218
  ],
  [
   667.4209458737622,
   663.519668882168
  ],
  [
   173.67973188946507,
   957.2657029516506
  ],
  [
   211.49861768964087,
   570.2569241779294
  ],
  [
   551.7869748979584,
   708.3383362154566
  ],
  [
   310.4635366589055,
   779.7412757941415
  ],
  [
   957.2657029471166,
   869.4704290002067
  ],
  [
   957.2657029456483,
   781.9723895802745
  ],
  [
   957.2578630810351,
   514.5956092912432
  ],
  [
   143.11260246123766,
   44.73429704834945
  ],
  [
   362.41561842087987,
   413.24481733044587
  ],
  [
   862.3622127054165,
   795.6352991560102
  ],
  [
   506.73571852988096,
   44.73429704834945
  ],
  [
   44.73429704834945,
   594.7399503778536
  ],
  [
   529.0991519507452,
   535.7764329626137
  ],
  [
   785.6158530676219,
   367.5156151390225
  ],
  [
   137.4624565815436,
   877.644167168674
  ],
  [
   410.9927617536698,
   244.9193529776877
  ],
  [
   599.4952160560099,
   44.73429704834945
  ],
  [
   908.7745283321987,
   428.97155796789934
  ],
  [
   412.7237557106971,
   44.73429704834945
  ],
  [
   589.0140974824274,
   610.217721281062
  ],
  [
   667.5952362428807,
   221.1798578491169
  ],
  [
   222.9317413816203,
   144.6151705810411
  ],
  [
   957.2655729331065,
   606.9976205783224
  ],
  [
   373.52835422207727,
   139.32866303627154
  ],
  [
   285.8544066265038,
   871.7032350708532
  ],
  [
   957.2657029449742,
   957.2391753560661
  ],
  [
   623.9622954372074,
   526.6138767837163
  ],
  [
   362.8801906748986,
   914.7953177269787
  ],
  [
   215.8797295945477,
   818.4830460066171
  ],
  [
   940.698806458562,
   242.14701335319378
  ],
  [
   131.8943727878701,
   790.3529623973318
  ],
  [
   74.88769457164356,
   957.2651828476465
  ],
  [
   659.2565676687223,
   928.698219700747
  ],
  [
   444.17110567837295,
   951.2556171979902
  ],
  [
   882.4131295899324,
   561.7409239834216
  ],
  [
   577.4870738988953,
   226.0679452248134
  ],
  [
   44.73429704834945,
   861.8078515460927
  ],
  [
   44.73429704834945,
   684.8119540479015
  ],
  [
   508.8171094143221,
   287.4822615037738
  ],
  [
   267.4715241943278,
   957.2571120474813
  ],
  [
   848.7886551461316,
   957.265702915317
  ],
  [
   442.89309703884385,
   555.3120965324939
  ],
  [
   225.27024351246428,
   483.85442132695266
  ],
  [
   44.73429704834945,
   325.69171567652734
  ],
  [
   710.0713714323864,
   551.9981211833343
  ],
  [
   957.2657029456483,
   694.4884343005914
  ],
  [
   689.4842416651841,
   830.4247936405768
  ],
  [
   231.7669106634363,
   44.73429704834945
  ],
  [
   44.73429704834945,
   502.73400763044964
  ],
  [
   745.3431284492202,
   957.0164502184231
  ],
  [
   593.3140580920402,
   853.1094571433339
  ],
  [
   241.73717710719637,
   230.19329974264951
  ],
  [
   463.5772920426222,
   416.4650167933119
  ],
  [
   208.47508758213073,
   397.4026081103118
  ]
 ]
}