{
 "Object_Radius": 42.052208700336,
 "Object_Shape": "disc",
 "Workspace_Density": 0.5,
 "Workspace_Height": 1000,
 "Workspace_Width": 1000,
 "number_of_objects": 90,
 "point_list": [
  [
   957.265702947721,
   307.2243840923371
  ],
  [
   957.2656173357966,
   684.9477342318341
  ],
  [
   756.6972945053715,
   791.2099278612257
  ],
  [
   957.2657024659808,
   44.73429704834945
  ],
  [
   363.8628292561207,
   957.2657027936912
  ],
  [
   873.3889531717954,
   659.9708351591943
  ],
  [
   605.9952572515297,
   44.73429704834945
  ],
  [
   693.9259563196927,
   44.73429704834945
  ],
  [
   333.6452938665403,
   781.7637347377804
  ],
  [
   454.0663619059116,
   392.28031089426526
  ],
  [
   481.10108499916277,
   692.7773565456725
  ],
  [
   267.86093464077624,
   534.5005172794513
  ],
  [
   507.57689572540494,
   44.73429704834945
  ],
  [
   123.88572034572337,
   649.000249711735
  ],
  [
   198.16210129795203,
   957.2656862986312
  ],
  [
   630.7450945714846,
   897.8266562261381
  ],
  [
   44.73429704834945,
   506.1029151191351
  ],
  [
   231.12826745336977,
   358.2441912670627
  ],
  [
   307.7067159456164,
   696.7885074385974
  ],
  [
   296.97168058297103,
   177.43016290185133
  ],
  [
   842.6229071453241,
   187.10416381785566
  ],
  [
   406.33337481013865,
   132.7741483039111
  ],
  [
   796.8624463494833,
   610.2851517978949
  ],
  [
   869.37378327337,
   44.73429704834945
  ],
  [
   174.43188318320395,
   571.8496078163564
  ],
  [
   362.95173896666444,
   370.9305585577229
  ],
  [
   503.87403926176603,
   318.1939267922925
  ],
  [
   821.570338852412,
   394.1054822163669
  ],
  [
   213.14863534883014,
   268.2079532747411
  ],
  [
   402.3674729713339,
   44.73429704834945
  ],
  [
   651.9091918357213,
   257.817378711775
  ],
  [
   450.0052150963665,
   246.18352741898542
  ],
  [
   957.265702946641,
   482.4408782815873
  ],
  [
   208.61880416155682,
   469.3869346973764
  ],
  [
   957.2657029477332,
   219.69564822048233
  ],
  [
   848.3483931348104,
   765.6377913796076
  ],
  [
   351.23597634864956,
   869.7145963112586
  ],
  [
   516.8567461424643,
   880.0888574733211
  ],
  [
   436.8750087490245,
   583.8179352337891
  ],
  [
   282.3650996685286,
   924.0308580354867
  ],
  [
   737.9517572258073,
   427.54751089285224
  ],
  [
   493.2988461557132,
   169.29524777397893
  ],
  [
   44.73429704834945,
   409.7398728538172
  ],
  [
   846.0006723654061,
   519.0301139360374
  ],
  [
   242.82182260824231,
   791.3184279695448
  ],
  [
   781.730873796739,
   44.73429704834945
  ],
  [
   363.06370774691044,
   234.72413244327396
  ],
  [
   587.7583382140921,
   132.21174964677135
  ],
  [
   310.59772217034174,
   44.73429704834945
  ],
  [
   243.81133220181138,
   107.96709978290727
  ],
  [
   44.73429704834945,
   223.14431328833842
  ],
  [
   791.4007314481526,
   263.79882781938136
  ],
  [
   455.15858876593546,
   957.2655410211988
  ],
  [
   957.265702950081,
   132.20896518224447
  ],
  [
   944.1025154041729,
   875.9567393601725
  ],
  [
   588.774369269501,
   340.8564212124011
  ],
  [
   445.7891326194209,
   487.7583659652987
  ],
  [
   44.73429704834945,
   113.73814729357143
  ],
  [
   347.1566748910015,
   582.7141255421033
  ],
  [
   645.06987959503,
   631.6894071182729
  ],
  [
   122.65598817063591,
   804.4039092281322
  ],
  [
   593.267921795786,
   542.7716098163544
  ],
  [
   576.9377718264981,
   816.379577389842
  ],
  [
   417.3480182619305,
   756.1441269417775
  ],
  [
   727.3768822632808,
   555.3885099450838
  ],
  [
   120.8574725865866,
   158.40311379463407
  ],
  [
   258.9226777037487,
   623.0053751478557
  ],
  [
   119.42207725719439,
   458.97545369266277
  ],
  [
   573.2467882961527,
   218.71274743816767
  ],
  [
   760.691471115525,
   957.2657027936912
  ],
  [
   566.3802131255005,
   957.2636650028027
  ],
  [
   126.9409355241105,
   253.02454266525075
  ],
  [
   780.8171284562779,
   701.0967116273196
  ],
  [
   305.0781686546756,
   437.55705739772753
  ],
  [
   831.6010056702124,
   870.5272619066665
  ],
  [
   44.73429704834945,
   597.6365780722998
  ],
  [
   183.36060224500926,
   44.73429704834945
  ],
  [
   44.73429704834945,
   321.59108638116186
  ],
  [
   434.32841940575196,
   841.9500002449195
  ],
  [
   716.4476452374633,
   873.9034287113585
  ],
  [
   565.6500827090773,
   434.539680298091
  ],
  [
   661.0092123242571,
   484.41104186981585
  ],
  [
   299.44310674166246,
   298.7106122470495
  ],
  [
   44.73429704834945,
   764.4001402201354
  ],
  [
   957.265702946641,
   394.79845070689424
  ],
  [
   126.54153852982063,
   363.691870557692
  ],
  [
   196.8488350929205,
   868.7977134978212
  ],
  [
   44.73429704834945,
   957.2657027936912
  ],
  [
   908.1018489090686,
   957.2657027936912
  ],
  [
   576.1184287835318,
   701.5439361114749
  ]
 ]
}