{
 "Object_Radius": 42.052208700336,
 "Object_Shape": "disc",
 "Workspace_Density": 0.5,
 "Workspace_Height": 1000,
 "Workspace_Width": 1000,
 "number_of_objects": 90,
 "point_list": [
  [
   818.8934826449172,
   210.2539198012403
  ],
  [
   580.7266264717163,
   866.1239951112254
  ],
  [
   691.7495185632572,
   471.22977978457897
  ],
  [
   486.58048096880253,
   44.73429704834945
  ],
  [
   562.3244916278541,
   621.3931880373799
  ],
  [
   854.3969225468724,
   462.8786283339197
  ],
  [
   264.05768420387847,
   957.2635110401006
  ],
  [
   829.2244078965452,
   302.81085383310244
  ],
  [
   599.1229134784417,
   957.2656990984393
  ],
  [
   319.53647915428377,
   44.73429704834945
  ],
  [
   318.91986703622297,
   581.558754401484
  ],
  [
   484.98505377566386,
   878.7694020379862
  ],
  [
   44.73429704834945,
   439.7145993265608
  ],
  [
   811.7301375249546,
   941.566082721385
  ],
  [
   405.53747913082924,
   593.7327961691711
  ],
  [
   401.77693119558654,
   436.95701857513615
  ],
  [
   213.31292163696114,
   201.00729114562967
  ],
  [
   44.73429704834945,
   624.898505505453
  ],
  [
   731.2093105335331,
   230.45497406029443
  ],
  [
   957.1774830126782,
   883.7358167596203
  ],
  [
   290.4827379388233,
   743.7675962574577
  ],
  [
   442.51692266242037,
   514.4127671723252
  ],
  [
   957.2641533175657,
   701.2424801983638
  ],
  [
   937.4115868657567,
   602.5688453261837
  ],
  [
   903.1034250146789,
   140.97644168104353
  ],
  [
   274.34636574795667,
   870.3695204258049
  ],
  [
   544.6616602698352,
   338.3453541439194
  ],
  [
   261.2203199440754,
   647.2969895358623
  ],
  [
   198.08255804137264,
   304.63567436787275
  ],
  [
   609.8792200927569,
   278.68677647379155
  ],
  [
   249.79579661020097,
   527.4373360986995
  ],
  [
   44.73429704834945,
   258.90827945175477
  ],
  [
   903.8795912594319,
   957.2643331954519
  ],
  [
   370.76775851086666,
   957.2656990984393
  ],
  [
   957.2380775439005,
   44.73429704834945
  ],
  [
   137.6481182820334,
   145.49872965878527
  ],
  [
   496.16277037215343,
   258.2240882007266
  ],
  [
   584.2866571132339,
   416.8011551119562
  ],
  [
   917.3629631059654,
   785.1731434673551
  ],
  [
   694.7914104512533,
   864.9076906326327
  ],
  [
   389.8754973737308,
   282.6292078954375
  ],
  [
   526.4682970229096,
   539.0844722321207
  ],
  [
   910.1354932467323,
   369.71057197479894
  ],
  [
   560.9105782844167,
   725.7769598828111
  ],
  [
   210.0682426370494,
   790.102662560349
  ],
  [
   44.73429704834945,
   825.1424098718027
  ],
  [
   702.0324717784638,
   716.3305578108053
  ],
  [
   907.4647160142961,
   230.6369265257291
  ],
  [
   598.9339807780025,
   44.73429704834945
  ],
  [
   651.4231871555737,
   194.60897231559045
  ],
  [
   288.8696958466536,
   263.9398978382875
  ],
  [
   687.7826637342934,
   44.73429704834945
  ],
  [
   178.64618120967435,
   44.73429704834945
  ],
  [
   274.40672782953294,
   351.42990361403656
  ],
  [
   141.6066074265578,
   384.49799831431943
  ],
  [
   734.3081777793603,
   622.6009986113847
  ],
  [
   44.73429704834945,
   724.3352648588012
  ],
  [
   176.23056381605218,
   583.6097341723412
  ],
  [
   44.73429704834945,
   920.1379271777278
  ],
  [
   431.77096096738217,
   198.94554905106236
  ],
  [
   188.12574989224703,
   896.9936422200051
  ],
  [
   44.73429704834945,
   349.36031396319424
  ],
  [
   629.779878762599,
   534.7837271290101
  ],
  [
   828.0223263661118,
   801.5703586744631
  ],
  [
   311.3323864875161,
   432.54651688193815
  ],
  [
   779.9687242143456,
   44.73429704834945
  ],
  [
   399.815329168836,
   91.09171424018318
  ],
  [
   705.7891552178575,
   957.1930335900706
  ],
  [
   745.9158001286116,
   132.8383511786548
  ],
  [
   124.32530183063471,
   772.6917170860484
  ],
  [
   193.71755288328833,
   702.9981473377064
  ],
  [
   792.6626104415724,
   705.7485426353081
  ],
  [
   131.32220103540362,
   234.19254459098784
  ],
  [
   957.2657029453031,
   508.616314290896
  ],
  [
   830.8202979703227,
   621.7707841131734
  ],
  [
   775.9781056925643,
   372.6127384403537
  ],
  [
   398.9069568882643,
   680.949722957383
  ],
  [
   90.32142799581301,
   47.0969680362585
  ],
  [
   428.2470639142512,
   763.357655175256
  ],
  [
   454.49344416342046,
   366.94655562300466
  ],
  [
   485.77006603992567,
   666.0954317028836
  ],
  [
   648.5610930743784,
   640.6932198717777
  ],
  [
   44.73429704834945,
   164.69449157289316
  ],
  [
   868.4634829363289,
   44.73429704834945
  ],
  [
   549.5468712967645,
   116.98548295821531
  ],
  [
   124.67385946650226,
   957.2641048503214
  ],
  [
   797.5327887611217,
   540.7813028785664
  ],
  [
   564.4063918304579,
   203.49477890541877
  ],
  [
   237.10740029807954,
   114.0634281087879
  ],
  [
   503.6168532997302,
   451.6808420625334
  ]
 ]
}