{
 "Object_Radius": 42.052208700336,
 "Object_Shape": "disc",
 "Workspace_Density": 0.5,
 "Workspace_Height": 1000,
 "Workspace_Width": 1000,
 "number_of_objects": 90,
 "point_list": [
  [
   322.5815346763716,
   660.2284793387827
  ],
  [
   295.2023962155775,
   528.2385207310101
  ],
  [
   320.725669195457,
   179.0343513858308
  ],
  [
   591.6136775901002,
   132.93619095704216
  ],
  [
   443.2512769654084,
   347.59682826961983
  ],
  [
   957.2582492717357,
   244.10829892835866
  ],
  [
   869.6882496056198,
   538.5398788951245
  ],
  [
   52.517163922738824,
   627.1369782368132
  ],
  [
   833.7869038407937,
   44.73429704834945
  ],
  [
   540.1274357516451,
   874.683032003722
  ],
  [
   720.1818900068936,
   363.14895169361677
  ],
  [
   44.73429704834945,
   539.0732780534364
  ],
  [
   540.0612087393763,
   44.73429704834945
  ],
  [
   957.2657029369376,
   44.73429704834945
  ],
  [
   586.4707983492164,
   800.4070202249167
  ],
  [
   778.6118353256908,
   957.2555066479897
  ],
  [
   404.7070356562049,
   259.5915180927641
  ],
  [
   632.7754545558697,
   874.6408024908998
  ],
  [
   458.8083097449133,
   562.1876062455196
  ],
  [
   242.54692073160305,
   381.267870279005
  ],
  [
   58.007852031755085,
   44.73429704834945
  ],
  [
   794.6385653019614,
   776.1585201461961
  ],
  [
   957.2626684412645,
   957.2657029348356
  ],
  [
   146.23978531439917,
   44.73429704834945
  ],
  [
   957.2481453013135,
   137.6034125637334
  ],
  [
   511.2201442774097,
   957.2656804321089
  ],
  [
   866.7219446363333,
   957.2657029348356
  ],
  [
   503.557683092071,
   687.4319896015038
  ],
  [
   311.92369361836694,
   286.0062900712846
  ],
  [
   44.73429704834945,
   812.0029197436581
  ],
  [
   882.8123382978407,
   740.8428760527089
  ],
  [
   849.307866416317,
   450.0262543843982
  ],
  [
   386.15517641873157,
   512.9340889180746
  ],
  [
   506.4294062803852,
   408.44619093258575
  ],
  [
   541.9011007466587,
   596.4936363763468
  ],
  [
   847.2939436248691,
   131.1537064364783
  ],
  [
   195.25742968987385,
   887.1732311922985
  ],
  [
   957.2566414779252,
   364.6792698761737
  ],
  [
   656.3351524648407,
   424.6126490236958
  ],
  [
   831.5245432695168,
   622.3282688271127
  ],
  [
   867.2566332967963,
   218.50434787349357
  ],
  [
   247.66377134799524,
   957.2657028331352
  ],
  [
   713.7943292680756,
   838.9457229091164
  ],
  [
   543.2195898226411,
   493.69639011777394
  ],
  [
   644.5055652950111,
   204.38112282983502
  ],
  [
   709.6451149050962,
   749.9951550547618
  ],
  [
   411.8603960468873,
   660.5841717339745
  ],
  [
   335.1323759797892,
   957.2657029501219
  ],
  [
   815.5612751337515,
   368.5960770128536
  ],
  [
   718.0394102055126,
   44.73429704834945
  ],
  [
   625.5152139290781,
   721.9690031399074
  ],
  [
   100.85626075240539,
   880.1736979326566
  ],
  [
   473.7417902381261,
   109.85783295753284
  ],
  [
   629.6601638266515,
   44.73429704834945
  ],
  [
   594.8179888971216,
   343.1383792030924
  ],
  [
   142.91047948736994,
   957.2657010195236
  ],
  [
   634.1912418702892,
   589.7147281512233
  ],
  [
   757.2441028125381,
   123.1446099463993
  ],
  [
   887.8105747171787,
   309.89551539198806
  ],
  [
   957.1700078474364,
   612.6818648358629
  ],
  [
   376.8491703987143,
   789.2812812432337
  ],
  [
   957.2067891317647,
   486.4684236348742
  ],
  [
   167.55544774266846,
   541.2974890842165
  ],
  [
   881.2884672661938,
   836.3676981792859
  ],
  [
   131.68347910370483,
   725.402734589082
  ],
  [
   511.6203387159875,
   195.4604679378293
  ],
  [
   688.7999712640847,
   279.9644338900917
  ],
  [
   235.90126926029131,
   684.46796341402
  ],
  [
   272.3872235648896,
   44.73429704834945
  ],
  [
   743.6032996103336,
   209.85307587863468
  ],
  [
   295.40876768529864,
   754.7831062297798
  ],
  [
   393.5212474742155,
   423.6318896874321
  ],
  [
   271.0765537995803,
   839.4395212142298
  ],
  [
   154.51629489744946,
   152.96221981560058
  ],
  [
   690.5077338796107,
   515.6260028235433
  ],
  [
   173.61950113660052,
   242.48981446546443
  ],
  [
   449.271889040213,
   866.8189260858446
  ],
  [
   153.53362776182007,
   810.2962623365341
  ],
  [
   734.6703412340944,
   593.1942616679656
  ],
  [
   423.2799228508081,
   957.2657029440746
  ],
  [
   599.2279624440816,
   957.2624767394093
  ],
  [
   44.73429704834945,
   715.3211618507108
  ],
  [
   44.73429704834945,
   451.2453712922913
  ],
  [
   957.198310033249,
   788.4852177021462
  ],
  [
   158.16295674553328,
   642.0320631701131
  ],
  [
   798.0560190961322,
   867.7086034331829
  ],
  [
   689.766254284342,
   957.2657029369376
  ],
  [
   763.9635687933052,
   678.8429208249769
  ],
  [
   44.73429704834945,
   957.2627847142088
  ],
  [
   786.6441589870584,
   286.04494259247355
  ]
 ]
}