{
 "Object_Radius": 42.052208700336,
 "Object_Shape": "disc",
 "Workspace_Density": 0.5,
 "Workspace_Height": 1000,
 "Workspace_Width": 1000,
 "number_of_objects": 90,
 "point_list": [
  [
   487.17333539515414,
   208.7160493120191
  ],
  [
   44.73429704834945,
   957.2657029440295
  ],
  [
   133.59762067351014,
   511.406286099734
  ],
  [
   957.2657029501321,
   452.90855572095677
  ],
  [
   44.73429704834945,
   858.5849968091663
  ],
  [
   642.623534724867,
   422.76741702800086
  ],
  [
   296.6685912830892,
   830.2672366233813
  ],
  [
   484.1240342997007,
   864.345439863781
  ],
  [
   269.0938594754807,
   207.95068167247587
  ],
  [
   705.294627001932,
   579.2543086800698
  ],
  [
   439.457723263218,
   44.73429704834945
  ],
  [
   616.6506595389902,
   838.3324070941075
  ],
  [
   190.27144158112876,
   689.4688264237703
  ],
  [
   439.8017447513245,
   574.4365276474713
  ],
  [
   681.6206654357466,
   330.5916229523598
  ],
  [
   773.0865510017827,
   44.73429704834945
  ],
  [
   539.7174160609591,
   787.7526671252151
  ],
  [
   423.81523274584436,
   691.4100387815516
  ],
  [
   648.7933281441414,
   651.657056764975
  ],
  [
   139.29407517506266,
   762.0739094637433
  ],
  [
   955.5863447545705,
   262.2504589510229
  ],
  [
   885.662584740945,
   208.08513366771436
  ],
  [
   341.85067143047195,
   734.9285866868723
  ],
  [
   188.23034513295397,
   581.7159526359515
  ],
  [
   266.4365273356379,
   622.8519188453345
  ],
  [
   133.91735351090713,
   957.2656864033611
  ],
  [
   762.2670329080486,
   489.8847351992914
  ],
  [
   44.73429704834945,
   683.2543065078554
  ],
  [
   957.2656163661018,
   957.2631092121586
  ],
  [
   511.37433458362455,
   692.7695609380854
  ],
  [
   425.4880255961832,
   957.265304026637
  ],
  [
   957.2623431481667,
   151.67979373806605
  ],
  [
   829.3732334744387,
   692.3270390947026
  ],
  [
   44.73429704834945,
   580.9699927496856
  ],
  [
   115.695557590363,
   226.54089764888954
  ],
  [
   803.4680375894762,
   570.7873907243786
  ],
  [
   957.2657029226882,
   628.196248302232
  ],
  [
   751.501588554716,
   800.1496497495231
  ],
  [
   645.3770855413409,
   513.9390342116385
  ],
  [
   915.8810954571219,
   705.2555857361472
  ],
  [
   869.5710830253963,
   957.2589088950666
  ],
  [
   44.73429704834945,
   359.48321025591866
  ],
  [
   580.8100870583627,
   573.3665111179198
  ],
  [
   44.73429704834945,
   492.5904875691341
  ],
  [
   684.151561216257,
   66.07280483944852
  ],
  [
   818.0366836993655,
   145.27701197170651
  ],
  [
   491.2522450798863,
   360.7501736327268
  ],
  [
   957.2654922070899,
   365.4399618553535
  ],
  [
   742.7548893176864,
   680.052410241171
  ],
  [
   171.51368826402717,
   323.43750763226035
  ],
  [
   869.6914498561141,
   44.73429704834945
  ],
  [
   957.2648924707323,
   50.256863036932465
  ],
  [
   415.50151951762473,
   299.46558943432774
  ],
  [
   661.788400045373,
   154.77248706702468
  ],
  [
   543.2869781271726,
   431.4171812088181
  ],
  [
   767.3138568721533,
   939.1165285494742
  ],
  [
   816.4763858228324,
   866.6145426654219
  ],
  [
   184.66665749752127,
   44.73429704834945
  ],
  [
   550.1988476134962,
   136.36358620545792
  ],
  [
   240.43188880929384,
   437.3908664090355
  ],
  [
   393.93006470149027,
   135.3647283642169
  ],
  [
   261.7200258049677,
   525.7754894902904
  ],
  [
   874.4587035778443,
   309.149833740804
  ],
  [
   394.7282006151277,
   861.2362506075549
  ],
  [
   128.28637635988898,
   406.2103931216178
  ],
  [
   446.2793392678318,
   437.4618852857281
  ],
  [
   199.9166994173013,
   135.1624913504363
  ],
  [
   339.6996427746874,
   395.8629441612012
  ],
  [
   443.48636363927204,
   777.089906967408
  ],
  [
   235.3818067701691,
   956.0884322726188
  ],
  [
   957.2657029501291,
   869.7945179529133
  ],
  [
   542.268067452662,
   957.2656598911068
  ],
  [
   957.2657029419313,
   540.6144357862603
  ],
  [
   597.4399690788455,
   46.73850764797939
  ],
  [
   592.243198880161,
   232.33565810990186
  ],
  [
   44.73429704834945,
   771.0179071424357
  ],
  [
   509.85549002136383,
   520.6017259954499
  ],
  [
   957.2656252841483,
   782.3213898276125
  ],
  [
   800.8750177546392,
   402.96632687915974
  ],
  [
   323.01885108333704,
   957.014269491115
  ],
  [
   120.1423125181197,
   637.1934053757924
  ],
  [
   44.73429704834945,
   85.93925782853469
  ],
  [
   609.8714119944078,
   734.6527318805938
  ],
  [
   198.90134458564677,
   834.9202584707887
  ],
  [
   364.5106542611035,
   624.4163782474282
  ],
  [
   673.3348327653325,
   930.3567874353934
  ],
  [
   862.7482096354757,
   472.8108701504454
  ],
  [
   247.38043912401875,
   757.9839177518026
  ],
  [
   849.0636121518626,
   783.0433729935734
  ],
  [
   771.7106738036626,
   319.67037184278473
  ]
 ]
}