{
 "Object_Radius": 42.052208700336,
 "Object_Shape": "disc",
 "Workspace_Density": 0.5,
 "Workspace_Height": 1000,
 "Workspace_Width": 1000,
 "number_of_objects": 90,
 "point_list": [
  [
   562.1292831362224,
   422.00751875703014
  ],
  [
   44.73429704834945,
   635.6043046998635
  ],
  [
   841.7850381912833,
   957.2594025211023
  ],
  [
   957.2500532885042,
   135.96282705376
  ],
  [
   453.4924591695876,
   644.5445623014514
  ],
  [
   140.9862824034972,
   759.9958780353327
  ],
  [
   788.6657679750261,
   582.3913167252551
  ],
  [
   131.86576415696103,
   941.9083278866493
  ],
  [
   605.5042212663056,
   957.263817410229
  ],
  [
   905.2254735771238,
   477.160059789619
  ],
  [
   957.2657029516506,
   547.5906602683556
  ],
  [
   139.0769912956812,
   385.5325271311586
  ],
  [
   323.25400464650136,
   957.2656816672679
  ],
  [
   677.0672853369872,
   752.2906384768479
  ],
  [
   734.27257021153,
   513.6843544094934
  ],
  [
   834.4763701803322,
   660.9217099424984
  ],
  [
   562.9482653072482,
   665.7361475078375
  ],
  [
   702.6069971155306,
   212.69300083092347
  ],
  [
   223.87548345400012,
   361.40552335327135
  ],
  [
   319.8584477921056,
   359.69935858084176
  ],
  [
   44.73429704834945,
   503.5860342731235
  ],
  [
   790.7502199197219,
   417.42103415943023
  ],
  [
   226.94972643295313,
   862.8938488180921
  ],
  [
   820.8058965435504,
   500.10284066265984
  ],
  [
   349.895742218096,
   550.259901201275
  ],
  [
   637.2304408325866,
   58.50390782231527
  ],
  [
   434.86892819142236,
   871.3575514341528
  ],
  [
   44.73429704834945,
   832.4029185176557
  ],
  [
   406.6302085309037,
   65.4501765242372
  ],
  [
   956.717267097817,
   812.062197280658
  ],
  [
   520.441081767258,
   586.5906432037439
  ],
  [
   504.46272160603394,
   228.26196133611356
  ],
  [
   876.1073880343765,
   580.2109433219171
  ],
  [
   956.4833277210726,
   319.36147885121585
  ],
  [
   944.6336855884118,
   635.4098526807641
  ],
  [
   456.17870070959253,
   148.8086601619215
  ],
  [
   632.9550478853057,
   579.4180767014489
  ],
  [
   568.7418890406695,
   762.8537262047407
  ],
  [
   957.2655120742863,
   226.23754064561115
  ],
  [
   164.30221841476992,
   259.6455597455558
  ],
  [
   631.5925265420153,
   827.1989821387651
  ],
  [
   136.39326240888747,
   850.5987422766783
  ],
  [
   568.6809797199206,
   513.5909955508708
  ],
  [
   607.519472263774,
   344.6388192311554
  ],
  [
   751.7427806093712,
   957.2511391552011
  ],
  [
   861.682624213734,
   205.80367242409764
  ],
  [
   243.4242276772716,
   515.3526218079966
  ],
  [
   223.30251468447514,
   169.04121110947446
  ],
  [
   61.25370045771938,
   146.7604831488516
  ],
  [
   406.89493816727725,
   231.326440668527
  ],
  [
   940.2341321249113,
   44.73429704834945
  ],
  [
   115.76684787504564,
   560.4237254732675
  ],
  [
   297.39984628534415,
   110.27401954989305
  ],
  [
   694.5087268816051,
   326.3265930666153
  ],
  [
   687.1094793846369,
   896.1801185069523
  ],
  [
   544.7678450941917,
   873.2264524025624
  ],
  [
   724.6991245111301,
   44.73429704834945
  ],
  [
   225.45877903112134,
   717.1223716760786
  ],
  [
   957.2651150667208,
   406.83226784513886
  ],
  [
   737.0423056929748,
   653.0045936297515
  ],
  [
   570.305031053474,
   116.19674302421976
  ],
  [
   741.3269290627043,
   131.75515223433885
  ],
  [
   703.3024743084715,
   414.69269817255446
  ],
  [
   651.4573173833178,
   485.21847594001514
  ],
  [
   313.2153251182248,
   750.074677449561
  ],
  [
   422.0571979343027,
   321.8358849945167
  ],
  [
   412.62849167294274,
   957.2656816672679
  ],
  [
   786.1666623668043,
   819.5974396228071
  ],
  [
   771.6416221332507,
   733.3432804205644
  ],
  [
   603.1592221828216,
   224.41703738378442
  ],
  [
   957.2654138226558,
   722.9530458224615
  ],
  [
   44.73429704834945,
   409.53334318327506
  ],
  [
   500.3036665072865,
   44.73429704834945
  ],
  [
   861.1897592010397,
   864.8048755891398
  ],
  [
   277.4321751735087,
   637.026588038122
  ],
  [
   481.9547941491344,
   777.6835190048263
  ],
  [
   510.0335063209304,
   957.2657029454328
  ],
  [
   127.26006844229804,
   664.7424094188078
  ],
  [
   872.1688703530353,
   385.4329938856699
  ],
  [
   63.728168127246384,
   291.31466118725
  ],
  [
   55.48663313557147,
   733.8483691129827
  ],
  [
   864.6931241425563,
   295.7495930331375
  ],
  [
   317.7118083040704,
   199.61557105723415
  ],
  [
   950.2888462715208,
   899.6315419422567
  ],
  [
   865.5673626743103,
   744.2803932244345
  ],
  [
   812.0160944839351,
   49.976722662779345
  ],
  [
   777.2337571856528,
   265.99233074657434
  ],
  [
   650.6496311869029,
   667.9001944399063
  ],
  [
   518.5174278812058,
   327.5827784837074
  ],
  [
   870.1898257817252,
   116.9574711518158
  ]
 ]
}