{
  "Workspace_Density": 0,
  "Workspace_Height": 1000,
  "Workspace_Width": 1000,
  "number_of_objects": 1,
  "object_list": [
    {
      "Object_Shape": "tetris_T",
      "Object_Length": 100,
      "Object_Width": 100,
      "initial_pose": [
        347.6644586897651,
        705.90321991357,
        6.068882820811949
      ],
      "goal_pose": [
        202.57362257840015,
        731.736055959464,
        2.8127046642919686
      ]
    }
  ]
}