{
  "Workspace_Density": 0,
  "Workspace_Height": 1000,
  "Workspace_Width": 1000,
  "number_of_objects": 1,
  "object_list": [
    {
      "Object_Shape": "tetris_T",
      "Object_Length": 100,
      "Object_Width": 100,
      "initial_pose": [
        628.5571237956933,
        691.3575352430402,
        3.7475500060138476
      ],
      "goal_pose": [
        263.63955395763094,
        210.0314676816629,
        2.298239768183073
      ]
    }
  ]
}