{
  "Workspace_Density": 0,
  "Workspace_Height": 1000,
  "Workspace_Width": 1000,
  "number_of_objects": 1,
  "object_list": [
    {
      "Object_Shape": "tetris_T",
      "Object_Length": 100,
      "Object_Width": 100,
      "initial_pose": [
        605.2021760749882,
        725.1172183300047,
        2.480415109869385
      ],
      "goal_pose": [
        580.4504361287637,
        63.93297556377572,
        1.8643726215095626
      ]
    }
  ]
}