{
  "Workspace_Density": 0,
  "Workspace_Height": 1000,
  "Workspace_Width": 1000,
  "number_of_objects": 1,
  "object_list": [
    {
      "Object_Shape": "tetris_T",
      "Object_Length": 100,
      "Object_Width": 100,
      "initial_pose": [
        564.3034412072052,
        391.3525048856406,
        1.6045017906615884
      ],
      "goal_pose": [
        479.55436788492705,
        476.41815796772204,
        1.1841024096763282
      ]
    }
  ]
}