{
  "Workspace_Density": 0,
  "Workspace_Height": 1000,
  "Workspace_Width": 1000,
  "number_of_objects": 1,
  "object_list": [
    {
      "Object_Shape": "tetris_T",
      "Object_Length": 100,
      "Object_Width": 100,
      "initial_pose": [
        697.2473858719011,
        840.5246897622769,
        0.5292750755486907
      ],
      "goal_pose": [
        484.57333658981565,
        641.6743903949537,
        2.3098495393468363
      ]
    }
  ]
}