{
  "Workspace_Density": 0,
  "Workspace_Height": 1000,
  "Workspace_Width": 1000,
  "number_of_objects": 1,
  "object_list": [
    {
      "Object_Shape": "tetris_T",
      "Object_Length": 100,
      "Object_Width": 100,
      "initial_pose": [
        493.7813985136859,
        345.4438419232679,
        2.225436633916294
      ],
      "goal_pose": [
        879.8858448252284,
        90.0035526562839,
        2.04825710238982
      ]
    }
  ]
}