{
  "Workspace_Density": 0,
  "Workspace_Height": 1000,
  "Workspace_Width": 1000,
  "number_of_objects": 1,
  "object_list": [
    {
      "Object_Shape": "tetris_T",
      "Object_Length": 100,
      "Object_Width": 100,
      "initial_pose": [
        470.63023345160354,
        602.3824869498272,
        4.611924801644125
      ],
      "goal_pose": [
        191.70518057078297,
        52.51185824812882,
        0.3253924108426982
      ]
    }
  ]
}