{
  "Workspace_Density": 0,
  "Workspace_Height": 1000,
  "Workspace_Width": 1000,
  "number_of_objects": 1,
  "object_list": [
    {
      "Object_Shape": "tetris_T",
      "Object_Length": 100,
      "Object_Width": 100,
      "initial_pose": [
        561.9131855443075,
        488.8767020380363,
        2.842394848887619
      ],
      "goal_pose": [
        440.5714580408069,
        360.23055759614084,
        5.149629817587021
      ]
    }
  ]
}