{
 "Object_Length": 258.19888974716116,
 "Object_Shape": "cuboid",
 "Object_Width": 77.45966692414835,
 "Workspace_Density": 0.4,
 "Workspace_Height": 1000,
 "Workspace_Width": 1000,
 "number_of_objects": 20,
 "point_list": [
  [
   853.628895379,
   714.275745329,
   3.06217006739
  ],
  [
   839.436591896,
   215.710015238,
   1.03815453565
  ],
  [
   48.6086665262,
   458.69032367,
   1.57063304724
  ],
  [
   417.085053812,
   593.331539331,
   1.01785629571
  ],
  [
   485.104333995,
   125.817568163,
   2.61287053479
  ],
  [
   142.287148016,
   657.373979201,
   0.0793823573711
  ],
  [
   172.167360917,
   318.615000783,
   1.7646690731
  ],
  [
   387.382740019,
   301.43062897,
   -2.95889071214
  ],
  [
   517.104290513,
   853.216584665,
   1.81366763827
  ],
  [
   104.783989403,
   156.906388692,
   1.99097361769
  ],
  [
   806.311006893,
   898.499250497,
   0.427757508127
  ],
  [
   638.543347209,
   769.434817955,
   1.81552451513
  ],
  [
   604.303302746,
   525.334540278,
   2.11536611456
  ],
  [
   769.713738873,
   521.818051137,
   1.53478064372
  ],
  [
   444.399802939,
   410.824471039,
   -2.95585654791
  ],
  [
   117.717951629,
   852.63680501,
   1.24925728603
  ],
  [
   248.914604639,
   474.602739265,
   1.71336842126
  ],
  [
   638.284898077,
   256.844612032,
   1.03176266489
  ],
  [
   738.462596797,
   237.049924777,
   1.04142282177
  ],
  [
   322.992759206,
   760.827664564,
   1.64608068838
  ]
 ]
}