{
 "Object_Length": 258.19888974716116,
 "Object_Shape": "cuboid",
 "Object_Width": 77.45966692414835,
 "Workspace_Density": 0.4,
 "Workspace_Height": 1000,
 "Workspace_Width": 1000,
 "number_of_objects": 20,
 "point_list": [
  [
   866.874317362,
   686.735661828,
   2.10916726014
  ],
  [
   702.90418682,
   327.873522326,
   2.45767469757
  ],
  [
   888.691992594,
   853.407696403,
   2.05838729079
  ],
  [
   263.986890166,
   442.464456936,
   3.13031509984
  ],
  [
   350.294414244,
   852.675736295,
   1.93495123928
  ],
  [
   146.765956166,
   548.353581049,
   0.245849733499
  ],
  [
   315.105706194,
   647.941957127,
   1.87433227818
  ],
  [
   265.768429983,
   245.000709326,
   1.72890677218
  ],
  [
   531.92601581,
   585.271978823,
   0.269861507607
  ],
  [
   678.850977856,
   829.449207301,
   1.98217705404
  ],
  [
   166.708722367,
   249.601118416,
   1.7279049587
  ],
  [
   856.72379024,
   423.231633497,
   3.10027681069
  ],
  [
   485.734717017,
   784.824476912,
   1.98295079459
  ],
  [
   563.686296595,
   849.823128116,
   1.98294656877
  ],
  [
   645.873856548,
   246.895742962,
   2.46827694035
  ],
  [
   444.205487735,
   294.972179009,
   0.903274240262
  ],
  [
   801.133662647,
   140.956169212,
   0.901302557762
  ],
  [
   634.783693629,
   506.830829307,
   0.281837452329
  ],
  [
   141.33281602,
   55.6108760855,
   3.09225766844
  ],
  [
   585.257855341,
   170.184234227,
   2.47036764826
  ]
 ]
}