{
 "Object_Length": 258.19888974716116,
 "Object_Shape": "cuboid",
 "Object_Width": 77.45966692414835,
 "Workspace_Density": 0.4,
 "Workspace_Height": 1000,
 "Workspace_Width": 1000,
 "number_of_objects": 20,
 "point_list": [
  [
   856.619020693,
   568.3491103,
   3.12391947223
  ],
  [
   140.550275644,
   849.527805978,
   2.49948262065
  ],
  [
   435.395883192,
   806.869246171,
   1.9068552789
  ],
  [
   565.127552363,
   190.003043766,
   1.50092281442
  ],
  [
   87.6303253479,
   225.249901251,
   1.35536677352
  ],
  [
   859.509963097,
   272.222633666,
   -0.0112877680051
  ],
  [
   502.892104582,
   381.005328894,
   0.641684544555
  ],
  [
   853.846598377,
   116.58477244,
   2.65538884306
  ],
  [
   338.186995122,
   789.761394359,
   1.90755308682
  ],
  [
   401.641370724,
   570.849825693,
   2.82922764562
  ],
  [
   627.966636222,
   636.520405868,
   1.20165488972
  ],
  [
   369.476516389,
   158.504350793,
   2.96039557547
  ],
  [
   522.743387288,
   852.351549351,
   1.90685550647
  ],
  [
   856.555706692,
   461.109150869,
   3.05280596741
  ],
  [
   290.771610973,
   341.458812247,
   0.682423195888
  ],
  [
   223.065933244,
   528.399262308,
   2.25436395234
  ],
  [
   748.800476818,
   853.527668224,
   0.00148649662493
  ],
  [
   48.715688262,
   638.666111096,
   1.57080637609
  ],
  [
   668.580578737,
   272.09372256,
   1.50091979428
  ],
  [
   853.181465936,
   725.388449308,
   0.470216116532
  ]
 ]
}