{
 "Object_Length": 258.19888974716116,
 "Object_Shape": "cuboid",
 "Object_Width": 77.45966692414835,
 "Workspace_Density": 0.4,
 "Workspace_Height": 1000,
 "Workspace_Width": 1000,
 "number_of_objects": 20,
 "point_list": [
  [
   536.672518475,
   856.654782536,
   0.990425570766
  ],
  [
   427.221757019,
   165.186856167,
   2.16170887084
  ],
  [
   517.142322881,
   427.959687941,
   -0.0205290917134
  ],
  [
   48.8057992604,
   646.670828424,
   1.56939109864
  ],
  [
   677.545423552,
   614.993083241,
   1.43388339418
  ],
  [
   670.261658955,
   146.798646216,
   1.89595646141
  ],
  [
   139.244834279,
   432.676003395,
   0.00515524716828
  ],
  [
   297.351472675,
   708.158433544,
   1.01090324788
  ],
  [
   142.539602661,
   815.061537346,
   2.58401509223
  ],
  [
   143.666713774,
   112.310591154,
   0.265425748728
  ],
  [
   829.745181361,
   758.315000945,
   1.13932001557
  ],
  [
   805.654744767,
   396.16706499,
   2.92023776884
  ],
  [
   296.079606765,
   951.483708061,
   0.00104824751018
  ],
  [
   897.213337017,
   671.812865696,
   1.13926323782
  ],
  [
   852.563419838,
   481.996837932,
   -0.225045673322
  ],
  [
   921.01371346,
   160.391066454,
   1.67015128395
  ],
  [
   327.582881683,
   438.174037741,
   1.58753873085
  ],
  [
   570.324638293,
   147.346363101,
   1.89329066246
  ],
  [
   615.323151721,
   800.802837028,
   0.993605776088
  ],
  [
   486.527315754,
   660.164961286,
   2.568104065
  ]
 ]
}