{
 "Object_Length": 258.19888974716116,
 "Object_Shape": "cuboid",
 "Object_Width": 77.45966692414835,
 "Workspace_Density": 0.4,
 "Workspace_Height": 1000,
 "Workspace_Width": 1000,
 "number_of_objects": 20,
 "point_list": [
  [
   140.60088168,
   433.038749097,
   0.640791504899
  ],
  [
   245.351470365,
   389.47958266,
   0.641761190942
  ],
  [
   607.426076461,
   751.218165831,
   1.82215800131
  ],
  [
   704.349465862,
   766.93725758,
   1.82445996115
  ],
  [
   524.273443518,
   418.098032806,
   1.20783323591
  ],
  [
   764.976258324,
   225.707472829,
   2.40892852575
  ],
  [
   198.582200489,
   903.148114959,
   3.03551800138
  ],
  [
   949.556380955,
   236.166780525,
   1.57102408326
  ],
  [
   359.656038736,
   256.345631026,
   1.22427585725
  ],
  [
   146.909121664,
   221.688443917,
   2.7850743506
  ],
  [
   391.4637951,
   860.322193465,
   1.58252905054
  ],
  [
   209.295172687,
   686.047785081,
   0.319866104036
  ],
  [
   510.620861581,
   118.127630453,
   2.77236993506
  ],
  [
   728.016811748,
   130.593943335,
   2.42449418002
  ],
  [
   430.035729543,
   662.515968289,
   0.436764284849
  ],
  [
   147.162460908,
   116.147520698,
   2.77526079181
  ],
  [
   580.353716363,
   292.620093208,
   1.20160526242
  ],
  [
   858.878521832,
   951.104488466,
   0.00110836116548
  ],
  [
   809.137855614,
   455.094083819,
   0.5472213484
  ],
  [
   849.494917336,
   688.159792245,
   1.27829177843
  ]
 ]
}