{
 "Object_Radius": 99.73557010035817,
 "Object_Shape": "disc",
 "Workspace_Density": 0.5,
 "Workspace_Height": 1000,
 "Workspace_Width": 1000,
 "number_of_objects": 16,
 "point_list": [
  [
   692.7794283038597,
   104.7249929043725
  ],
  [
   218.93113401001634,
   695.7019501073635
  ],
  [
   371.4444637742356,
   862.9607769390349
  ],
  [
   897.2750070956275,
   571.3036511891801
  ],
  [
   485.32944249257145,
   104.7249929043725
  ],
  [
   104.7249929043725,
   233.72485452270712
  ],
  [
   897.2750070956275,
   818.6088433203311
  ],
  [
   297.13216256329395,
   311.3493802667676
  ],
  [
   508.09065160688255,
   333.2149064831021
  ],
  [
   277.8249330676433,
   104.7249929043725
  ],
  [
   176.48470369832665,
   484.5736350418477
  ],
  [
   677.4146191404275,
   691.8301022251146
  ],
  [
   149.59141371470832,
   897.2750070956275
  ],
  [
   597.6516229642284,
   895.6344874270491
  ],
  [
   469.48654361112983,
   634.9548514902062
  ],
  [
   897.2750070956275,
   141.07624348533952
  ]
 ]
}