{
 "Object_Radius": 99.73557010035817,
 "Object_Shape": "disc",
 "Workspace_Density": 0.5,
 "Workspace_Height": 1000,
 "Workspace_Width": 1000,
 "number_of_objects": 16,
 "point_list": [
  [
   897.2750070956275,
   897.2750070956275
  ],
  [
   513.3045573318385,
   262.0450654959255
  ],
  [
   688.0378479299333,
   666.9463403377722
  ],
  [
   296.97659474852446,
   193.66455992145646
  ],
  [
   680.9943703159518,
   127.70645497079539
  ],
  [
   581.2250155722368,
   478.2752372946329
  ],
  [
   466.00163292064525,
   879.5419581508598
  ],
  [
   897.2750070956275,
   482.37000787665363
  ],
  [
   383.49696685907463,
   622.2946817133553
  ],
  [
   317.4827121175521,
   420.8199182899532
  ],
  [
   104.7249929043725,
   471.3018291101924
  ],
  [
   760.8079261985928,
   322.4549195671005
  ],
  [
   675.0662577028081,
   897.2750070956275
  ],
  [
   897.2750070956275,
   134.25420845674108
  ],
  [
   897.2750070956275,
   689.8199936937095
  ],
  [
   258.78577986477615,
   862.9689261623998
  ]
 ]
}