{
 "Object_Radius": 99.73557010035817,
 "Object_Shape": "disc",
 "Workspace_Density": 0.5,
 "Workspace_Height": 1000,
 "Workspace_Width": 1000,
 "number_of_objects": 16,
 "point_list": [
  [
   540.5549456140532,
   269.98045584493985
  ],
  [
   294.3350574456159,
   809.0457439029306
  ],
  [
   164.48594672716922,
   471.44421110415016
  ],
  [
   897.2750070956275,
   897.2750070956275
  ],
  [
   437.51265780049215,
   658.9244555929624
  ],
  [
   404.1425093782703,
   427.536980847733
  ],
  [
   897.2750070956275,
   463.31187868962377
  ],
  [
   681.0571613447454,
   459.32367082776886
  ],
  [
   153.4167894220218,
   126.4115785507695
  ],
  [
   651.5937123834835,
   674.6390287443223
  ],
  [
   880.1771097384451,
   679.972809190655
  ],
  [
   379.21155830091544,
   104.7249929043725
  ],
  [
   792.2153368690623,
   181.60353662169115
  ],
  [
   482.08781390845206,
   897.2750070956275
  ],
  [
   689.5477800566034,
   897.2750070956275
  ],
  [
   104.7249929043725,
   897.2750070956275
  ]
 ]
}