{
 "Object_Radius": 99.73557010035817,
 "Object_Shape": "disc",
 "Workspace_Density": 0.5,
 "Workspace_Height": 1000,
 "Workspace_Width": 1000,
 "number_of_objects": 16,
 "point_list": [
  [
   274.8476783276115,
   104.7249929043725
  ],
  [
   346.7966654114957,
   347.62934813527926
  ],
  [
   104.7249929043725,
   223.51295393767123
  ],
  [
   104.7249929043725,
   639.2140495403354
  ],
  [
   897.2750070956275,
   517.186083526348
  ],
  [
   689.7549729214369,
   104.7249929043725
  ],
  [
   548.5491763394772,
   533.4391658255267
  ],
  [
   850.7719726680497,
   832.2487320005488
  ],
  [
   730.4968474309313,
   662.7777686509645
  ],
  [
   482.3049871794041,
   104.7249929043725
  ],
  [
   109.06927651280866,
   430.9194693972991
  ],
  [
   636.6519057485444,
   336.70201722538155
  ],
  [
   104.7249929043725,
   858.1188910709554
  ],
  [
   315.81779399158694,
   571.087577402304
  ],
  [
   351.8506709650751,
   897.2750070956275
  ],
  [
   897.2750070956275,
   104.7249929043725
  ]
 ]
}