{
 "Object_Radius": 99.73557010035817,
 "Object_Shape": "disc",
 "Workspace_Density": 0.5,
 "Workspace_Height": 1000,
 "Workspace_Width": 1000,
 "number_of_objects": 16,
 "point_list": [
  [
   374.4677871070021,
   492.90527016110775
  ],
  [
   682.5521990200028,
   897.2750070956275
  ],
  [
   289.8808718059312,
   801.1346614317455
  ],
  [
   473.70835025785163,
   897.2750070956275
  ],
  [
   104.7249929043725,
   897.2750070956275
  ],
  [
   229.68652595485128,
   104.7249929043725
  ],
  [
   897.2750070956275,
   897.2750070956275
  ],
  [
   663.7938962556567,
   653.9510707832108
  ],
  [
   104.7249929043725,
   661.3735551040611
  ],
  [
   639.9932656084789,
   141.6428303418564
  ],
  [
   437.8425653512822,
   243.6109758496707
  ],
  [
   897.2750070956275,
   678.8605190871009
  ],
  [
   897.2750070956275,
   104.7249929043725
  ],
  [
   897.2750070956275,
   452.46512419529586
  ],
  [
   687.3680447924244,
   345.7789830821851
  ],
  [
   209.67937786654042,
   343.155476121492
  ]
 ]
}