{
 "Object_Radius": 99.73557010035817,
 "Object_Shape": "disc",
 "Workspace_Density": 0.5,
 "Workspace_Height": 1000,
 "Workspace_Width": 1000,
 "number_of_objects": 16,
 "point_list": [
  [
   897.2750070956275,
   897.2750070956275
  ],
  [
   633.0219108699746,
   416.49160393739476
  ],
  [
   897.2750070956275,
   482.98649852965724
  ],
  [
   467.56818906085346,
   290.3247719580531
  ],
  [
   104.7249929043725,
   171.24326711829914
  ],
  [
   737.8713360489567,
   237.4885480938002
  ],
  [
   632.3636598942886,
   897.2750070956275
  ],
  [
   353.17664081350927,
   897.2750070956275
  ],
  [
   661.4668380152021,
   621.9822591605504
  ],
  [
   303.54567215454,
   104.7249929043725
  ],
  [
   492.20086685371064,
   742.4236574630243
  ],
  [
   258.9249905030507,
   314.7388702351525
  ],
  [
   897.2750070956275,
   104.7249929043725
  ],
  [
   319.7020488406425,
   625.665181388373
  ],
  [
   140.035902757815,
   897.2750070956275
  ],
  [
   118.51940380571001,
   679.5262709324164
  ]
 ]
}