{
 "Object_Radius": 99.73557010035817,
 "Object_Shape": "disc",
 "Workspace_Density": 0.5,
 "Workspace_Height": 1000,
 "Workspace_Width": 1000,
 "number_of_objects": 16,
 "point_list": [
  [
   534.0417674912902,
   733.5970919023501
  ],
  [
   572.4634190148795,
   104.7249929043725
  ],
  [
   897.2750070956275,
   104.7249929043725
  ],
  [
   315.147485340218,
   425.3562830620492
  ],
  [
   897.2750070956275,
   323.23475083256733
  ],
  [
   897.2750070956275,
   746.9824424145229
  ],
  [
   314.71348930519434,
   217.42959782066703
  ],
  [
   354.91462847672534,
   628.9590112291111
  ],
  [
   104.7249929043725,
   104.7249929043725
  ],
  [
   716.0016557360293,
   631.670478061603
  ],
  [
   747.6153137994438,
   897.2750070956275
  ],
  [
   897.2750070956275,
   530.7194372757547
  ],
  [
   403.6299588226594,
   897.2750070956275
  ],
  [
   104.7249929043725,
   409.83030684323825
  ],
  [
   542.0956407233147,
   326.08611654094386
  ],
  [
   104.7249929043725,
   897.2750070956275
  ]
 ]
}