{
 "Object_Radius": 36.93487818447436,
 "Object_Shape": "disc",
 "Workspace_Density": 0.3,
 "Workspace_Height": 1000,
 "Workspace_Width": 1000,
 "number_of_objects": 70,
 "point_list": [
  [
   827.448882677002,
   661.1085446422929
  ],
  [
   950.3458969244854,
   183.29498337938452
  ],
  [
   320.8314585051092,
   383.852440322889
  ],
  [
   829.2444936474689,
   238.60865503086157
  ],
  [
   382.13705126045306,
   264.84015656534376
  ],
  [
   845.6167150854973,
   143.5112634327599
  ],
  [
   613.5543073922523,
   491.4278406613797
  ],
  [
   962.5877266881466,
   601.0833457437501
  ],
  [
   39.41227331185334,
   683.9725404097704
  ],
  [
   378.5485683014957,
   962.5877266881466
  ],
  [
   767.7008697731882,
   563.3496429294315
  ],
  [
   106.33562042506772,
   89.09223737855798
  ],
  [
   496.86895946892247,
   690.9466778120839
  ],
  [
   470.00261839587847,
   449.9480975483996
  ],
  [
   130.00034328007033,
   652.3730497233382
  ],
  [
   724.4566670958268,
   265.6165367401644
  ],
  [
   866.2446821960701,
   39.41227331185334
  ],
  [
   471.867823204875,
   962.5877266881466
  ],
  [
   527.5631863072078,
   187.03744881009885
  ],
  [
   701.4534679004704,
   457.14251889125836
  ],
  [
   39.41227331185334,
   785.421040740742
  ],
  [
   676.0180418127742,
   657.6974206644677
  ],
  [
   662.0625759158062,
   555.6956596203053
  ],
  [
   608.3845891279861,
   612.8394525874255
  ],
  [
   444.54775973246916,
   217.27274400182696
  ],
  [
   52.90028087638541,
   398.0166631307227
  ],
  [
   862.1210302090743,
   740.4679787935571
  ],
  [
   626.3033550182145,
   957.209681234872
  ],
  [
   598.5317328379589,
   856.7372479871561
  ],
  [
   815.676244838636,
   468.37309109122987
  ],
  [
   39.41227331185334,
   962.5877266881466
  ],
  [
   608.4149817562288,
   39.41227331185334
  ],
  [
   467.78084142101466,
   129.7693600588386
  ],
  [
   39.41227331185334,
   488.976674961735
  ],
  [
   483.5343089603397,
   775.7609306223587
  ],
  [
   706.0801723034627,
   734.5013058113578
  ],
  [
   218.98902058691516,
   39.41227331185334
  ],
  [
   903.8914293588763,
   653.4568768097521
  ],
  [
   600.1033072132061,
   157.16517385065453
  ],
  [
   320.605064975512,
   549.9758058048923
  ],
  [
   962.5877266881466,
   300.13358868441014
  ],
  [
   123.63607162055202,
   224.37082776482043
  ],
  [
   552.6341929546305,
   441.95920365576626
  ],
  [
   252.56322425772004,
   439.0315788251292
  ],
  [
   91.21758821449168,
   575.7338362068673
  ],
  [
   416.0434703037632,
   69.18199300688111
  ],
  [
   754.4359964915199,
   945.8790641205568
  ],
  [
   187.76613768097425,
   482.0596932949712
  ],
  [
   857.2172123126546,
   332.88138636133283
  ],
  [
   787.4923503039805,
   39.41227331185334
  ],
  [
   752.0258596144411,
   646.4961380455345
  ],
  [
   590.9434957914918,
   750.7433180565482
  ],
  [
   236.90825037710658,
   325.46244686587863
  ],
  [
   182.0450903023353,
   578.1429190639202
  ],
  [
   677.170024562976,
   838.9689720914204
  ],
  [
   902.4777073378693,
   523.6020511057164
  ],
  [
   186.59415611999734,
   390.6048788667751
  ],
  [
   824.4659037804815,
   914.053445799367
  ],
  [
   319.21851615069187,
   913.4379256290053
  ],
  [
   941.379546050942,
   59.408505474880315
  ],
  [
   884.3032892071885,
   962.5877266881466
  ],
  [
   421.1445571135162,
   897.1992585323279
  ],
  [
   770.7847201956978,
   400.1671676808709
  ],
  [
   213.81060658072414,
   962.5877266881466
  ],
  [
   782.722980714045,
   727.4970690183928
  ],
  [
   228.80284674732664,
   693.2635844838607
  ],
  [
   116.1568400228088,
   935.7528695621018
  ],
  [
   39.41227331185334,
   882.928981507174
  ],
  [
   345.18948726860435,
   831.9701154851016
  ],
  [
   962.5877266881466,
   962.5877266881466
  ]
 ]
}