{
 "Object_Radius": 36.93487818447436,
 "Object_Shape": "disc",
 "Workspace_Density": 0.3,
 "Workspace_Height": 1000,
 "Workspace_Width": 1000,
 "number_of_objects": 70,
 "point_list": [
  [
   129.41614696044203,
   962.5877266881466
  ],
  [
   703.0957227332273,
   716.6861978053523
  ],
  [
   403.7235040270074,
   792.2625371227894
  ],
  [
   496.79451260489304,
   41.6493296982277
  ],
  [
   962.5877266881466,
   206.566539220482
  ],
  [
   603.770197604204,
   662.0809317604244
  ],
  [
   195.3480262811639,
   621.6706417475581
  ],
  [
   768.1536940316059,
   962.5877266881466
  ],
  [
   834.9364432868442,
   327.72591810686737
  ],
  [
   639.4690571360347,
   517.8819078660531
  ],
  [
   684.5960109975467,
   962.5877266881466
  ],
  [
   264.00809090603104,
   465.13506630713374
  ],
  [
   248.18349029145057,
   852.1118256018882
  ],
  [
   948.1102157666513,
   925.0530676534377
  ],
  [
   355.1707004630546,
   423.4229129203783
  ],
  [
   587.1890368651977,
   828.909778445095
  ],
  [
   449.4158231299519,
   323.1588327494341
  ],
  [
   183.70196033951592,
   516.2116196521758
  ],
  [
   118.5179689809191,
   635.1966145734864
  ],
  [
   452.7558388874784,
   588.688048455467
  ],
  [
   420.16999640448654,
   962.5877266881466
  ],
  [
   241.79617128788445,
   121.72421871155173
  ],
  [
   286.5927025746643,
   39.41227331185334
  ],
  [
   728.4954054065685,
   887.7771771611601
  ],
  [
   886.5796182612578,
   635.4303887063679
  ],
  [
   962.5877266881466,
   515.1421511643521
  ],
  [
   299.53604017742276,
   314.38269170027297
  ],
  [
   164.9164766007142,
   205.77144167259354
  ],
  [
   507.504664861206,
   741.8301414061926
  ],
  [
   234.6541568907486,
   254.21197112548816
  ],
  [
   651.4600561285755,
   435.0515568115228
  ],
  [
   885.2901952417004,
   713.3341644826505
  ],
  [
   321.1382634085563,
   577.2891527907238
  ],
  [
   41.83707570286212,
   621.6550302949166
  ],
  [
   503.97512936947226,
   962.0748413949016
  ],
  [
   642.7390701452039,
   64.73520408671399
  ],
  [
   39.41227331185334,
   288.6172367884569
  ],
  [
   496.01849579919894,
   659.6052731199115
  ],
  [
   719.3074035795034,
   541.1958943350295
  ],
  [
   74.67132121047804,
   39.41227331185334
  ],
  [
   881.1821325444326,
   831.0326709981733
  ],
  [
   39.41227331185334,
   543.1959247384393
  ],
  [
   962.5877266881466,
   723.2921653333547
  ],
  [
   39.41227331185334,
   207.32403351538144
  ],
  [
   962.5877266881466,
   39.41227331185334
  ],
  [
   754.1118604322494,
   229.8470731206946
  ],
  [
   241.40171728097673,
   962.5877266881466
  ],
  [
   566.1381004248818,
   76.02733398540943
  ],
  [
   140.98508829300567,
   85.67431818692376
  ],
  [
   716.8004947022723,
   87.82175028162877
  ],
  [
   384.32963357729346,
   868.6899598870295
  ],
  [
   936.3955070502793,
   281.06292948648854
  ],
  [
   962.5877266881466,
   600.807194502892
  ],
  [
   526.2701704689092,
   335.50868459776575
  ],
  [
   318.3734542571164,
   112.02327868164303
  ],
  [
   317.38649034435184,
   947.5899060135249
  ],
  [
   374.6647631169038,
   54.3430911710523
  ],
  [
   135.92376270907513,
   418.0622024361701
  ],
  [
   848.0565824486131,
   101.26767633418072
  ],
  [
   831.8996086747642,
   581.3906878857814
  ],
  [
   385.4916198790503,
   630.1995834733823
  ],
  [
   393.8892546683345,
   255.0874736692873
  ],
  [
   746.4736910319916,
   455.28475314745873
  ],
  [
   266.4548206799846,
   772.4040711706693
  ],
  [
   843.3333295405545,
   248.81167470132672
  ],
  [
   619.0829638838692,
   915.5084367460736
  ],
  [
   772.2538114895057,
   665.5788348299577
  ],
  [
   797.5462331235053,
   512.6748287996493
  ],
  [
   697.8319837259099,
   814.865582428646
  ],
  [
   734.9926636631063,
   332.47607223452616
  ]
 ]
}