{
 "Object_Radius": 36.93487818447436,
 "Object_Shape": "disc",
 "Workspace_Density": 0.3,
 "Workspace_Height": 1000,
 "Workspace_Width": 1000,
 "number_of_objects": 70,
 "point_list": [
  [
   572.4948100776741,
   934.1818251706641
  ],
  [
   869.4910071310449,
   497.93873102005836
  ],
  [
   577.4118788823919,
   526.0502379454663
  ],
  [
   907.941259214987,
   149.70170082360266
  ],
  [
   652.5526730603087,
   135.1952880019923
  ],
  [
   880.723484307339,
   412.445985236293
  ],
  [
   808.5209760344491,
   760.3488026770685
  ],
  [
   720.9059143834179,
   962.5877266881466
  ],
  [
   500.9882767568134,
   962.5877266881466
  ],
  [
   164.20361817080186,
   504.3071695337466
  ],
  [
   962.5877266881466,
   850.5683713869386
  ],
  [
   207.64940329637255,
   725.4784537174938
  ],
  [
   328.9578144339929,
   381.52559471667047
  ],
  [
   654.489795053979,
   601.060475703953
  ],
  [
   428.75734516163504,
   93.14689500653671
  ],
  [
   262.0386951779291,
   832.2997789526694
  ],
  [
   885.9260964380929,
   845.5567269018728
  ],
  [
   493.32326031088877,
   363.8886312894274
  ],
  [
   39.41227331185334,
   39.41227331185334
  ],
  [
   648.1529870822105,
   480.2736574165076
  ],
  [
   255.68311161659256,
   356.16752817532176
  ],
  [
   323.4161324149742,
   760.228978479529
  ],
  [
   821.3402576186817,
   684.3584732040341
  ],
  [
   402.90495489496067,
   559.8045495035
  ],
  [
   140.35118134224817,
   68.18382701471172
  ],
  [
   39.41227331185334,
   723.429618255506
  ],
  [
   468.06445407071465,
   844.4758801792261
  ],
  [
   761.4298897937808,
   363.5744507859625
  ],
  [
   644.3514727418448,
   262.98168402327417
  ],
  [
   39.41227331185334,
   269.9598786777651
  ],
  [
   892.1027369270483,
   643.3106247640019
  ],
  [
   671.6906857509425,
   787.4461632601766
  ],
  [
   882.8043474463528,
   39.41227331185334
  ],
  [
   524.3982206151385,
   589.4244830941304
  ],
  [
   783.3372877300369,
   609.6023796609834
  ],
  [
   828.4753054464556,
   962.5877266881466
  ],
  [
   173.8213303888061,
   385.6375904865227
  ],
  [
   212.86157940872405,
   571.2273700515868
  ],
  [
   508.71605976262396,
   701.6082566132686
  ],
  [
   410.7312248990706,
   179.6825515786743
  ],
  [
   580.8647255040538,
   323.1994296858675
  ],
  [
   949.6314249501386,
   509.51407462089475
  ],
  [
   570.6643090259454,
   87.92951486301125
  ],
  [
   39.41227331185334,
   859.8905374777142
  ],
  [
   39.41227331185334,
   347.0806571332508
  ],
  [
   818.622509476192,
   884.48869526412
  ],
  [
   760.2525604558746,
   152.08398792522382
  ],
  [
   173.3568435212088,
   289.43936289883436
  ],
  [
   782.025823001537,
   470.97734007004823
  ],
  [
   962.5877266881466,
   288.15017527173023
  ],
  [
   962.5877266881466,
   954.6298906937601
  ],
  [
   644.0813677612044,
   962.5877266881466
  ],
  [
   125.31386123197478,
   709.1299329628632
  ],
  [
   490.6307045739346,
   197.8357590476372
  ],
  [
   722.9541669494406,
   222.47108997866926
  ],
  [
   327.705595006666,
   578.9020466562571
  ],
  [
   549.0664385862143,
   422.12930247447235
  ],
  [
   51.706794835683766,
   193.8663619866666
  ],
  [
   811.2923466647256,
   239.108980314515
  ],
  [
   840.7858004341483,
   314.69817051802397
  ],
  [
   226.33966494932955,
   52.250533329020826
  ],
  [
   73.99191642281,
   952.3560399797119
  ],
  [
   413.3939894412747,
   373.61851469126475
  ],
  [
   274.1325857076247,
   274.65278573728915
  ],
  [
   368.26816417107756,
   904.2418622822804
  ],
  [
   962.5877266881466,
   388.77813718219676
  ],
  [
   271.1393181256934,
   678.2932744799247
  ],
  [
   793.087582930469,
   65.4774026862762
  ],
  [
   587.7861678960328,
   801.6969828528335
  ],
  [
   427.68675755334107,
   464.74479193242826
  ]
 ]
}