{
 "Object_Radius": 36.93487818447436,
 "Object_Shape": "disc",
 "Workspace_Density": 0.3,
 "Workspace_Height": 1000,
 "Workspace_Width": 1000,
 "number_of_objects": 70,
 "point_list": [
  [
   356.80157505864054,
   238.22059128868315
  ],
  [
   567.6998698810405,
   394.4479214632478
  ],
  [
   726.525947665367,
   262.4010669180474
  ],
  [
   330.67300878034087,
   388.6091326780553
  ],
  [
   341.6205549574665,
   858.5393142360327
  ],
  [
   614.5048811339817,
   644.0348591056642
  ],
  [
   826.5118121031853,
   385.41472891044145
  ],
  [
   650.5109256023024,
   516.0105756248105
  ],
  [
   463.5332716104563,
   182.8797729501337
  ],
  [
   39.41227331185334,
   59.14626597502262
  ],
  [
   869.9150402650603,
   207.97496110226783
  ],
  [
   962.5877266881466,
   442.6822947172763
  ],
  [
   790.8208163957739,
   217.3737090859117
  ],
  [
   267.3289537687337,
   39.41227331185334
  ],
  [
   515.6363000904038,
   39.41227331185334
  ],
  [
   190.5009387301872,
   39.41227331185334
  ],
  [
   642.9168225745467,
   202.6787187264917
  ],
  [
   583.7823513101134,
   316.91208569163956
  ],
  [
   447.8164933122468,
   459.0139823642401
  ],
  [
   145.19887097293437,
   644.48987446588
  ],
  [
   550.7152287248072,
   120.34461864275264
  ],
  [
   176.22056086031353,
   716.77836066431
  ],
  [
   962.5877266881466,
   108.97744937530219
  ],
  [
   720.3424602141154,
   582.473716457777
  ],
  [
   394.47198058143186,
   143.08522945375694
  ],
  [
   77.5305653587314,
   962.5877266881466
  ],
  [
   524.1283104605184,
   962.5877266881466
  ],
  [
   77.20300209204305,
   267.09078927652786
  ],
  [
   829.3930562943391,
   510.85893051903935
  ],
  [
   447.8930189940721,
   717.0957656335704
  ],
  [
   132.52965077172382,
   368.8762091247229
  ],
  [
   764.1792660697379,
   434.24893186988044
  ],
  [
   456.8124791719318,
   867.3983861984918
  ],
  [
   873.5434618347359,
   323.21103279682893
  ],
  [
   707.0849684720374,
   671.163625275371
  ],
  [
   270.7589303045649,
   438.6095394695335
  ],
  [
   924.69485358719,
   265.2817287848379
  ],
  [
   492.66443841262264,
   625.3018131483457
  ],
  [
   565.1409126177518,
   524.7770837254964
  ],
  [
   89.19645596887108,
   117.67298618421495
  ],
  [
   275.4968311871967,
   153.356404626996
  ],
  [
   349.2454130041823,
   39.41227331185334
  ],
  [
   311.82158806340317,
   572.4171933981048
  ],
  [
   367.3614766675715,
   946.8775419435913
  ],
  [
   962.5877266881466,
   531.3271652262958
  ],
  [
   156.86597385768857,
   237.30808556564355
  ],
  [
   56.887122284705825,
   345.16237166923355
  ],
  [
   608.0493543794819,
   47.609811874290415
  ],
  [
   851.7385545045967,
   842.9175710030464
  ],
  [
   269.02152624175926,
   890.3913978139602
  ],
  [
   464.61388029445544,
   104.67770757899126
  ],
  [
   113.65927346651148,
   39.41227331185334
  ],
  [
   479.22915822435414,
   789.2488926792794
  ],
  [
   798.2657905789154,
   654.3942688043296
  ],
  [
   776.7201624348653,
   60.7548953094521
  ],
  [
   809.504691733038,
   738.2636125039312
  ],
  [
   212.29134695392636,
   387.8222783960709
  ],
  [
   44.491806730263136,
   194.9345705403003
  ],
  [
   843.2205861107161,
   586.4288344554016
  ],
  [
   901.1423021099542,
   909.1760964890124
  ],
  [
   698.358969133813,
   797.9447304328698
  ],
  [
   962.5877266881466,
   608.1849281851783
  ],
  [
   688.4446768377576,
   958.0010164313856
  ],
  [
   427.6616436618535,
   370.3869236359598
  ],
  [
   274.3480091946978,
   244.00932872289277
  ],
  [
   962.5877266881466,
   858.3419892012561
  ],
  [
   39.41227331185334,
   500.999071212818
  ],
  [
   650.8036281488268,
   279.1908863497975
  ],
  [
   68.09888634726745,
   617.1175063441322
  ],
  [
   882.3312834003291,
   445.5777766904878
  ]
 ]
}