{
 "Object_Radius": 36.93487818447436,
 "Object_Shape": "disc",
 "Workspace_Density": 0.3,
 "Workspace_Height": 1000,
 "Workspace_Width": 1000,
 "number_of_objects": 70,
 "point_list": [
  [
   807.2575326331361,
   221.89318432317214
  ],
  [
   220.8077034180699,
   705.5054826975601
  ],
  [
   237.88609256216506,
   181.7011840442345
  ],
  [
   623.658637475487,
   143.6835974861006
  ],
  [
   661.5682497423787,
   789.2376760606522
  ],
  [
   395.286529776454,
   259.96749137905454
  ],
  [
   259.68790946915766,
   829.5110567702296
  ],
  [
   698.6947029880347,
   381.99769076496244
  ],
  [
   510.1617768848487,
   807.7373669698565
  ],
  [
   302.5547326084353,
   96.4331046931762
  ],
  [
   39.41227331185334,
   196.11939978185586
  ],
  [
   470.38892245625175,
   104.72191487059966
  ],
  [
   170.93776002922706,
   70.37641403440425
  ],
  [
   688.4769687852986,
   39.41227331185334
  ],
  [
   39.41227331185334,
   119.27776766960413
  ],
  [
   39.41227331185334,
   39.41227331185334
  ],
  [
   657.4053834350668,
   962.5877266881466
  ],
  [
   152.24334462559952,
   849.55516998242
  ],
  [
   62.503311103760325,
   662.0458704350137
  ],
  [
   939.6646121527556,
   509.30711342152534
  ],
  [
   728.0537489918144,
   125.43003656058505
  ],
  [
   301.38186019995794,
   339.36125558670807
  ],
  [
   308.96446406060204,
   247.57413178671902
  ],
  [
   962.5877266881466,
   39.41227331185334
  ],
  [
   135.78715194876952,
   199.21563073898045
  ],
  [
   122.3802913960073,
   291.4891573575928
  ],
  [
   478.3515139896044,
   529.6349903955983
  ],
  [
   851.203827058687,
   417.8800220889741
  ],
  [
   655.0232294845985,
   445.8106388613575
  ],
  [
   828.0365912796667,
   682.5876987065233
  ],
  [
   122.47348615793274,
   472.7643585613125
  ],
  [
   39.41227331185334,
   850.354629419581
  ],
  [
   618.7601732512755,
   364.5631467281094
  ],
  [
   899.6211372466938,
   170.48698664496374
  ],
  [
   308.7870056495174,
   943.2549814129521
  ],
  [
   570.7196954932991,
   541.2400735060118
  ],
  [
   221.5157463090504,
   962.5877266881466
  ],
  [
   39.41227331185334,
   586.1751375216145
  ],
  [
   385.2656942931978,
   538.2730584901998
  ],
  [
   810.2676266308832,
   487.0473839106724
  ],
  [
   866.0479735505196,
   599.5009286769771
  ],
  [
   39.41227331185334,
   349.76859378685253
  ],
  [
   946.7732506742439,
   624.9382067486985
  ],
  [
   636.1169858234508,
   268.6787786499439
  ],
  [
   722.5944742969565,
   209.79301549716615
  ],
  [
   832.1505382043018,
   792.9702545028276
  ],
  [
   39.41227331185334,
   426.88490146893696
  ],
  [
   470.8314655055401,
   346.49176063827827
  ],
  [
   205.5538317458111,
   388.04594390442793
  ],
  [
   323.7979368520785,
   423.38788014630865
  ],
  [
   581.4143437950203,
   212.25255034434488
  ],
  [
   734.1995367531438,
   304.85548947857177
  ],
  [
   874.1889139505007,
   933.6668563451173
  ],
  [
   396.22157108097315,
   461.26776979145467
  ],
  [
   536.8712936849838,
   677.9029180119971
  ],
  [
   388.73387215905325,
   159.38467240320088
  ],
  [
   944.7453675539826,
   264.2256615536029
  ],
  [
   586.5589675324795,
   738.007963638943
  ],
  [
   543.7385135122803,
   290.2174010235234
  ],
  [
   371.6711037652173,
   39.41227331185334
  ],
  [
   114.01631693254262,
   368.1081699038516
  ],
  [
   810.2868633974023,
   39.41227331185334
  ],
  [
   255.5021536349111,
   469.5717012357928
  ],
  [
   387.93676272403826,
   355.9602843961722
  ],
  [
   709.4531252142796,
   891.9275751057866
  ],
  [
   462.79699155660245,
   644.0841963208105
  ],
  [
   380.8609342162819,
   699.954112825227
  ],
  [
   216.3523207282009,
   282.4496516222616
  ],
  [
   39.41227331185334,
   272.9440489619474
  ],
  [
   518.1609662562889,
   460.8069182557215
  ]
 ]
}