{
 "Object_Radius": 56.41895835477563,
 "Object_Shape": "disc",
 "Workspace_Density": 0.3,
 "Workspace_Height": 1000,
 "Workspace_Width": 1000,
 "number_of_objects": 30,
 "point_list": [
  [
   398.9302922064849,
   848.1584497875576
  ],
  [
   566.2424823964498,
   174.246167335996
  ],
  [
   59.67571668896666,
   547.5164619992332
  ],
  [
   677.4368597627027,
   761.0668740142717
  ],
  [
   908.3132384969517,
   59.67571668896666
  ],
  [
   614.488788419149,
   282.2452510812196
  ],
  [
   480.99765327592394,
   942.3242833110334
  ],
  [
   759.0299044449837,
   367.6267733080901
  ],
  [
   256.0360878223921,
   75.67527556211337
  ],
  [
   885.2761933357059,
   321.0737043751206
  ],
  [
   712.301173903144,
   490.64803595575233
  ],
  [
   59.67571668896666,
   229.75506781553685
  ],
  [
   466.8744220271209,
   626.1876977501312
  ],
  [
   825.7042592930314,
   913.7309171219248
  ],
  [
   458.96096555026827,
   356.4697812042726
  ],
  [
   905.7641698118784,
   659.7431947609614
  ],
  [
   598.0025507873128,
   464.05511832015065
  ],
  [
   373.9326926716641,
   59.67571668896666
  ],
  [
   942.3242833110334,
   467.11686783341963
  ],
  [
   714.9086602273251,
   635.6010170894065
  ],
  [
   171.46095814102964,
   192.48491115380585
  ],
  [
   170.93494465670355,
   942.3242833110334
  ],
  [
   326.9298303892993,
   641.3882084032433
  ],
  [
   616.9329352289989,
   874.9331970163523
  ],
  [
   829.3585114471616,
   498.95525769113965
  ],
  [
   369.8256231417381,
   274.6341473996232
  ],
  [
   501.69609725063464,
   59.67571668896666
  ],
  [
   601.9004805133621,
   587.9287570463182
  ],
  [
   942.3242833110334,
   942.3242833110334
  ],
  [
   780.1518537217258,
   59.67571668896666
  ]
 ]
}