{
 "Object_Radius": 56.41895835477563,
 "Object_Shape": "disc",
 "Workspace_Density": 0.3,
 "Workspace_Height": 1000,
 "Workspace_Width": 1000,
 "number_of_objects": 30,
 "point_list": [
  [
   497.70566659342813,
   462.4367016378998
  ],
  [
   410.10654719819485,
   693.9390434386183
  ],
  [
   129.23432650913892,
   245.79785180404255
  ],
  [
   337.2743369379535,
   151.5693740442022
  ],
  [
   608.4284774358068,
   922.4785351031635
  ],
  [
   804.9006150128457,
   274.1599302451869
  ],
  [
   59.67571668896666,
   59.67571668896666
  ],
  [
   807.6176148851363,
   620.6779604832768
  ],
  [
   601.3776076371234,
   393.769089048179
  ],
  [
   713.3300336973259,
   194.57362410649577
  ],
  [
   559.8873216779904,
   245.88424926976515
  ],
  [
   153.19306020716886,
   130.90765915431683
  ],
  [
   858.9713635900339,
   734.6755954774184
  ],
  [
   338.6537584654087,
   386.8727127370224
  ],
  [
   942.3242833110334,
   193.08138180630115
  ],
  [
   273.31396361734227,
   834.3944397000182
  ],
  [
   190.47705079752944,
   572.9745470884305
  ],
  [
   611.9640149194138,
   125.70402462576563
  ],
  [
   535.1793240197051,
   642.7103089260987
  ],
  [
   815.5808289634687,
   132.6014175532142
  ],
  [
   247.8203597496399,
   229.67916526249817
  ],
  [
   490.99443968829513,
   891.8630885009569
  ],
  [
   730.6106036682183,
   942.3242833110334
  ],
  [
   246.93152722670166,
   59.67571668896666
  ],
  [
   435.55522629926617,
   307.9588378959172
  ],
  [
   411.33038055665816,
   59.67571668896666
  ],
  [
   59.67571668896666,
   340.31218254615203
  ],
  [
   942.3242833110334,
   648.8582535437018
  ],
  [
   59.67571668896666,
   540.773327739414
  ],
  [
   690.2834344072155,
   601.6071516476411
  ]
 ]
}