{
 "Object_Radius": 56.41895835477563,
 "Object_Shape": "disc",
 "Workspace_Density": 0.3,
 "Workspace_Height": 1000,
 "Workspace_Width": 1000,
 "number_of_objects": 30,
 "point_list": [
  [
   684.8646119416048,
   524.3954473783256
  ],
  [
   811.9787304462536,
   529.4525595271317
  ],
  [
   169.134885607502,
   745.9185939909866
  ],
  [
   214.35437154762005,
   502.325063681828
  ],
  [
   368.7674480701405,
   438.57286915445525
  ],
  [
   942.3242833110334,
   212.79852629793902
  ],
  [
   555.0793037592331,
   569.3481788835287
  ],
  [
   62.356540183683194,
   465.76903614339113
  ],
  [
   495.13619141187263,
   743.7454173851573
  ],
  [
   643.9669667101338,
   221.48075981682473
  ],
  [
   824.9722699917377,
   942.3242833110334
  ],
  [
   338.7018479558543,
   597.1906814463755
  ],
  [
   542.4757282704674,
   59.67571668896666
  ],
  [
   784.1298545120059,
   796.9008823602336
  ],
  [
   942.3242833110334,
   692.6570059771133
  ],
  [
   942.3242833110334,
   330.3001463364484
  ],
  [
   783.5162847703172,
   121.60613144491994
  ],
  [
   605.4334057860677,
   703.2765421033151
  ],
  [
   575.8846194475674,
   942.3242833110334
  ],
  [
   162.86808902374136,
   360.4248972302763
  ],
  [
   942.3242833110334,
   942.3242833110334
  ],
  [
   942.3242833110334,
   447.7422255040138
  ],
  [
   223.99185754817682,
   623.004335220283
  ],
  [
   702.3728194353538,
   942.3242833110334
  ],
  [
   516.9256983663661,
   349.6729622139135
  ],
  [
   197.8622802249045,
   59.67571668896666
  ],
  [
   341.063520985426,
   217.35959982088804
  ],
  [
   942.3242833110334,
   565.0936588862088
  ],
  [
   942.3242833110334,
   820.0657294841556
  ],
  [
   634.2194552343398,
   338.87302637590426
  ]
 ]
}