{
 "Object_Radius": 56.41895835477563,
 "Object_Shape": "disc",
 "Workspace_Density": 0.3,
 "Workspace_Height": 1000,
 "Workspace_Width": 1000,
 "number_of_objects": 30,
 "point_list": [
  [
   125.08694217340009,
   192.58884816597399
  ],
  [
   942.3242833110334,
   693.587514989529
  ],
  [
   835.0343354024787,
   595.5693380080368
  ],
  [
   483.2814099566406,
   311.03928693061675
  ],
  [
   439.8563076456152,
   453.1077283630622
  ],
  [
   206.64502810194233,
   309.9067634873552
  ],
  [
   704.9260371995077,
   59.67571668896666
  ],
  [
   581.4429380774793,
   832.4356432549033
  ],
  [
   822.2774705412418,
   59.67571668896666
  ],
  [
   326.89046044269685,
   553.4893270096941
  ],
  [
   407.909660054841,
   185.8021826370804
  ],
  [
   775.9104929592644,
   354.8750198685238
  ],
  [
   59.67571668896666,
   290.8011530920168
  ],
  [
   713.4352715843531,
   824.3700313899839
  ],
  [
   596.1846147267458,
   225.8251144713732
  ],
  [
   587.4226949187373,
   59.67571668896666
  ],
  [
   942.3242833110334,
   464.0758277975096
  ],
  [
   441.1051942430676,
   594.8699387846711
  ],
  [
   161.54982274655404,
   829.7243706646484
  ],
  [
   926.9541491424936,
   942.3242833110334
  ],
  [
   674.582651905056,
   458.3069555266928
  ],
  [
   347.08460080390614,
   826.8737043786415
  ],
  [
   59.67571668896666,
   538.4769070552795
  ],
  [
   59.67571668896666,
   421.12520285057184
  ],
  [
   570.746797503833,
   526.0691487080604
  ],
  [
   446.5911241466966,
   65.5621077212418
  ],
  [
   942.3242833110334,
   811.0028962544693
  ],
  [
   942.3242833110334,
   59.67571668896666
  ],
  [
   161.0745293030731,
   59.67571668896666
  ],
  [
   153.24360586214047,
   684.2451910807317
  ]
 ]
}