{
 "Object_Radius": 56.41895835477563,
 "Object_Shape": "disc",
 "Workspace_Density": 0.3,
 "Workspace_Height": 1000,
 "Workspace_Width": 1000,
 "number_of_objects": 30,
 "point_list": [
  [
   718.7075919967615,
   279.5693654350995
  ],
  [
   778.6553633498066,
   59.67571668896666
  ],
  [
   434.7341497061213,
   314.78237893327434
  ],
  [
   96.58724621871136,
   942.3242833110334
  ],
  [
   306.85865549509055,
   533.3932113047216
  ],
  [
   638.4932811570666,
   494.62522079650944
  ],
  [
   811.5489754572284,
   891.9510462154291
  ],
  [
   577.6562354166798,
   213.5299750191695
  ],
  [
   204.88358172959803,
   797.5804876387172
  ],
  [
   59.67571668896666,
   752.4559077582762
  ],
  [
   209.6025283005575,
   171.9994084173235
  ],
  [
   303.16849635480014,
   942.3242833110334
  ],
  [
   59.67571668896666,
   80.6749806418547
  ],
  [
   650.0929092668471,
   59.67571668896666
  ],
  [
   434.0805062374137,
   194.3524463807205
  ],
  [
   126.08563641459429,
   311.488209636437
  ],
  [
   337.70202113390286,
   59.67571668896666
  ],
  [
   59.67571668896666,
   206.52567977635547
  ],
  [
   539.2503636241323,
   557.7264790130037
  ],
  [
   175.621000969167,
   59.67571668896666
  ],
  [
   734.7942938244247,
   395.9085068003344
  ],
  [
   556.2529064222723,
   942.3242833110334
  ],
  [
   424.1383234963954,
   527.9315113909984
  ],
  [
   314.42409053378555,
   377.9775018692343
  ],
  [
   338.110715538034,
   829.1140858658074
  ],
  [
   755.6322776612247,
   514.0707988713915
  ],
  [
   529.8463572996028,
   59.67571668896666
  ],
  [
   840.2660406346251,
   292.0955546792641
  ],
  [
   59.67571668896666,
   499.0348599114289
  ],
  [
   707.966695162023,
   162.7105162341155
  ]
 ]
}