{
 "Object_Length": 365.14837167011075,
 "Object_Shape": "cuboid",
 "Object_Width": 109.54451150103323,
 "Workspace_Density": 0.2,
 "Workspace_Height": 1000,
 "Workspace_Width": 1000,
 "number_of_objects": 5,
 "point_list": [
  [
   527.905177579617,
   320.644403865034,
   1.76093540126
  ],
  [
   285.53738473025663,
   650.8741186234236,
   0.503144270695
  ],
  [
   791.9067306966447,
   281.7429598705961,
   0.505656696105
  ],
  [
   722.7334330258091,
   718.6644660957695,
   1.11109039887
  ],
  [
   265.6514930010387,
   237.57095639420646,
   1.97927540113
  ]
 ]
}