{
 "Object_Length": 365.14837167011075,
 "Object_Shape": "cuboid",
 "Object_Width": 109.54451150103323,
 "Workspace_Density": 0.2,
 "Workspace_Height": 1000,
 "Workspace_Width": 1000,
 "number_of_objects": 5,
 "point_list": [
  [
   403.7903941294087,
   582.2960963592823,
   1.12046559951
  ],
  [
   805.5938703208865,
   479.46974041746284,
   0.528087583662
  ],
  [
   612.3431466767613,
   174.06605717460226,
   2.73467991134
  ],
  [
   217.36808010542777,
   859.328019447104,
   0.494473790403
  ],
  [
   151.22249719397973,
   320.4103548116584,
   1.39410393475
  ]
 ]
}