{
 "Object_Radius": 28.209479177387816,
 "Object_Shape": "disc",
 "Workspace_Density": 0.4,
 "Workspace_Height": 1000,
 "Workspace_Width": 1000,
 "number_of_objects": 160,
 "point_list": [
  [
   284.5072265873764,
   367.86282621579227
  ],
  [
   452.85934500377834,
   740.6629247174172
  ],
  [
   801.3071987547254,
   613.536767918642
  ],
  [
   553.2989477041687,
   107.66722087336254
  ],
  [
   391.78613068758904,
   911.2399925273912
  ],
  [
   134.54143225371152,
   423.252305888853
  ],
  [
   32.0304270951266,
   969.9695729048734
  ],
  [
   94.25912407267936,
   530.6198183406133
  ],
  [
   501.2779531295552,
   780.3047918412191
  ],
  [
   474.3603726590213,
   80.89254431270942
  ],
  [
   394.94056919462184,
   123.69904181437114
  ],
  [
   399.08833286083615,
   233.79873823835095
  ],
  [
   154.35659559537964,
   664.8386608085942
  ],
  [
   154.62133638724958,
   200.80201721387402
  ],
  [
   311.578378088757,
   538.5759166347292
  ],
  [
   572.3138235188812,
   738.6448138572147
  ],
  [
   918.6565507724691,
   851.7999260834173
  ],
  [
   650.7031900824514,
   486.5124477672587
  ],
  [
   969.9695729048734,
   816.5793595144115
  ],
  [
   109.8301832896476,
   154.04149987065188
  ],
  [
   515.060053487982,
   623.1502945162562
  ],
  [
   602.6060689957071,
   445.69286048479137
  ],
  [
   969.9695729048734,
   443.3614803997173
  ],
  [
   806.3555315749418,
   899.1233325152078
  ],
  [
   252.82280642476445,
   677.3869564125628
  ],
  [
   32.0304270951266,
   372.6026714605278
  ],
  [
   554.5978001187184,
   671.1235728191821
  ],
  [
   210.4809574219808,
   877.6555927128106
  ],
  [
   62.45890040113972,
   317.71348915039175
  ],
  [
   595.5550729374895,
   371.9798808419863
  ],
  [
   468.9358753281562,
   672.6468895984547
  ],
  [
   778.5763481743784,
   843.5674273639265
  ],
  [
   406.50481710397867,
   673.5815553954676
  ],
  [
   196.69896577966682,
   959.6967224330025
  ],
  [
   808.497859070031,
   32.0304270951266
  ],
  [
   321.97422609437615,
   303.0330841233138
  ],
  [
   474.3097162626605,
   836.5570170817165
  ],
  [
   143.5264348115029,
   740.7180565416555
  ],
  [
   329.1308443427584,
   600.182131612947
  ],
  [
   856.3879189668232,
   857.6698935190285
  ],
  [
   32.0304270951266,
   101.34783992503
  ],
  [
   740.9959646156917,
   32.0304270951266
  ],
  [
   385.9449394992612,
   755.1014254886761
  ],
  [
   113.21221492530412,
   864.0913409786617
  ],
  [
   598.450335094847,
   923.0324884117778
  ],
  [
   157.3217615565955,
   909.7880690050395
  ],
  [
   818.3427619362033,
   795.918758830296
  ],
  [
   670.6565534232134,
   663.0072369317816
  ],
  [
   89.67765580823401,
   466.86067742832626
  ],
  [
   556.911754443239,
   969.9695729048734
  ],
  [
   933.5784095706646,
   199.09017781026796
  ],
  [
   124.18853622904672,
   32.0304270951266
  ],
  [
   624.7795163711729,
   195.6752622979581
  ],
  [
   513.6594218258916,
   718.2697370995394
  ],
  [
   823.7135933776002,
   524.6585998111748
  ],
  [
   32.0304270951266,
   262.01200596271804
  ],
  [
   936.2628591826171,
   761.7394598125549
  ],
  [
   168.53951490788515,
   587.5008619063971
  ],
  [
   343.24490569095855,
   969.9695729048734
  ],
  [
   258.94285429142354,
   291.666492654367
  ],
  [
   186.4242292154064,
   259.5562368090757
  ],
  [
   622.4348224872572,
   91.57006917607646
  ],
  [
   969.9695729048734,
   78.08527377036789
  ],
  [
   739.2081127991183,
   969.9695729048734
  ],
  [
   466.8683375112562,
   352.9226097114394
  ],
  [
   714.5420688637815,
   710.3785329057156
  ],
  [
   786.065525607188,
   716.26933888638
  ],
  [
   831.5974836148198,
   670.1161659175121
  ],
  [
   393.8173086148087,
   595.9084601962682
  ],
  [
   334.9979130760977,
   240.82058630523872
  ],
  [
   676.4556299173638,
   900.2507844634514
  ],
  [
   949.0901563855765,
   697.9485107629437
  ],
  [
   610.5484422062291,
   642.3526514591581
  ],
  [
   646.9310804830706,
   32.0304270951266
  ],
  [
   332.7418760200125,
   663.3440296430791
  ],
  [
   296.6695447532164,
   112.67968706917223
  ],
  [
   201.01589765584598,
   713.1832528594779
  ],
  [
   680.5660605168723,
   156.40483499533676
  ],
  [
   198.0506804222511,
   32.0304270951266
  ],
  [
   962.5154100081994,
   624.9338892915055
  ],
  [
   91.36046749145626,
   656.7531306688745
  ],
  [
   879.8423003112242,
   787.5907097842137
  ],
  [
   969.9695729048734,
   314.26483815211157
  ],
  [
   593.4827395003365,
   797.8237633417295
  ],
  [
   744.9489873106787,
   908.1609576482423
  ],
  [
   646.1201964806215,
   969.9695729048734
  ],
  [
   756.836198166239,
   525.6070397073044
  ],
  [
   219.72176345804388,
   206.67744293137602
  ],
  [
   681.795056346629,
   541.9596718068234
  ],
  [
   527.6095116269745,
   329.7236929132843
  ],
  [
   673.463718434735,
   758.6737388054079
  ],
  [
   413.24928367028764,
   969.9695729048734
  ],
  [
   565.9858724283737,
   587.3635035453987
  ],
  [
   32.0304270951266,
   438.0537477616808
  ],
  [
   287.9533873159811,
   34.00953780504421
  ],
  [
   32.0304270951266,
   605.9384958545367
  ],
  [
   80.06286919358655,
   722.3483890721387
  ],
  [
   860.0143835581205,
   930.3229938715428
  ],
  [
   190.4786810478839,
   321.6307063270294
  ],
  [
   897.7225442890544,
   539.3107198383564
  ],
  [
   256.41955327619314,
   429.5458071270291
  ],
  [
   717.0488465612433,
   852.70643174959
  ],
  [
   806.6429997413888,
   969.9695729048734
  ],
  [
   97.87300877871337,
   371.4353787689917
  ],
  [
   629.84346537307,
   582.0113783955393
  ],
  [
   395.6772733618403,
   32.0304270951266
  ],
  [
   453.8940031241213,
   611.8486723939695
  ],
  [
   167.58613385088216,
   111.57997678003078
  ],
  [
   625.1994981915414,
   705.4097581859138
  ],
  [
   50.6284251630535,
   173.95001268792612
  ],
  [
   872.3867306470908,
   471.4743054841223
  ],
  [
   551.2956430960571,
   173.1040258624269
  ],
  [
   192.38346415131141,
   817.2405070921898
  ],
  [
   969.9695729048734,
   378.6495162635351
  ],
  [
   32.0304270951266,
   681.4717172817194
  ],
  [
   365.3598880380791,
   854.611283701611
  ],
  [
   752.095470832275,
   659.8074430999591
  ],
  [
   969.9695729048734,
   969.9695729048734
  ],
  [
   429.58967931717314,
   473.7023506224175
  ],
  [
   518.1703998804568,
   32.0304270951266
  ],
  [
   285.3020777215293,
   193.2526751515245
  ],
  [
   32.0304270951266,
   505.75786342005773
  ],
  [
   897.154671628853,
   408.70396797546135
  ],
  [
   192.95160191002668,
   448.0117772657031
  ],
  [
   865.9560588746858,
   593.6148383047425
  ],
  [
   430.3995318172143,
   541.6993279433982
  ],
  [
   32.0304270951266,
   32.0304270951266
  ],
  [
   373.5445030215885,
   507.5405067033408
  ],
  [
   969.9695729048734,
   509.3631732710016
  ],
  [
   93.75497407645784,
   594.1243150141956
  ],
  [
   964.4398164950506,
   141.4803578512584
  ],
  [
   255.5374468110217,
   833.0080687039507
  ],
  [
   262.4912739959491,
   600.5220411080471
  ],
  [
   352.6719486914816,
   77.56118261093603
  ],
  [
   896.7765069664961,
   655.1310719012802
  ],
  [
   697.0482746617799,
   604.7598580264016
  ],
  [
   268.3514856238223,
   962.0084831945904
  ],
  [
   93.8084245287732,
   93.67290302081307
  ],
  [
   911.3021787088718,
   347.60161248552316
  ],
  [
   400.4621861444651,
   379.61211910728247
  ],
  [
   557.0937372211104,
   261.85702212268916
  ],
  [
   316.49620431799866,
   816.1280627392987
  ],
  [
   305.5825056969279,
   470.68204565566435
  ],
  [
   493.41892231948464,
   265.8796464554536
  ],
  [
   596.8110449832478,
   859.9951996969273
  ],
  [
   415.8001316122493,
   814.3159368285775
  ],
  [
   756.0439426232308,
   147.34129830581347
  ],
  [
   126.80007438159289,
   278.95075955578017
  ],
  [
   778.2510250843293,
   307.84662349154934
  ],
  [
   907.7650775554349,
   969.9695729048734
  ],
