{
 "Object_Radius": 28.209479177387816,
 "Object_Shape": "disc",
 "Workspace_Density": 0.4,
 "Workspace_Height": 1000,
 "Workspace_Width": 1000,
 "number_of_objects": 160,
 "point_list": [
  [
   698.3314964518466,
   734.2029758769669
  ],
  [
   587.8654663225263,
   604.2081337698731
  ],
  [
   113.95445492875218,
   484.7327971124218
  ],
  [
   656.1569682698961,
   532.8446454705422
  ],
  [
   790.3036936677249,
   500.62817964634525
  ],
  [
   401.03142281699576,
   321.5587266173359
  ],
  [
   496.1556498659771,
   893.6804623378688
  ],
  [
   640.5815748992753,
   251.52761098723792
  ],
  [
   831.92897994482,
   244.86272120644492
  ],
  [
   905.8639862699259,
   140.29074669465192
  ],
  [
   881.6555895330324,
   724.1500980764292
  ],
  [
   475.8995388706492,
   32.0304270951266
  ],
  [
   442.7278343088014,
   427.46909761555105
  ],
  [
   179.97175616873517,
   94.47860716072516
  ],
  [
   556.8463559754958,
   794.1195646141798
  ],
  [
   642.7237031360227,
   954.6425374550389
  ],
  [
   491.1965010544977,
   160.859704661147
  ],
  [
   969.9695729048734,
   741.9051058463518
  ],
  [
   886.9990809174022,
   788.7543606707512
  ],
  [
   557.2076816524883,
   969.9695729048734
  ],
  [
   273.0651010818074,
   33.69312590068519
  ],
  [
   969.9695729048734,
   261.39745268300464
  ],
  [
   74.3224131958182,
   647.5737529129661
  ],
  [
   303.5857607052417,
   630.9915898034528
  ],
  [
   764.2381378536872,
   384.9868948092292
  ],
  [
   127.70481120476028,
   607.1608876055518
  ],
  [
   342.8216613411193,
   299.1623742898927
  ],
  [
   431.28100918328846,
   182.62531458085618
  ],
  [
   479.6850295786205,
   366.82928958286607
  ],
  [
   790.8331362851641,
   93.12760502278037
  ],
  [
   850.5704257724972,
   110.72664050932774
  ],
  [
   756.9339638510816,
   622.2162832857954
  ],
  [
   943.0754133741432,
   616.994724010647
  ],
  [
   97.21586244799245,
   208.27789454451965
  ],
  [
   313.81776592310814,
   243.13409411672907
  ],
  [
   584.2204834337117,
   281.012884843968
  ],
  [
   435.7120293557729,
   269.5520989283894
  ],
  [
   904.4437849756265,
   347.98914000957654
  ],
  [
   338.18228160657276,
   693.2135069734917
  ],
  [
   508.54579140204726,
   438.65245304383546
  ],
  [
   686.1409204919703,
   615.4956898475479
  ],
  [
   429.38891220299644,
   969.9695729048734
  ],
  [
   32.0304270951266,
   156.16604667504228
  ],
  [
   32.0304270951266,
   94.09392054807797
  ],
  [
   32.0304270951266,
   218.263105517063
  ],
  [
   969.9695729048734,
   883.3083189476216
  ],
  [
   969.9695729048734,
   559.866592414329
  ],
  [
   243.45818765705803,
   540.6538912624223
  ],
  [
   587.1566336934019,
   426.5831573355208
  ],
  [
   706.0607807310217,
   192.94475516490988
  ],
  [
   236.32016504230813,
   441.8358638450205
  ],
  [
   243.14725427189484,
   95.1623250264127
  ],
  [
   491.73529229726057,
   98.69510883905899
  ],
  [
   753.3154652768097,
   447.3352438276583
  ],
  [
   307.4666325507247,
   100.68355672912791
  ],
  [
   109.95933911902495,
   272.1236296325647
  ],
  [
   969.9695729048734,
   969.9695729048734
  ],
  [
   369.68010651417353,
   87.4529593822256
  ],
  [
   172.35587942591005,
   550.5054437993417
  ],
  [
   444.2599756165203,
   529.1892806746665
  ],
  [
   889.1055091729933,
   584.384306887221
  ],
  [
   381.7257486431236,
   835.5628526462899
  ],
  [
   969.9695729048734,
   488.6279529253983
  ],
  [
   649.2868592539841,
   842.4958669944692
  ],
  [
   906.5819852554148,
   889.3808651443592
  ],
  [
   852.9995311940296,
   850.3594827447616
  ],
  [
   584.9654261669515,
   493.15827865158275
  ],
  [
   819.3867159019621,
   908.9648573827344
  ],
  [
   32.0304270951266,
   578.3944094844633
  ],
  [
   575.301434093773,
   32.0304270951266
  ],
  [
   121.61710982309116,
   888.8896791304563
  ],
  [
   365.5204232786317,
   951.8427651040081
  ],
  [
   653.322839829325,
   679.8528153374756
  ],
  [
   171.37862902767893,
   32.0304270951266
  ],
  [
   70.02079008789416,
   803.9070307242135
  ],
  [
   165.94710624067588,
   832.9075631968711
  ],
  [
   671.3019539710108,
   103.95094894792906
  ],
  [
   519.2431559364285,
   279.3082757769213
  ],
  [
   711.3594683621109,
   347.2147188362673
  ],
  [
   367.86418549057515,
   544.3082098085755
  ],
  [
   908.1489596669112,
   412.2580714390258
  ],
  [
   432.120385858716,
   77.06876475572507
  ],
  [
   576.229651568049,
   669.3190591686883
  ],
  [
   780.2705584525871,
   298.9117558641433
  ],
  [
   785.6513773846252,
   188.04138656004488
  ],
  [
   753.1419984051939,
   959.9405697205564
  ],
  [
   752.5055412738046,
   43.37627188028115
  ],
  [
   735.9229228616051,
   133.51219345174007
  ],
  [
   965.330822866057,
   817.4502144706066
  ],
  [
   607.0288342284255,
   92.84033607685231
  ],
  [
   356.46093852000257,
   476.4245854475377
  ],
  [
   749.6213290452249,
   887.0407273635626
  ],
  [
   104.00532832742125,
   748.6529251400144
  ],
  [
   536.2177765603095,
   559.833299162996
  ],
  [
   96.35594789940836,
   32.0304270951266
  ],
  [
   96.62735962698716,
   127.74266381656868
  ],
  [
   304.3085867244121,
   422.1490974041105
  ],
  [
   179.83471397582377,
   479.5778945945512
  ],
  [
   287.72591231698004,
   482.2181213668025
  ],
  [
   901.5602731853191,
   206.44979824489803
  ],
  [
   209.86567206248912,
   379.35921688622744
  ],
  [
   969.9695729048734,
   332.31425465932614
  ],
  [
   837.0451841990166,
   969.9695729048734
  ],
  [
   309.6947273195687,
   360.3223745758099
  ],
  [
   379.9784300583321,
   403.83276934283725
  ],
  [
   819.6557768267119,
   32.0304270951266
  ],
  [
   893.2143710912588,
   661.4738537546866
  ],
  [
   475.6506878073405,
   738.9603716837734
  ],
  [
   378.3057127349957,
   238.7978699537206
  ],
  [
   305.2384462156392,
   568.8540986393062
  ],
  [
   428.54131000691683,
   878.9843169573575
  ],
  [
   310.77818498081496,
   163.17634237581584
  ],
  [
   689.2005934091882,
   32.0304270951266
  ],
  [
   969.9695729048734,
   401.55622443717573
  ],
  [
   278.7390527125873,
   306.53300925995757
  ],
  [
   846.7561573321098,
   176.88696475643252
  ],
  [
   32.0304270951266,
   342.81096184794256
  ],
  [
   175.48627642799747,
   322.24573758272163
  ],
  [
   336.78933197786813,
   32.0304270951266
  ],
  [
   254.21675591226403,
   194.80104712583676
  ],
  [
   172.2085221411303,
   253.88516882988966
  ],
  [
   902.1215485263269,
   522.913836792059
  ],
  [
   424.57113121909697,
   593.1584648725387
  ],
  [
   889.0120909755075,
   48.68403966340395
  ],
  [
   551.5200040092769,
   184.82597334567032
  ],
  [
   659.5938884227654,
   311.0558719696918
  ],
  [
   615.7800763847666,
   355.3716953185798
  ],
  [
   437.7830523862513,
   680.5557768485297
  ],
  [
   32.0304270951266,
   495.2700791748232
  ],
  [
   52.00692093078006,
   707.638900529156
  ],
  [
   901.1016797480644,
   956.7243677735494
  ],
  [
   297.58439016503297,
   939.4585614733141
  ],
  [
   98.14770551287526,
   333.3637899386886
  ],
  [
   418.360359484371,
   785.1316296652012
  ],
  [
   847.8300994087673,
   310.81889574862964
  ],
  [
   627.2788846071604,
   187.9027709874184
  ],
  [
   707.9301490332122,
   803.2578093176713
  ],
  [
   865.3864190656705,
   462.4428624845103
  ],
  [
   238.70062013902262,
   255.99565390123692
  ],
  [
   375.6400749586255,
   150.36352921833503
  ],
  [
   829.1475005128834,
   398.6766693400273
  ],
  [
   348.41808996179725,
   888.8761360774851
  ],
  [
   494.77212111220103,
   969.9695729048734
  ],
  [
   237.07982786016473,
   625.0657506200389
  ],
  [
   969.9695729048734,
   194.60871219714898
  ],
  [
   969.9695729048734,
   128.56801007984456
  ],
  [
   331.6942686001816,
   790.3836762561295
  ],
  [
   969.9695729048734,
   676.920990235173
  ],
  [
   759.4677450176492,
   555.4798237423762
  ],
  [
