{
 "Object_Radius": 28.209479177387816,
 "Object_Shape": "disc",
 "Workspace_Density": 0.4,
 "Workspace_Height": 1000,
 "Workspace_Width": 1000,
 "number_of_objects": 160,
 "point_list": [
  [
   32.0304270951266,
   286.77053358763163
  ],
  [
   275.20246505196195,
   846.8588115793359
  ],
  [
   969.9695729048734,
   32.0304270951266
  ],
  [
   224.93017622941773,
   668.2861697963796
  ],
  [
   293.4128620087864,
   276.09910546156846
  ],
  [
   274.603943474382,
   630.8583650349658
  ],
  [
   863.1751552246294,
   875.8954256812773
  ],
  [
   202.66612984794102,
   778.9981678932567
  ],
  [
   126.33065400478014,
   914.6286141808841
  ],
  [
   187.31349055961974,
   902.746730649581
  ],
  [
   565.3000487194525,
   32.0304270951266
  ],
  [
   235.88439595190923,
   969.9695729048734
  ],
  [
   803.8719461754707,
   94.896913981362
  ],
  [
   365.10934635977725,
   792.4851461347598
  ],
  [
   741.7024373038315,
   510.4761117026894
  ],
  [
   162.97884984732474,
   290.40103779732146
  ],
  [
   676.1835167255762,
   518.3394595372127
  ],
  [
   32.0304270951266,
   907.7914816145276
  ],
  [
   685.9835139168001,
   261.73362786487115
  ],
  [
   297.05968066736983,
   32.0304270951266
  ],
  [
   32.0304270951266,
   219.40505535294034
  ],
  [
   531.9804458956629,
   146.12726345864016
  ],
  [
   828.654460831328,
   692.651221804687
  ],
  [
   520.7054766946939,
   318.7871188504905
  ],
  [
   389.4273251913239,
   345.47767397166774
  ],
  [
   472.35941821643877,
   188.81053962350583
  ],
  [
   88.08747804837441,
   246.59702801906232
  ],
  [
   32.0304270951266,
   377.4529298234928
  ],
  [
   729.4091105037431,
   194.69209051938833
  ],
  [
   71.13947037821136,
   611.2049323581838
  ],
  [
   892.8232731503731,
   443.6766325619745
  ],
  [
   969.9695729048734,
   679.9577475028108
  ],
  [
   360.4935800632011,
   32.0304270951266
  ],
  [
   721.3210823624561,
   969.9695729048734
  ],
  [
   807.2113851328181,
   969.9695729048734
  ],
  [
   296.12143099059426,
   421.06683654030894
  ],
  [
   508.51856761072753,
   253.23754556405734
  ],
  [
   969.9695729048734,
   334.3715857015836
  ],
  [
   214.99561666394513,
   87.6118905718397
  ],
  [
   376.1610407646268,
   573.8669970537554
  ],
  [
   394.11798027720545,
   513.7308597573016
  ],
  [
   562.6832712201709,
   433.8364297410695
  ],
  [
   557.3766679363605,
   670.3918028824286
  ],
  [
   32.0304270951266,
   492.48321237286916
  ],
  [
   116.63118499168237,
   565.7791278019196
  ],
  [
   735.8663935967123,
   615.3473918817243
  ],
  [
   734.2288776301078,
   678.6129348254273
  ],
  [
   555.2889733315994,
   601.9206834692751
  ],
  [
   92.1047200833517,
   508.7333114793702
  ],
  [
   307.96192353303724,
   685.6313382318854
  ],
  [
   837.1949459328944,
   384.2512449966594
  ],
  [
   681.8908740756038,
   144.36537552393725
  ],
  [
   626.1739999934796,
   667.71817211058
  ],
  [
   170.79001476024152,
   204.2531116715509
  ],
  [
   787.0903455228539,
   159.787094889252
  ],
  [
   960.0111017387147,
   417.5260812094643
  ],
  [
   143.9090752513939,
   471.29907190947836
  ],
  [
   860.4110380778709,
   637.3381722271274
  ],
  [
   470.2056777644347,
   410.51760875266
  ],
  [
   656.7424266265326,
   379.1272676087233
  ],
  [
   618.9966364987946,
   603.4369011424893
  ],
  [
   601.2297639600143,
   167.72976832804787
  ],
  [
   32.0304270951266,
   32.0304270951266
  ],
  [
   569.3631896956645,
   95.38511697984657
  ],
  [
   397.6012093897394,
   408.9888682956116
  ],
  [
   143.0448612547018,
   759.2219562968588
  ],
  [
   175.32293405676512,
   594.4014409482146
  ],
  [
   556.0606226984279,
   496.50266062780895
  ],
  [
   763.8858107157794,
   364.0747353259999
  ],
  [
   131.86995546169848,
   407.3529712706138
  ],
  [
   694.9014870978832,
   326.442973958715
  ],
  [
   316.92742055071403,
   169.06763585531874
  ],
  [
   32.0304270951266,
   845.6298187497471
  ],
  [
   338.0187045140654,
   230.42924208059105
  ],
  [
   138.11459771655498,
   821.2370783512391
  ],
  [
   265.06292637478543,
   779.0841524689064
  ],
  [
   790.0379451596555,
   222.5023448204013
  ],
  [
   32.0304270951266,
   559.0432613522099
  ],
  [
   493.1870376735038,
   473.41633943743784
  ],
  [
   426.4470812146861,
   294.76880107998215
  ],
  [
   435.2733640245863,
   877.9657374476782
  ],
  [
   431.8707820974768,
   463.3247921313509
  ],
  [
   657.7076093163946,
   204.50671070185842
  ],
  [
   158.60651052579902,
   32.0304270951266
  ],
  [
   762.4577083460512,
   32.0304270951266
  ],
  [
   796.130120632491,
   598.1463358552257
  ],
  [
   611.7613290456702,
   528.5383460217611
  ],
  [
   753.1749103408049,
   278.8398941765677
  ],
  [
   182.39930564552083,
   525.292591296368
  ],
  [
   869.9349356880632,
   957.1914380455896
  ],
  [
   32.0304270951266,
   156.50229203313862
  ],
  [
   91.79811383927684,
   862.8482857674812
  ],
  [
   679.0967185211892,
   583.6737371000269
  ],
  [
   473.6807497920759,
   557.3545611731388
  ],
  [
   603.1124940745566,
   969.9695729048734
  ],
  [
   165.80516930528373,
   969.9695729048734
  ],
  [
   249.6716479911103,
   324.1834696685057
  ],
  [
   32.0304270951266,
   721.4746035658932
  ],
  [
   640.0793665837633,
   32.0304270951266
  ],
  [
   32.0304270951266,
   783.5356501280801
  ],
  [
   353.21326683153654,
   293.4253499203681
  ],
  [
   480.9474676526574,
   677.3587975767211
  ],
  [
   98.24279350353713,
   969.9695729048734
  ],
  [
   414.3034777309287,
   696.2763078464549
  ],
  [
   32.0304270951266,
   659.4095973957009
  ],
  [
   498.4071894179675,
   32.0304270951266
  ],
  [
   875.9532744007164,
   511.66449805571955
  ],
  [
   571.3638613363759,
   223.6049826440873
  ],
  [
   842.6187073159309,
   259.44376147741315
  ],
  [
   400.8948708295452,
   969.9695729048734
  ],
  [
   890.9826261173675,
   725.9016575678514
  ],
  [
   806.3068060713634,
   810.1124241080691
  ],
  [
   586.0371126346753,
   285.0021463353921
  ],
  [
   921.6586948956908,
   808.6932888852809
  ],
  [
   103.33037658596311,
   313.1067447152039
  ],
  [
   323.09647992525805,
   356.55391408359355
  ],
  [
   249.28314115100565,
   563.8560633677591
  ],
  [
   629.2196651151338,
   464.9269015849189
  ],
  [
   563.7224999976675,
   897.8324254756652
  ],
  [
   32.0304270951266,
   94.17539635255515
  ],
  [
   443.7925368175028,
   125.64331221627116
  ],
  [
   969.9695729048734,
   873.1212263671213
  ],
  [
   449.7077314906104,
   618.2643108734031
  ],
  [
   868.9513217257382,
   141.70838210507105
  ],
  [
   345.60931651843,
   869.8225067605537
  ],
  [
   952.9069464537987,
   520.6832471454431
  ],
  [
   904.5503891866148,
   32.0304270951266
  ],
  [
   432.5380145434491,
   32.0304270951266
  ],
  [
   850.9055231921067,
   323.44739203528997
  ],
  [
   706.7390838570018,
   859.4341009532881
  ],
  [
   497.5140680107225,
   969.9695729048734
  ],
  [
   102.72877983492226,
   108.6223766106539
  ],
  [
   969.9695729048734,
   146.7640518938084
  ],
  [
   95.17466296932984,
   718.0467952457898
  ],
  [
   685.0497945737591,
   437.39459761576154
  ],
  [
   259.26690837129337,
   134.90646087654767
  ],
  [
   960.4446671908164,
   953.6567656335924
  ],
  [
   272.7078851987782,
   215.8942213554458
  ],
  [
   684.2431583307305,
   756.5829518243364
  ],
  [
   755.6124489925026,
   737.3139140150062
  ],
  [
   172.299090862873,
   704.4586774257883
  ],
  [
   589.8216252487533,
   375.2007296854347
  ],
  [
   32.0304270951266,
   969.9695729048734
  ],
  [
   379.073054360691,
   179.58389735319247
  ],
  [
   500.63641772081604,
   907.2738484939305
  ],
  [
   874.7556136308909,
   576.8775292925975
  ],
  [
   380.7357575323063,
   93.33311765004105
  ],
  [
   931.2214871802984,
   603.3248276973808
  ],
  [
   320.17633271655296,
   537.4936048413923
  ],
  [
   225.7635448134822,
