{
 "Object_Radius": 28.209479177387816,
 "Object_Shape": "disc",
 "Workspace_Density": 0.4,
 "Workspace_Height": 1000,
 "Workspace_Width": 1000,
 "number_of_objects": 160,
 "point_list": [
  [
   135.14496304122662,
   200.59633330999668
  ],
  [
   362.64404046177106,
   587.6680727338462
  ],
  [
   969.9695729048734,
   252.0888959549382
  ],
  [
   226.02255511174056,
   765.1144630297193
  ],
  [
   594.5462027034611,
   453.2374776923042
  ],
  [
   870.499302094302,
   843.9676854982932
  ],
  [
   693.6063844099837,
   535.840376642213
  ],
  [
   467.55352148313403,
   955.2898216890611
  ],
  [
   32.0304270951266,
   911.276747399758
  ],
  [
   590.872649434874,
   807.4065758366098
  ],
  [
   405.53150721346907,
   957.6725880927513
  ],
  [
   192.28275673249695,
   444.6303598112547
  ],
  [
   171.02333037903605,
   127.2500065146753
  ],
  [
   799.6314492773447,
   336.42714163249076
  ],
  [
   969.9695729048734,
   379.14799390724426
  ],
  [
   479.958403952444,
   780.9138826399333
  ],
  [
   523.2676966478955,
   440.229926639476
  ],
  [
   152.43611187643234,
   50.479518484582286
  ],
  [
   460.6744054415888,
   90.3234387925267
  ],
  [
   32.0304270951266,
   117.42675606723803
  ],
  [
   535.778361695611,
   557.4543374094767
  ],
  [
   969.9695729048734,
   315.80655862856025
  ],
  [
   823.7840348804285,
   254.83119424462546
  ],
  [
   359.58627985737786,
   290.00719045958954
  ],
  [
   400.1602997263002,
   410.99709115542174
  ],
  [
   575.1049224232478,
   644.3538855374303
  ],
  [
   577.2890365545436,
   154.04327332832966
  ],
  [
   285.4703332228872,
   519.44959092047
  ],
  [
   969.9695729048734,
   32.0304270951266
  ],
  [
   618.7637048523386,
   335.57203153954765
  ],
  [
   148.32407734061655,
   550.8295286481934
  ],
  [
   804.9495383983805,
   813.8933858304795
  ],
  [
   152.7471478730117,
   766.9550161361252
  ],
  [
   529.9064895392501,
   302.9966517024544
  ],
  [
   32.0304270951266,
   457.4710924764366
  ],
  [
   585.8332961036481,
   32.0304270951266
  ],
  [
   32.0304270951266,
   392.8687849970112
  ],
  [
   632.6761061281156,
   73.42628155364625
  ],
  [
   589.9697406256563,
   969.9695729048734
  ],
  [
   32.0304270951266,
   54.23572226375081
  ],
  [
   348.6436917406423,
   89.43247496409462
  ],
  [
   754.4881448330399,
   734.7639567007551
  ],
  [
   969.9695729048734,
   623.8390349925514
  ],
  [
   676.0518035952605,
   368.92476147965766
  ],
  [
   926.3875711747685,
   486.35738452861307
  ],
  [
   213.65606617701962,
   654.0741053429987
  ],
  [
   856.7415516077582,
   307.6042962887177
  ],
  [
   456.5446704457949,
   439.109945932046
  ],
  [
   751.8819868873626,
   512.6804672009629
  ],
  [
   969.9695729048734,
   441.3827123585712
  ],
  [
   579.6856391175396,
   219.57719850072016
  ],
  [
   527.9088929075998,
   969.9695729048734
  ],
  [
   398.4504789907554,
   747.0379899335095
  ],
  [
   815.9352215338737,
   749.5295776328785
  ],
  [
   969.9695729048734,
   907.6083956174676
  ],
  [
   391.5178358566397,
   830.8661721345435
  ],
  [
   171.6264535647878,
   832.7201717636171
  ],
  [
   570.0605185769248,
   92.23596408477572
  ],
  [
   899.4961350756156,
   904.3196971269066
  ],
  [
   241.53653949939815,
   827.662994238751
  ],
  [
   229.00643234107528,
   548.9933385637756
  ],
  [
   761.73953716868,
   258.3086240785243
  ],
  [
   524.8743291146906,
   189.6071585001222
  ],
  [
   705.5788166263455,
   75.98475636929886
  ],
  [
   32.0304270951266,
   790.5331193095016
  ],
  [
   952.9452055911747,
   133.74054913692362
  ],
  [
   91.53045604677601,
   32.0304270951266
  ],
  [
   519.8852954499741,
   732.9597405250306
  ],
  [
   723.1649521071888,
   592.2741088777269
  ],
  [
   450.6430928852919,
   351.0446293050431
  ],
  [
   32.0304270951266,
   185.4463955953717
  ],
  [
   708.3044598619983,
   969.9695729048734
  ],
  [
   222.53191932450156,
   937.9891000989425
  ],
  [
   36.71050281592681,
   614.2451884663876
  ],
  [
   282.63758806572855,
   969.9695729048734
  ],
  [
   873.5974733887915,
   969.9695729048734
  ],
  [
   744.0846092119668,
   832.7865479198729
  ],
  [
   309.7335999240477,
   330.90487336984665
  ],
  [
   215.59591397651053,
   290.2709661249713
  ],
  [
   405.8796803583128,
   895.0901497555063
  ],
  [
   668.3976265557388,
   125.77316745837494
  ],
  [
   161.78636692643366,
   360.1960502457855
  ],
  [
   815.5791672326699,
   534.0913231718898
  ],
  [
   369.8628565532269,
   353.530563843469
  ],
  [
   289.2865711934785,
   135.6824130986132
  ],
  [
   144.85405428069365,
   488.1108628204433
  ],
  [
   465.9835423317877,
   841.8256517098803
  ],
  [
   412.7921359609022,
   130.3150414517589
  ],
  [
   32.0304270951266,
   322.69159946192923
  ],
  [
   164.8099670186291,
   615.0936095000671
  ],
  [
   969.9695729048734,
   533.3786853236138
  ],
  [
   469.6063313645558,
   578.5056527887541
  ],
  [
   656.1774216145868,
   465.2688751859162
  ],
  [
   635.8674246997889,
   182.72806375356302
  ],
  [
   925.0428910582397,
   77.69006597798224
  ],
  [
   719.6603785519827,
   309.8846702302296
  ],
  [
   876.760729078432,
   523.6231222715568
  ],
  [
   344.6999431964677,
   969.9695729048734
  ],
  [
   484.0811664573419,
   497.9006290267662
  ],
  [
   439.0074145584428,
   32.0304270951266
  ],
  [
   518.048120393352,
   617.3168320110317
  ],
  [
   261.67776154774583,
   458.67930992498793
  ],
  [
   889.7403720138067,
   361.75852000856656
  ],
  [
   263.4102667889241,
   888.3531895212516
  ],
  [
   756.7726167746375,
   32.0304270951266
  ],
  [
   280.7581891285145,
   72.70006563753128
  ],
  [
   278.186568032312,
   633.191209490095
  ],
  [
   232.0371478125022,
   32.0304270951266
  ],
  [
   630.3119394568913,
   672.9758184328216
  ],
  [
   54.693055417514664,
   849.3396558404913
  ],
  [
   410.9147306000386,
   253.85878467866326
  ],
  [
   701.7487313851929,
   178.20389749971736
  ],
  [
   915.8876005439155,
   578.2666623123986
  ],
  [
   643.6294845048441,
   773.9715101439513
  ],
  [
   232.67950632009493,
   385.42570423925656
  ],
  [
   588.4969226427603,
   281.19919311837697
  ],
  [
   829.3890387310977,
   184.52133004273819
  ],
  [
   123.92699238554154,
   299.4486610443549
  ],
  [
   578.1078300133772,
   891.8085111333222
  ],
  [
   819.5054921701288,
   32.0304270951266
  ],
  [
   792.4738867424044,
   461.6842912565727
  ],
  [
   969.9695729048734,
   686.2649070707536
  ],
  [
   627.6305271819137,
   549.8383647845417
  ],
  [
   88.61684561044132,
   157.66470142740806
  ],
  [
   549.8024731699546,
   496.6616116372848
  ],
  [
   882.2218464364227,
   32.0304270951266
  ],
  [
   909.7597126815338,
   669.1544625932654
  ],
  [
   32.0304270951266,
   682.7549846132504
  ],
  [
   550.2759717915565,
   374.8641588849806
  ],
  [
   463.20520556667907,
   197.61371000953216
  ],
  [
   701.0094887146347,
   242.61009107810762
  ],
  [
   412.7309014218027,
   547.3674299773392
  ],
  [
   317.2366696533338,
   848.1768670841503
  ],
  [
   649.1366665724724,
   951.2392725574837
  ],
  [
   854.1365622757784,
   697.569699138484
  ],
  [
   509.4237491735898,
   129.1445566079727
  ],
  [
   783.4250718638189,
   622.0141899466477
  ],
  [
   114.00332507107493,
   869.4486714991203
  ],
  [
   704.9992959806701,
   784.3174585847722
  ],
  [
   353.91693518995197,
   151.94307764625745
  ],
  [
   832.1525617432465,
   895.4943245962363
  ],
  [
   495.12357247047856,
   675.7265583262644
  ],
  [
   245.87527073445366,
   235.06747992689614
  ],
  [
   66.20045906922964,
   738.1853007639364
  ],
  [
   639.3412846498466,
   869.6306469199486
  ],
  [
   895.3661380461255,
   426.3584854391853
  ],
  [
   528.2037056862231,
   830.2333852130772
  ],
  [
   969.9695729048734,
   760.2392552500672
  ],
  [
   32.0304270951266,
   258.1280487083995
  ],
  [
   677.300892420225,
