{
 "Object_Radius": 28.209479177387816,
 "Object_Shape": "disc",
 "Workspace_Density": 0.4,
 "Workspace_Height": 1000,
 "Workspace_Width": 1000,
 "number_of_objects": 160,
 "point_list": [
  [
   499.65514406128943,
   81.78831568852702
  ],
  [
   623.039707895899,
   500.8649130727331
  ],
  [
   892.6279833194449,
   395.27981306564686
  ],
  [
   389.01394226672,
   267.6159799920076
  ],
  [
   237.10952185609005,
   295.8701580482685
  ],
  [
   154.35046831853217,
   72.26899146696812
  ],
  [
   809.4543838058781,
   883.4667290589491
  ],
  [
   363.58275908043726,
   875.829280902396
  ],
  [
   833.4541599070288,
   497.4442336164115
  ],
  [
   671.0589627605151,
   153.93663682664877
  ],
  [
   525.476778800762,
   534.6580257780626
  ],
  [
   483.3948346452267,
   969.9695729048734
  ],
  [
   202.17742730620554,
   169.8661056326737
  ],
  [
   906.550310212129,
   465.4602864890013
  ],
  [
   251.6226778811335,
   550.1013996556893
  ],
  [
   73.98337760889476,
   364.0227613673619
  ],
  [
   787.3449599064936,
   94.49052039953926
  ],
  [
   32.0304270951266,
   194.16393811281654
  ],
  [
   567.6811387259527,
   819.8098345901608
  ],
  [
   826.9074467945796,
   628.4511981380508
  ],
  [
   313.6149768880469,
   782.9976675153459
  ],
  [
   87.86299295441212,
   605.3355314656861
  ],
  [
   792.4345382462775,
   218.54174208402716
  ],
  [
   908.9872501257867,
   199.45709409892774
  ],
  [
   969.9695729048734,
   393.74416218914376
  ],
  [
   168.32525968605486,
   551.1462395848099
  ],
  [
   969.5951160401752,
   79.6818830240864
  ],
  [
   32.0304270951266,
   798.4129847517827
  ],
  [
   598.5397912072586,
   927.2396300203789
  ],
  [
   272.4210895421446,
   969.9695729048734
  ],
  [
   403.067951139747,
   519.2914713438073
  ],
  [
   344.520164143775,
   476.50570744944645
  ],
  [
   908.79711643568,
   32.0304270951266
  ],
  [
   486.9574949380988,
   622.3077212631861
  ],
  [
   371.0309446788316,
   814.081966545175
  ],
  [
   201.75438770417094,
   32.0304270951266
  ],
  [
   740.6313509866804,
   479.5927408518277
  ],
  [
   146.79936457085736,
   934.2070402214746
  ],
  [
   116.76094452626829,
   121.85909689185742
  ],
  [
   320.17956391926396,
   246.58629511070805
  ],
  [
   794.3757319536624,
   32.0304270951266
  ],
  [
   478.4395506206335,
   345.3856607545764
  ],
  [
   474.86495318117153,
   888.0593847579421
  ],
  [
   855.0731892470982,
   70.51995052368626
  ],
  [
   394.4868564998571,
   969.9695729048734
  ],
  [
   748.3785441721068,
   618.3363051337708
  ],
  [
   791.2542154874593,
   322.1488951937157
  ],
  [
   96.05897532262617,
   818.2141430153379
  ],
  [
   360.5417092370955,
   80.99070968627701
  ],
  [
   330.7285431742882,
   946.9790790718429
  ],
  [
   845.1502507252281,
   958.3229291275806
  ],
  [
   158.29856258230373,
   803.4078978909655
  ],
  [
   969.9695729048734,
   480.63164198475397
  ],
  [
   633.0078729537305,
   32.0304270951266
  ],
  [
   471.222627020593,
   137.2550208781681
  ],
  [
   348.96220666495026,
   621.4046736635289
  ],
  [
   105.91215508498954,
   477.457530450714
  ],
  [
   549.1953299077627,
   632.8734038005675
  ],
  [
   717.243440074338,
   338.7194257422843
  ],
  [
   434.0794676544588,
   714.0200278394339
  ],
  [
   32.0304270951266,
   132.10308537489965
  ],
  [
   414.9599187421733,
   208.58640866317543
  ],
  [
   944.8708957997648,
   948.7671303967945
  ],
  [
   632.8893340248808,
   570.0214350446954
  ],
  [
   263.9578570920426,
   162.41050067233172
  ],
  [
   32.0304270951266,
   969.9695729048734
  ],
  [
   326.15616952806494,
   697.502076189884
  ],
  [
   477.3090280641432,
   420.5909104541285
  ],
  [
   969.9695729048734,
   292.13881986320047
  ],
  [
   60.13125475916623,
   727.1850440047577
  ],
  [
   267.47266883873596,
   438.74534981887876
  ],
  [
   68.98271821247964,
   82.22707805298243
  ],
  [
   662.1870415815009,
   960.6230236420975
  ],
  [
   333.43272327864526,
   142.64939202412987
  ],
  [
   807.7296103774838,
   710.1812073815262
  ],
  [
   276.58141842565055,
   613.1048309086651
  ],
  [
   193.8564057124556,
   343.62107101044677
  ],
  [
   969.9695729048734,
   858.4866370609985
  ],
  [
   379.2053735305086,
   335.752150287558
  ],
  [
   319.99883830375376,
   32.0304270951266
  ],
  [
   770.5536337868606,
   934.273493515494
  ],
  [
   81.60080437580446,
   667.4950660366736
  ],
  [
   146.82040468573376,
   869.8320683550439
  ],
  [
   727.1223659239356,
   180.9846939867188
  ],
  [
   207.76060449923762,
   844.6451401311998
  ],
  [
   405.1371291896814,
   582.3661033489183
  ],
  [
   863.9788266528263,
   337.91912864079757
  ],
  [
   635.0770203786868,
   805.1294464698129
  ],
  [
   562.2987226236995,
   48.4514884984566
  ],
  [
   969.9695729048734,
   673.137787447263
  ],
  [
   528.4806132329788,
   762.5186809236758
  ],
  [
   302.74562410731954,
   309.1207749249213
  ],
  [
   181.84799486157777,
   255.797236445578
  ],
  [
   109.37782158313486,
   415.225197780039
  ],
  [
   697.4772497242842,
   798.0426841407138
  ],
  [
   274.32860332757355,
   905.0592829723082
  ],
  [
   274.1362910453645,
   835.4719878300211
  ],
  [
   776.063737187073,
   800.2154613688309
  ],
  [
   896.7882108029088,
   280.26112982465054
  ],
  [
   32.0304270951266,
   576.3510474933645
  ],
  [
   462.2341533036582,
   556.2357271652763
  ],
  [
   344.4602991749567,
   551.1488077203886
  ],
  [
   739.1138172170216,
   683.6141275876976
  ],
  [
   557.3800915294387,
   386.45894132509625
  ],
  [
   121.07996936432076,
   299.9828694266111
  ],
  [
   544.0746720211904,
   125.58737099480282
  ],
  [
   127.18401776701441,
   746.2343903781059
  ],
  [
   95.09245401132638,
   969.9695729048734
  ],
  [
   432.1473268738645,
   833.1203643195068
  ],
  [
   704.3715035270869,
   860.3578501597547
  ],
  [
   846.1807897590071,
   167.781422811439
  ],
  [
   140.65424023108602,
   179.1552223633381
  ],
  [
   263.69559819989547,
   673.8272810785277
  ],
  [
   671.7284684280504,
   703.4083862138081
  ],
  [
   550.2722587755634,
   321.2287074913853
  ],
  [
   533.9983245864348,
   455.4502095210938
  ],
  [
   214.10753396593466,
   102.21226370580744
  ],
  [
   615.3108425687701,
   865.5403851153942
  ],
  [
   481.8385963260426,
   199.3179023342176
  ],
  [
   178.0769238078798,
   639.2406690776016
  ],
  [
   549.809257482795,
   229.73023488185572
  ],
  [
   412.61600498125085,
   115.09336288136016
  ],
  [
   804.9281776034519,
   389.0107702199004
  ],
  [
   881.3554497060456,
   567.8489523626722
  ],
  [
   459.59319891573,
   32.0304270951266
  ],
  [
   287.435293761163,
   377.4154981521764
  ],
  [
   600.5688874595617,
   711.666897933939
  ],
  [
   608.6931631575549,
   144.68195332210584
  ],
  [
   249.8037451330498,
   230.59643614311588
  ],
  [
   32.0304270951266,
   32.0304270951266
  ],
  [
   415.7297814614482,
   647.4762316478085
  ],
  [
   503.9721607223911,
   703.2990947441702
  ],
  [
   463.0260569748715,
   770.604945754636
  ],
  [
   416.22558617543376,
   909.6600506370478
  ],
  [
   193.86443614396788,
   751.8033827445566
  ],
  [
   842.518636419785,
   795.7162231454548
  ],
  [
   500.70339195254894,
   831.0270431497569
  ],
  [
   784.9018363555432,
   156.67077749719655
  ],
  [
   551.3300492711822,
   969.9695729048734
  ],
  [
   753.2970704976824,
   267.64977481551284
  ],
  [
   371.1895749232916,
   743.1286155635695
  ],
  [
   260.2400045213555,
   53.00439502074657
  ],
  [
   866.6529708658749,
   856.2381440371698
  ],
  [
   500.04853532852167,
   274.66497767359937
  ],
  [
   949.4835386889721,
   736.7678688881558
  ],
  [
   879.4457206965038,
   744.0318626460748
  ],
  [
   204.2704056466198,
   969.9695729048734
  ],
  [
   76.1398555772377,
   532.0745155240409
  ],
  [
   686.6478161999427,
   415.65452189776863
  ],
  [
   32.0304270951266,
