{
 "Object_Radius": 28.209479177387816,
 "Object_Shape": "disc",
 "Workspace_Density": 0.4,
 "Workspace_Height": 1000,
 "Workspace_Width": 1000,
 "number_of_objects": 160,
 "point_list": [
  [
   453.9753447105519,
   32.0304270951266
  ],
  [
   393.02460226687344,
   867.7352970077206
  ],
  [
   175.13923711667277,
   805.8695970650617
  ],
  [
   32.0304270951266,
   617.1423334384987
  ],
  [
   816.6683552369058,
   418.1296245837261
  ],
  [
   811.8006894150084,
   864.8582890055769
  ],
  [
   253.24000930911907,
   533.2762076372069
  ],
  [
   864.26147179889,
   765.7085508032146
  ],
  [
   137.29965454524344,
   487.7385244482318
  ],
  [
   473.8286690882031,
   648.7157311350371
  ],
  [
   782.1472584303589,
   190.29918249660864
  ],
  [
   653.0665534050123,
   93.76303748880366
  ],
  [
   120.65557142911635,
   864.8899368683361
  ],
  [
   402.33725574952354,
   152.1405191806026
  ],
  [
   807.7720490868224,
   295.4536502394349
  ],
  [
   690.3927107091904,
   969.9695729048734
  ],
  [
   857.3402137309761,
   578.3809525883056
  ],
  [
   374.33905337372374,
   960.8558533306214
  ],
  [
   461.1091928043212,
   105.67050260126116
  ],
  [
   93.95336769679467,
   254.12756111570178
  ],
  [
   203.22667319042432,
   206.28358365640022
  ],
  [
   85.2120314974573,
   453.09088576287996
  ],
  [
   969.9695729048734,
   446.69957846233314
  ],
  [
   341.26816114909366,
   102.42644462163128
  ],
  [
   969.9695729048734,
   807.75645353404
  ],
  [
   257.468630034332,
   347.151214348213
  ],
  [
   32.0304270951266,
   412.4612529355922
  ],
  [
   727.8711886381291,
   789.2693921913624
  ],
  [
   212.3011658544427,
   392.10924583115644
  ],
  [
   93.17136077538032,
   164.49136907591074
  ],
  [
   323.7669589502488,
   32.0304270951266
  ],
  [
   98.3286119272479,
   596.1605543663227
  ],
  [
   665.2320584100523,
   560.296157859011
  ],
  [
   565.6454691043275,
   302.5186084416486
  ],
  [
   742.939817714902,
   304.59561050732515
  ],
  [
   796.6566377259775,
   969.9695729048734
  ],
  [
   324.6271869295223,
   421.36542059028267
  ],
  [
   969.9695729048734,
   581.2647161817476
  ],
  [
   884.5756753065909,
   510.39567797965606
  ],
  [
   537.5086135767718,
   239.91919781723746
  ],
  [
   912.7961509248971,
   633.2430675586761
  ],
  [
   434.95971905693864,
   529.1448767354327
  ],
  [
   304.14493968435477,
   644.6164994632913
  ],
  [
   109.92106969132249,
   738.7627924903486
  ],
  [
   311.05793417178785,
   496.69070263716986
  ],
  [
   141.6818477987639,
   354.9804878148685
  ],
  [
   969.9695729048734,
   744.4305060672477
  ],
  [
   913.4944784679221,
   133.22040085564595
  ],
  [
   32.0304270951266,
   853.4851533737568
  ],
  [
   787.1777345548054,
   354.10810129624593
  ],
  [
   318.97601972853727,
   169.89506331018222
  ],
  [
   706.1034755770429,
   881.0920634599079
  ],
  [
   775.6700514533658,
   547.8053749836452
  ],
  [
   767.3468852543342,
   611.6315417465808
  ],
  [
   643.1655139395164,
   32.0304270951266
  ],
  [
   923.408391413703,
   230.4357024514687
  ],
  [
   545.2262401566331,
   32.0304270951266
  ],
  [
   230.30392420443675,
   269.1227867475983
  ],
  [
   648.6067260510393,
   664.9965997386022
  ],
  [
   701.9458150995504,
   351.33789385946227
  ],
  [
   87.62895402327389,
   534.1254631812459
  ],
  [
   380.8150321767233,
   799.1237591588826
  ],
  [
   32.0304270951266,
   969.9695729048734
  ],
  [
   442.55470722882194,
   592.3294052008703
  ],
  [
   601.6957812164774,
   617.146588794715
  ],
  [
   238.21456054777812,
   809.3169474949988
  ],
  [
   721.7296440624931,
   146.02204799663113
  ],
  [
   366.0427802723865,
   589.5982125007869
  ],
  [
   532.1290750070019,
   177.1932699379666
  ],
  [
   310.5062669698086,
   719.7073676005039
  ],
  [
   553.49611111653,
   363.68808975200864
  ],
  [
   464.4382089790968,
   886.0061042129036
  ],
  [
   473.24632556934137,
   253.74878493284248
  ],
  [
   453.30765672098073,
   464.124406396471
  ],
  [
   601.8664509808369,
   722.263798278748
  ],
  [
   451.5563876160794,
   358.18747172583426
  ],
  [
   366.49568371249796,
   263.9874193542619
  ],
  [
   852.1625413036876,
   355.3986981403298
  ],
  [
   920.7810319146773,
   969.9695729048734
  ],
  [
   755.8691512623622,
   923.1671698392543
  ],
  [
   729.3000634836837,
   76.3020418256061
  ],
  [
   32.0304270951266,
   505.2729048027938
  ],
  [
   398.65927694410175,
   66.59946647954811
  ],
  [
   648.6850073565016,
   156.10501331384125
  ],
  [
   410.7499707885133,
   307.49940914772696
  ],
  [
   549.4202885260694,
   671.3138119506544
  ],
  [
   520.7937351743691,
   740.1572377937596
  ],
  [
   656.6105949664407,
   756.5824683551465
  ],
  [
   969.9695729048734,
   509.44927374396883
  ],
  [
   531.7940249238081,
   439.93136242203866
  ],
  [
   858.7188898450233,
   969.9695729048734
  ],
  [
   303.3214120790843,
   570.4730560973446
  ],
  [
   289.85922715677714,
   293.96316255321545
  ],
  [
   910.3555724159488,
   722.4573871531938
  ],
  [
   466.12647938503244,
   167.52933022449508
  ],
  [
   243.14874792401326,
   32.0304270951266
  ],
  [
   494.88096519944895,
   546.3217440983054
  ],
  [
   59.81633861994413,
   909.6099660295506
  ],
  [
   153.21638718996846,
   625.8048717879778
  ],
  [
   969.9695729048734,
   171.31242785136052
  ],
  [
   594.7980970923745,
   553.752129464202
  ],
  [
   675.4007694835285,
   434.04251197032147
  ],
  [
   372.97529413553485,
   461.9405682741616
  ],
  [
   600.5966502523481,
   420.7615382082925
  ],
  [
   855.1127500677435,
   79.54551108439207
  ],
  [
   769.843905053824,
   676.6550684483263
  ],
  [
   706.0736354779405,
   622.50744097203
  ],
  [
   307.79062938000993,
   233.15378824534497
  ],
  [
   155.7424265189874,
   163.65942198771702
  ],
  [
   867.0406516900603,
   176.6697970825277
  ],
  [
   680.001275121381,
   245.23415285456474
  ],
  [
   710.7794511243682,
   510.40768717605897
  ],
  [
   915.1982061504052,
   353.09488922271436
  ],
  [
   370.8730917288667,
   524.7715262543256
  ],
  [
   32.0304270951266,
   341.82277618556435
  ],
  [
   363.1403850620593,
   353.9731905197163
  ],
  [
   602.9058124898086,
   792.3420082238521
  ],
  [
   209.6837823436058,
   969.9695729048734
  ],
  [
   40.0841818371637,
   790.4827288474248
  ],
  [
   800.4206789833663,
   801.0636427394012
  ],
  [
   898.8720375057231,
   442.36089299536866
  ],
  [
   216.23251033878094,
   612.7638326884296
  ],
  [
   809.3270298528292,
   32.0304270951266
  ],
  [
   214.57902753012664,
   141.30273200554396
  ],
  [
   101.90444188541336,
   90.5509737874291
  ],
  [
   90.33684224185879,
   390.64331502826604
  ],
  [
   400.9909421865869,
   403.5602023006605
  ],
  [
   198.7611693897847,
   326.89625389819423
  ],
  [
   880.7996361495382,
   891.3297387266344
  ],
  [
   447.58668786344356,
   814.684562361029
  ],
  [
   193.02385036510572,
   516.8332304325667
  ],
  [
   728.5328093275472,
   724.9964656096834
  ],
  [
   424.2549786244176,
   213.6832500093011
  ],
  [
   909.654545193048,
   291.25942951794775
  ],
  [
   134.38478786256462,
   32.0304270951266
  ],
  [
   543.9426761551856,
   502.49659446447805
  ],
  [
   969.9695729048734,
   382.2778676899075
  ],
  [
   822.3910198227638,
   503.2354595726722
  ],
  [
   101.00994056198485,
   802.3192537927507
  ],
  [
   601.0711258427845,
   201.84608890417286
  ],
  [
   112.97211916851583,
   673.7866152908088
  ],
  [
   744.7236451898681,
   407.51054474126147
  ],
  [
   448.4083555837336,
   963.6493710406313
  ],
  [
   32.0304270951266,
   686.339092250571
  ],
  [
   372.6575403694058,
   656.769278357603
  ],
  [
   616.1434583398133,
   262.3837352584269
  ],
  [
   534.1738037057742,
   925.8752622238047
  ],
  [
   790.3461916317398,
   127.64684037130021
  ],
  [
   502.19917406186187,
   309.2496880167945
  ],
  [
