{
 "Object_Radius": 28.209479177387816,
 "Object_Shape": "disc",
 "Workspace_Density": 0.4,
 "Workspace_Height": 1000,
 "Workspace_Width": 1000,
 "number_of_objects": 160,
 "point_list": [
  [
   535.4089645380964,
   32.0304270951266
  ],
  [
   151.57406314135986,
   504.688463517494
  ],
  [
   473.3481142155974,
   32.0304270951266
  ],
  [
   528.5261135971143,
   770.0732991900408
  ],
  [
   93.05770672208848,
   217.7812384424041
  ],
  [
   499.63609458403334,
   175.44489080483882
  ],
  [
   892.1682010428162,
   438.8424679588561
  ],
  [
   215.5691361690862,
   382.0829067604918
  ],
  [
   809.2920150701874,
   158.66793929127888
  ],
  [
   32.0304270951266,
   310.81472076978633
  ],
  [
   32.0304270951266,
   103.4851978403635
  ],
  [
   281.48106508972273,
   688.8152818641287
  ],
  [
   385.8846164707156,
   470.5119447166985
  ],
  [
   839.6935104720967,
   385.91441691445254
  ],
  [
   618.3433401153396,
   128.67494731918327
  ],
  [
   314.56883572998106,
   633.9416425821228
  ],
  [
   810.082574494339,
   606.7550507656038
  ],
  [
   255.2267968775919,
   143.4413111088722
  ],
  [
   687.7618103658169,
   794.8751528567632
  ],
  [
   630.0696768135444,
   314.57995485006967
  ],
  [
   659.6552916821661,
   32.0304270951266
  ],
  [
   32.0304270951266,
   168.12243099593337
  ],
  [
   969.9695729048734,
   500.7134762315311
  ],
  [
   294.5067199585845,
   749.9474430890086
  ],
  [
   565.8384727171366,
   304.5608587477026
  ],
  [
   287.165235275323,
   32.0304270951266
  ],
  [
   861.2958981556006,
   643.722079593354
  ],
  [
   670.0245623309944,
   166.18771408974027
  ],
  [
   94.09265008586152,
   32.0304270951266
  ],
  [
   786.0654380010753,
   300.176106007607
  ],
  [
   32.0304270951266,
   32.0304270951266
  ],
  [
   597.538361710837,
   32.0304270951266
  ],
  [
   120.13139133498208,
   570.0209058904502
  ],
  [
   289.55790072217235,
   477.77236331038773
  ],
  [
   195.17312220688703,
   687.8900612779672
  ],
  [
   509.9575318722162,
   710.530985218131
  ],
  [
   59.40660956834678,
   618.5429015218459
  ],
  [
   32.0304270951266,
   415.965595129474
  ],
  [
   969.9695729048734,
   287.149634358433
  ],
  [
   537.9822307642403,
   522.5389627845626
  ],
  [
   127.25478321837141,
   443.7341247087886
  ],
  [
   924.2233820236308,
   893.5198158970949
  ],
  [
   375.0664405659932,
   613.6300978960785
  ],
  [
   850.788638093717,
   296.6456404491666
  ],
  [
   752.4136790959888,
   185.131061617835
  ],
  [
   106.64240150209491,
   156.02708044623103
  ],
  [
   245.80255034643415,
   802.0818093378022
  ],
  [
   840.7341575200472,
   763.2113380655919
  ],
  [
   672.3423262081607,
   97.2671728649588
  ],
  [
   159.3417981321502,
   32.0304270951266
  ],
  [
   349.22609536884687,
   32.0304270951266
  ],
  [
   102.8188498976478,
   666.2867594446641
  ],
  [
   450.66779555079927,
   691.6842374743308
  ],
  [
   552.5588102380711,
   453.6052081708487
  ],
  [
   631.0758655796305,
   907.4445578622464
  ],
  [
   603.2398077126932,
   619.1888337142803
  ],
  [
   648.4230050334664,
   477.775536760851
  ],
  [
   727.3861304514899,
   128.24856691122326
  ],
  [
   702.2513954236281,
   713.4184589389748
  ],
  [
   690.9933746658032,
   227.4900884802652
  ],
  [
   492.86532418630264,
   926.8753344037156
  ],
  [
   607.7366940099771,
   534.8658850300802
  ],
  [
   381.08795465974924,
   133.89891686431787
  ],
  [
   58.98067533661225,
   498.31937377479545
  ],
  [
   772.7561691378718,
   660.1700487166212
  ],
  [
   759.5713084817627,
   908.1539230178136
  ],
  [
   445.1097905353741,
   969.9695729048734
  ],
  [
   847.2160072136189,
   223.1500351475472
  ],
  [
   299.97242721616675,
   100.27537626990637
  ],
  [
   679.823965902152,
   652.4573893349062
  ],
  [
   399.15257451303313,
   863.9115779331981
  ],
  [
   411.2869519024442,
   32.0304270951266
  ],
  [
   319.18481221970177,
   169.38101152452788
  ],
  [
   257.15476670377035,
   574.0421784133999
  ],
  [
   760.0655665417207,
   540.7664262458318
  ],
  [
   739.6042972254788,
   604.9972647788225
  ],
  [
   559.6059013078877,
   969.9695729048734
  ],
  [
   671.2731943893083,
   969.9695729048734
  ],
  [
   155.71125579877034,
   105.51694338707605
  ],
  [
   485.8906453242455,
   246.09832071666582
  ],
  [
   643.2467071116192,
   845.9947706181853
  ],
  [
   880.540789206369,
   506.10577278381646
  ],
  [
   329.94752264662424,
   930.3712828624465
  ],
  [
   94.27039570664864,
   94.61275608132996
  ],
  [
   625.574257925444,
   737.1981641149465
  ],
  [
   776.3817955936389,
   414.0687625329105
  ],
  [
   845.839957458733,
   32.0304270951266
  ],
  [
   797.0953198754652,
   717.7757917370172
  ],
  [
   157.93100979896008,
   221.97609225958266
  ],
  [
   225.1043812423094,
   32.0304270951266
  ],
  [
   928.1507240511472,
   224.77710812598997
  ],
  [
   751.3008904128069,
   969.9695729048734
  ],
  [
   868.6067240198472,
   966.911376051708
  ],
  [
   907.7905702949377,
   600.3326803440411
  ],
  [
   217.16323762847773,
   625.9913431041972
  ],
  [
   277.12883158179153,
   282.9994709975039
  ],
  [
   843.8983197239343,
   102.03620225814348
  ],
  [
   721.7162994182625,
   32.0304270951266
  ],
  [
   216.8129957722925,
   93.7656442209463
  ],
  [
   887.5699458512945,
   175.45947704236775
  ],
  [
   230.1843303486218,
   740.0983571665267
  ],
  [
   780.5692329282342,
   96.14793554660348
  ],
  [
   707.1211705842919,
   868.1008146367418
  ],
  [
   204.461112612529,
   317.9303422256679
  ],
  [
   969.9695729048734,
   353.30085552320423
  ],
  [
   811.9313766771038,
   484.1924209051543
  ],
  [
   419.43971582134463,
   250.8209171116603
  ],
  [
   478.7066769938686,
   865.954287981829
  ],
  [
   321.01514191551973,
   866.9937961119128
  ],
  [
   403.3435457711237,
   732.274931198527
  ],
  [
   531.019923131245,
   832.0857017878116
  ],
  [
   433.874186933545,
   340.21246899152203
  ],
  [
   511.28969249231506,
   90.10353559102685
  ],
  [
   750.0843130375744,
   763.8022924606177
  ],
  [
   469.3153902992243,
   795.8396558298956
  ],
  [
   486.2217373803811,
   422.80001389328027
  ],
  [
   716.3859192193628,
   285.2401463249737
  ],
  [
   930.6928910301319,
   742.1936036464026
  ],
  [
   189.7423493724715,
   168.3813507708241
  ],
  [
   220.05110732218986,
   903.6193445601565
  ],
  [
   282.7159106830649,
   351.93911650560483
  ],
  [
   447.6400390681923,
   510.15037463975034
  ],
  [
   720.5251864879336,
   351.0051989298574
  ],
  [
   154.5399803626175,
   625.5690830331083
  ],
  [
   594.7324598748363,
   805.6193210795695
  ],
  [
   217.68748221991797,
   446.47375131273805
  ],
  [
   326.58735126356186,
   554.7351869658809
  ],
  [
   550.7926828879066,
   903.5187152238578
  ],
  [
   216.44968981477055,
   256.9321025684758
  ],
  [
   969.9695729048734,
   632.9712880646355
  ],
  [
   378.38451353255124,
   969.9695729048734
  ],
  [
   676.5104648216302,
   572.4857467601728
  ],
  [
   875.1608326621682,
   708.9557895823144
  ],
  [
   907.9015766969236,
   32.0304270951266
  ],
  [
   396.31900276054586,
   546.6781507726776
  ],
  [
   492.60973546166883,
   314.4944374798511
  ],
  [
   783.7772620261973,
   32.0304270951266
  ],
  [
   32.0304270951266,
   790.6521842837259
  ],
  [
   607.4790344235902,
   195.0422815056092
  ],
  [
   910.1129360184221,
   111.54944325054602
  ],
  [
   215.21607712103557,
   516.7048844325531
  ],
  [
   969.9695729048734,
   32.0304270951266
  ],
  [
   727.5356437845442,
   475.2153927087635
  ],
  [
   554.5411090386997,
   144.78070571273793
  ],
  [
   32.0304270951266,
   690.977706116464
  ],
  [
   849.8236237617197,
   828.4846311109143
  ],
  [
   360.1926808844082,
   680.5731499917446
  ],
  [
   552.329230748795,
   661.3077495479492
  ],
  [
   969.9695729048734,
   130.08190237768497
  ],
  [
   435.98822478583145,
