{
 "Object_Radius": 28.209479177387816,
 "Object_Shape": "disc",
 "Workspace_Density": 0.4,
 "Workspace_Height": 1000,
 "Workspace_Width": 1000,
 "number_of_objects": 160,
 "point_list": [
  [
   788.9205701249139,
   895.5287705567641
  ],
  [
   508.54322200406136,
   911.193506387589
  ],
  [
   141.64095342918773,
   381.1179927709388
  ],
  [
   32.0304270951266,
   795.2651257959707
  ],
  [
   418.4339825122168,
   969.9695729048734
  ],
  [
   477.1674674455469,
   203.45000887151966
  ],
  [
   672.0642250038376,
   575.2601341469195
  ],
  [
   602.1119355773557,
   310.836449205608
  ],
  [
   908.7357432528286,
   260.2125907626076
  ],
  [
   301.48057780444566,
   522.9465217504004
  ],
  [
   345.32935778585687,
   672.3060595698574
  ],
  [
   423.00298256166684,
   339.38864825096493
  ],
  [
   204.52797178459417,
   380.76377825123734
  ],
  [
   251.76442470357358,
   761.8368063062845
  ],
  [
   288.8099091392796,
   289.32389948751984
  ],
  [
   594.6598567810711,
   62.32242506254184
  ],
  [
   94.85005041135119,
   196.56520953896035
  ],
  [
   911.3129807896163,
   664.2828919912454
  ],
  [
   131.85723369463918,
   563.6684687781152
  ],
  [
   481.3246642221739,
   32.0304270951266
  ],
  [
   194.76420713517533,
   568.3826683021156
  ],
  [
   190.79037714487825,
   444.1956817086789
  ],
  [
   306.35296352009533,
   840.108675975068
  ],
  [
   351.77940112826644,
   610.1574257980369
  ],
  [
   762.666218862932,
   260.17675750342914
  ],
  [
   557.2289587647377,
   259.43119849387034
  ],
  [
   726.755486167374,
   874.9439349975141
  ],
  [
   841.6013068354421,
   932.686392666363
  ],
  [
   265.39251723247366,
   575.0997314695535
  ],
  [
   758.24987651817,
   954.2459100553011
  ],
  [
   32.0304270951266,
   206.71165862974667
  ],
  [
   889.7575844794271,
   92.44664666058225
  ],
  [
   312.3006984019046,
   231.2064637173199
  ],
  [
   241.9312141469372,
   330.09542882316526
  ],
  [
   756.3389928849707,
   430.2535189857992
  ],
  [
   863.1004092177415,
   217.8274683941829
  ],
  [
   397.02626503379645,
   837.5752733315284
  ],
  [
   755.9749092843933,
   143.61553376516446
  ],
  [
   696.5768134644406,
   205.7108975930756
  ],
  [
   969.9695729048734,
   956.25311886163
  ],
  [
   93.51214253451103,
   858.0321440055893
  ],
  [
   642.6588533626152,
   384.7432574022146
  ],
  [
   905.1493242302195,
   969.9695729048734
  ],
  [
   688.5168356523199,
   270.9905956307403
  ],
  [
   434.3171892766015,
   760.8556473053497
  ],
  [
   853.894722834228,
   640.4223486605208
  ],
  [
   236.5744069917241,
   845.5991672893698
  ],
  [
   689.4632294714319,
   143.2501912923
  ],
  [
   163.60120600778038,
   667.8654418131202
  ],
  [
   801.1739602972805,
   678.9392555432241
  ],
  [
   95.09899422568793,
   32.0304270951266
  ],
  [
   846.0548614410828,
   157.83939311910632
  ],
  [
   69.38980178082733,
   676.1780458177126
  ],
  [
   969.9695729048734,
   94.10886933893701
  ],
  [
   100.5227515096813,
   498.89513656002174
  ],
  [
   808.3119396497569,
   308.5785244981849
  ],
  [
   507.80054192780653,
   471.5525367006533
  ],
  [
   621.3915685362324,
   447.7570664679269
  ],
  [
   278.1871021761025,
   459.71640589664645
  ],
  [
   245.61246822642136,
   32.0304270951266
  ],
  [
   722.237841313638,
   535.5769100863052
  ],
  [
   180.0746919387557,
   323.7141414382763
  ],
  [
   567.1588221406156,
   365.6797985820104
  ],
  [
   460.5947900677497,
   393.09382443360636
  ],
  [
   490.74214504990607,
   828.7148398124103
  ],
  [
   383.9612964490126,
   483.45575069918107
  ],
  [
   146.74652053171093,
   82.20061340770555
  ],
  [
   398.8242785830245,
   709.05589054654
  ],
  [
   65.95672721042476,
   550.4607697705341
  ],
  [
   659.6491355982704,
   686.2652551218549
  ],
  [
   32.0304270951266,
   317.9025730216853
  ],
  [
   555.5301633998051,
   969.9695729048734
  ],
  [
   785.5068731423187,
   43.65998123348565
  ],
  [
   292.24362973694247,
   637.838754324443
  ],
  [
   351.3026815640917,
   395.71330305492836
  ],
  [
   401.09817502024237,
   910.3146233711909
  ],
  [
   32.0304270951266,
   962.4828816780298
  ],
  [
   485.11703463037884,
   969.9695729048734
  ],
  [
   223.13401094369453,
   623.8581172643966
  ],
  [
   156.5988844024673,
   909.6876359316187
  ],
  [
   553.1273362090393,
   651.2184251153388
  ],
  [
   556.2124635069661,
   428.7092021566887
  ],
  [
   969.9695729048734,
   685.2925055976833
  ],
  [
   650.4370882068683,
   93.42345893348468
  ],
  [
   449.10965659360545,
   643.5236928099519
  ],
  [
   621.4556480371998,
   240.21405718151257
  ],
  [
   909.8202281550323,
   175.2595984124355
  ],
  [
   413.9143652483357,
   582.7822179518811
  ],
  [
   195.78696363013725,
   219.52925606976245
  ],
  [
   282.08976662318537,
   135.89924468119946
  ],
  [
   969.9695729048734,
   285.58715406717204
  ],
  [
   190.75747810896445,
   796.2066499873255
  ],
  [
   969.9695729048734,
   350.0696859853324
  ],
  [
   600.8217156352724,
   594.5277835864354
  ],
  [
   32.0304270951266,
   730.7272921470253
  ],
  [
   492.123973291737,
   698.6191251852966
  ],
  [
   969.9695729048734,
   32.0304270951266
  ],
  [
   250.29356908094016,
   189.53145691030215
  ],
  [
   116.47823479041453,
   438.6763873546275
  ],
  [
   346.2614909204475,
   969.9695729048734
  ],
  [
   32.0304270951266,
   497.2520043054218
  ],
  [
   84.05356731618393,
   354.7335310113567
  ],
  [
   723.8043644237976,
   32.0304270951266
  ],
  [
   824.7658203892304,
   94.28153295976755
  ],
  [
   32.0304270951266,
   616.1876824747638
  ],
  [
   862.0097979647719,
   375.96482569569173
  ],
  [
   474.266429151687,
   95.87902606517063
  ],
  [
   904.675143687085,
   32.0304270951266
  ],
  [
   145.58674405253325,
   752.159709333234
  ],
  [
   87.22388480622998,
   100.32015060014382
  ],
  [
   234.18544110646926,
   503.6484997138961
  ],
  [
   251.3131437872569,
   686.6417746722286
  ],
  [
   155.81044573739555,
   847.5707597066676
  ],
  [
   700.0980676230107,
   469.8734696112492
  ],
  [
   969.9695729048734,
   218.274331525858
  ],
  [
   969.9695729048734,
   156.18037596215808
  ],
  [
   532.5995537392251,
   74.6448730818381
  ],
  [
   969.9695729048734,
   790.2787955736271
  ],
  [
   492.5718181358384,
   272.4626040658776
  ],
  [
   209.73923083795978,
   969.9695729048734
  ],
  [
   864.7484628507576,
   709.8597431600597
  ],
  [
   361.56048888694255,
   544.7640252456473
  ],
  [
   183.27791155085131,
   32.0304270951266
  ],
  [
   32.0304270951266,
   877.655242556783
  ],
  [
   500.9165036201038,
   767.1515016202902
  ],
  [
   898.6688058229059,
   470.4438635245597
  ],
  [
   711.4085753145768,
   723.0107962821334
  ],
  [
   886.0936498470697,
   578.0977836474949
  ],
  [
   695.879299107821,
   969.9695729048734
  ],
  [
   368.26344379028296,
   154.76273540060632
  ],
  [
   340.60860900406755,
   32.0304270951266
  ],
  [
   505.2926026170498,
   601.1311945045065
  ],
  [
   969.9695729048734,
   860.5966003970818
  ],
  [
   661.3288983359593,
   32.0304270951266
  ],
  [
   769.1770321336479,
   754.2337404223704
  ],
  [
   648.2575761353626,
   927.4661683743544
  ],
  [
   819.4529454868078,
   477.4617342827523
  ],
  [
   374.2061741236499,
   236.2239185794613
  ],
  [
   350.1472682351313,
   95.35990101559075
  ],
  [
   292.1049623728637,
   73.39085092726177
  ],
  [
   938.3669932846287,
   523.393953338183
  ],
  [
   451.4712017129574,
   529.0403610766028
  ],
  [
   767.4917029642686,
   616.0621020840692
  ],
  [
   32.0304270951266,
   128.88572353620185
  ],
  [
   154.82187956799342,
   266.83360899065025
  ],
  [
   32.0304270951266,
   399.77502185912994
  ],
  [
   335.7507348460231,
   781.9220642664746
  ],
  [
   598.9256607856038,
   505.6440089057575
  ],
  [
   443.52295392951186,
   458.10859934159623
  ],
  [
   32.0304270951266,
