{
 "Object_Radius": 28.209479177387816,
 "Object_Shape": "disc",
 "Workspace_Density": 0.4,
 "Workspace_Height": 1000,
 "Workspace_Width": 1000,
 "number_of_objects": 160,
 "point_list": [
  [
   375.883003644374,
   575.794146072964
  ],
  [
   114.44042551190043,
   428.24528257161364
  ],
  [
   696.8142193654867,
   459.27095026866897
  ],
  [
   444.8623262768436,
   32.0304270951266
  ],
  [
   661.3220594051379,
   334.22337319509825
  ],
  [
   670.5065355945534,
   189.7853160714374
  ],
  [
   331.77763742778654,
   146.73648310968085
  ],
  [
   202.3216263413412,
   961.0229782305262
  ],
  [
   660.7644149062653,
   969.9695729048734
  ],
  [
   85.09030152494466,
   487.1611448630037
  ],
  [
   962.1269930186776,
   315.6537132717286
  ],
  [
   892.8803413512695,
   140.37161687675302
  ],
  [
   672.2510176306891,
   656.8314374869238
  ],
  [
   160.09924349745938,
   336.60348831668813
  ],
  [
   699.1731326930646,
   32.0304270951266
  ],
  [
   879.4086641331386,
   521.3224710829
  ],
  [
   794.6699652475163,
   704.1984715479042
  ],
  [
   785.6544278520247,
   969.9695729048734
  ],
  [
   957.1050843258657,
   144.05902855367546
  ],
  [
   784.0002113798705,
   50.513814391405866
  ],
  [
   181.6975269258923,
   421.97956028533577
  ],
  [
   969.9695729048734,
   656.4013967363966
  ],
  [
   412.3249243676518,
   853.0650449490616
  ],
  [
   32.0304270951266,
   832.0628762403043
  ],
  [
   816.4964882523404,
   798.7507002285857
  ],
  [
   597.248598871276,
   354.76941924038795
  ],
  [
   608.3700604093902,
   665.5457335348925
  ],
  [
   901.75125620683,
   640.9040839036236
  ],
  [
   969.9695729048734,
   900.3986359512912
  ],
  [
   122.97765605317564,
   680.1961746637063
  ],
  [
   618.290584380183,
   156.07306463788285
  ],
  [
   606.6559778849215,
   801.9699185577356
  ],
  [
   764.8538741468888,
   109.6816340660453
  ],
  [
   770.8094704731545,
   193.14968158881553
  ],
  [
   507.00642928087206,
   32.0304270951266
  ],
  [
   32.0304270951266,
   159.52879954830905
  ],
  [
   260.4036663054097,
   347.97524661261014
  ],
  [
   829.8444037837579,
   109.03680426405272
  ],
  [
   450.94392803114795,
   906.8290911201458
  ],
  [
   704.9916507241071,
   884.8580597452261
  ],
  [
   519.3824252940439,
   799.0223148575956
  ],
  [
   471.67163133075144,
   497.8987906132708
  ],
  [
   254.5960458790271,
   519.9485220895591
  ],
  [
   969.9695729048734,
   497.7277471733752
  ],
  [
   306.5988709774655,
   852.0474283409252
  ],
  [
   969.9695729048734,
   432.7630760156993
  ],
  [
   669.607884462131,
   830.0039340955819
  ],
  [
   480.70903310851094,
   850.2887352957935
  ],
  [
   781.5601013483454,
   623.8272430544537
  ],
  [
   430.9636087803846,
   120.80158893031226
  ],
  [
   595.1197293777839,
   98.05513027182496
  ],
  [
   969.9695729048734,
   581.4849498290683
  ],
  [
   732.4202889308172,
   812.6459316681686
  ],
  [
   747.1468004260455,
   501.6655370071879
  ],
  [
   222.46821258875886,
   862.1866795857608
  ],
  [
   121.56542340045773,
   831.2900997573994
  ],
  [
   141.73841945262234,
   617.4802536723013
  ],
  [
   570.9171582630601,
   410.9749755124184
  ],
  [
   816.9317117613457,
   261.6603330678684
  ],
  [
   314.822258435455,
   243.27533524326333
  ],
  [
   196.958599749414,
   32.0304270951266
  ],
  [
   510.1974320845624,
   147.18953939376718
  ],
  [
   400.22471243122584,
   672.0592210896899
  ],
  [
   835.7786478069156,
   178.64270332558368
  ],
  [
   565.5447580384051,
   751.0016292631346
  ],
  [
   414.83039208443904,
   292.4232485719176
  ],
  [
   570.9626588744046,
   32.0304270951266
  ],
  [
   321.9531778515202,
   618.180374092712
  ],
  [
   331.61141346988245,
   680.3538012298243
  ],
  [
   533.1745485171577,
   89.05616837927076
  ],
  [
   302.68093216278106,
   479.1614691274898
  ],
  [
   763.0799117705285,
   758.5132123671883
  ],
  [
   420.7022767945883,
   397.6158562824138
  ],
  [
   261.25064757803943,
   276.21631092867887
  ],
  [
   598.2784470812082,
   958.2930133051599
  ],
  [
   165.69027717445294,
   734.7307434892119
  ],
  [
   904.5347586965271,
   462.01887450582393
  ],
  [
   473.76478436226677,
   969.9695729048734
  ],
  [
   359.129923026755,
   814.9814864739718
  ],
  [
   428.92493654010724,
   543.477951604036
  ],
  [
   487.8686514031267,
   409.0392603978623
  ],
  [
   430.1373322232878,
   731.3976768851902
  ],
  [
   731.1685460303369,
   702.1692687021257
  ],
  [
   767.8000468729646,
   908.660391416448
  ],
  [
   93.90427596577126,
   90.62488714035523
  ],
  [
   80.30082269482074,
   368.00176623082
  ],
  [
   55.20217048517631,
   683.9108128239901
  ],
  [
   32.0304270951266,
   234.6950946641416
  ],
  [
   115.27874359121509,
   32.0304270951266
  ],
  [
   849.2049721147528,
   433.5104185494811
  ],
  [
   32.0304270951266,
   322.0761695072296
  ],
  [
   716.8265618814986,
   611.1327002798099
  ],
  [
   355.5037480160006,
   908.7108975735438
  ],
  [
   329.26375760907894,
   337.31927312305584
  ],
  [
   382.7455394312503,
   32.0304270951266
  ],
  [
   550.0065764717182,
   866.4643281834782
  ],
  [
   495.87960724128806,
   732.6381843149398
  ],
  [
   666.6029211219679,
   404.16339699088263
  ],
  [
   32.0304270951266,
   585.7015774615783
  ],
  [
   712.481149827881,
   263.04910354642305
  ],
  [
   65.13743850199616,
   957.5213487985142
  ],
  [
   206.1687238064505,
   480.55467449015487
  ],
  [
   291.792015768351,
   785.2282369526034
  ],
  [
   842.07678397658,
   578.5564405134539
  ],
  [
   540.9875034290344,
   529.575836059169
  ],
  [
   523.3867729855646,
   462.64269208769707
  ],
  [
   848.1579811191463,
   969.9695729048734
  ],
  [
   916.7164555391098,
   969.9695729048734
  ],
  [
   902.6359957669472,
   358.9708588482783
  ],
  [
   721.0194578821425,
   951.5262568878563
  ],
  [
   78.30807830800664,
   882.8793896856956
  ],
  [
   840.379587792159,
   662.179527169542
  ],
  [
   905.0677962445303,
   578.741853298463
  ],
  [
   739.7341459591904,
   412.7454878143087
  ],
  [
   146.31000311494944,
   498.2187408637765
  ],
  [
   813.5056351469352,
   517.7800223281342
  ],
  [
   366.2057771903391,
   494.87275399591226
  ],
  [
   908.9188846369291,
   729.3579853722027
  ],
  [
   766.7673323563838,
   560.9481026987645
  ],
  [
   654.5516334304357,
   505.11687678247654
  ],
  [
   645.2281354439285,
   246.47830874615963
  ],
  [
   969.9695729048734,
   244.76681167484384
  ],
  [
   671.9486446959198,
   101.97995377498198
  ],
  [
   154.76766962503564,
   105.82735439660019
  ],
  [
   602.477733660283,
   539.4925316853094
  ],
  [
   727.1411573393708,
   324.232600844081
  ],
  [
   32.0304270951266,
   32.0304270951266
  ],
  [
   193.8438946039045,
   280.5445260370615
  ],
  [
   633.3928529894332,
   32.0304270951266
  ],
  [
   895.0765824055244,
   235.85447684571946
  ],
  [
   278.78863045338005,
   969.9695729048734
  ],
  [
   92.5386257676131,
   197.6978017677965
  ],
  [
   165.9227750637281,
   558.7043140306469
  ],
  [
   482.7788329605873,
   203.14360181296493
  ],
  [
   421.6894502827256,
   459.89891795626465
  ],
  [
   969.9695729048734,
   751.3402824437102
  ],
  [
   304.8157083956867,
   556.7448996927499
  ],
  [
   596.1767524027998,
   471.08753268734273
  ],
  [
   460.88879566221584,
   605.5350766579236
  ],
  [
   32.0304270951266,
   96.0818797336848
  ],
  [
   32.0304270951266,
   522.5980056019556
  ],
  [
   41.977156418749885,
   751.6897628343519
  ],
  [
   218.28102441839778,
   776.1124081868276
  ],
  [
   779.6494008232683,
   361.2514539900411
  ],
  [
   152.8780191372311,
   169.0577397504913
  ],
  [
   721.9428153774987,
   154.79652130413822
  ],
  [
   595.20252744211,
   601.2646524535992
  ],
  [
   79.48739147465868,
   626.4233235972467
  ],
  [
   268.39057303465347,
   160.3913270197911
  ],
  [
   604.2566198061795,
