{
 "Object_Radius": 24.057124674551034,
 "Object_Shape": "disc",
 "Workspace_Density": 0.2,
 "Workspace_Height": 1000,
 "Workspace_Width": 1000,
 "number_of_objects": 110,
 "point_list": [
  [
   697.362205853813,
   893.8416986847868
  ],
  [
   974.5371628579938,
   438.27327758179433
  ],
  [
   47.58581268506416,
   461.9312250306351
  ],
  [
   330.7510059626275,
   263.20772290067475
  ],
  [
   557.9911790874572,
   974.5371628579938
  ],
  [
   281.7338550050457,
   515.9125581287293
  ],
  [
   974.5371628579938,
   974.5371628579938
  ],
  [
   572.5195634201588,
   36.21152308161057
  ],
  [
   860.6492106474841,
   827.7978618225908
  ],
  [
   291.94258505233637,
   201.68941837789245
  ],
  [
   410.32382125445787,
   35.47667470242721
  ],
  [
   771.5939784620504,
   486.6762928109607
  ],
  [
   240.96529691407872,
   231.70251733879653
  ],
  [
   27.46283714200614,
   119.29317597222122
  ],
  [
   850.8216465912847,
   277.55761199628347
  ],
  [
   312.9482932978152,
   811.7625615204353
  ],
  [
   27.46283714200614,
   607.2669133846089
  ],
  [
   527.0504868659668,
   881.1725346838527
  ],
  [
   804.4021152363374,
   885.7333469627945
  ],
  [
   469.8924907048429,
   227.46945459124694
  ],
  [
   572.4580159635262,
   731.4454060248736
  ],
  [
   767.3485286331678,
   585.198336050508
  ],
  [
   188.01757336154046,
   566.7150527582767
  ],
  [
   165.55206582419632,
   411.8343114096698
  ],
  [
   337.8953547842595,
   557.996817865983
  ],
  [
   875.9749695412196,
   107.8342109829521
  ],
  [
   163.81653249940675,
   686.2680287979994
  ],
  [
   672.0979635509402,
   501.48754763957834
  ],
  [
   539.0362870259924,
   339.01623896107884
  ],
  [
   922.5590804436989,
   271.4493318362752
  ],
  [
   125.7192126965465,
   570.7260792718606
  ],
  [
   901.5090227446917,
   592.3964111774093
  ],
  [
   186.53183866547116,
   313.64041133991896
  ],
  [
   108.60343036996964,
   244.5771349277127
  ],
  [
   161.9073860642049,
   201.9064527366214
  ],
  [
   89.10097605076423,
   495.61149482602553
  ],
  [
   133.4251297916107,
   126.17638561514177
  ],
  [
   695.1606754373313,
   407.8416433420131
  ],
  [
   354.4637034526217,
   173.7002275464875
  ],
  [
   354.525316161285,
   27.46283714200614
  ],
  [
   658.3302743213378,
   560.333620176175
  ],
  [
   972.7422174261397,
   682.2729623929008
  ],
  [
   249.05716001982063,
   772.432486414723
  ],
  [
   705.9152254891912,
   723.4899009798505
  ],
  [
   974.5371628579938,
   336.00656497169547
  ],
  [
   764.3569062252008,
   260.9302509715713
  ],
  [
   974.5371628579938,
   600.8055320472129
  ],
  [
   131.57409515563052,
   782.037825349519
  ],
  [
   624.1255145774119,
   205.40650710378182
  ],
  [
   153.47901093006507,
   918.5881424272652
  ],
  [
   640.7164483077231,
   864.3189761961579
  ],
  [
   655.3391194684797,
   251.89614403627212
  ],
  [
   682.2642419195722,
   974.5371628579938
  ],
  [
   943.2049383294398,
   880.9744067838232
  ],
  [
   927.6487658717871,
   751.9818918214188
  ],
  [
   45.23035101886585,
   928.5371881279793
  ],
  [
   814.350318016625,
   548.2435254949587
  ],
  [
   27.586900387502,
   705.9495762256649
  ],
  [
   481.5062304955227,
   331.4885763869619
  ],
  [
   821.7679397536449,
   789.3653427524623
  ],
  [
   449.0583396570603,
   974.5371628579938
  ],
  [
   974.5371628579938,
   27.46283714200614
  ],
  [
   655.8933446879132,
   695.2322745808152
  ],
  [
   842.5955034566607,
   973.9587204201573
  ],
  [
   610.7374243214148,
   419.54249514724887
  ],
  [
   815.3423968817751,
   390.50246012585166
  ],
  [
   154.83195352362017,
   486.97939234264254
  ],
  [
   124.46515112497633,
   643.6255520833413
  ],
  [
   263.19005052150004,
   376.569215416235
  ],
  [
   489.0188186150839,
   654.5861908508339
  ],
  [
   196.42967721340375,
   45.53109733256059
  ],
  [
   762.1093492692048,
   162.4600057174793
  ],
  [
   921.436959328899,
   435.6479043821526
  ],
  [
   53.33714393474976,
   285.52717519401926
  ],
  [
   641.1223029057687,
   939.059043609712
  ],
  [
   712.9469724732622,
   246.4265710903984
  ],
  [
   704.1086500967116,
   52.17068275816416
  ],
  [
   784.6712168197162,
   91.94922586161547
  ],
  [
   205.81242836613137,
   367.46810727139354
  ],
  [
   923.873085441684,
   352.1870690927595
  ],
  [
   886.1698198815135,
   928.1676184846618
  ],
  [
   503.91523540266843,
   974.5371628579938
  ],
  [
   780.8526042297094,
   974.5371628579938
  ],
  [
   359.8719023628355,
   465.75493023451367
  ],
  [
   578.2631594671276,
   462.24321735839874
  ],
  [
   42.84129667657664,
   760.3685935119355
  ],
  [
   213.3086237905284,
   934.4641872648245
  ],
  [
   98.1417832958156,
   890.5413786028518
  ],
  [
   299.9877836368334,
   600.8353128116306
  ],
  [
   414.9384594399782,
   516.3889320058945
  ],
  [
   946.9922383317116,
   212.15697757953643
  ],
  [
   870.9585909098435,
   358.58583313047023
  ],
  [
   490.1163599566576,
   458.17584092903485
  ],
  [
   574.5704520015753,
   850.9683601381078
  ],
  [
   632.0448383872584,
   370.3469609865388
  ],
  [
   880.9203476693549,
   720.0002798668071
  ],
  [
   812.0932291434715,
   42.950197133078255
  ],
  [
   625.4148033477928,
   81.51791700454281
  ],
  [
   631.9015868935148,
   781.1197869947002
  ],
  [
   292.01283814101276,
   921.5382196150714
  ],
  [
   748.8716484972027,
   535.3420456186062
  ],
  [
   499.07588984694866,
   387.3959185518731
  ],
  [
   479.94166996549535,
   841.6537530743881
  ],
  [
   890.510479903719,
   875.3286742248915
  ],
  [
   559.3274432078879,
   254.9698841499659
  ],
  [
   481.26357992591926,
   744.661502509017
  ],
  [
   333.45395884544314,
   412.0191887388289
  ],
  [
   27.46283714200614,
   379.5674557691646
  ],
  [
   796.4211530194784,
   439.935113519688
  ],
  [
   714.1548017474418,
   667.3695795898176
  ]
 ]
}