{
 "Object_Radius": 24.057124674551034,
 "Object_Shape": "disc",
 "Workspace_Density": 0.2,
 "Workspace_Height": 1000,
 "Workspace_Width": 1000,
 "number_of_objects": 110,
 "point_list": [
  [
   623.944734059691,
   327.4977060276547
  ],
  [
   918.1068106664277,
   431.66866668578206
  ],
  [
   307.5781136263052,
   368.05772011268755
  ],
  [
   134.76450375317097,
   864.9148603270627
  ],
  [
   444.8211945454061,
   231.80366394034957
  ],
  [
   68.0325921632557,
   340.8961716544952
  ],
  [
   974.5371628579938,
   851.2848415248718
  ],
  [
   646.4958543952433,
   132.04193590401002
  ],
  [
   430.9886310001118,
   34.13847233923492
  ],
  [
   974.5371628579938,
   573.8888859967227
  ],
  [
   151.35487488986416,
   974.5371628579938
  ],
  [
   774.4484046179055,
   896.3200613628698
  ],
  [
   263.73932339644875,
   270.30443428961775
  ],
  [
   412.0348168359157,
   421.9669341512511
  ],
  [
   337.7508278615101,
   560.181339461039
  ],
  [
   675.9306887354522,
   755.7869238438793
  ],
  [
   675.9541385058462,
   667.5656166250692
  ],
  [
   662.3830944758278,
   464.9735317601067
  ],
  [
   379.6119546351081,
   644.1583309790155
  ],
  [
   874.8208344659234,
   286.4836096813591
  ],
  [
   974.5371628579938,
   306.13125692566445
  ],
  [
   362.6606991946057,
   442.51076066952146
  ],
  [
   515.4233933684526,
   462.977070442404
  ],
  [
   385.4823605662632,
   862.210950321437
  ],
  [
   207.00704167656298,
   974.5371628579938
  ],
  [
   284.94400816443465,
   553.5690043238167
  ],
  [
   482.30120817601306,
   834.2114688824261
  ],
  [
   220.7640198907342,
   238.3394216213425
  ],
  [
   168.34942194489219,
   908.7498047146024
  ],
  [
   327.40038937129816,
   255.62789517442602
  ],
  [
   825.4475451461733,
   206.9098097956984
  ],
  [
   129.07412444420234,
   333.7030812571888
  ],
  [
   268.0958791735475,
   734.5801752438484
  ],
  [
   254.01864448565507,
   815.9996671344901
  ],
  [
   373.8309118537359,
   30.05439271969356
  ],
  [
   97.86454472703848,
   397.67026206987856
  ],
  [
   428.0612147994026,
   829.4998360632231
  ],
  [
   591.25146251205,
   966.4525856534382
  ],
  [
   358.1761790233894,
   974.5371628579938
  ],
  [
   548.3979540827956,
   326.12567718814813
  ],
  [
   545.1181025583998,
   624.1384954503696
  ],
  [
   343.95843955885306,
   803.5949046890332
  ],
  [
   188.7245285953626,
   352.75097651580114
  ],
  [
   413.4141031539501,
   275.2837017049808
  ],
  [
   27.46283714200614,
   814.4042244406825
  ],
  [
   406.34186012157767,
   524.362662911566
  ],
  [
   756.2131765789042,
   542.3711105514514
  ],
  [
   454.27130851564067,
   389.4670253938572
  ],
  [
   910.138846935322,
   871.3624778547041
  ],
  [
   966.6319825217255,
   516.6356361443295
  ],
  [
   174.72291306899206,
   588.6411220083892
  ],
  [
   178.6493141608911,
   152.41235249770043
  ],
  [
   292.96042914060325,
   191.48044672880323
  ],
  [
   128.67450346931503,
   40.42880016474518
  ],
  [
   727.6673224240242,
   856.5907544998822
  ],
  [
   262.3534277649087,
   503.66852535339575
  ],
  [
   206.81455106198254,
   460.89367955569526
  ],
  [
   503.40605906565776,
   777.4764185920918
  ],
  [
   498.1029578316731,
   234.79896671307012
  ],
  [
   500.1063776789897,
   710.1751372469921
  ],
  [
   61.71668929023559,
   27.46283714200614
  ],
  [
   883.9646037587389,
   567.8152518840894
  ],
  [
   165.56210382564365,
   97.9757453814243
  ],
  [
   566.5158812887308,
   757.2894000119618
  ],
  [
   489.44294534565006,
   106.90706532413013
  ],
  [
   346.2136085113873,
   198.41128868642622
  ],
  [
   749.0325596876897,
   776.943072260048
  ],
  [
   91.30708089047661,
   87.85700857630508
  ],
  [
   974.5371628579938,
   670.4962975247494
  ],
  [
   290.00042755066835,
   686.2553236470752
  ],
  [
   27.46283714200614,
   305.9000855205391
  ],
  [
   27.46283714200614,
   250.29923913167883
  ],
  [
   854.1003806019868,
   815.9313620814038
  ],
  [
   27.46283714200614,
   528.7331123426211
  ],
  [
   974.5371628579938,
   723.421970812057
  ],
  [
   519.9584310148581,
   541.0747019398948
  ],
  [
   236.2102225121311,
   583.6672329826148
  ],
  [
   286.65533165826565,
   606.9021536101834
  ],
  [
   608.9934831808573,
   598.6428322911581
  ],
  [
   98.40293884758773,
   506.40386614036345
  ],
  [
   900.2883346907529,
   749.9870701089881
  ],
  [
   81.5015440486957,
   875.1410344956628
  ],
  [
   121.96262662579815,
   583.8848449133498
  ],
  [
   394.136816514377,
   325.5751637900298
  ],
  [
   952.9028660847016,
   622.1942447215869
  ],
  [
   427.1531188637207,
   667.5760266623338
  ],
  [
   498.68412499831703,
   160.84339936751658
  ],
  [
   900.0815940412691,
   625.7831667261872
  ],
  [
   85.81225325350768,
   212.72403707911167
  ],
  [
   259.2095883301536,
   871.0202410340383
  ],
  [
   27.46283714200614,
   645.3399619114318
  ],
  [
   120.7854841146635,
   669.8166016210675
  ],
  [
   584.0176100381374,
   64.81366685063006
  ],
  [
   769.6306907703166,
   650.0626753362585
  ],
  [
   580.6850243973738,
   382.05495185008004
  ],
  [
   659.9537256867342,
   578.733266765778
  ],
  [
   878.9414839664333,
   83.06682210382932
  ],
  [
   27.46283714200614,
   404.1765511860288
  ],
  [
   808.838233667826,
   429.1587279489114
  ],
  [
   683.3469791684057,
   938.4178127032878
  ],
  [
   776.8754131737559,
   230.95655363297473
  ],
  [
   36.518360206625545,
   963.8778038774404
  ],
  [
   358.0425867837188,
   697.3557849928583
  ],
  [
   954.9846817322115,
   66.22301590007973
  ],
  [
   584.8772938807484,
   197.0713325621036
  ],
  [
   714.8407272065668,
   422.17973495873963
  ],
  [
   478.2447648637889,
   621.7100447825742
  ],
  [
   839.4732916133743,
   538.3374282970875
  ],
  [
   610.6096287067569,
   681.4960989610456
  ],
  [
   326.7286852727851,
   648.0110839624557
  ]
 ]
}