{
 "Object_Radius": 24.057124674551034,
 "Object_Shape": "disc",
 "Workspace_Density": 0.2,
 "Workspace_Height": 1000,
 "Workspace_Width": 1000,
 "number_of_objects": 110,
 "point_list": [
  [
   789.6643528852643,
   806.1929038609853
  ],
  [
   558.7412896821866,
   265.78892861646256
  ],
  [
   567.2177312176353,
   413.5890864758943
  ],
  [
   580.3793280006005,
   204.44712344288246
  ],
  [
   606.298461197405,
   683.2556525733112
  ],
  [
   463.07463783777933,
   974.5371628579938
  ],
  [
   419.5783368891061,
   775.5687317506635
  ],
  [
   290.80598702845737,
   635.6035947278722
  ],
  [
   90.84249287519432,
   199.34141423396034
  ],
  [
   369.8162697298824,
   459.97356065337556
  ],
  [
   809.3310845118284,
   857.4634990360956
  ],
  [
   469.8439194582025,
   570.5762063130696
  ],
  [
   129.4147329167748,
   27.46283714200614
  ],
  [
   390.30829242287564,
   697.8139924218465
  ],
  [
   403.6933892223586,
   183.57399393800245
  ],
  [
   260.2211185959423,
   127.0510946847727
  ],
  [
   27.46283714200614,
   800.9118520791384
  ],
  [
   623.8569256080666,
   809.6653901407224
  ],
  [
   100.36973513628615,
   362.4617370837883
  ],
  [
   83.2222599374296,
   592.9969408319197
  ],
  [
   209.1870951775623,
   629.628140900161
  ],
  [
   847.2239015881551,
   680.4761272942541
  ],
  [
   727.8822073924407,
   933.699020878633
  ],
  [
   494.7226397857891,
   267.6375463171176
  ],
  [
   774.2795609919609,
   500.97854169178237
  ],
  [
   182.84730613757156,
   27.46283714200614
  ],
  [
   159.5650119103348,
   833.2201705472963
  ],
  [
   788.2892222644044,
   326.916933318638
  ],
  [
   695.2032133785351,
   871.7791495161434
  ],
  [
   246.17999110820554,
   62.14938736883102
  ],
  [
   781.9699431067977,
   225.37047968167565
  ],
  [
   616.8864018314442,
   605.804384979585
  ],
  [
   374.4406790738481,
   227.68196533852372
  ],
  [
   636.4023364983591,
   106.61961453617951
  ],
  [
   852.1546861023511,
   193.01357078468712
  ],
  [
   697.4808410640323,
   683.6205786444464
  ],
  [
   617.9670584995571,
   514.080498667725
  ],
  [
   326.0977182050958,
   801.0703069412996
  ],
  [
   771.6516604142024,
   732.016387304632
  ],
  [
   340.31612911770316,
   27.46283714200614
  ],
  [
   718.9940714311783,
   398.89120148273696
  ],
  [
   968.3852945563586,
   459.92591151547947
  ],
  [
   408.9957966872565,
   398.3141679161924
  ],
  [
   616.7749777506853,
   957.3492991813536
  ],
  [
   439.4915202994727,
   660.0113010270355
  ],
  [
   546.9266703332996,
   671.0108593648541
  ],
  [
   140.6656433725575,
   731.7245620150106
  ],
  [
   711.981428060485,
   177.6545732649683
  ],
  [
   738.3493902568393,
   349.4382876528632
  ],
  [
   306.29763845469625,
   469.11894629521083
  ],
  [
   88.48503388652387,
   472.83580208999285
  ],
  [
   580.8008535088303,
   27.46283714200614
  ],
  [
   333.1312702378036,
   594.5766204085384
  ],
  [
   27.46283714200614,
   27.46283714200614
  ],
  [
   126.45292885240296,
   906.0874350112971
  ],
  [
   131.34547306471214,
   679.4543310469087
  ],
  [
   526.6924936766903,
   566.7263015081897
  ],
  [
   780.9157923321075,
   672.6619940983513
  ],
  [
   682.617947894835,
   344.9648115122323
  ],
  [
   127.47383125855637,
   285.30639478590007
  ],
  [
   185.563085571182,
   901.8995865039155
  ],
  [
   234.7222003255822,
   803.2160619059212
  ],
  [
   27.46283714200614,
   419.701534634574
  ],
  [
   879.2618939094536,
   826.7099780397373
  ],
  [
   254.24805677519538,
   494.6889195912917
  ],
  [
   162.2818036757806,
   231.79185392356686
  ],
  [
   174.96539961337797,
   466.44437902568535
  ],
  [
   27.46283714200614,
   870.0865816199906
  ],
  [
   27.46283714200614,
   219.53428344193264
  ],
  [
   48.99660905626635,
   709.9105276957218
  ],
  [
   847.3016773253424,
   254.43049331176616
  ],
  [
   602.2491249415477,
   453.2619048662363
  ],
  [
   33.800671668923755,
   488.2937156284183
  ],
  [
   365.7279860249294,
   101.39842091484834
  ],
  [
   623.0270870270264,
   163.59872300991537
  ],
  [
   570.6830967254073,
   111.06667373530131
  ],
  [
   401.79827346752563,
   522.5006108033269
  ],
  [
   27.46283714200614,
   366.0701113219546
  ],
  [
   821.9723859750934,
   45.560282325458836
  ],
  [
   892.2871194639349,
   720.7637614177701
  ],
  [
   722.2500125557295,
   623.104327212824
  ],
  [
   694.1612585811442,
   974.5371628579938
  ],
  [
   894.1250178210439,
   428.2916659059455
  ],
  [
   974.5371628579938,
   536.3949654601657
  ],
  [
   895.1532580676442,
   964.5977231228125
  ],
  [
   85.75108428892439,
   764.1315024967687
  ],
  [
   659.9028376016544,
   397.3858192174054
  ],
  [
   594.8069165339741,
   854.8037790569117
  ],
  [
   947.9763437860883,
   291.6091107034177
  ],
  [
   542.3779232342946,
   809.7307384560177
  ],
  [
   185.85105625924473,
   279.1797978331015
  ],
  [
   27.46283714200614,
   110.36174161761376
  ],
  [
   168.21748586072553,
   577.8724856434702
  ],
  [
   348.8441690656646,
   974.5371628579938
  ],
  [
   484.16640998901033,
   120.34570589603945
  ],
  [
   560.2292492031445,
   947.4245782085005
  ],
  [
   27.46283714200614,
   166.05192587801915
  ],
  [
   464.80069208244464,
   311.8249037269208
  ],
  [
   311.81955148842263,
   869.8300055002935
  ],
  [
   486.79694219867696,
   174.68609898907044
  ],
  [
   380.37598219889935,
   280.3079152924939
  ],
  [
   749.4199429286414,
   550.5855309866159
  ],
  [
   406.64059555141876,
   880.4073950156991
  ],
  [
   70.68609235168111,
   528.435861032813
  ],
  [
   972.4831488801119,
   589.8334511519664
  ],
  [
   539.3454361595846,
   354.65170509626523
  ],
  [
   701.0585636396464,
   513.4412134483646
  ],
  [
   341.13307465524935,
   355.76818577326617
  ],
  [
   229.0541304529524,
   311.1825208582881
  ],
  [
   251.8995310101927,
   974.5371628579938
  ]
 ]
}