{
 "Object_Radius": 24.057124674551034,
 "Object_Shape": "disc",
 "Workspace_Density": 0.2,
 "Workspace_Height": 1000,
 "Workspace_Width": 1000,
 "number_of_objects": 110,
 "point_list": [
  [
   781.274698582866,
   808.5849696738244
  ],
  [
   916.6355103840868,
   717.6767923033623
  ],
  [
   764.7608057059091,
   338.9398743749798
  ],
  [
   693.2290579309829,
   224.76590073280178
  ],
  [
   662.5016015950079,
   865.6856742048609
  ],
  [
   446.70420171607094,
   815.8023838258958
  ],
  [
   489.2473104124221,
   974.5371628579938
  ],
  [
   100.29622993284377,
   703.3423713696649
  ],
  [
   27.46283714200614,
   665.1704889479969
  ],
  [
   915.198511290331,
   487.5275116242503
  ],
  [
   656.3571271985896,
   955.6526110577473
  ],
  [
   764.0329649553644,
   648.9148558326103
  ],
  [
   222.1059018549385,
   935.8309028049596
  ],
  [
   570.7915268355858,
   521.4442874638024
  ],
  [
   822.6455138281004,
   873.430693734021
  ],
  [
   346.881704819753,
   145.8388275405955
  ],
  [
   295.4287277303668,
   974.5371628579938
  ],
  [
   315.80162868964953,
   27.46283714200614
  ],
  [
   146.29593661950847,
   61.14258647064719
  ],
  [
   179.55623724962322,
   877.3413075135111
  ],
  [
   429.36708465008076,
   256.20079878012723
  ],
  [
   974.5371628579938,
   912.3764930203785
  ],
  [
   837.7244597052805,
   534.8030396026347
  ],
  [
   367.01627346124195,
   313.6779447261081
  ],
  [
   79.6714596176368,
   227.76460980709098
  ],
  [
   281.6781176674058,
   450.200851811736
  ],
  [
   974.3952507012937,
   531.8163534136779
  ],
  [
   161.82879021230428,
   802.0876549701037
  ],
  [
   598.03917613112,
   947.9088471553588
  ],
  [
   781.6794972761185,
   447.18948156320766
  ],
  [
   867.3352050103426,
   175.01733858875258
  ],
  [
   93.6817015021703,
   338.70423566329623
  ],
  [
   48.59059761984925,
   723.4034866912152
  ],
  [
   761.3694423484416,
   594.7702008832782
  ],
  [
   298.1069723400443,
   794.1624488095049
  ],
  [
   560.8947013583904,
   828.1652652111121
  ],
  [
   234.8495360936497,
   788.9152272039778
  ],
  [
   577.6279410720377,
   237.54787081172907
  ],
  [
   149.81586819321956,
   356.25023033878824
  ],
  [
   898.424333559721,
   376.3125823385244
  ],
  [
   883.0649245500983,
   930.6215927262734
  ],
  [
   723.1863602890562,
   874.8055441624306
  ],
  [
   715.2159972663221,
   765.4540607528705
  ],
  [
   194.15382083538935,
   476.4090973346594
  ],
  [
   643.5161446573603,
   776.7986104942116
  ],
  [
   940.6725441163326,
   414.014953651983
  ],
  [
   27.46283714200614,
   774.5455446640538
  ],
  [
   753.9747968290802,
   102.62723374514889
  ],
  [
   737.8042710060801,
   27.46283714200614
  ],
  [
   940.3029154369677,
   960.7428919294534
  ],
  [
   90.03275164389646,
   86.40144986662746
  ],
  [
   759.5671734865707,
   391.8532410951957
  ],
  [
   893.2213768884087,
   439.2005673235368
  ],
  [
   617.3555194869082,
   317.96661209084056
  ],
  [
   712.7905123942834,
   348.9506211853267
  ],
  [
   915.2021976999055,
   872.9889106625667
  ],
  [
   392.621676510318,
   479.17127856819036
  ],
  [
   611.741274382904,
   63.004986573491074
  ],
  [
   27.46283714200614,
   406.566969420843
  ],
  [
   875.7451034544159,
   231.46918101250324
  ],
  [
   798.041324998387,
   297.779385575256
  ],
  [
   912.5405691355974,
   275.9066854955802
  ],
  [
   374.0791381342335,
   815.7079445342197
  ],
  [
   847.22983772597,
   277.7096090932773
  ],
  [
   27.46283714200614,
   343.30662321549704
  ],
  [
   225.61926360796957,
   593.9489255503277
  ],
  [
   374.52876143183084,
   897.843446008188
  ],
  [
   866.7377004783551,
   780.8558192323892
  ],
  [
   654.7640027023931,
   267.6137789650748
  ],
  [
   432.92920318172094,
   441.4995813084936
  ],
  [
   309.5390656266799,
   623.4817124333114
  ],
  [
   748.52265482909,
   714.3850737012324
  ],
  [
   945.5927381351279,
   783.0968086400967
  ],
  [
   155.2102399591645,
   212.57113099859492
  ],
  [
   673.9688984574169,
   506.6134694476649
  ],
  [
   731.7771908967352,
   974.5371628579938
  ],
  [
   600.0338120060219,
   460.3818615806061
  ],
  [
   901.2045669282977,
   580.3468890687747
  ],
  [
   460.64908467923965,
   928.6669237806685
  ],
  [
   785.7615897802187,
   974.5371628579938
  ],
  [
   702.6413705564999,
   157.55231063146377
  ],
  [
   417.89575859626393,
   49.495833514997535
  ],
  [
   403.17328653885426,
   539.5806215648275
  ],
  [
   62.58306651588574,
   33.87955355796846
  ],
  [
   27.46283714200614,
   860.7229433474284
  ],
  [
   656.4365347793092,
   658.2791498621051
  ],
  [
   40.05928088344979,
   191.88828890892137
  ],
  [
   956.6899471468157,
   613.8539336094299
  ],
  [
   910.4172563014565,
   27.46283714200614
  ],
  [
   80.99793170999618,
   571.2294829407471
  ],
  [
   436.79055524876753,
   667.8587047272416
  ],
  [
   347.36250987074055,
   536.8988557733957
  ],
  [
   692.9243680373924,
   819.2379963197543
  ],
  [
   837.0925108502571,
   455.71809259791917
  ],
  [
   425.35841474947614,
   971.0148048696107
  ],
  [
   278.4440259976734,
   707.6735333811915
  ],
  [
   602.5139063905642,
   373.68114735836485
  ],
  [
   446.43019348457125,
   498.59892582996025
  ],
  [
   230.1639378340969,
   371.0721593364538
  ],
  [
   460.61725487611625,
   760.1539909329125
  ],
  [
   585.6664947173535,
   600.8814064089385
  ],
  [
   974.5371628579938,
   138.53786377636368
  ],
  [
   553.4481279248072,
   739.1884528552814
  ],
  [
   151.06858571639964,
   674.6336586819409
  ],
  [
   229.56378768083596,
   234.57476499049224
  ],
  [
   666.9617790517699,
   454.0815878342615
  ],
  [
   351.8409416681791,
   666.2360415566559
  ],
  [
   27.46283714200614,
   553.7899466229343
  ],
  [
   503.778679518619,
   620.0441164843965
  ],
  [
   974.5371628579938,
   698.4186228430251
  ]
 ]
}