{
 "Object_Radius": 24.057124674551034,
 "Object_Shape": "disc",
 "Workspace_Density": 0.2,
 "Workspace_Height": 1000,
 "Workspace_Width": 1000,
 "number_of_objects": 110,
 "point_list": [
  [
   912.8745823644559,
   27.46283714200614
  ],
  [
   743.9482597784763,
   974.5371628579938
  ],
  [
   842.4462718064404,
   180.83945556332282
  ],
  [
   207.39060580785716,
   341.33771320748787
  ],
  [
   600.9369783796351,
   564.4786985699576
  ],
  [
   500.0520446513159,
   27.46283714200614
  ],
  [
   402.37998607917626,
   831.7738017238299
  ],
  [
   379.18642607783937,
   89.83094550064018
  ],
  [
   895.1737117016615,
   407.7606914086782
  ],
  [
   544.5179603145344,
   841.4292429654552
  ],
  [
   114.00039560065751,
   501.4670414404268
  ],
  [
   65.0967325770212,
   463.5843788456201
  ],
  [
   821.3528539037214,
   591.9645982986324
  ],
  [
   158.1097516451421,
   552.6327255421862
  ],
  [
   884.2897702368754,
   601.0015509273665
  ],
  [
   974.5371628579938,
   913.3961549702834
  ],
  [
   93.45280683112898,
   974.5371628579938
  ],
  [
   820.818026853595,
   112.21768697253378
  ],
  [
   442.44135963879575,
   793.501638220774
  ],
  [
   333.74605567716617,
   188.06643300597736
  ],
  [
   27.46283714200614,
   831.2695708239609
  ],
  [
   551.2075901432886,
   677.0901484432983
  ],
  [
   366.94731898570467,
   689.1426584542941
  ],
  [
   276.14873260316296,
   212.6131001389707
  ],
  [
   46.96274781112086,
   305.94587657972625
  ],
  [
   635.9613055847997,
   386.49422395233404
  ],
  [
   949.0747757506391,
   128.6283573501483
  ],
  [
   640.0411590151837,
   185.21920836252147
  ],
  [
   295.09194114393154,
   757.7257923147772
  ],
  [
   647.2431725623371,
   527.9774481907037
  ],
  [
   974.5371628579938,
   811.8654567900792
  ],
  [
   308.56111905463325,
   974.5371628579938
  ],
  [
   693.9131168442817,
   133.66960336136825
  ],
  [
   437.54557155143715,
   80.252080364401
  ],
  [
   936.3561993344156,
   865.5406571010292
  ],
  [
   717.8642481487403,
   757.8962262689033
  ],
  [
   234.4216515809519,
   905.0773978265531
  ],
  [
   580.112290884034,
   882.3314139293489
  ],
  [
   616.5681992425037,
   655.6766236058697
  ],
  [
   620.1902973084105,
   786.3841799028289
  ],
  [
   721.2106547572068,
   543.7885120900871
  ],
  [
   974.5371628579938,
   439.99122624160015
  ],
  [
   618.9077697818389,
   483.2464447705533
  ],
  [
   765.8706138997758,
   604.4952778383935
  ],
  [
   480.7803804091679,
   907.5232053020823
  ],
  [
   85.13731250425747,
   247.44901692610173
  ],
  [
   382.4950086426592,
   960.1806009371658
  ],
  [
   777.3226985144179,
   911.9739887244036
  ],
  [
   833.696067624664,
   674.580678707232
  ],
  [
   507.78025010818214,
   167.65124986045743
  ],
  [
   566.1067361559207,
   733.30023147511
  ],
  [
   974.5371628579938,
   27.46283714200614
  ],
  [
   516.1074906866592,
   593.0207432666876
  ],
  [
   974.5371628579938,
   974.5371628579938
  ],
  [
   258.8543752619231,
   714.2931378208771
  ],
  [
   27.46283714200614,
   962.9204857211805
  ],
  [
   112.10558649932811,
   68.40899610247442
  ],
  [
   801.892248052395,
   748.3858174004016
  ],
  [
   430.59429057463547,
   938.0975457215136
  ],
  [
   684.0646923330435,
   586.9280618711489
  ],
  [
   917.1770001838523,
   469.3442546475627
  ],
  [
   582.1531939335789,
   27.46283714200614
  ],
  [
   537.9915038014537,
   246.81480659485823
  ],
  [
   575.3501183034613,
   289.79361483726285
  ],
  [
   466.9261462770872,
   127.33106823365888
  ],
  [
   741.8134009544347,
   317.8769963044271
  ],
  [
   815.2665124584464,
   972.7926633382104
  ],
  [
   111.28341282174158,
   884.3460855074559
  ],
  [
   77.14276492467565,
   705.1311404475019
  ],
  [
   416.7747304825088,
   886.9886011710898
  ],
  [
   299.08301611192314,
   888.3939030516344
  ],
  [
   897.5186371949983,
   338.57017759413
  ],
  [
   118.09466741105378,
   448.5086915970556
  ],
  [
   974.5371628579938,
   210.56816772039681
  ],
  [
   142.8003287224422,
   327.44319686280323
  ],
  [
   685.5769911751598,
   444.35075727670363
  ],
  [
   362.0912243886536,
   882.7093734313214
  ],
  [
   799.3017944717305,
   437.5213716188389
  ],
  [
   155.14203143145045,
   843.032269402588
  ],
  [
   965.3752925385414,
   315.12989352044826
  ],
  [
   434.62899647990747,
   331.57627835410244
  ],
  [
   380.9070240219272,
   747.610411026963
  ],
  [
   861.2854882558232,
   64.1047052602402
  ],
  [
   181.0412799412802,
   796.4079974514317
  ],
  [
   530.6825670887235,
   960.6762874922971
  ],
  [
   966.6255229379273,
   377.5811617046928
  ],
  [
   744.0185068179828,
   491.9834596617291
  ],
  [
   771.246611450494,
   27.46283714200614
  ],
  [
   109.14971900311743,
   177.9589273832092
  ],
  [
   477.0444719790827,
   974.5371628579938
  ],
  [
   343.5872696121234,
   812.8129673643365
  ],
  [
   921.6777147718743,
   174.166542722319
  ],
  [
   852.8453764803947,
   531.4732209187171
  ],
  [
   764.3748917724702,
   660.4710331624082
  ],
  [
   395.35292940189737,
   577.2863821744874
  ],
  [
   27.46283714200614,
   906.6745206335528
  ],
  [
   27.46283714200614,
   151.20320438459402
  ],
  [
   335.364849224485,
   283.7205090393599
  ],
  [
   321.8652059566039,
   410.26845285517106
  ],
  [
   532.4191328290304,
   781.3769712461243
  ],
  [
   870.0959020861648,
   974.5371628579938
  ],
  [
   60.25922547368647,
   562.5107595137823
  ],
  [
   974.5371628579938,
   82.23015396118481
  ],
  [
   244.34796420605318,
   974.5371628579938
  ],
  [
   332.40580719430983,
   611.1434946000752
  ],
  [
   794.3585186682374,
   539.904789901334
  ],
  [
   681.389774061516,
   715.1181404337965
  ],
  [
   477.7339210944843,
   272.30690340352135
  ],
  [
   221.1057987648596,
   631.8414577726827
  ],
  [
   563.7074317161388,
   360.8103389198556
  ]
 ]
}