{
 "Object_Radius": 24.057124674551034,
 "Object_Shape": "disc",
 "Workspace_Density": 0.2,
 "Workspace_Height": 1000,
 "Workspace_Width": 1000,
 "number_of_objects": 110,
 "point_list": [
  [
   477.2270787390957,
   215.57522295425008
  ],
  [
   974.5371628579938,
   50.97125936424915
  ],
  [
   27.46283714200614,
   846.9703130629917
  ],
  [
   868.788408599804,
   210.7783253859496
  ],
  [
   371.76336207066976,
   974.5371628579938
  ],
  [
   494.6795639303285,
   849.5287285687498
  ],
  [
   290.87180061033564,
   336.80831664131915
  ],
  [
   90.11816410450162,
   825.4090848577489
  ],
  [
   176.38411694965,
   82.20719314518935
  ],
  [
   27.46283714200614,
   921.4530687318202
  ],
  [
   344.9146200356536,
   554.8069058521822
  ],
  [
   974.5371628579938,
   285.97650625781597
  ],
  [
   101.11529994884717,
   507.9915335117768
  ],
  [
   774.7457964042266,
   157.38847820052038
  ],
  [
   903.5327260119377,
   169.73445961170884
  ],
  [
   363.9606208515562,
   800.75964636807
  ],
  [
   304.715436074345,
   921.3411476590752
  ],
  [
   306.2446227069406,
   761.1767827658163
  ],
  [
   152.64215366137253,
   653.8656418857763
  ],
  [
   936.4115777915413,
   524.5254003166366
  ],
  [
   326.9564268109259,
   431.8575602593561
  ],
  [
   624.452633706619,
   130.86041047864623
  ],
  [
   480.2648144368823,
   27.46283714200614
  ],
  [
   484.64042192755295,
   341.2620480629492
  ],
  [
   276.7647020727275,
   411.5013949116863
  ],
  [
   589.7286811782402,
   596.4113421721544
  ],
  [
   777.4579593050432,
   356.1920338753028
  ],
  [
   974.5371628579938,
   126.16248762501725
  ],
  [
   387.83997831512994,
   493.2327834479645
  ],
  [
   146.266191057321,
   537.4589136472152
  ],
  [
   891.2584039563463,
   746.209295247058
  ],
  [
   852.9593765841998,
   706.0338234063676
  ],
  [
   65.6636407100737,
   27.46283714200614
  ],
  [
   692.8749361579399,
   541.9566482853422
  ],
  [
   586.0399698513651,
   268.1207384493345
  ],
  [
   632.4196657349975,
   553.2869840991453
  ],
  [
   333.3009009978773,
   92.68266988044502
  ],
  [
   762.4443657168325,
   670.5131375753448
  ],
  [
   922.9856755996848,
   66.71368222266838
  ],
  [
   735.2245995494648,
   720.1538264520741
  ],
  [
   182.61779065566876,
   27.46283714200614
  ],
  [
   901.0264077305176,
   956.9497945038501
  ],
  [
   645.0937450206779,
   27.46283714200614
  ],
  [
   580.0566862275409,
   449.60449893005625
  ],
  [
   430.6577861582981,
   974.5371628579938
  ],
  [
   639.3730591937061,
   247.8849056484401
  ],
  [
   101.22192003536145,
   765.0795575088225
  ],
  [
   678.769850456964,
   784.0842292668679
  ],
  [
   793.1432618672851,
   509.32009902475636
  ],
  [
   412.5248026315908,
   580.6128755006864
  ],
  [
   679.8820266352824,
   974.5371628579938
  ],
  [
   833.4797015841292,
   134.44973892599788
  ],
  [
   595.875347604533,
   780.572494323654
  ],
  [
   426.98732060689275,
   809.7602670081749
  ],
  [
   678.599051774252,
   135.81595418260366
  ],
  [
   659.1980872206174,
   678.3133872415127
  ],
  [
   446.57596355679556,
   755.1018481270253
  ],
  [
   201.21507425375293,
   974.5371628579938
  ],
  [
   336.81844659538547,
   27.46283714200614
  ],
  [
   219.70784754357922,
   728.9772559607385
  ],
  [
   548.0188064124075,
   708.8394248588269
  ],
  [
   838.8939689463965,
   474.8929439373973
  ],
  [
   525.773928014892,
   387.5740639772
  ],
  [
   367.9978223876266,
   685.1731593459278
  ],
  [
   174.05498535450096,
   437.231384690837
  ],
  [
   550.8774529542137,
   146.0489176168626
  ],
  [
   464.01878129950944,
   909.1600369296008
  ],
  [
   519.5139176413549,
   298.85513666528544
  ],
  [
   432.9955679755093,
   166.21010184363482
  ],
  [
   232.0616585691547,
   629.3194844061138
  ],
  [
   722.500967583279,
   614.565427027927
  ],
  [
   393.8557407555483,
   926.3422058745191
  ],
  [
   749.5890931008199,
   773.5596555459504
  ],
  [
   312.89361208526094,
   814.6624379268695
  ],
  [
   624.9054407786834,
   304.80050924195314
  ],
  [
   350.25058980026733,
   883.0836904273897
  ],
  [
   283.4610308821579,
   40.15351766572816
  ],
  [
   760.9830328722289,
   434.3090309076496
  ],
  [
   693.7876163207723,
   409.7198867290118
  ],
  [
   408.47525596260823,
   649.8141924955908
  ],
  [
   957.2055211461214,
   712.3424989070705
  ],
  [
   160.88656763483968,
   367.63729489323845
  ],
  [
   231.82204041372677,
   207.45986728958565
  ],
  [
   27.46283714200614,
   617.1366599195419
  ],
  [
   864.9212307620314,
   367.98879351109383
  ],
  [
   317.3914699689316,
   709.4327498495301
  ],
  [
   607.021146211692,
   974.5371628579938
  ],
  [
   369.88403424390015,
   131.14436563998942
  ],
  [
   195.94193103555764,
   515.4134860855744
  ],
  [
   264.89504771650996,
   289.80842586705626
  ],
  [
   921.4192865177605,
   654.5562709438204
  ],
  [
   33.04378400377372,
   463.37196926005686
  ],
  [
   536.6118301963864,
   247.24271848390725
  ],
  [
   526.9149216332216,
   897.8090904397752
  ],
  [
   289.78825622972136,
   148.13827777886212
  ],
  [
   261.09874207169884,
   832.791629528675
  ],
  [
   27.46283714200614,
   974.5371628579938
  ],
  [
   824.5503907680961,
   242.79440584994623
  ],
  [
   974.5371628579938,
   871.5314712703367
  ],
  [
   275.2627638113781,
   974.5371628579938
  ],
  [
   198.52941344671183,
   680.238061256153
  ],
  [
   817.8032090981167,
   189.46852068495306
  ],
  [
   746.4035228554018,
   28.433097313425076
  ],
  [
   105.40797714300565,
   170.37956120537368
  ],
  [
   409.25956920941604,
   875.6930206416861
  ],
  [
   551.1938754426461,
   497.21391588310684
  ],
  [
   768.0887947823477,
   841.5666916818839
  ],
  [
   944.3605456065693,
   916.6796588689515
  ],
  [
   223.7715264550977,
   323.7366497698503
  ],
  [
   811.2131204155323,
   746.4174410315852
  ]
 ]
}