{
 "Object_Radius": 51.50322693642528,
 "Object_Shape": "disc",
 "Workspace_Density": 0.5,
 "Workspace_Height": 1000,
 "Workspace_Width": 1000,
 "number_of_objects": 60,
 "point_list": [
  [
   947.4366439765328,
   54.56335601388229
  ],
  [
   714.9498046097302,
   582.1341707715151
  ],
  [
   739.3978444770921,
   467.8518204536223
  ],
  [
   936.8193061752798,
   409.64299776414623
  ],
  [
   54.56335601388229,
   688.7622464303976
  ],
  [
   521.409764679043,
   726.2085378949837
  ],
  [
   557.2250981766322,
   294.85599095321294
  ],
  [
   54.56335601388229,
   54.56335601388229
  ],
  [
   57.64362691865732,
   402.15692701374417
  ],
  [
   196.77432281906263,
   681.1032685874382
  ],
  [
   331.6195481342154,
   279.92966464120303
  ],
  [
   335.9759213688361,
   465.99462820007
  ],
  [
   642.6452725048532,
   764.5427629000615
  ],
  [
   619.8498711447778,
   649.6559792049251
  ],
  [
   862.5237609739397,
   722.0407842747197
  ],
  [
   147.73501464395838,
   777.2567895391938
  ],
  [
   377.3521739221108,
   54.56335601388229
  ],
  [
   614.2333716515897,
   159.3726747458802
  ],
  [
   781.0298993812426,
   284.28288330168255
  ],
  [
   782.1482014402259,
   802.0335295034813
  ],
  [
   133.1289473825118,
   180.86418915401603
  ],
  [
   437.09094711914474,
   254.74095137309868
  ],
  [
   301.5653097046932,
   947.4366439804886
  ],
  [
   947.4366439804886,
   279.239150701825
  ],
  [
   644.9184165667402,
   360.97526260886326
  ],
  [
   947.434832336892,
   162.7974197706229
  ],
  [
   632.7235805512454,
   478.8642363046307
  ],
  [
   243.71321923028233,
   191.42168389086115
  ],
  [
   357.7003716168845,
   819.0157352757558
  ],
  [
   141.51394128355776,
   923.3841414137
  ],
  [
   162.13637741325434,
   54.56335601388229
  ],
  [
   699.8432133083847,
   54.56335601388229
  ],
  [
   843.8603268714867,
   197.50830542215232
  ],
  [
   359.51565938799916,
   175.95870728641341
  ],
  [
   682.6393474342638,
   241.81592048332973
  ],
  [
   412.9665509217269,
   932.9687427638291
  ],
  [
   906.1145048145484,
   621.8054102970245
  ],
  [
   889.3984101865058,
   889.5126861291958
  ],
  [
   516.9197153353462,
   422.5883872286102
  ],
  [
   836.3921301346841,
   54.56335601388229
  ],
  [
   439.4113543475156,
   502.1604089648897
  ],
  [
   270.19322066976355,
   54.56335601388229
  ],
  [
   749.2020941909615,
   687.2739656698064
  ],
  [
   416.36344893385217,
   361.8482196241569
  ],
  [
   484.6129294004704,
   54.56335601388229
  ],
  [
   815.0783598954865,
   389.2230942754614
  ],
  [
   245.46619747922293,
   567.0567187527638
  ],
  [
   232.56721505077365,
   848.7355495737739
  ],
  [
   502.50781616526416,
   165.223394641978
  ],
  [
   196.81478632181748,
   300.28186659961034
  ],
  [
   876.276962314506,
   517.0581801957188
  ],
  [
   54.56335601388229,
   830.4540295891273
  ],
  [
   506.2491846530969,
   594.3568890258391
  ],
  [
   54.56335601388229,
   267.1898021576578
  ],
  [
   280.15121626515975,
   374.410131747558
  ],
  [
   301.676346588881,
   723.9386746555641
  ],
  [
   744.9273076405174,
   152.6033561944643
  ],
  [
   779.075915049014,
   946.9229136594214
  ],
  [
   592.0550411563984,
   54.56335601388229
  ],
  [
   664.4210483782049,
   897.3457322298037
  ]
 ]
}