{
 "Object_Radius": 51.50322693642528,
 "Object_Shape": "disc",
 "Workspace_Density": 0.5,
 "Workspace_Height": 1000,
 "Workspace_Width": 1000,
 "number_of_objects": 60,
 "point_list": [
  [
   846.044958527214,
   698.601260771936
  ],
  [
   947.4366439586598,
   304.61556545781355
  ],
  [
   835.4465995229731,
   450.8273588555834
  ],
  [
   166.66519019585957,
   925.665324869213
  ],
  [
   565.7256591109503,
   947.4183940935799
  ],
  [
   252.5260462563764,
   225.38134093387464
  ],
  [
   458.9666553971988,
   674.4126586189241
  ],
  [
   725.2793513462468,
   524.6973406148676
  ],
  [
   378.2702903319918,
   601.5355205016382
  ],
  [
   572.7988040962405,
   317.13341469914343
  ],
  [
   947.4366439829022,
   840.3099070276379
  ],
  [
   796.9827235632898,
   229.39215184022177
  ],
  [
   693.6720203697342,
   715.8381911167656
  ],
  [
   243.75664897203907,
   496.01879677109173
  ],
  [
   478.65430170469665,
   54.56335601388229
  ],
  [
   947.4366439829682,
   626.0561108901859
  ],
  [
   170.82169462374452,
   408.31949213893284
  ],
  [
   136.76158233152998,
   216.34894168205443
  ],
  [
   54.56335601388229,
   394.7009713318563
  ],
  [
   597.3130485887298,
   203.54812989137062
  ],
  [
   455.2279245960498,
   947.4361963175301
  ],
  [
   462.16838550828834,
   817.3903649413112
  ],
  [
   367.9363526854374,
   731.6960190340669
  ],
  [
   286.35902915328853,
   656.6040425745742
  ],
  [
   819.2310617329867,
   54.56335601388229
  ],
  [
   551.9534293207273,
   728.2201362674284
  ],
  [
   362.70374103604274,
   243.66715425839598
  ],
  [
   54.56335601388229,
   534.110962919782
  ],
  [
   255.26305118522427,
   836.5559222494898
  ],
  [
   69.95410972604566,
   859.4792426931724
  ],
  [
   585.2041385711766,
   841.8664228777512
  ],
  [
   602.0263711382938,
   425.6885722926006
  ],
  [
   947.4366439861177,
   733.1828218799336
  ],
  [
   587.8731476355524,
   54.56335601388229
  ],
  [
   686.0344161968092,
   947.4135084016476
  ],
  [
   714.6393323199812,
   301.2037856382001
  ],
  [
   946.9260299435107,
   89.21097734397699
  ],
  [
   272.3690185254781,
   341.16496755256514
  ],
  [
   361.2596876351605,
   867.2121274012536
  ],
  [
   702.6533056194024,
   54.56335601388229
  ],
  [
   171.07985618461552,
   767.2331615865993
  ],
  [
   182.39790783628234,
   54.56335601388229
  ],
  [
   713.9801608750306,
   822.3061544725506
  ],
  [
   54.56335601388229,
   739.6306219149401
  ],
  [
   420.67905045334993,
   480.5928550143649
  ],
  [
   838.9726802314348,
   812.0328823954329
  ],
  [
   480.5509482799418,
   569.4575484922066
  ],
  [
   54.56335601388229,
   54.56335601388229
  ],
  [
   461.66046925719945,
   167.26350395296066
  ],
  [
   721.3029497542678,
   410.6607413052394
  ],
  [
   468.3808724670495,
   289.4375223828497
  ],
  [
   609.0681423059849,
   537.7913167268364
  ],
  [
   947.4366439792914,
   411.74966375945877
  ],
  [
   186.27351444287976,
   591.1914773038707
  ],
  [
   947.4366437271261,
   196.45691016114844
  ],
  [
   947.4366439792914,
   518.8810265999577
  ],
  [
   765.2292613336818,
   628.2791758510087
  ],
  [
   947.4366437952299,
   947.4366439861177
  ],
  [
   827.9764860560288,
   947.4365689373185
  ],
  [
   280.2947172917903,
   947.088492278764
  ]
 ]
}