{
 "Object_Radius": 51.50322693642528,
 "Object_Shape": "disc",
 "Workspace_Density": 0.5,
 "Workspace_Height": 1000,
 "Workspace_Width": 1000,
 "number_of_objects": 60,
 "point_list": [
  [
   54.56335601388229,
   947.3842543336433
  ],
  [
   122.31749295746945,
   752.4006248001493
  ],
  [
   256.6042735259368,
   231.7267981785128
  ],
  [
   554.1331590001454,
   947.4362903752996
  ],
  [
   593.1611186749096,
   439.8352675546527
  ],
  [
   646.8583842106615,
   338.84315052457515
  ],
  [
   947.4211896307837,
   803.737030702411
  ],
  [
   711.24153150035,
   789.8505325763846
  ],
  [
   831.1284038576389,
   787.5224702150655
  ],
  [
   286.33568529506584,
   803.8864922828967
  ],
  [
   795.1457970854218,
   256.65910914695075
  ],
  [
   947.4358301212109,
   361.5013427534724
  ],
  [
   947.436643705548,
   479.9415020776281
  ],
  [
   54.56335601388229,
   474.4732353925795
  ],
  [
   775.5893275675544,
   149.81899407509155
  ],
  [
   168.2373709824137,
   170.692583650706
  ],
  [
   754.8307528774181,
   358.6858659214577
  ],
  [
   434.48588466862134,
   54.56335601388229
  ],
  [
   456.31475975243035,
   208.97716425033352
  ],
  [
   54.56335601388229,
   54.56335601388229
  ],
  [
   399.0769581921502,
   466.6388260127187
  ],
  [
   391.9067028081718,
   359.72126319595424
  ],
  [
   609.4363780232804,
   575.3441341567534
  ],
  [
   345.00622101600896,
   654.1964193739981
  ],
  [
   947.4366149748894,
   225.93264907499133
  ],
  [
   54.56335601388229,
   838.5469949068654
  ],
  [
   514.0820636440001,
   625.8445700522616
  ],
  [
   556.3695614836837,
   170.6957445671902
  ],
  [
   54.56335601388229,
   239.96386453740118
  ],
  [
   661.6020659004007,
   669.8617066624387
  ],
  [
   601.4115598398224,
   779.1445434968246
  ],
  [
   154.65311367441618,
   304.3919124515002
  ],
  [
   415.98367708088824,
   572.8945100462042
  ],
  [
   649.7743984658267,
   223.20383717290454
  ],
  [
   54.56335601388229,
   666.6704565284579
  ],
  [
   352.3997687917215,
   150.31672157483513
  ],
  [
   223.22521058903274,
   713.43246528728
  ],
  [
   289.7141763605854,
   54.56335601388229
  ],
  [
   785.5514282769408,
   571.2475749149487
  ],
  [
   801.0049522495607,
   684.6959124222614
  ],
  [
   909.2565779286261,
   698.9742082890648
  ],
  [
   308.41238892485666,
   523.8537494504809
  ],
  [
   143.1451656345179,
   604.3823273166971
  ],
  [
   943.5841678786207,
   933.3821066560039
  ],
  [
   184.27868596299783,
   947.4297244060105
  ],
  [
   499.3213002738606,
   504.5629396261008
  ],
  [
   182.676278428679,
   61.479725127507756
  ],
  [
   54.56335601388229,
   359.7512571828077
  ],
  [
   677.9322503172664,
   923.6740343520283
  ],
  [
   473.1194217914263,
   861.4717230443911
  ],
  [
   826.9438490778534,
   441.6319980660012
  ],
  [
   571.9805965689387,
   54.56335601388229
  ],
  [
   534.3082411874979,
   305.69575794657806
  ],
  [
   685.4270443333985,
   498.18673522848127
  ],
  [
   785.4696820959562,
   890.1612504971114
  ],
  [
   185.42854323508072,
   840.2960104730765
  ],
  [
   719.1335824432647,
   54.56335601388229
  ],
  [
   360.6573846560723,
   257.2038937656145
  ],
  [
   298.3178513645966,
   947.4366439719203
  ],
  [
   947.4361675969614,
   596.9946724699165
  ]
 ]
}