{
 "Object_Radius": 51.50322693642528,
 "Object_Shape": "disc",
 "Workspace_Density": 0.5,
 "Workspace_Height": 1000,
 "Workspace_Width": 1000,
 "number_of_objects": 60,
 "point_list": [
  [
   54.56335601388229,
   54.56335601388229
  ],
  [
   134.46761702938582,
   947.4199062515102
  ],
  [
   695.7919341512918,
   882.8787049870276
  ],
  [
   713.9165120620929,
   434.74394102763387
  ],
  [
   699.1867567147624,
   544.3479391804575
  ],
  [
   809.3300749119536,
   530.869517827286
  ],
  [
   888.4603693437607,
   853.7906645178668
  ],
  [
   175.08755346022474,
   54.56335601388229
  ],
  [
   893.8470094647936,
   742.6549268149154
  ],
  [
   423.3072337977569,
   361.677667300084
  ],
  [
   422.90676862939563,
   532.4390676028395
  ],
  [
   255.05470624174086,
   224.11870435419885
  ],
  [
   814.8226815908973,
   947.4353016763781
  ],
  [
   947.4366439861177,
   161.69006803262
  ],
  [
   509.0346443577896,
   54.56335601388229
  ],
  [
   54.56335601388229,
   757.0119211777761
  ],
  [
   731.0679031276727,
   195.99915603901098
  ],
  [
   947.3835152754355,
   642.5822791483547
  ],
  [
   305.7744939540229,
   602.8755209772536
  ],
  [
   179.17235568680792,
   827.7889926688049
  ],
  [
   187.49479338882387,
   500.9088453382299
  ],
  [
   241.68742722503976,
   936.3109835604721
  ],
  [
   185.07289470194766,
   682.1036609719638
  ],
  [
   54.56335601388229,
   873.4230485628965
  ],
  [
   591.1950215764928,
   135.6469873367027
  ],
  [
   163.85477705580877,
   390.70192544805053
  ],
  [
   161.43918198253968,
   281.61061115856893
  ],
  [
   841.5562666580016,
   207.02864297331087
  ],
  [
   372.50764498783815,
   693.9421334116713
  ],
  [
   329.1213032130892,
   839.1661411686017
  ],
  [
   54.56335601388229,
   510.74011183532684
  ],
  [
   54.56335601388229,
   176.83636316907365
  ],
  [
   797.2763642208943,
   54.56335601388229
  ],
  [
   268.4952074691243,
   749.9301263146472
  ],
  [
   629.3944800122417,
   655.0760439795871
  ],
  [
   282.2234583408312,
   54.56335601388229
  ],
  [
   54.56335601388229,
   293.4099209894809
  ],
  [
   785.3130183608229,
   738.9904236991175
  ],
  [
   116.82905046504723,
   597.9165582461932
  ],
  [
   947.4366375225504,
   376.2798099775465
  ],
  [
   546.5952268288191,
   335.690447571656
  ],
  [
   399.7002610006207,
   54.56335601388229
  ],
  [
   591.2150292980232,
   947.4058568907595
  ],
  [
   367.1483372381651,
   232.6727875662706
  ],
  [
   480.2526163152926,
   674.7515849546415
  ],
  [
   625.1925736834419,
   244.77268231804464
  ],
  [
   845.8149661704556,
   413.5264361860981
  ],
  [
   947.3640082012033,
   947.3223250127121
  ],
  [
   493.153672138416,
   449.01068070486633
  ],
  [
   947.4366439861177,
   54.56335601388229
  ],
  [
   947.4366439806672,
   268.90139811707746
  ],
  [
   678.5226865777812,
   54.56335601388229
  ],
  [
   54.56335601388229,
   403.6057220692309
  ],
  [
   527.7520966160632,
   802.3303251338026
  ],
  [
   493.0723003768186,
   203.58401631852308
  ],
  [
   602.0002893942408,
   477.9278297517855
  ],
  [
   321.8694514441805,
   478.96353927078644
  ],
  [
   947.4366439830883,
   483.4179395781032
  ],
  [
   454.6874719904938,
   947.4364417741469
  ],
  [
   278.1362880950204,
   376.1683204806456
  ]
 ]
}