{
 "Object_Radius": 51.50322693642528,
 "Object_Shape": "disc",
 "Workspace_Density": 0.5,
 "Workspace_Height": 1000,
 "Workspace_Width": 1000,
 "number_of_objects": 60,
 "point_list": [
  [
   947.4347197956813,
   947.4358374933897
  ],
  [
   526.2866190772966,
   842.772619014364
  ],
  [
   377.2144070112928,
   465.9254810229979
  ],
  [
   841.2479554555887,
   818.783970267326
  ],
  [
   280.1250211912725,
   312.2707979407413
  ],
  [
   631.5339953259936,
   862.7515929220432
  ],
  [
   834.8121778012325,
   602.5252310218128
  ],
  [
   947.2382325191267,
   724.5721269033223
  ],
  [
   263.71806140391925,
   470.62399199926307
  ],
  [
   705.1358475595422,
   433.45225927105514
  ],
  [
   138.35887281041687,
   819.5037581250451
  ],
  [
   414.56789578677257,
   630.2258536119153
  ],
  [
   388.7762697228092,
   208.3216535207041
  ],
  [
   252.65558042444528,
   54.56335601388229
  ],
  [
   836.0496498497863,
   54.56335601388229
  ],
  [
   608.9878974262518,
   179.0786510467452
  ],
  [
   54.56335601388229,
   275.6090831649208
  ],
  [
   947.4235015336249,
   250.72788910959437
  ],
  [
   947.4366439861177,
   832.9294583595298
  ],
  [
   684.5653270016932,
   328.2794431210145
  ],
  [
   736.3127895420647,
   840.3797897094015
  ],
  [
   835.1962735425182,
   947.4366439764232
  ],
  [
   947.4337302367389,
   601.0902634691269
  ],
  [
   472.92987237038665,
   292.4712122158094
  ],
  [
   610.4381714742339,
   724.2358336211305
  ],
  [
   714.3096124675178,
   947.4356927699189
  ],
  [
   374.59230932894343,
   54.56335601388229
  ],
  [
   689.2817900847242,
   593.4120848310952
  ],
  [
   378.8405739861284,
   357.407243580728
  ],
  [
   834.9925303603185,
   709.8672000360561
  ],
  [
   54.56335601388229,
   947.4366439761982
  ],
  [
   179.5120787394551,
   139.37606089293902
  ],
  [
   190.61855978730802,
   623.1927224230867
  ],
  [
   54.56335601388229,
   390.2648612740626
  ],
  [
   285.33351750871276,
   172.34490430583006
  ],
  [
   780.7623150224831,
   509.74292190361786
  ],
  [
   502.5136363150604,
   695.5483701448759
  ],
  [
   804.1662226305752,
   235.48525782505666
  ],
  [
   594.3694983471743,
   533.1317623460168
  ],
  [
   54.56335601388229,
   54.56335601388229
  ],
  [
   560.9608797907979,
   947.4348575262567
  ],
  [
   947.41112254135,
   54.56335601388229
  ],
  [
   947.2669746048872,
   458.52819020632376
  ],
  [
   719.5481690584647,
   716.7104072286334
  ],
  [
   387.13300374564665,
   947.4366180894523
  ],
  [
   584.3443584161273,
   283.6282864416008
  ],
  [
   279.7830843903744,
   947.436643976668
  ],
  [
   160.86899677544227,
   292.7148508570221
  ],
  [
   495.6199260437196,
   54.56335601388229
  ],
  [
   312.8108837404725,
   566.6091692308261
  ],
  [
   534.2079817691643,
   386.5385784018713
  ],
  [
   107.61358159925406,
   714.9468223588519
  ],
  [
   723.2648178496207,
   54.56335601388229
  ],
  [
   721.9521987175688,
   163.9476095274144
  ],
  [
   171.62840128066418,
   947.4366439767379
  ],
  [
   54.56335601388229,
   164.61037564673433
  ],
  [
   494.02795949459266,
   162.84471770553608
  ],
  [
   363.99189241081046,
   836.077887532903
  ],
  [
   492.9449931946611,
   488.2337611134667
  ],
  [
   852.5384711169727,
   399.23893455820235
  ]
 ]
}