{
 "Object_Radius": 51.50322693642528,
 "Object_Shape": "disc",
 "Workspace_Density": 0.5,
 "Workspace_Height": 1000,
 "Workspace_Width": 1000,
 "number_of_objects": 60,
 "point_list": [
  [
   712.2007870633638,
   832.1404871813786
  ],
  [
   54.56335601388229,
   713.5361228870257
  ],
  [
   947.4366394789265,
   479.52907472009764
  ],
  [
   484.3399200017557,
   54.56335601388229
  ],
  [
   947.4366439802367,
   371.4393367751383
  ],
  [
   716.0513066085682,
   946.7315026026122
  ],
  [
   878.811336710938,
   54.56335601388229
  ],
  [
   678.626923370209,
   116.88270822690907
  ],
  [
   453.6049677709329,
   192.66060651148848
  ],
  [
   643.2125360879104,
   252.78338504941465
  ],
  [
   831.6246862316005,
   806.9695608163621
  ],
  [
   620.4406380280655,
   647.8328432876826
  ],
  [
   162.95437245797544,
   54.56335601388229
  ],
  [
   315.7588850148936,
   891.373168808372
  ],
  [
   446.0734574885204,
   736.4051789003605
  ],
  [
   54.56335601388229,
   946.88489933747
  ],
  [
   143.36217991247582,
   590.054044952076
  ],
  [
   577.3689685789591,
   415.02344727653394
  ],
  [
   349.67851943407834,
   673.8275772911502
  ],
  [
   334.59712515224203,
   207.49877833127408
  ],
  [
   883.0479116180533,
   565.1460320872236
  ],
  [
   826.1558362213701,
   153.34326466836976
  ],
  [
   280.30174364946095,
   776.1675414810913
  ],
  [
   424.5599347726776,
   876.3008980837814
  ],
  [
   767.0134086027873,
   54.56335601388229
  ],
  [
   377.20851130914457,
   54.56335601388229
  ],
  [
   947.4251190935578,
   263.84949924932556
  ],
  [
   609.3332932752824,
   758.2441326989649
  ],
  [
   947.4366439810352,
   947.4366437869503
  ],
  [
   133.24468155251378,
   858.0631946697098
  ],
  [
   121.99091510467524,
   179.03062363903706
  ],
  [
   675.7790269394864,
   358.9553437811119
  ],
  [
   769.6214196043796,
   561.7914633301032
  ],
  [
   513.3268550694119,
   312.8927189995673
  ],
  [
   468.43173604505876,
   518.1691562081592
  ],
  [
   54.56335601388229,
   454.72909188283825
  ],
  [
   54.56335601388229,
   273.3120394034662
  ],
  [
   746.7781796410871,
   225.28904276009666
  ],
  [
   826.0590794513179,
   947.4366437869503
  ],
  [
   202.36458889376777,
   448.4543783111421
  ],
  [
   598.1085375356652,
   532.2290277348591
  ],
  [
   573.203920971585,
   166.62228632407445
  ],
  [
   196.38306268696658,
   260.2212678366477
  ],
  [
   947.4366439802367,
   154.19697052358345
  ],
  [
   255.94398674877075,
   565.861105929615
  ],
  [
   539.633488613994,
   947.4366032105688
  ],
  [
   947.4366126163449,
   826.3701043733787
  ],
  [
   330.2447759957986,
   352.7685598988557
  ],
  [
   845.0037623420683,
   667.1767597217921
  ],
  [
   723.2826330247286,
   693.702128695186
  ],
  [
   347.302337014158,
   500.24943959747884
  ],
  [
   844.6207835943179,
   302.58083666451046
  ],
  [
   208.79819661889428,
   947.4366437613214
  ],
  [
   521.69291516227,
   823.9901319218823
  ],
  [
   459.8838391892168,
   405.7365641411544
  ],
  [
   181.42951788462904,
   724.8727060202901
  ],
  [
   54.56335601388229,
   54.56335601388229
  ],
  [
   591.4666295439936,
   54.56335601388229
  ],
  [
   270.0810844125724,
   54.56335601388229
  ],
  [
   466.62672803069086,
   628.2748071285234
  ]
 ]
}