{
 "Object_Length": 149.07119849998597,
 "Object_Shape": "cuboid",
 "Object_Width": 44.72135954999579,
 "Workspace_Density": 0.2,
 "Workspace_Height": 1000,
 "Workspace_Width": 1000,
 "number_of_objects": 30,
 "point_list": [
  [
   378.45734397414435,
   838.2250270686457,
   0.735996555642
  ],
  [
   537.7386358591571,
   554.102817998068,
   0.3662551731
  ],
  [
   90.3474075342945,
   403.57661300525757,
   0.283248035133
  ],
  [
   262.91987285136383,
   711.4166310309907,
   2.1322524569
  ],
  [
   603.2434454567583,
   344.7582707878863,
   2.76227499177
  ],
  [
   750.1982178896353,
   384.38354069976845,
   1.17499339939
  ],
  [
   564.3320038968124,
   147.2219599205742,
   1.23976516529
  ],
  [
   684.4464902531486,
   88.70604608780032,
   1.47998607444
  ],
  [
   567.963495603947,
   914.2497229036103,
   2.12553505957
  ],
  [
   474.6989582417249,
   295.8746369042327,
   3.0241637462
  ],
  [
   244.76616281803453,
   256.21490260616497,
   0.675040970571
  ],
  [
   120.57150239883565,
   310.69195605448687,
   0.469500246707
  ],
  [
   668.9334931230885,
   263.4623701022293,
   2.70499928674
  ],
  [
   897.6558835265423,
   324.0283315947452,
   0.599161940797
  ],
  [
   308.550870753828,
   169.5119149029255,
   0.333371600421
  ],
  [
   795.7446355347308,
   906.2836814300105,
   2.61878242912
  ],
  [
   842.4613871103384,
   684.5278184741403,
   0.574019636964
  ],
  [
   824.692255937247,
   192.04312627381432,
   0.430084654394
  ],
  [
   366.50450677637815,
   479.8842311374931,
   1.55590203352
  ],
  [
   751.4463296312706,
   501.24407651426134,
   0.34916660723
  ],
  [
   959.1758445557069,
   244.4761702153097,
   1.72760394541
  ],
  [
   635.3352674977419,
   647.6740266392145,
   2.32613972059
  ],
  [
   154.43828012034976,
   888.3058758034296,
   0.134133099298
  ],
  [
   701.52790257216,
   769.9369907439187,
   1.25629254752
  ],
  [
   750.1589358700314,
   706.3564742926006,
   0.889013761822
  ],
  [
   543.8122577119277,
   673.270653356449,
   1.8238067008
  ],
  [
   602.1361043870055,
   807.9503296770213,
   2.91097817703
  ],
  [
   456.98784744129284,
   214.91336850899847,
   0.0317635943748
  ],
  [
   871.3170752519549,
   442.68391111305675,
   0.786387422634
  ],
  [
   929.5091328163468,
   642.0471770099895,
   0.989965276634
  ]
 ]
}