{
 "Object_Length": 149.07119849998597,
 "Object_Shape": "cuboid",
 "Object_Width": 44.72135954999579,
 "Workspace_Density": 0.2,
 "Workspace_Height": 1000,
 "Workspace_Width": 1000,
 "number_of_objects": 30,
 "point_list": [
  [
   77.45139246205846,
   864.6306232848705,
   2.98836929714
  ],
  [
   241.2168339643468,
   535.9020637416558,
   1.80677121624
  ],
  [
   111.0752657273708,
   375.4603041310075,
   0.567083561945
  ],
  [
   328.4202954000695,
   611.2535168881542,
   1.7056015494
  ],
  [
   309.15669749621156,
   928.6839257813098,
   2.30684305245
  ],
  [
   427.92600211355636,
   254.98456265227404,
   2.22211037365
  ],
  [
   855.4873986014044,
   696.3977492914487,
   1.82850732674
  ],
  [
   88.49117026616437,
   668.9003456465811,
   0.931904506871
  ],
  [
   865.7441801061528,
   412.98371588190753,
   1.60867994628
  ],
  [
   417.12079021622606,
   481.0163109453339,
   1.99957690007
  ],
  [
   544.9809657325769,
   486.4833150219855,
   0.987715567003
  ],
  [
   339.1824595737128,
   359.5838227022707,
   3.13286159798
  ],
  [
   32.99952141567833,
   83.9167757292593,
   1.64214707019
  ],
  [
   658.6933756891401,
   180.80273092996663,
   1.02546738081
  ],
  [
   397.51418720433696,
   695.2268354137403,
   1.68087213387
  ],
  [
   836.701506745613,
   867.7337012670595,
   1.72358207776
  ],
  [
   249.117347942359,
   175.44901030250062,
   2.38995894629
  ],
  [
   555.2700952573654,
   337.19994365604134,
   0.568513907251
  ],
  [
   727.643157354586,
   603.7543302561444,
   1.45010482568
  ],
  [
   789.9672823278999,
   390.8034606750911,
   1.69175629018
  ],
  [
   863.7196484967191,
   210.05127695393088,
   1.93239148787
  ],
  [
   457.822150676459,
   846.3986688484123,
   1.85239448202
  ],
  [
   499.2947413856844,
   85.58748494943954,
   0.260572847443
  ],
  [
   87.222383492995,
   765.180960703786,
   0.20256196611
  ],
  [
   181.02534855927655,
   266.4364456398559,
   0.168053896753
  ],
  [
   111.19237472363528,
   306.1879954626379,
   0.418194549122
  ],
  [
   326.46419025958005,
   783.3424686524233,
   1.44878458209
  ],
  [
   804.6024963016678,
   612.2046908712944,
   1.81514699844
  ],
  [
   229.04115935403908,
   119.96261638324249,
   2.3594018847
  ],
  [
   615.9587222059241,
   637.7313767390724,
   1.22701682579
  ]
 ]
}