{
 "Object_Length": 149.07119849998597,
 "Object_Shape": "cuboid",
 "Object_Width": 44.72135954999579,
 "Workspace_Density": 0.2,
 "Workspace_Height": 1000,
 "Workspace_Width": 1000,
 "number_of_objects": 30,
 "point_list": [
  [
   138.37810300736825,
   280.02562516283547,
   2.43401603909
  ],
  [
   368.9485669986954,
   443.85623361251265,
   1.40802707935
  ],
  [
   244.3800930716772,
   486.64841783930444,
   0.802968143653
  ],
  [
   836.4561924313855,
   515.7249031863223,
   2.08957645114
  ],
  [
   601.3471977858102,
   863.0193078988265,
   2.10313860102
  ],
  [
   715.5388017427897,
   317.5502887324749,
   2.64797767555
  ],
  [
   780.1026678127882,
   439.8532346538387,
   2.1617453746
  ],
  [
   557.984463965064,
   563.5319926418764,
   2.99443201284
  ],
  [
   829.2763332689722,
   265.5368335070861,
   1.64093347195
  ],
  [
   207.04795007832024,
   619.4846716016654,
   2.64910957397
  ],
  [
   71.93982314053366,
   414.0514489319642,
   1.43258484352
  ],
  [
   576.9403355928976,
   147.138783573453,
   2.3899592564
  ],
  [
   853.4723390331868,
   696.0602570941849,
   1.85075810952
  ],
  [
   403.3987155276804,
   560.5105080795227,
   2.32430339684
  ],
  [
   911.1890346307143,
   322.0247279067453,
   1.29552799736
  ],
  [
   316.81977835460486,
   199.67960931632018,
   2.49708313564
  ],
  [
   667.7734899565256,
   174.66572347381262,
   2.71579458325
  ],
  [
   308.51221330384845,
   851.042758669274,
   2.74827646216
  ],
  [
   947.8558197575177,
   773.1304467441399,
   1.94311815599
  ],
  [
   388.40339867135924,
   706.6467046286699,
   2.86485015358
  ],
  [
   150.09746242140616,
   151.66866434011465,
   1.98731998692
  ],
  [
   476.3667192204682,
   450.0151157921616,
   2.81516165336
  ],
  [
   542.8172000790473,
   297.05884982147154,
   0.836885458156
  ],
  [
   751.8732983481117,
   109.7395524429363,
   1.18021363022
  ],
  [
   165.03751283810152,
   803.5323717161336,
   2.54264642776
  ],
  [
   476.52947385641505,
   787.1024451378581,
   0.145845807891
  ],
  [
   721.6164785847673,
   584.1459353979167,
   0.857891850356
  ],
  [
   490.36047576958333,
   646.0641118031249,
   0.610271968755
  ],
  [
   858.8291914551271,
   900.1080852112879,
   0.410241244681
  ],
  [
   687.2936923169074,
   240.2376348105663,
   2.39816617009
  ]
 ]
}