{
 "Object_Length": 149.07119849998597,
 "Object_Shape": "cuboid",
 "Object_Width": 44.72135954999579,
 "Workspace_Density": 0.2,
 "Workspace_Height": 1000,
 "Workspace_Width": 1000,
 "number_of_objects": 30,
 "point_list": [
  [
   221.36744466989137,
   122.01083779273831,
   0.552524753653
  ],
  [
   726.2665362261206,
   427.5728197064714,
   0.8408635199
  ],
  [
   767.7339134583736,
   581.190749377703,
   2.46171058769
  ],
  [
   601.0868041328657,
   304.59257392091,
   1.94709565052
  ],
  [
   260.81098612493497,
   517.4384639825379,
   0.880039530446
  ],
  [
   857.7043670171447,
   647.9211514309367,
   0.784954047215
  ],
  [
   114.48074922683679,
   453.904045867687,
   0.926271779634
  ],
  [
   831.4090866426053,
   224.00226124213918,
   1.02969336351
  ],
  [
   448.0405045552469,
   54.01708271145473,
   2.82332377151
  ],
  [
   464.8751849235398,
   253.1710924641039,
   2.89446823403
  ],
  [
   605.9211479081823,
   729.2442062793873,
   2.72874226059
  ],
  [
   922.2214128023473,
   804.6199772022544,
   2.59597291162
  ],
  [
   385.41639397330056,
   340.2390405672541,
   0.498693020268
  ],
  [
   543.3438012889643,
   512.3459672352041,
   2.86242130031
  ],
  [
   562.1254125008402,
   888.5401788196964,
   1.4276948582
  ],
  [
   73.17860450261047,
   629.0926280784142,
   2.29202794838
  ],
  [
   231.7853062948609,
   849.389255497108,
   2.28706967624
  ],
  [
   904.3752579602882,
   414.73758442070124,
   1.14174685986
  ],
  [
   329.2149739188907,
   445.33744365161743,
   0.357697057291
  ],
  [
   385.84767957840234,
   700.328962890911,
   0.181917787927
  ],
  [
   228.6472895855478,
   304.6271339706878,
   0.743261560711
  ],
  [
   660.9644978784778,
   866.3929347470814,
   1.86808189787
  ],
  [
   780.9050489371375,
   713.4238220312715,
   1.31598882108
  ],
  [
   379.0515549168795,
   842.9460686967433,
   1.04551047901
  ],
  [
   465.3280047173717,
   635.0593082220062,
   1.08834994965
  ],
  [
   459.8962682337167,
   153.0435107313519,
   3.06619910296
  ],
  [
   689.8296586254786,
   118.05494918463768,
   2.16633987624
  ],
  [
   612.1641063993276,
   600.8177306964449,
   2.39670127393
  ],
  [
   267.24115084964,
   655.3919766125574,
   1.3577374147
  ],
  [
   144.68002812923731,
   363.86876815474056,
   1.10148455514
  ]
 ]
}