{
 "Object_Radius": 25.886793470347026,
 "Object_Shape": "disc",
 "Workspace_Density": 0.4,
 "Workspace_Height": 1000,
 "Workspace_Width": 1000,
 "number_of_objects": 190,
 "point_list": [
  [
   260.5063354818308,
   495.4883621133164
  ],
  [
   162.815560022376,
   819.8334008925038
  ],
  [
   335.24481818612753,
   364.5865096921566
  ],
  [
   634.1958226901579,
   865.4921675160224
  ],
  [
   588.8846224967605,
   247.9961183097425
  ],
  [
   89.72856220090303,
   972.5245271826183
  ],
  [
   118.82148116795896,
   610.6708630727154
  ],
  [
   614.8203407150997,
   301.2631456446575
  ],
  [
   411.06839812273165,
   972.5245271826183
  ],
  [
   862.9841674292308,
   972.5245271826183
  ],
  [
   238.22755657834483,
   210.78303313637025
  ],
  [
   148.52328887849168,
   670.7731053103685
  ],
  [
   972.5245271826183,
   682.6637544149161
  ],
  [
   217.7427217904994,
   972.5245271826183
  ],
  [
   396.60057883319973,
   824.8728706071124
  ],
  [
   117.07145950471475,
   858.2315354464127
  ],
  [
   523.9588009306058,
   910.0585156521217
  ],
  [
   641.0213935875659,
   756.4494665578047
  ],
  [
   384.17036125758096,
   398.8377865066944
  ],
  [
   916.7119359324879,
   369.7665974552004
  ],
  [
   763.7366942908743,
   144.65301780209003
  ],
  [
   515.1578289988389,
   604.4262173569267
  ],
  [
   295.73224732706825,
   957.396111692842
  ],
  [
   684.2783083534031,
   967.2131403007893
  ],
  [
   528.0202493001078,
   87.94435011727136
  ],
  [
   972.5245271826183,
   859.419763312196
  ],
  [
   972.5245271826183,
   511.8082103036058
  ],
  [
   206.2651271556231,
   687.4845913695244
  ],
  [
   972.5245271826183,
   777.9599940981143
  ],
  [
   972.5245271826183,
   122.76669545526892
  ],
  [
   497.1394894198153,
   256.73706998754676
  ],
  [
   869.1817878338077,
   402.42604476068925
  ],
  [
   801.6693265195507,
   29.475472817381732
  ],
  [
   632.9568412360605,
   210.57038541994575
  ],
  [
   611.9417620803994,
   585.5966999649721
  ],
  [
   417.45863738402954,
   92.1465325294577
  ],
  [
   565.3752945063517,
   631.8960433512768
  ],
  [
   245.91217114570213,
   916.1054728240628
  ],
  [
   441.66835136606807,
   704.2641364088051
  ],
  [
   967.9922259800164,
   294.7917099109963
  ],
  [
   718.1467721631481,
   867.1634217368687
  ],
  [
   972.5245271826183,
   352.09778999223414
  ],
  [
   29.475472817381732,
   914.7194483553324
  ],
  [
   912.0532858216473,
   311.92115964849114
  ],
  [
   707.9292547423997,
   742.1664288493839
  ],
  [
   67.79457060571234,
   65.21032579361663
  ],
  [
   850.5977861494312,
   457.38644551087805
  ],
  [
   539.198590102505,
   296.35427329115794
  ],
  [
   29.475472817381732,
   112.30452683470946
  ],
  [
   276.27069708768806,
   682.1348902506746
  ],
  [
   688.6200310469138,
   227.41562665896583
  ],
  [
   972.5245271826183,
   948.4666327012293
  ],
  [
   826.5799917426476,
   178.905634687783
  ],
  [
   516.868132516804,
   29.475472817381732
  ],
  [
   490.52843664879964,
   393.55980988482685
  ],
  [
   830.9888124439949,
   629.9317638170825
  ],
  [
   144.086698614871,
   454.7795390086399
  ],
  [
   550.4574055701124,
   420.2281421717238
  ],
  [
   874.8157406241497,
   845.4834804017877
  ],
  [
   640.744566116214,
   929.6258082427919
  ],
  [
   432.4917989903109,
   29.475472817381732
  ],
  [
   653.1559577445785,
   404.77368432760824
  ],
  [
   703.3232881179929,
   812.174964270289
  ],
  [
   240.31829260471335,
   757.615815490639
  ],
  [
   915.5735816960117,
   29.475472817381732
  ],
  [
   158.15785257977967,
   152.88394950340432
  ],
  [
   60.2299249588053,
   618.3119127771939
  ],
  [
   29.475472817381732,
   857.5535084156354
  ],
  [
   86.52101233110713,
   481.28326192145437
  ],
  [
   281.9024251738258,
   69.30718913567397
  ],
  [
   864.4096561929128,
   343.9081320510443
  ],
  [
   162.23262342890098,
   398.3666899143402
  ],
  [
   349.6252897616251,
   779.2536896902649
  ],
  [
   352.7851540657465,
   972.5245271826183
  ],
  [
   397.0258891592492,
   895.0993667340078
  ],
  [
   868.4469254685218,
   85.63908736651159
  ],
  [
   896.775976669166,
   256.83931514803294
  ],
  [
   424.2680128564319,
   263.3570239207902
  ],
  [
   630.7700669419332,
   29.475472817381732
  ],
  [
   538.2263181574575,
   811.5791936082163
  ],
  [
   128.8104366392206,
   283.87275808071456
  ],
  [
   878.7960541058833,
   202.72543543453642
  ],
  [
   839.5276236008611,
   248.71903408885672
  ],
  [
   877.7919849444144,
   507.8711562966498
  ],
  [
   768.8106095517738,
   678.7724349617645
  ],
  [
   560.186834662599,
   747.5067926729067
  ],
  [
   928.5476296780367,
   472.9318263588151
  ],
  [
   898.4377069270004,
   752.3951130291842
  ],
  [
   762.3348535114011,
   527.1725355842283
  ],
  [
   29.475472817381732,
   972.5245271826183
  ],
  [
   744.7005323062978,
   29.475472817381732
  ],
  [
   562.6868763395452,
   863.0617245677144
  ],
  [
   237.5470868137562,
   824.1623188957117
  ],
  [
   180.89508534879334,
   206.5324292383353
  ],
  [
   317.55887948782646,
   420.2875862381014
  ],
  [
   666.9306627456007,
   688.4292814928945
  ],
  [
   681.2235804369188,
   603.1500007569489
  ],
  [
   88.84069529442152,
   913.183282381506
  ],
  [
   353.7652957660311,
   696.4295388055433
  ],
  [
   739.6221682257061,
   256.276448911684
  ],
  [
   687.9850680975892,
   128.1566417971569
  ],
  [
   926.7237472548701,
   820.395100375925
  ],
  [
   323.39512658294547,
   29.475472817381732
  ],
  [
   158.058613992183,
   525.1743702684768
  ],
  [
   760.0645046844625,
   322.73844992452376
  ],
  [
   441.4542175613133,
   207.92952170406846
  ],
  [
   223.80878801965855,
   266.08121112510895
  ],
  [
   347.53505394160896,
   271.2147636745016
  ],
  [
   807.7158617879326,
   355.9600348737248
  ],
  [
   972.5245271826183,
   180.7626317151042
  ],
  [
   468.56972524164854,
   972.5245271826183
  ],
  [
   45.15915454492303,
   168.5832065098585
  ],
  [
   29.475472817381732,
   467.6448044885039
  ],
  [
   928.7316229877861,
   85.1402934248708
  ],
  [
   348.8719326895564,
   856.4633200993248
  ],
  [
   548.9637565621639,
   688.2134384800117
  ],
  [
   125.96595536864919,
   29.475472817381732
  ],
  [
   139.9214286057167,
   90.03034710426009
  ],
  [
   531.3130971339854,
   493.5178092730292
  ],
  [
   819.1346410417729,
   122.34349851851722
  ],
  [
   770.3391307186947,
   742.9613876806181
  ],
  [
   29.475472817381732,
   799.7406547031063
  ],
  [
   712.309694623934,
   472.5585196441169
  ],
  [
   480.48720591563176,
   822.58803033527
  ],
  [
   426.894478145924,
   149.05353542321552
  ],
  [
   972.5245271826183,
   237.7899436149328
  ],
  [
   573.8190788732676,
   29.475472817381732
  ],
  [
   809.5831570344897,
   415.3819767100529
  ],
  [
   87.19445671087615,
   558.9344750977695
  ],
  [
   279.51153244605575,
   337.327871404709
  ],
  [
   29.475472817381732,
   546.2563724247536
  ],
  [
   526.3537249145852,
   972.5245271826183
  ],
  [
   35.523548130359316,
   670.9941298685272
  ],
  [
   546.8452661443455,
   143.16818020729397
  ],
  [
   448.32387428755374,
   775.1866460155561
  ],
  [
   113.31141126287747,
   716.8819692418496
  ],
  [
   183.86818206069927,
   742.4045691576865
  ],
  [
   78.21439794194843,
   255.67246380887224
  ],
  [
   904.7040426010653,
   561.6300001462971
  ],
  [
   756.7590526641967,
   972.5245271826183
  ],
  [
   498.0701779406036,
   192.57209467564465
  ],
  [
   668.4741272379179,
   529.7147051930068
  ],
  [
   501.7174100671166,
   753.7252622958067
  ],
  [
   538.4925186053266,
   362.40594714056147
  ],
  [
   579.968498370619,
   925.5510859679057
  ],
  [
   415.9511324273832,
   649.0845731412439
  ],
  [
   301.6802840996599,
   818.5536486731885
  ],
  [
   487.1300662844381,
   130.60624339960398
  ],
  [
   419.3584634344199,
   497.15182066417356
  ],
  [
