{
 "Object_Radius": 25.886793470347026,
 "Object_Shape": "disc",
 "Workspace_Density": 0.4,
 "Workspace_Height": 1000,
 "Workspace_Width": 1000,
 "number_of_objects": 190,
 "point_list": [
  [
   769.8745101324286,
   314.5250370589784
  ],
  [
   511.02296427138646,
   465.6281615904253
  ],
  [
   289.63691959281766,
   159.7759123275596
  ],
  [
   496.80221331414174,
   943.0020492038902
  ],
  [
   29.475472817381732,
   351.775238582255
  ],
  [
   145.81820236454243,
   350.901142196595
  ],
  [
   895.5837703297176,
   29.475472817381732
  ],
  [
   701.3600246022952,
   545.0841206255918
  ],
  [
   582.2898817668887,
   749.1488919892615
  ],
  [
   755.049097133077,
   572.2687006824615
  ],
  [
   867.4358553609338,
   161.72715338372547
  ],
  [
   618.6482497184063,
   322.5260026623185
  ],
  [
   135.41764626061368,
   735.7835629762318
  ],
  [
   322.0820741594833,
   29.475472817381732
  ],
  [
   972.5245271826183,
   857.1296921204527
  ],
  [
   891.6294886879564,
   962.0742024170326
  ],
  [
   903.1753055959199,
   452.85149469879104
  ],
  [
   408.34891639329413,
   410.0262357302037
  ],
  [
   649.9256502244242,
   906.2085651382387
  ],
  [
   89.3827242986078,
   770.0225542801202
  ],
  [
   917.3377574703712,
   196.6464622886256
  ],
  [
   616.6194175668319,
   29.475472817381732
  ],
  [
   261.016113981733,
   416.77134177816276
  ],
  [
   739.6470070757206,
   435.75269050889614
  ],
  [
   972.5245271826183,
   742.4341877147652
  ],
  [
   913.3979416147557,
   531.0197347220012
  ],
  [
   380.32493034196926,
   29.475472817381732
  ],
  [
   569.7190051480366,
   293.3644477664566
  ],
  [
   698.8901360657393,
   393.7165491512384
  ],
  [
   194.03526248716366,
   972.5245271826183
  ],
  [
   802.8006157396107,
   541.102583502458
  ],
  [
   133.115822655718,
   972.5245271826183
  ],
  [
   582.5560949629366,
   575.2363827697969
  ],
  [
   739.2647990395382,
   780.0133057817405
  ],
  [
   237.17101807976823,
   29.475472817381732
  ],
  [
   418.78079371902163,
   298.2652044871825
  ],
  [
   319.68500154168254,
   347.2926732905363
  ],
  [
   884.9809038885065,
   580.3743917426256
  ],
  [
   782.2204391246449,
   849.7155614493078
  ],
  [
   29.475472817381732,
   117.43585556264894
  ],
  [
   147.31821069675433,
   124.05897345386063
  ],
  [
   209.40530540242617,
   736.9626478215055
  ],
  [
   515.4858515324281,
   236.9821817357116
  ],
  [
   270.8340171302821,
   651.6136288592202
  ],
  [
   156.97739213244398,
   607.8177930535586
  ],
  [
   291.9115572347292,
   884.4227579015834
  ],
  [
   972.5245271826183,
   914.5146906179607
  ],
  [
   568.3370383265764,
   953.0662181166882
  ],
  [
   317.46160978102495,
   284.99170886555896
  ],
  [
   641.5588790327411,
   558.1577758934991
  ],
  [
   598.7215212863244,
   520.5457579616008
  ],
  [
   345.50926630051924,
   739.2904595173266
  ],
  [
   282.6126782038001,
   79.42618382881564
  ],
  [
   387.7495089062198,
   352.41768530851556
  ],
  [
   462.0356483089012,
   431.6328000452751
  ],
  [
   911.3504218179733,
   899.6550579794732
  ],
  [
   165.71966392888345,
   551.4397087105468
  ],
  [
   354.7989256104426,
   489.5400680571566
  ],
  [
   315.8276146156424,
   603.886985870563
  ],
  [
   714.4578778681781,
   214.1903399514031
  ],
  [
   652.7120347137359,
   114.81626475760866
  ],
  [
   648.2809840688026,
   488.7012539586265
  ],
  [
   972.5245271826183,
   508.9740210651883
  ],
  [
   381.92652862974757,
   191.22304266224523
  ],
  [
   29.475472817381732,
   486.8990320034164
  ],
  [
   460.4262155183833,
   754.9848610061892
  ],
  [
   441.35234829574745,
   244.4255042346704
  ],
  [
   686.5093766137323,
   972.5245271826183
  ],
  [
   834.6398290523861,
   787.5209608141902
  ],
  [
   542.9729366743451,
   901.9308828628593
  ],
  [
   460.2295994722534,
   367.6666096612278
  ],
  [
   733.8445383739156,
   715.8343341745934
  ],
  [
   677.8694023064854,
   339.35433747347713
  ],
  [
   474.09046716816937,
   818.8801295302565
  ],
  [
   269.846018965227,
   769.2209638970577
  ],
  [
   258.7790965712094,
   343.20032667194465
  ],
  [
   972.5245271826183,
   62.23436491935227
  ],
  [
   719.9730885175283,
   490.61304839204814
  ],
  [
   29.475472817381732,
   704.1768852323331
  ],
  [
   90.39365927918816,
   642.2159290222895
  ],
  [
   843.4882997332917,
   725.138770016491
  ],
  [
   45.94843988743027,
   818.1931784979508
  ],
  [
   78.65662985963915,
   531.8093265301654
  ],
  [
   801.9282336343955,
   124.09285371019361
  ],
  [
   526.3770104816512,
   410.6420165668329
  ],
  [
   701.7514145396435,
   29.475472817381732
  ],
  [
   509.45019699442514,
   29.475472817381732
  ],
  [
   644.7944822976349,
   656.0820039668702
  ],
  [
   652.0927890392411,
   228.61718163787927
  ],
  [
   912.1838045414071,
   729.7553373639786
  ],
  [
   761.9076735607609,
   81.3364027867787
  ],
  [
   254.46073258842893,
   274.02483307615563
  ],
  [
   122.76222868773122,
   60.67068266759995
  ],
  [
   837.9841273067846,
   456.4314560821841
  ],
  [
   913.6319506941991,
   317.5745723456169
  ],
  [
   427.1086605293701,
   885.5871147313815
  ],
  [
   463.3596627404132,
   190.00483645434065
  ],
  [
   347.76850500151744,
   842.4707773017678
  ],
  [
   233.36154151181788,
   881.6496984492645
  ],
  [
   48.128183513222254,
   206.71020102539856
  ],
  [
   29.475472817381732,
   874.6636157563108
  ],
  [
   475.50863779007864,
   87.73716138710247
  ],
  [
   98.05362214803985,
   245.65475383481117
  ],
  [
   280.8813051589877,
   472.25329314582893
  ],
  [
   912.9487080185019,
   839.4844094470429
  ],
  [
   485.873624254405,
   878.9629254618161
  ],
  [
   563.9947135760818,
   360.79397309831324
  ],
  [
   477.0618779929439,
   513.7372665564008
  ],
  [
   152.39736776222932,
   791.6018089738017
  ],
  [
   87.76815460901996,
   358.4156510324424
  ],
  [
   972.5245271826183,
   685.4820432664789
  ],
  [
   250.39412846198022,
   942.5150748353421
  ],
  [
   857.1083655917129,
   870.2125087806354
  ],
  [
   891.592499356648,
   785.5839966389359
  ],
  [
   833.2912514462738,
   972.5245271826183
  ],
  [
   567.9093713323063,
   469.95107859215784
  ],
  [
   287.15704443314434,
   827.0999067346418
  ],
  [
   151.84734173009824,
   482.59336469692175
  ],
  [
   416.8935182575399,
   471.1814774941288
  ],
  [
   854.8377921330853,
   327.2535181628306
  ],
  [
   198.75039121578325,
   830.3357863227974
  ],
  [
   487.8068898751705,
   594.642235622477
  ],
  [
   97.64598186801136,
   585.5767827811695
  ],
  [
   70.13803647300143,
   972.5245271826183
  ],
  [
   402.91232210432776,
   607.6856014274264
  ],
  [
   972.5245271826183,
   322.3103324399069
  ],
  [
   420.9939108246629,
   551.7464493337144
  ],
  [
   718.6951484787653,
   618.6476184325534
  ],
  [
   627.1044985928484,
   378.8462361729485
  ],
  [
   623.1513205075141,
   972.5245271826183
  ],
  [
   700.2502740170478,
   286.4827569277827
  ],
  [
   114.2480597762925,
   412.3543158119155
  ],
  [
   144.81562596070196,
   848.8025404436235
  ],
  [
   868.8341525252476,
   402.30588744843885
  ],
  [
   225.12929947273972,
   114.09479152286703
  ],
  [
   587.4562829708592,
   633.6868461088831
  ],
  [
   29.475472817381732,
   643.8827199603244
  ],
  [
   872.7735123343341,
   636.0016314802608
  ],
  [
   577.4281863821035,
   806.9516051360088
  ],
  [
   917.2681142945091,
   671.5501223914698
  ],
  [
   290.9252392909268,
   532.2259018648751
  ],
  [
   489.38334792940196,
   313.9540115182126
  ],
  [
   639.6751900523151,
   787.8673818744373
  ],
  [
   509.73146701055487,
   651.7562417422721
  ],
  [
   70.79103101724453,
   913.9721676814876
  ],
  [
   945.7476034501552,
   113.68456547156813
  ],
  [
   325.6478740995197,
   409.5041529689413
  ],
  [
   29.475472817381732,
   29.475472817381732
  ],
  [
   506.99512406121056,
   148.42953883361278
