{
 "Object_Radius": 25.886793470347026,
 "Object_Shape": "disc",
 "Workspace_Density": 0.4,
 "Workspace_Height": 1000,
 "Workspace_Width": 1000,
 "number_of_objects": 190,
 "point_list": [
  [
   875.9930589576679,
   392.3696560867511
  ],
  [
   813.5403375646188,
   148.8212929131325
  ],
  [
   972.5245271826183,
   876.3043345070625
  ],
  [
   213.5807616514422,
   29.475472817381732
  ],
  [
   300.64936012614567,
   972.5245271826183
  ],
  [
   319.98402710915474,
   734.5958339104046
  ],
  [
   685.5921321197903,
   152.0330515889194
  ],
  [
   29.475472817381732,
   596.6297430178003
  ],
  [
   918.9764252823977,
   429.7324259686796
  ],
  [
   770.9940402441017,
   359.8387190344001
  ],
  [
   758.355377044766,
   574.3370013267875
  ],
  [
   144.28072251076395,
   402.2480478615316
  ],
  [
   972.5245271826183,
   797.3137128912145
  ],
  [
   29.475472817381732,
   897.8619963324024
  ],
  [
   155.70126697012387,
   912.0135865372482
  ],
  [
   952.6969131842791,
   307.24437692950465
  ],
  [
   438.1744415781826,
   777.7757147372992
  ],
  [
   666.5576241845386,
   604.4065796481965
  ],
  [
   792.5433596047017,
   627.7271638888068
  ],
  [
   718.3177434577502,
   381.8019225098108
  ],
  [
   148.70544385791626,
   281.46396573230913
  ],
  [
   748.124807805708,
   741.8770588849885
  ],
  [
   530.9372770505516,
   635.9455937268277
  ],
  [
   306.71648324723,
   595.5412795679943
  ],
  [
   257.1679560773673,
   224.10257329284616
  ],
  [
   453.4993933464305,
   283.2933798682393
  ],
  [
   972.5245271826183,
   506.4521063985057
  ],
  [
   393.89436257286326,
   920.9990997749632
  ],
  [
   913.2477930569071,
   664.501444570423
  ],
  [
   602.7842280205479,
   639.038929216256
  ],
  [
   387.35904279143966,
   29.475472817381732
  ],
  [
   972.5245271826183,
   679.9351225458007
  ],
  [
   632.4002564406746,
   972.5245271826183
  ],
  [
   395.38972487184014,
   451.04787622306367
  ],
  [
   858.808713596047,
   87.30592784826727
  ],
  [
   626.6168048807984,
   767.3410808098354
  ],
  [
   827.8089751928749,
   582.364861586465
  ],
  [
   548.9150477085024,
   833.4140488102894
  ],
  [
   360.8724263909512,
   218.69679043080552
  ],
  [
   313.9979702695915,
   797.845098051788
  ],
  [
   467.17470400791905,
   92.53613100795361
  ],
  [
   250.03734093376627,
   471.458422299246
  ],
  [
   350.5283758021871,
   504.5384281964415
  ],
  [
   90.9282933295516,
   734.254144813878
  ],
  [
   218.05184651439095,
   154.77183535194965
  ],
  [
   902.8247576096641,
   565.7660329039219
  ],
  [
   241.58821473151554,
   621.5101496630999
  ],
  [
   718.4568916548453,
   628.1745956560264
  ],
  [
   442.0199654324519,
   534.2929825445455
  ],
  [
   558.7352477883097,
   205.15589074743417
  ],
  [
   29.475472817381732,
   149.27576488920346
  ],
  [
   617.0687032127217,
   833.1056697263791
  ],
  [
   438.9356027627645,
   972.5245271826183
  ],
  [
   972.5245271826183,
   449.1263412715668
  ],
  [
   922.3898335159781,
   972.5245271826183
  ],
  [
   109.76200850561105,
   110.97869990632124
  ],
  [
   55.60551571511291,
   90.24035849131451
  ],
  [
   819.0068618643489,
   390.8738272179003
  ],
  [
   812.9959310242159,
   477.0293943125193
  ],
  [
   582.3119491645458,
   704.6785303324514
  ],
  [
   140.22361370631927,
   470.97569365576146
  ],
  [
   565.6659623273667,
   29.475472817381732
  ],
  [
   513.0913901041914,
   972.5245271826183
  ],
  [
   171.5551220686245,
   972.5245271826183
  ],
  [
   715.266913845186,
   447.3985131557046
  ],
  [
   255.80687097324284,
   768.7148450970553
  ],
  [
   293.3557063221442,
   684.0163728449277
  ],
  [
   167.60988319562762,
   702.2259779628056
  ],
  [
   180.9813750813874,
   205.7510764358817
  ],
  [
   379.7794143090344,
   788.7020160835292
  ],
  [
   152.1320896294319,
   600.7992556471905
  ],
  [
   335.77602520823376,
   378.121450527758
  ],
  [
   576.341163724343,
   515.6467188342613
  ],
  [
   387.5009395222612,
   167.42724011609815
  ],
  [
   121.62841803919453,
   863.4414173503222
  ],
  [
   762.870913332546,
   516.825899482779
  ],
  [
   362.5064669106775,
   972.5245271826183
  ],
  [
   206.99483040918423,
   332.6255199982164
  ],
  [
   84.78188836544258,
   456.70699148715926
  ],
  [
   784.0036906448636,
   302.09474157600323
  ],
  [
   638.4561333328395,
   38.50571718867878
  ],
  [
   481.99077439273503,
   719.133540078163
  ],
  [
   286.9059781069747,
   92.05389508395015
  ],
  [
   689.6917725985026,
   972.5245271826183
  ],
  [
   534.0360115789131,
   426.39649618310295
  ],
  [
   696.8540660959253,
   209.27959340653447
  ],
  [
   972.5245271826183,
   179.38729200025966
  ],
  [
   705.9274637932501,
   29.475472817381732
  ],
  [
   83.9058249418207,
   396.9683280425541
  ],
  [
   970.8034453327267,
   29.475472817381732
  ],
  [
   908.4596307422977,
   721.4899093709346
  ],
  [
   882.9264083610666,
   474.64845341102756
  ],
  [
   699.5655009569768,
   685.3153858937936
  ],
  [
   972.5245271826183,
   739.1326381256207
  ],
  [
   29.475472817381732,
   537.1207570659973
  ],
  [
   583.7727159351924,
   150.63757609846692
  ],
  [
   82.3675719293286,
   677.5352566414942
  ],
  [
   691.8856654798982,
   840.8239057106844
  ],
  [
   828.1545068999129,
   847.0837491949419
  ],
  [
   857.1066351349663,
   528.3282683138145
  ],
  [
   867.1087133457303,
   954.7164409606331
  ],
  [
   750.2193203247575,
   967.3872862792946
  ],
  [
   860.1183855604768,
   283.2176273190811
  ],
  [
   170.40165587878388,
   759.2935459852133
  ],
  [
   353.40443709986175,
   87.23668420311432
  ],
  [
   74.02500578656024,
   789.8180059982585
  ],
  [
   329.5993582174146,
   29.475472817381732
  ],
  [
   814.9687617790886,
   248.49116150859516
  ],
  [
   451.41515165461016,
   474.5348190184991
  ],
  [
   193.72974243504842,
   438.51205051352326
  ],
  [
   837.3918456889562,
   335.8416956104161
  ],
  [
   792.7046932643347,
   29.475472817381732
  ],
  [
   92.38886716283743,
   340.60383977473737
  ],
  [
   555.3846619393224,
   100.06162113204716
  ],
  [
   407.8269940905056,
   654.3668148216806
  ],
  [
   772.5809648722268,
   428.1816272865868
  ],
  [
   193.2213506874847,
   561.3606189161877
  ],
  [
   264.59167062482925,
   325.0297362208844
  ],
  [
   375.9521326028368,
   274.309985701393
  ],
  [
   560.3614086371056,
   771.538826177723
  ],
  [
   29.475472817381732,
   714.1027475402043
  ],
  [
   134.92896017436183,
   655.5020790632374
  ],
  [
   29.475472817381732,
   656.331031699614
  ],
  [
   654.50824771527,
   439.5890254982357
  ],
  [
   504.96096050542224,
   311.22996565597987
  ],
  [
   509.3084920181971,
   134.29288225243914
  ],
  [
   805.4927330669083,
   722.4378275297205
  ],
  [
   923.3220956596845,
   828.2908516078408
  ],
  [
   753.2045155313614,
   142.26225195659364
  ],
  [
   233.3171488047831,
   972.5245271826183
  ],
  [
   234.13358337427294,
   715.8818886242458
  ],
  [
   31.146084017222567,
   347.92176252655474
  ],
  [
   972.5245271826183,
   564.4854906326341
  ],
  [
   856.3583316326681,
   685.7925865196856
  ],
  [
   334.10078661893334,
   141.71641865788757
  ],
  [
   689.4357854851472,
   751.5601166575804
  ],
  [
   612.8316064469833,
   277.58974714874756
  ],
  [
   914.8388684865866,
   899.2253202334344
  ],
  [
   236.73990606522452,
   384.4740102048383
  ],
  [
   868.2315091283272,
   804.9152505865849
  ],
  [
   436.8066770223149,
   872.7124608467274
  ],
  [
   896.4889316139403,
   330.40584781852414
  ],
  [
   972.5245271826183,
   253.85640668298345
  ],
  [
   519.243822351018,
   369.3041170828137
  ],
  [
   806.5200563117013,
   951.4016117777057
  ],
  [
   772.9909857325215,
   203.29589859517918
  ],
  [
   106.90649309198895,
   29.475472817381732
  ],
  [
   40.6739424570047,
   29.475472817381732
  ],
  [
   757.8938886451353,
   674.214450679181
  ],
  [
