{
 "Object_Radius": 25.886793470347026,
 "Object_Shape": "disc",
 "Workspace_Density": 0.4,
 "Workspace_Height": 1000,
 "Workspace_Width": 1000,
 "number_of_objects": 190,
 "point_list": [
  [
   371.941391984547,
   543.2405226451359
  ],
  [
   123.39482384428378,
   765.9025188291998
  ],
  [
   418.8199715656943,
   805.468495439004
  ],
  [
   592.5649695193813,
   167.4141915341846
  ],
  [
   212.2203702238192,
   767.2485403220588
  ],
  [
   548.5614827569663,
   29.475472817381732
  ],
  [
   141.51362617719718,
   972.5245271826183
  ],
  [
   505.52994262491404,
   87.15327951892985
  ],
  [
   212.0883172441192,
   408.6824819509135
  ],
  [
   200.12569357079656,
   972.5245271826183
  ],
  [
   930.678417276487,
   138.47085537237746
  ],
  [
   541.8131982361971,
   534.3416028953117
  ],
  [
   147.74853404079434,
   501.8807773566668
  ],
  [
   55.8262016228964,
   808.3729656302619
  ],
  [
   437.3935210698656,
   678.9030101952337
  ],
  [
   630.9520382186162,
   754.5569650684819
  ],
  [
   149.22793319031638,
   149.38077964307914
  ],
  [
   742.6896113536756,
   972.5245271826183
  ],
  [
   345.269810923204,
   388.0621330737897
  ],
  [
   596.3729413526833,
   847.1796575726469
  ],
  [
   359.0182506129567,
   753.1255095814921
  ],
  [
   29.475472817381732,
   143.5624396057377
  ],
  [
   717.6604029883398,
   618.0482176886625
  ],
  [
   114.62329289052916,
   402.06508388414807
  ],
  [
   72.05166580999442,
   972.5245271826183
  ],
  [
   556.0455444294925,
   467.9540182351038
  ],
  [
   420.90682303808165,
   484.78333771343915
  ],
  [
   540.0231200396635,
   641.317602095537
  ],
  [
   460.2609057240776,
   626.2054588257131
  ],
  [
   727.4190344834482,
   834.0081716693485
  ],
  [
   479.0213953700637,
   326.46892733558866
  ],
  [
   225.2404594247917,
   138.2102767591739
  ],
  [
   422.9349376756423,
   579.722578638414
  ],
  [
   29.475472817381732,
   521.2887507658202
  ],
  [
   182.77556865449358,
   620.9789234931118
  ],
  [
   652.0689834728748,
   550.8591717566351
  ],
  [
   516.2592042300892,
   369.58372189489796
  ],
  [
   516.147307597199,
   856.4161735159859
  ],
  [
   890.107529852099,
   567.9192535456355
  ],
  [
   803.1436822270052,
   149.27417828959378
  ],
  [
   364.49904667883106,
   972.5245271826183
  ],
  [
   29.475472817381732,
   699.3182982677926
  ],
  [
   645.2093001759047,
   193.25371132881278
  ],
  [
   286.14364357596327,
   496.13833970650717
  ],
  [
   400.79197553115176,
   361.17711328792905
  ],
  [
   972.5245271826183,
   99.62586061534277
  ],
  [
   967.2716710061615,
   664.8849379624714
  ],
  [
   100.56953139662744,
   460.11843537839803
  ],
  [
   358.1240067688029,
   89.35593091202755
  ],
  [
   600.5652647833123,
   100.01562004021534
  ],
  [
   597.8182425697231,
   515.9391535338029
  ],
  [
   65.79561986808618,
   359.73907890912915
  ],
  [
   972.5245271826183,
   583.7486400749533
  ],
  [
   423.11796240832757,
   972.5245271826183
  ],
  [
   225.1063243572634,
   496.03418253308985
  ],
  [
   874.321946852111,
   484.5562700073939
  ],
  [
   799.84476007603,
   527.579036556125
  ],
  [
   369.068443140614,
   299.68997106163164
  ],
  [
   566.300850820977,
   396.7950948111562
  ],
  [
   119.71320993830204,
   867.621831570193
  ],
  [
   824.0549458659191,
   610.3938096262866
  ],
  [
   660.2024524119072,
   663.3075229793075
  ],
  [
   385.0405766926855,
   876.8536043735697
  ],
  [
   464.7682798366366,
   536.6423373677022
  ],
  [
   686.1135205398625,
   275.3875589680818
  ],
  [
   746.200790647683,
   161.5393381583305
  ],
  [
   265.8312676183619,
   373.62366888020404
  ],
  [
   672.477822346672,
   29.475472817381732
  ],
  [
   257.27243200603266,
   809.0791257897251
  ],
  [
   334.5582319079027,
   222.3180160412629
  ],
  [
   461.26584269106803,
   429.58104333989615
  ],
  [
   857.2812392570454,
   920.1922434187992
  ],
  [
   263.7901574087904,
   29.475472817381732
  ],
  [
   29.475472817381732,
   403.6996518976446
  ],
  [
   155.5533948314543,
   87.41190819612088
  ],
  [
   385.30701656192144,
   193.40967719113294
  ],
  [
   162.78528359444869,
   242.6052178440731
  ],
  [
   617.3649555846331,
   422.0122972200612
  ],
  [
   543.9442848772974,
   137.14160393971687
  ],
  [
   600.4877389196201,
   234.04903001556772
  ],
  [
   750.7444325398953,
   29.475472817381732
  ],
  [
   154.18791217701647,
   818.8733414345055
  ],
  [
   29.475472817381732,
   86.5455779309518
  ],
  [
   242.55726528414837,
   630.2289972186455
  ],
  [
   538.3010323717089,
   803.89123936752
  ],
  [
   83.6159177879169,
   104.86960439530917
  ],
  [
   491.6053153359481,
   29.475472817381732
  ],
  [
   825.8070252096355,
   972.5245271826183
  ],
  [
   972.5245271826183,
   385.24400448758166
  ],
  [
   972.5245271826183,
   817.2029640259633
  ],
  [
   798.5455799278882,
   797.3651659922797
  ],
  [
   612.7202681912521,
   29.475472817381732
  ],
  [
   29.475472817381732,
   460.7423401659018
  ],
  [
   972.5245271826183,
   322.483070587752
  ],
  [
   972.5245271826183,
   187.01324401076226
  ],
  [
   129.29513930413,
   582.8989034511704
  ],
  [
   29.475472817381732,
   200.57354570170904
  ],
  [
   217.59188245249413,
   262.9211890206498
  ],
  [
   404.21616925405465,
   428.19512303258966
  ],
  [
   469.55341445290514,
   270.2492093999783
  ],
  [
   29.475472817381732,
   859.356050759319
  ],
  [
   29.475472817381732,
   314.8371139144112
  ],
  [
   805.625670287727,
   86.61516330469132
  ],
  [
   306.43067303570166,
   560.7673680562356
  ],
  [
   120.58938196690542,
   341.85088352526833
  ],
  [
   91.6818195055931,
   634.1349565686413
  ],
  [
   706.2570143898104,
   898.6369145891771
  ],
  [
   851.9183355272044,
   288.0290199092827
  ],
  [
   965.7676895284186,
   461.3963043754189
  ],
  [
   274.2884879549995,
   686.8532172254415
  ],
  [
   206.29614185291945,
   29.475472817381732
  ],
  [
   972.5245271826183,
   247.30703399158708
  ],
  [
   195.22441849550364,
   549.2136837287962
  ],
  [
   547.8829932034294,
   955.947315035325
  ],
  [
   95.5525441780335,
   221.09371008663425
  ],
  [
   889.7582432733827,
   425.8544403150437
  ],
  [
   972.2474358793444,
   972.5245271826183
  ],
  [
   91.79863649070728,
   917.4715608419518
  ],
  [
   416.4025875340102,
   736.8430511152499
  ],
  [
   602.633225435105,
   673.8969224472007
  ],
  [
   752.6387468666919,
   565.442039937143
  ],
  [
   878.0767489371564,
   162.15351954705855
  ],
  [
   336.11306096138844,
   669.0326922122746
  ],
  [
   488.03482518520906,
   215.3689987871199
  ],
  [
   377.69986870485786,
   29.475472817381732
  ],
  [
   970.5191066294061,
   914.5054454002346
  ],
  [
   91.73021023910059,
   29.475472817381732
  ],
  [
   683.0152798411282,
   727.1564545340135
  ],
  [
   561.1975767212025,
   751.6636425311183
  ],
  [
   797.8969704365206,
   207.982891591572
  ],
  [
   403.541150967371,
   138.17658053096162
  ],
  [
   875.2304786400076,
   51.54470354477179
  ],
  [
   320.7489238768921,
   29.475472817381732
  ],
  [
   296.4452875820781,
   851.0504505154446
  ],
  [
   175.73732388397585,
   364.40453735843187
  ],
  [
   766.8624312574983,
   886.0388200739143
  ],
  [
   478.2578985750293,
   780.7863038916784
  ],
  [
   300.32692099656276,
   622.7205645069871
  ],
  [
   641.9014594913559,
   311.59253492312183
  ],
  [
   248.9510022041594,
   571.911175998665
  ],
  [
   894.3158479049742,
   851.1345504193097
  ],
  [
   827.8723435907785,
   416.3093326178557
  ],
  [
   497.23681101833444,
   913.2541920749713
  ],
  [
   148.93155576696918,
   29.475472817381732
  ],
  [
   262.43790768297373,
   90.3489169395017
  ],
  [
   289.44850589166344,
   150.80351294537465
  ],
  [
   94.0196313074037,
   285.3587523104485
  ],
  [
   700.9866739311327,
   111.51908840958008
  ],
  [
   209.77101343135914,
   864.9109358120119
  ],
  [
