{
 "Object_Radius": 25.886793470347026,
 "Object_Shape": "disc",
 "Workspace_Density": 0.4,
 "Workspace_Height": 1000,
 "Workspace_Width": 1000,
 "number_of_objects": 190,
 "point_list": [
  [
   907.2017397365429,
   972.5245271826183
  ],
  [
   705.087963383499,
   367.2457998442068
  ],
  [
   270.5847694576976,
   628.2865955530627
  ],
  [
   134.63978636124767,
   75.94999894639969
  ],
  [
   227.24078218031514,
   117.95446456657213
  ],
  [
   972.5245271826183,
   737.4774468167453
  ],
  [
   184.8828041342623,
   903.0306439264898
  ],
  [
   142.35444535740314,
   180.07811375303828
  ],
  [
   914.0493106365169,
   72.493784309007
  ],
  [
   323.578369940042,
   521.8561161684004
  ],
  [
   972.5245271826183,
   796.8115769084885
  ],
  [
   549.9546276819322,
   436.32567810490366
  ],
  [
   151.65643901942963,
   355.58453702980864
  ],
  [
   482.211754129019,
   408.5584216516752
  ],
  [
   352.81661629974263,
   29.475472817381732
  ],
  [
   419.6274956606361,
   281.20996876709177
  ],
  [
   531.3277928718336,
   327.8487138862764
  ],
  [
   972.5245271826183,
   63.93700580404049
  ],
  [
   520.0909870093188,
   926.3238489666761
  ],
  [
   134.8780248499586,
   855.0226908204986
  ],
  [
   373.57147550935724,
   824.668273586687
  ],
  [
   247.59809976221456,
   972.5245271826183
  ],
  [
   167.10901957639183,
   768.8541215422721
  ],
  [
   86.46735331385648,
   660.5805893092993
  ],
  [
   792.5477887570331,
   333.91029753939006
  ],
  [
   698.0626052988806,
   718.0012189567134
  ],
  [
   734.9678119719913,
   644.6381752738982
  ],
  [
   29.475472817381732,
   731.9147360911513
  ],
  [
   236.57573378922189,
   29.475472817381732
  ],
  [
   648.7960965035951,
   915.7196875886732
  ],
  [
   506.40243896977313,
   590.2726134599949
  ],
  [
   856.1135878108065,
   87.35802636066161
  ],
  [
   272.30893255250885,
   83.04576486920075
  ],
  [
   472.5000989894567,
   645.4161128917893
  ],
  [
   877.4887530098631,
   479.6233459678315
  ],
  [
   441.8718111545515,
   718.6599897110491
  ],
  [
   249.9887611488662,
   702.6093028056752
  ],
  [
   286.7799489651211,
   326.0087780187716
  ],
  [
   353.3220244081151,
   718.7395388619773
  ],
  [
   192.06936934209654,
   65.55461226985868
  ],
  [
   415.7100094877963,
   654.7221669962279
  ],
  [
   283.2365427049746,
   226.8638666286063
  ],
  [
   357.8751500189064,
   476.33910073717357
  ],
  [
   693.59974807929,
   233.88672923094447
  ],
  [
   427.521822567676,
   150.1106951738325
  ],
  [
   550.637652974251,
   237.63135994365177
  ],
  [
   313.1010729616063,
   275.4301469967174
  ],
  [
   646.699589307183,
   688.5979185165728
  ],
  [
   261.1251373868193,
   776.6361837089473
  ],
  [
   335.0264102039691,
   370.45650177347466
  ],
  [
   612.0118929303467,
   29.475472817381732
  ],
  [
   166.8989277579058,
   410.6625816180257
  ],
  [
   558.4889177724541,
   884.1589043957025
  ],
  [
   95.98975432670365,
   502.4694986866382
  ],
  [
   77.49326535571117,
   886.6889319952542
  ],
  [
   928.2192606812434,
   514.4175532838761
  ],
  [
   836.8573434973741,
   373.84689818455684
  ],
  [
   795.596567083014,
   851.600162051253
  ],
  [
   795.2453329922638,
   925.4067296102102
  ],
  [
   373.40053808706944,
   549.4458127125025
  ],
  [
   650.5987773453505,
   336.92953559072504
  ],
  [
   604.1092104552115,
   519.1419599972521
  ],
  [
   867.6683659349203,
   536.8157927920529
  ],
  [
   168.68123735282865,
   231.72591689362747
  ],
  [
   247.65986140452569,
   284.45682223836036
  ],
  [
   388.3788772992155,
   350.2569304233179
  ],
  [
   700.9487940478205,
   83.27414522874642
  ],
  [
   197.94992218556328,
   661.9698451516228
  ],
  [
   659.7883772771138,
   834.901040813972
  ],
  [
   860.4573320398447,
   152.7724147093165
  ],
  [
   673.7914330370787,
   617.3967455039041
  ],
  [
   396.97594263867427,
   900.6961110950648
  ],
  [
   225.98913348575468,
   229.50831051712674
  ],
  [
   447.6393250521322,
   230.7732336656994
  ],
  [
   920.2845304695737,
   143.93654930148594
  ],
  [
   660.9628385848888,
   523.6743235007793
  ],
  [
   675.2923255641355,
   770.9666703079047
  ],
  [
   466.5346519550739,
   91.02942935881048
  ],
  [
   549.5444035847453,
   497.12009778231965
  ],
  [
   29.475472817381732,
   660.2313839031954
  ],
  [
   127.67164999379717,
   915.9072353284045
  ],
  [
   819.3440192105211,
   277.4930918332338
  ],
  [
   409.72112723282197,
   505.579804507889
  ],
  [
   497.01839723609777,
   464.97566955229166
  ],
  [
   598.4725057544844,
   404.54311563363166
  ],
  [
   303.40529875591204,
   961.1681886397216
  ],
  [
   427.3282813952495,
   392.0208594928916
  ],
  [
   165.69698220158972,
   501.15594858325807
  ],
  [
   29.475472817381732,
   850.3480191167125
  ],
  [
   407.05597733305433,
   446.3833262930935
  ],
  [
   731.355615610949,
   419.6259058101133
  ],
  [
   565.8301535448467,
   561.9556582182663
  ],
  [
   343.58733273469267,
   775.9383469002446
  ],
  [
   329.3066363662743,
   593.9502079565505
  ],
  [
   279.57559385324356,
   383.47918686471434
  ],
  [
   410.7924585032046,
   770.0822586959816
  ],
  [
   582.5627246335031,
   832.4272920938565
  ],
  [
   341.6809310917471,
   875.2043669670314
  ],
  [
   760.0910332846827,
   116.6710442069315
  ],
  [
   558.8353461178746,
   720.6715828896572
  ],
  [
   804.2239959740549,
   768.1663410135047
  ],
  [
   167.59377906386996,
   128.60304817860595
  ],
  [
   732.3140833649688,
   764.1615053293323
  ],
  [
   318.52482828167604,
   429.8899707530054
  ],
  [
   800.6468933537934,
   29.475472817381732
  ],
  [
   214.05583985379965,
   173.62849004420323
  ],
  [
   140.63794046616866,
   552.4265898067474
  ],
  [
   443.76166787385193,
   552.2267230791327
  ],
  [
   529.1799928170326,
   87.30153623985693
  ],
  [
   599.0105104026777,
   267.7577893472296
  ],
  [
   553.9592748081963,
   782.2378514657912
  ],
  [
   717.209048839087,
   509.5978368512401
  ],
  [
   497.8409696895642,
   259.0093640096243
  ],
  [
   756.448693440845,
   289.16473893501495
  ],
  [
   389.2823646397464,
   86.13652432629706
  ],
  [
   611.8147485851063,
   621.2732884864099
  ],
  [
   834.6091814314304,
   217.316431074244
  ],
  [
   790.10659711707,
   610.803676006186
  ],
  [
   68.11620856887983,
   362.8165634240283
  ],
  [
   492.92272479254865,
   523.4746779548865
  ],
  [
   972.5245271826183,
   189.62918080307298
  ],
  [
   106.15753886053425,
   972.5245271826183
  ],
  [
   47.95508969781027,
   428.75390108400364
  ],
  [
   222.37504337701935,
   376.34135943781695
  ],
  [
   296.5102142180525,
   835.4462642947285
  ],
  [
   711.5181035280685,
   931.0224226292763
  ],
  [
   451.5766363303267,
   917.3339141969188
  ],
  [
   589.6966736846523,
   326.6252910692984
  ],
  [
   492.0597008319361,
   183.45486006696146
  ],
  [
   943.7479317323855,
   413.7421298716933
  ],
  [
   659.4114726512628,
   417.8776684854224
  ],
  [
   130.0692359003709,
   456.469508083781
  ],
  [
   892.42888005036,
   386.64745477993085
  ],
  [
   29.475472817381732,
   487.85555461334354
  ],
  [
   219.48465115054032,
   554.1450962587619
  ],
  [
   855.5859108730061,
   934.0909739972334
  ],
  [
   751.8723050113526,
   227.1954300514544
  ],
  [
   972.5245271826183,
   672.6182997541914
  ],
  [
   107.142019136954,
   317.2409487898071
  ],
  [
   413.6820014874958,
   972.5245271826183
  ],
  [
   318.24341233757633,
   118.063463832637
  ],
  [
   359.1512345923385,
   944.1199670417677
  ],
  [
   29.475472817381732,
   261.7478856442176
  ],
  [
   223.30873800372757,
   494.50271719271745
  ],
  [
   107.58015631909609,
   403.9814082258319
  ],
  [
   884.995356368014,
   643.6334685831988
  ],
  [
   198.64106614060492,
   831.0034450120372
  ],
  [
   368.0326070904298,
   256.4278290284065
  ],
  [
   919.0279670762854,
   228.45089620040983
  ],
  [
