{
 "Object_Radius": 25.886793470347026,
 "Object_Shape": "disc",
 "Workspace_Density": 0.4,
 "Workspace_Height": 1000,
 "Workspace_Width": 1000,
 "number_of_objects": 190,
 "point_list": [
  [
   557.8557681372699,
   600.8628510796343
  ],
  [
   647.5415692564903,
   108.30813001957071
  ],
  [
   29.475472817381732,
   792.5508580248685
  ],
  [
   386.1258573034555,
   793.4350174027699
  ],
  [
   154.40696735508791,
   886.2025103791111
  ],
  [
   895.2448501586584,
   259.57498517970396
  ],
  [
   137.5370482687708,
   579.8564516287914
  ],
  [
   887.415947993947,
   764.3123596598605
  ],
  [
   302.0830473794852,
   560.7258027676606
  ],
  [
   227.59596196606884,
   652.9022808242489
  ],
  [
   87.20206996963807,
   29.475472817381732
  ],
  [
   136.46604852786135,
   832.1507127522768
  ],
  [
   53.91425883657067,
   178.50537392482565
  ],
  [
   107.82677371711044,
   654.3873623274271
  ],
  [
   412.3667956432948,
   636.6150318386975
  ],
  [
   191.82223314842838,
   790.5051225438561
  ],
  [
   550.2887111355905,
   29.475472817381732
  ],
  [
   842.8227818829556,
   234.4596856265112
  ],
  [
   29.475472817381732,
   965.3326332011563
  ],
  [
   718.5025232956572,
   116.90977401097663
  ],
  [
   968.8697926670491,
   710.1686950276729
  ],
  [
   86.2143761814718,
   742.9378760281093
  ],
  [
   830.5900134876659,
   755.7459603157054
  ],
  [
   498.6216565104674,
   616.9059149836888
  ],
  [
   922.2678948626012,
   364.9173872006379
  ],
  [
   509.24577787883703,
   384.0833350502378
  ],
  [
   329.5985463746943,
   64.6231796620184
  ],
  [
   911.9098494050166,
   578.9852697400763
  ],
  [
   732.2485696788885,
   302.7442673922454
  ],
  [
   402.4006384859433,
   729.1130903345326
  ],
  [
   29.475472817381732,
   735.2218837375868
  ],
  [
   133.27164273764603,
   775.092758912978
  ],
  [
   307.4505720836635,
   854.9548624736467
  ],
  [
   490.26662604805057,
   560.1225253707454
  ],
  [
   49.573928804798385,
   269.19550100451704
  ],
  [
   431.7176644096095,
   580.726669532792
  ],
  [
   739.5345460285687,
   408.75237490501735
  ],
  [
   29.475472817381732,
   330.8043437065643
  ],
  [
   847.0523877978495,
   818.6243232634865
  ],
  [
   616.5700695613932,
   609.249548790899
  ],
  [
   866.881670668988,
   541.4682096402181
  ],
  [
   635.7372311033571,
   208.87060504526508
  ],
  [
   535.1559557522007,
   146.07842029436836
  ],
  [
   787.2092971938868,
   29.475472817381732
  ],
  [
   29.475472817381732,
   908.1241609020293
  ],
  [
   874.5049617468204,
   449.65089624397916
  ],
  [
   29.475472817381732,
   29.475472817381732
  ],
  [
   286.66935973741226,
   205.35603902471496
  ],
  [
   341.08878964981886,
   226.00116231922917
  ],
  [
   172.35300963193205,
   255.58703838426285
  ],
  [
   785.5079496224682,
   605.5115788509216
  ],
  [
   621.2950454545894,
   278.39393392967963
  ],
  [
   108.80686323357375,
   920.3296767707994
  ],
  [
   682.2742584103291,
   397.7869937660449
  ],
  [
   198.20150215399786,
   847.1004347845344
  ],
  [
   632.5073186157674,
   29.475472817381732
  ],
  [
   628.8244396231671,
   374.8584178142872
  ],
  [
   643.9787738386017,
   442.435927622754
  ],
  [
   612.4652185804882,
   153.2515463693808
  ],
  [
   210.2108696279271,
   972.5245271826183
  ],
  [
   833.531405391698,
   352.3614259337059
  ],
  [
   266.95085708658974,
   737.209218101822
  ],
  [
   828.6771671159734,
   885.6283896433662
  ],
  [
   755.6279287894167,
   938.995321436304
  ],
  [
   972.5245271826183,
   489.767774623589
  ],
  [
   391.5754248087575,
   373.092509106015
  ],
  [
   84.08032316006421,
   809.3467496272181
  ],
  [
   488.58826950318957,
   301.0368281322947
  ],
  [
   657.7719198747612,
   738.8279267648239
  ],
  [
   649.4925931254942,
   561.8786730936971
  ],
  [
   299.11997026365066,
   450.766410383473
  ],
  [
   342.2487563509769,
   671.6686994489171
  ],
  [
   972.5245271826183,
   29.475472817381732
  ],
  [
   29.475472817381732,
   584.2564635043695
  ],
  [
   592.7615947750477,
   75.82146197944469
  ],
  [
   85.3981751556599,
   364.24622886356497
  ],
  [
   29.475472817381732,
   403.1317002802688
  ],
  [
   220.5948140211775,
   527.7245860119313
  ],
  [
   933.3510055305098,
   444.59834102891625
  ],
  [
   706.6693834294261,
   690.904025794484
  ],
  [
   89.43983252159939,
   542.6400639686619
  ],
  [
   972.5245271826183,
   401.72519612207367
  ],
  [
   618.9781090128525,
   891.1561857619239
  ],
  [
   520.602552121805,
   915.6982942425774
  ],
  [
   87.13854696578514,
   866.7676356722498
  ],
  [
   872.4265848505332,
   180.13738935378873
  ],
  [
   151.94832480430335,
   375.29524525826463
  ],
  [
   972.5245271826183,
   264.4997027221749
  ],
  [
   819.4133808912751,
   137.22116340742028
  ],
  [
   859.4906618098224,
   81.02897136628832
  ],
  [
   723.2954132420061,
   533.7645955564942
  ],
  [
   581.0002365847101,
   938.476039927998
  ],
  [
   281.55535440674504,
   677.7369034017227
  ],
  [
   85.97604680473721,
   972.5245271826183
  ],
  [
   158.3330336508373,
   682.5636116794822
  ],
  [
   328.93938306876464,
   924.8244501245629
  ],
  [
   900.4760530800761,
   634.9604830210826
  ],
  [
   549.660427763117,
   458.43504072152086
  ],
  [
   29.475472817381732,
   850.5932930322072
  ],
  [
   798.395994154903,
   420.1693388355806
  ],
  [
   250.6298754469347,
   794.7171655956839
  ],
  [
   722.4197174057103,
   41.40189506236308
  ],
  [
   29.475472817381732,
   527.2945760332203
  ],
  [
   613.2418257956442,
   494.25032862332387
  ],
  [
   972.5245271826183,
   790.6680507616878
  ],
  [
   272.44995173166194,
   29.475472817381732
  ],
  [
   703.2256255213455,
   600.0230336624401
  ],
  [
   476.1040361256889,
   171.77561900397987
  ],
  [
   533.3857635530884,
   207.2431229336803
  ],
  [
   356.4029056971221,
   612.9006528017768
  ],
  [
   261.3683954860244,
   925.2967630971629
  ],
  [
   448.52432388623083,
   395.7674166018146
  ],
  [
   305.65188953322183,
   372.3496377662656
  ],
  [
   227.44478435502063,
   387.7318073892239
  ],
  [
   294.5302768588618,
   972.5245271826183
  ],
  [
   267.51418832972877,
   315.2621512160258
  ],
  [
   385.95639031242723,
   531.438407872425
  ],
  [
   423.6088199484767,
   972.5245271826183
  ],
  [
   29.475472817381732,
   470.3354920106385
  ],
  [
   177.50714508637964,
   621.3805105825755
  ],
  [
   697.504856874821,
   933.4972190975901
  ],
  [
   551.504450233909,
   343.42478388333586
  ],
  [
   437.79353542501434,
   333.45349700871884
  ],
  [
   806.4772976802147,
   972.5245271826183
  ],
  [
   930.8991710066953,
   306.9962783079429
  ],
  [
   143.14067074866483,
   314.7830884956984
  ],
  [
   439.0165098706151,
   491.9610959357203
  ],
  [
   972.5245271826183,
   207.42649060468233
  ],
  [
   582.7851938544029,
   820.1317705960303
  ],
  [
   920.6962479768023,
   827.8898602004056
  ],
  [
   763.2571285419064,
   483.32941004713024
  ],
  [
   789.9316991705763,
   206.9614091555978
  ],
  [
   118.47107777314409,
   235.82782010586286
  ],
  [
   663.7590995764674,
   649.2381814477883
  ],
  [
   972.5245271826183,
   148.01861561202847
  ],
  [
   784.677668190284,
   265.6568477469156
  ],
  [
   923.4458426768383,
   957.6356516621202
  ],
  [
   742.6333973149145,
   174.18324619585977
  ],
  [
   776.8789760235153,
   346.53798621229254
  ],
  [
   84.54449864601358,
   602.0940412185039
  ],
  [
   847.3779725997343,
   295.3933901564671
  ],
  [
   773.6170127704988,
   865.858659803985
  ],
  [
   771.540422250676,
   778.1278304373866
  ],
  [
   362.7114556483782,
   972.5245271826183
  ],
  [
   238.70292187879056,
   460.28970505984796
  ],
  [
   207.3509814474715,
   120.50613109995003
  ],
  [
   122.69986812941714,
   107.45503437125215
  ],
  [
   589.1380164577373,
   552.5593129259847
  ],
  [
   325.77804654970083,
   798.3209350366126
  ],
  [
