{
 "Object_Radius": 25.886793470347026,
 "Object_Shape": "disc",
 "Workspace_Density": 0.4,
 "Workspace_Height": 1000,
 "Workspace_Width": 1000,
 "number_of_objects": 190,
 "point_list": [
  [
   233.2345836269451,
   150.69629633545009
  ],
  [
   527.9264373687595,
   29.475472817381732
  ],
  [
   941.8415273552448,
   625.221163141674
  ],
  [
   174.42339772003496,
   858.0734083337863
  ],
  [
   351.2897048232938,
   170.8450680125441
  ],
  [
   607.8871779217471,
   972.5245271826183
  ],
  [
   700.5432404973812,
   927.1716534082857
  ],
  [
   291.9891283013307,
   432.16731867032644
  ],
  [
   917.5152369713043,
   748.8275087568873
  ],
  [
   218.8969794864342,
   417.18516285362784
  ],
  [
   972.5245271826183,
   29.475472817381732
  ],
  [
   130.085417019809,
   925.6735538176661
  ],
  [
   323.6379054455742,
   364.5216124694708
  ],
  [
   99.31313198318578,
   116.25699909808397
  ],
  [
   281.11382278178445,
   325.32223526762004
  ],
  [
   29.475472817381732,
   936.3714058560862
  ],
  [
   792.1493195405582,
   329.310128131034
  ],
  [
   579.7108139934999,
   64.53889222294438
  ],
  [
   705.3950183220521,
   180.37152568615167
  ],
  [
   866.2299904792538,
   972.5245271826183
  ],
  [
   227.37452826206896,
   29.475472817381732
  ],
  [
   862.5956282906034,
   791.0992488620715
  ],
  [
   666.6262967532253,
   222.99739498399995
  ],
  [
   780.6338832364232,
   220.99127250853184
  ],
  [
   493.0123151005998,
   904.78533533005
  ],
  [
   455.20355072551644,
   531.6989358956937
  ],
  [
   145.96046624631245,
   650.9515937272572
  ],
  [
   557.0673522569055,
   626.9939724893637
  ],
  [
   457.6959523732519,
   648.2542775750446
  ],
  [
   966.780321022046,
   468.5544371952118
  ],
  [
   605.9745863053392,
   120.80950817739806
  ],
  [
   699.8684337855507,
   29.475472817381732
  ],
  [
   847.5075343223314,
   313.7253986850628
  ],
  [
   111.31974203693022,
   458.62806041859363
  ],
  [
   352.27030090528115,
   112.05244313088538
  ],
  [
   603.248368127743,
   188.5938023545329
  ],
  [
   29.475472817381732,
   378.6859014755658
  ],
  [
   721.1845599528109,
   726.3130948958232
  ],
  [
   572.2635905565359,
   238.69248976828257
  ],
  [
   505.02110069748153,
   325.75368925494195
  ],
  [
   68.47596482312684,
   638.5860020909969
  ],
  [
   240.83587663725996,
   647.7238306581426
  ],
  [
   881.191882160001,
   211.66810289030053
  ],
  [
   465.00499157487695,
   192.90446019633444
  ],
  [
   423.21001435986653,
   146.0580690611953
  ],
  [
   665.2264966869825,
   972.5245271826183
  ],
  [
   97.14410704521325,
   857.1639077260679
  ],
  [
   330.00852389140215,
   900.6844485324523
  ],
  [
   791.3571476346468,
   29.475472817381732
  ],
  [
   702.0095126624273,
   473.671569877748
  ],
  [
   211.30117310717455,
   86.55333356611172
  ],
  [
   609.9558944883642,
   440.3453257399433
  ],
  [
   613.3010939124982,
   812.0710009783926
  ],
  [
   758.0083514376106,
   79.39128285640571
  ],
  [
   461.19771979863435,
   377.3144910882632
  ],
  [
   830.6366612062063,
   673.4188010999042
  ],
  [
   799.876386339491,
   855.6032814056172
  ],
  [
   245.74098802596012,
   742.2166465017136
  ],
  [
   548.1910386150277,
   972.5245271826183
  ],
  [
   174.8958319723684,
   140.8213157919604
  ],
  [
   450.3335198350149,
   444.451930116533
  ],
  [
   705.911934035354,
   376.65718846244755
  ],
  [
   552.7427137982747,
   688.4237464827512
  ],
  [
   146.7915242487877,
   84.43668692820093
  ],
  [
   972.5245271826183,
   766.6699821109436
  ],
  [
   69.27904168091013,
   419.7761434328052
  ],
  [
   972.5245271826183,
   251.21673207506439
  ],
  [
   123.41945448370574,
   386.23319634193194
  ],
  [
   306.702120429831,
   642.0854837342455
  ],
  [
   604.8637876527245,
   662.8186335217101
  ],
  [
   668.2511238096059,
   829.7898481973506
  ],
  [
   725.3997338296837,
   667.5137211023282
  ],
  [
   659.8043423728317,
   77.3297649736528
  ],
  [
   379.77179903031515,
   61.41567544075894
  ],
  [
   724.3139691920637,
   234.0912056475432
  ],
  [
   29.475472817381732,
   320.67395578016647
  ],
  [
   299.60155827591467,
   88.6496657349883
  ],
  [
   624.1903608337254,
   338.9161452147232
  ],
  [
   495.8619697055896,
   691.4562558513992
  ],
  [
   738.2932568211506,
   427.14273581412584
  ],
  [
   676.3116195629768,
   311.0407716247502
  ],
  [
   572.6897704586469,
   770.4323530273632
  ],
  [
   571.071868881432,
   373.5356526059858
  ],
  [
   131.5716900418799,
   565.8275216375052
  ],
  [
   29.475472817381732,
   540.1822971688335
  ],
  [
   884.0698342671972,
   701.0457989648346
  ],
  [
   763.8718921274717,
   277.72318513083263
  ],
  [
   542.459868244476,
   566.6224683360068
  ],
  [
   814.3653792684432,
   383.7130945401304
  ],
  [
   972.5245271826183,
   87.12535557101499
  ],
  [
   122.71459341871274,
   756.086141610248
  ],
  [
   590.9145048728176,
   864.7131867123067
  ],
  [
   410.23440311496387,
   488.0315754581122
  ],
  [
   172.52774686627632,
   972.5245271826183
  ],
  [
   628.0840120936851,
   609.0001263479217
  ],
  [
   478.31564556203506,
   961.9132309207575
  ],
  [
   877.0889029429455,
   151.1890966190677
  ],
  [
   212.5230600042785,
   271.8873632601878
  ],
  [
   364.4903433922213,
   955.1966126567709
  ],
  [
   249.26826297756534,
   210.9770827735248
  ],
  [
   330.93343742703445,
   292.77185686055833
  ],
  [
   488.02950423154124,
   270.72273211023884
  ],
  [
   108.98747703799624,
   289.06619065527553
  ],
  [
   863.1617937737728,
   623.0938010866154
  ],
  [
   653.5486874804049,
   401.74371997857196
  ],
  [
   330.5658928915345,
   763.4320219023087
  ],
  [
   285.39335670245845,
   29.475472817381732
  ],
  [
   893.1837923521864,
   87.4371562050152
  ],
  [
   380.04621370474604,
   377.91386505447934
  ],
  [
   76.02727306853282,
   972.5245271826183
  ],
  [
   130.77660603233963,
   232.48592076729653
  ],
  [
   381.59085593773005,
   436.22062722048844
  ],
  [
   551.5302488920812,
   908.0954586854771
  ],
  [
   438.80136259708274,
   73.55698889881464
  ],
  [
   443.88895673918734,
   715.4497404518602
  ],
  [
   715.8128062587864,
   531.5762473293754
  ],
  [
   915.2826186790805,
   29.475472817381732
  ],
  [
   727.7826729110351,
   782.963922925813
  ],
  [
   960.8476171602955,
   322.75590582967175
  ],
  [
   929.555141539873,
   181.55934870883084
  ],
  [
   548.5953080575339,
   171.699293488071
  ],
  [
   413.1669152573005,
   305.23113206588147
  ],
  [
   972.5245271826183,
   882.0049176314429
  ],
  [
   399.1555701384753,
   758.8512134127844
  ],
  [
   420.25749654605113,
   972.5245271826183
  ],
  [
   434.1122280145677,
   249.86277208642753
  ],
  [
   665.8144037037874,
   658.2801209697988
  ],
  [
   459.3679049446944,
   590.6709799179492
  ],
  [
   972.5245271826183,
   940.1217049102602
  ],
  [
   594.051375890338,
   535.6086114185105
  ],
  [
   925.3735382056892,
   972.5245271826183
  ],
  [
   947.17503017974,
   528.8324142306069
  ],
  [
   377.3656508616344,
   537.9992170662417
  ],
  [
   193.5126791848657,
   614.1218737812518
  ],
  [
   846.8467734525134,
   554.956185080804
  ],
  [
   166.46876846824057,
   307.0885374575147
  ],
  [
   628.919410570539,
   29.475472817381732
  ],
  [
   690.2175121388613,
   125.48003561369589
  ],
  [
   972.5245271826183,
   676.7164377872732
  ],
  [
   453.38848855759545,
   806.532141369101
  ],
  [
   859.3516547812552,
   449.24465346061396
  ],
  [
   270.3729504355616,
   268.61330980320986
  ],
  [
   795.9579895356491,
   437.61063988216483
  ],
  [
   223.4083474566744,
   329.106865621465
  ],
  [
   29.475472817381732,
   681.573443880097
  ],
  [
   902.3723948894884,
   580.1115553959661
  ],
  [
   389.86737722809096,
   213.26356324930006
  ],
  [
   515.3490154418841,
   219.56287406388665
  ],
  [
   364.63185730850984,
   614.6340095190313
  ],
  [
