{
 "Object_Radius": 96.75771533058149,
 "Object_Shape": "disc",
 "Workspace_Density": 0.5,
 "Workspace_Height": 1000,
 "Workspace_Width": 1000,
 "number_of_objects": 17,
 "point_list": [
  [
   900.3719760561953,
   238.43976430733827
  ],
  [
   279.27054331734865,
   228.28358621953996
  ],
  [
   698.68773373524,
   439.5798389605501
  ],
  [
   101.62802394380473,
   101.62802394380473
  ],
  [
   536.9731257148713,
   900.3719760561953
  ],
  [
   689.2159345228308,
   767.8181778619658
  ],
  [
   574.0605320210798,
   599.9598191897153
  ],
  [
   836.3846334414203,
   630.5206760123157
  ],
  [
   176.95520715342695,
   428.1342448948789
  ],
  [
   358.10633281914096,
   617.8944442029136
  ],
  [
   900.3719760561953,
   862.8369229447071
  ],
  [
   101.62802394380473,
   900.3719760561953
  ],
  [
   900.3719760561953,
   439.6960118227518
  ],
  [
   561.4559699765559,
   101.62802394380473
  ],
  [
   159.433742047315,
   681.6172936877124
  ],
  [
   465.5007877842346,
   430.47282523141126
  ],
  [
   341.4779457614219,
   852.5637012258017
  ]
 ]
}