{
 "Object_Radius": 96.75771533058149,
 "Object_Shape": "disc",
 "Workspace_Density": 0.5,
 "Workspace_Height": 1000,
 "Workspace_Width": 1000,
 "number_of_objects": 17,
 "point_list": [
  [
   285.10319164999976,
   334.86187076939075
  ],
  [
   302.7092004685436,
   116.53395356922547
  ],
  [
   105.76713051846951,
   900.3719760561953
  ],
  [
   521.9921647777994,
   471.22622660530027
  ],
  [
   101.62802394380473,
   635.8936652233051
  ],
  [
   586.7602723870791,
   101.62802394380473
  ],
  [
   704.4872520095762,
   267.1476655710347
  ],
  [
   475.4193763800508,
   269.38371728009497
  ],
  [
   308.2226933697349,
   693.8266898581147
  ],
  [
   101.62802394380473,
   417.576481336778
  ],
  [
   702.6249019303289,
   602.3396108961165
  ],
  [
   556.0477923436816,
   811.6797870466518
  ],
  [
   900.3719760561953,
   217.43981153718812
  ],
  [
   900.3719760561953,
   900.3719760561953
  ],
  [
   101.62802394380473,
   101.62802394380473
  ],
  [
   354.7118101531361,
   900.3719760561953
  ],
  [
   900.3719760561953,
   682.5206785068725
  ]
 ]
}