{
 "Object_Radius": 96.75771533058149,
 "Object_Shape": "disc",
 "Workspace_Density": 0.5,
 "Workspace_Height": 1000,
 "Workspace_Width": 1000,
 "number_of_objects": 17,
 "point_list": [
  [
   487.4501977717332,
   322.32210755599056
  ],
  [
   414.14868582882303,
   900.3719760561953
  ],
  [
   900.3719760561953,
   500.99999637368336
  ],
  [
   360.0559213584065,
   702.3372238691238
  ],
  [
   101.62802394380473,
   439.5499779905833
  ],
  [
   296.44044470534027,
   130.10490040903574
  ],
  [
   497.1572984837451,
   101.62802394380473
  ],
  [
   571.5889985191453,
   770.4596263141607
  ],
  [
   900.3719760561953,
   301.3140143407663
  ],
  [
   900.3719760561953,
   700.6859913296174
  ],
  [
   900.3719760561953,
   101.62802394380473
  ],
  [
   713.0068743611597,
   627.2115208307015
  ],
  [
   900.3719760561953,
   900.3719760561953
  ],
  [
   174.54006058849723,
   900.3719760561953
  ],
  [
   290.1122416836472,
   512.5406246965132
  ],
  [
   698.9071091119573,
   101.62802394380473
  ],
  [
   529.807360469495,
   543.8757868439013
  ]
 ]
}