{
 "Object_Radius": 96.75771533058149,
 "Object_Shape": "disc",
 "Workspace_Density": 0.5,
 "Workspace_Height": 1000,
 "Workspace_Width": 1000,
 "number_of_objects": 17,
 "point_list": [
  [
   104.36243490115037,
   621.6437226467774
  ],
  [
   699.9810906018965,
   331.9968870109371
  ],
  [
   708.8894662379297,
   101.62802394380473
  ],
  [
   900.3719760561953,
   695.8106380940677
  ],
  [
   101.62802394380473,
   415.35336510474144
  ],
  [
   370.97323399480945,
   551.8945522666788
  ],
  [
   699.6710487571182,
   672.5876509082183
  ],
  [
   592.5630725559255,
   502.1891917283156
  ],
  [
   496.25088489942493,
   190.8292740279237
  ],
  [
   617.0063048771024,
   856.0862153549783
  ],
  [
   290.3879245743357,
   900.3719760561953
  ],
  [
   900.3719760561953,
   900.3719760561953
  ],
  [
   296.41911459640346,
   354.4095639636745
  ],
  [
   309.2991509285506,
   101.62802394380473
  ],
  [
   101.62802394380473,
   192.83350776962186
  ],
  [
   884.0956676536235,
   453.1237106953281
  ],
  [
   900.3719760561953,
   165.11556652097136
  ]
 ]
}