{
 "Object_Radius": 96.75771533058149,
 "Object_Shape": "disc",
 "Workspace_Density": 0.5,
 "Workspace_Height": 1000,
 "Workspace_Width": 1000,
 "number_of_objects": 17,
 "point_list": [
  [
   783.6992041877152,
   290.73621375656677
  ],
  [
   308.1312185165589,
   101.62802394380473
  ],
  [
   541.9495469328094,
   101.62802394380473
  ],
  [
   497.69790059015685,
   900.3719760561953
  ],
  [
   101.62802394380473,
   849.8267241279475
  ],
  [
   900.3719760561953,
   116.07097275509143
  ],
  [
   900.3719760561953,
   900.3719760561953
  ],
  [
   589.151206866822,
   394.99098535913765
  ],
  [
   101.62802394380473,
   608.7071798884976
  ],
  [
   423.8245432002317,
   272.3818788346109
  ],
  [
   101.62802394380473,
   398.245522239109
  ],
  [
   724.350674564295,
   563.2056399248124
  ],
  [
   699.1156371509064,
   900.3719760561953
  ],
  [
   466.6612488907441,
   564.135625141356
  ],
  [
   296.43955208297683,
   900.3719760561953
  ],
  [
   900.3719760561953,
   692.6797019552608
  ],
  [
   305.2185845811088,
   699.1851429747238
  ]
 ]
}