{
 "Object_Radius": 178.4124116152771,
 "Object_Shape": "disc",
 "Workspace_Density": 0.5,
 "Workspace_Height": 1000,
 "Workspace_Width": 1000,
 "number_of_objects": 5,
 "point_list": [
  [
   197.25365277680484,
   804.7463472231951
  ],
  [
   501.0000178468797,
   197.25365277680484
  ],
  [
   804.7463472231951,
   421.21324864014554
  ],
  [
   804.7463472231951,
   804.7463472231951
  ],
  [
   197.25365277680484,
   421.2131771271462
  ]
 ]
}