{
 "Object_Radius": 178.4124116152771,
 "Object_Shape": "disc",
 "Workspace_Density": 0.5,
 "Workspace_Height": 1000,
 "Workspace_Width": 1000,
 "number_of_objects": 5,
 "point_list": [
  [
   580.7868423036261,
   804.7463472231951
  ],
  [
   804.7463472231951,
   501.0000229063271
  ],
  [
   580.7868342329512,
   197.25365277680484
  ],
  [
   197.25365277680484,
   197.25365277680484
  ],
  [
   197.25365277680484,
   804.7463472231951
  ]
 ]
}