{
 "Object_Radius": 178.4124116152771,
 "Object_Shape": "disc",
 "Workspace_Density": 0.5,
 "Workspace_Height": 1000,
 "Workspace_Width": 1000,
 "number_of_objects": 5,
 "point_list": [
  [
   804.7463472231951,
   804.7463472231951
  ],
  [
   554.5636770074648,
   502.28040857818064
  ],
  [
   197.25365277680484,
   691.9930348483955
  ],
  [
   297.4703797729363,
   197.25365277680484
  ],
  [
   804.7463472231951,
   197.25365277680484
  ]
 ]
}