{
 "Object_Radius": 178.4124116152771,
 "Object_Shape": "disc",
 "Workspace_Density": 0.5,
 "Workspace_Height": 1000,
 "Workspace_Width": 1000,
 "number_of_objects": 5,
 "point_list": [
  [
   450.93394021700226,
   496.8365433900247
  ],
  [
   197.25365277680484,
   197.25365277680484
  ],
  [
   694.3544357648376,
   804.7463472231951
  ],
  [
   804.7463472231951,
   197.25365277680484
  ],
  [
   197.25365277680484,
   804.7463472231951
  ]
 ]
}