{
 "Object_Radius": 138.1976597885342,
 "Object_Shape": "disc",
 "Workspace_Density": 0.6,
 "Workspace_Height": 1000,
 "Workspace_Width": 1000,
 "number_of_objects": 10,
 "point_list": [
  [
   341.9083480878645,
   360.21020000667136
  ],
  [
   566.3270834115176,
   539.8873095847698
  ],
  [
   144.72556618007556,
   857.2744338185624
  ],
  [
   446.72560458352666,
   801.2752204656902
  ],
  [
   857.2512318966485,
   525.3393615411808
  ],
  [
   144.72556618007556,
   144.72556618007556
  ],
  [
   857.2452103501676,
   144.72556618007556
  ],
  [
   740.2526151552615,
   801.0363783009926
  ],
  [
   539.1493752562852,
   144.72556618007556
  ],
  [
   144.72556618007556,
   569.7209803176878
  ]
 ]
}