{
 "Object_Radius": 138.1976597885342,
 "Object_Shape": "disc",
 "Workspace_Density": 0.6,
 "Workspace_Height": 1000,
 "Workspace_Width": 1000,
 "number_of_objects": 10,
 "point_list": [
  [
   857.2744338000338,
   458.39384617820554
  ],
  [
   432.5780951640106,
   857.2743523323215
  ],
  [
   856.8060263297059,
   157.7305058856447
  ],
  [
   857.2744338185363,
   857.2744338185363
  ],
  [
   478.3431350254602,
   429.11695929872513
  ],
  [
   147.656585430423,
   311.6394411786166
  ],
  [
   644.929814270975,
   663.4457973976994
  ],
  [
   236.80028316685707,
   584.9540685846221
  ],
  [
   520.5669231897945,
   144.72556618007556
  ],
  [
   144.72556618007556,
   857.274433818536
  ]
 ]
}