{
 "Object_Radius": 138.1976597885342,
 "Object_Shape": "disc",
 "Workspace_Density": 0.6,
 "Workspace_Height": 1000,
 "Workspace_Width": 1000,
 "number_of_objects": 10,
 "point_list": [
  [
   689.2078883195271,
   377.9246011458477
  ],
  [
   857.2744338199244,
   144.72556618007556
  ],
  [
   385.0464541483579,
   857.274433815813
  ],
  [
   857.2744338163621,
   623.7829994999821
  ],
  [
   144.72556618007556,
   686.3948584170759
  ],
  [
   444.57496417093324,
   144.72556618007556
  ],
  [
   144.72556618007556,
   144.72556618007556
  ],
  [
   283.87046444080005,
   402.1235338967739
  ],
  [
   677.5748887447162,
   857.2744338163621
  ],
  [
   498.77097265242696,
   593.268465359601
  ]
 ]
}