{
 "Object_Radius": 56.41895835477563,
 "Object_Shape": "disc",
 "Workspace_Density": 0.5,
 "Workspace_Height": 1000,
 "Workspace_Width": 1000,
 "number_of_objects": 50,
 "point_list": [
  [
   601.410530386586,
   626.5801161905323
  ],
  [
   59.67571668896665,
   186.89595056785004
  ],
  [
   371.56696849992466,
   213.9959253322923
  ],
  [
   291.51375956536924,
   300.2682783617707
  ],
  [
   361.8877181370192,
   784.7631114972914
  ],
  [
   186.98434375973065,
   197.64117107029935
  ],
  [
   686.2897539971132,
   529.0353966623794
  ],
  [
   525.6534967845903,
   59.67571668896665
  ],
  [
   59.67571668896665,
   810.0174198522568
  ],
  [
   607.3856694369193,
   792.3124560329046
  ],
  [
   59.67571668896665,
   310.4179014693813
  ],
  [
   264.31420411145,
   454.4375409781472
  ],
  [
   676.8730452113662,
   398.2161463401979
  ],
  [
   593.5257459229506,
   235.75529415373254
  ],
  [
   59.67571668896665,
   942.3188005802941
  ],
  [
   585.6794783611356,
   923.1120445502363
  ],
  [
   708.6351407438551,
   285.0589413769517
  ],
  [
   722.7976899360134,
   658.1961554374817
  ],
  [
   839.6164725714585,
   646.525316533446
  ],
  [
   942.3240737505995,
   835.7002137773173
  ],
  [
   447.514548216392,
   606.4263239041139
  ],
  [
   717.7537343090746,
   832.3709071319196
  ],
  [
   59.67571668896665,
   685.3428808871354
  ],
  [
   481.3605609432683,
   830.1067273338354
  ],
  [
   822.5493048887212,
   942.3242832815639
  ],
  [
   543.4276222847394,
   491.3944646508126
  ],
  [
   816.0753392365104,
   458.8716114380661
  ],
  [
   182.3249707364112,
   343.4842305193547
  ],
  [
   942.3218316058146,
   707.6480602093576
  ],
  [
   830.6073827015953,
   799.6182786479799
  ],
  [
   309.08480366524833,
   942.1610217218328
  ],
  [
   815.2329129437479,
   336.6972105425477
  ],
  [
   167.3937604080829,
   520.6023871235641
  ],
  [
   507.35974876335695,
   708.784296168469
  ],
  [
   651.8115837047837,
   130.60905024195563
  ],
  [
   59.67571668896665,
   59.67571668896665
  ],
  [
   59.67571668896665,
   450.63952779351655
  ],
  [
   753.0389995716232,
   59.67571668896665
  ],
  [
   209.31222096362384,
   59.67571668896665
  ],
  [
   59.67571668896665,
   567.991450842264
  ],
  [
   558.5054522268865,
   364.53223574398186
  ],
  [
   942.2463237564598,
   76.22851775913705
  ],
  [
   883.4113351620196,
   212.0275625566796
  ],
  [
   314.50651576238374,
   668.49716286306
  ],
  [
   430.9575443596266,
   942.3183187085067
  ],
  [
   347.4718789938209,
   540.2112441621572
  ],
  [
   363.1060622059792,
   59.67571668896665
  ],
  [
   942.3029435219602,
   507.0929554362931
  ],
  [
   183.28345548215336,
   942.2824857747565
  ],
  [
   487.2374718149987,
   185.50459033222188
  ]
 ]
}