{
 "Object_Radius": 56.41895835477563,
 "Object_Shape": "disc",
 "Workspace_Density": 0.5,
 "Workspace_Height": 1000,
 "Workspace_Width": 1000,
 "number_of_objects": 50,
 "point_list": [
  [
   101.01595518629414,
   169.50441783341645
  ],
  [
   572.0342595038404,
   304.8026677680464
  ],
  [
   236.2430858023902,
   640.2545159399314
  ],
  [
   816.7595365917423,
   327.61176863756697
  ],
  [
   782.4330490797046,
   59.67571668896665
  ],
  [
   584.3407920927114,
   729.9267434698556
  ],
  [
   832.8783265476582,
   559.5923775814364
  ],
  [
   511.34614358973573,
   832.1636430570214
  ],
  [
   691.3356880313391,
   304.7109662940707
  ],
  [
   471.3352938913625,
   242.7919943760018
  ],
  [
   265.1848590048247,
   893.9540305736102
  ],
  [
   422.51317063271057,
   748.3874491717281
  ],
  [
   59.67571668896665,
   59.67571668896665
  ],
  [
   59.67571668896665,
   464.87683263319394
  ],
  [
   182.208197139352,
   807.0220390108667
  ],
  [
   927.7965845998262,
   59.67571668896665
  ],
  [
   725.2729323942737,
   609.7179388713411
  ],
  [
   718.1304087801652,
   727.8654355939284
  ],
  [
   354.14469774327165,
   640.5474296503314
  ],
  [
   657.1435500143986,
   834.7113832919284
  ],
  [
   942.2617852849365,
   250.89200413048152
  ],
  [
   320.02883099940027,
   145.772233965629
  ],
  [
   530.0455283409506,
   59.67571668896665
  ],
  [
   647.8395385106273,
   59.67571668896665
  ],
  [
   59.67571668896665,
   279.3384844497128
  ],
  [
   673.8631421798244,
   447.0068712752867
  ],
  [
   436.4457917687622,
   130.68824941713217
  ],
  [
   147.68769201950272,
   382.65333342909645
  ],
  [
   214.85462439245003,
   198.06836291175966
  ],
  [
   653.7821634815937,
   192.41011705400098
  ],
  [
   59.67571668896665,
   703.4473698213421
  ],
  [
   778.4282785016327,
   177.21095423245967
  ],
  [
   439.5455581324127,
   355.8946636296432
  ],
  [
   840.2761656013216,
   684.3949466523112
  ],
  [
   205.47033337589897,
   516.3380310553525
  ],
  [
   239.56352254073542,
   59.67571668896665
  ],
  [
   706.6189042513764,
   942.3205732459488
  ],
  [
   337.9852156955594,
   497.6745445835417
  ],
  [
   571.273657979787,
   531.3407294915314
  ],
  [
   942.3043826745975,
   610.6907564995478
  ],
  [
   120.45692630798818,
   598.8478753443862
  ],
  [
   828.3131631187013,
   942.3242830376109
  ],
  [
   493.679591860834,
   639.0365718932379
  ],
  [
   378.6621185283593,
   863.5898137510143
  ],
  [
   846.8616261179016,
   442.36424261398287
  ],
  [
   59.67571668896665,
   827.0819852127105
  ],
  [
   572.390743957532,
   942.3012560231934
  ],
  [
   294.5676157688962,
   287.92120389998297
  ],
  [
   138.30179237845002,
   942.3039337272954
  ],
  [
   263.8832616247199,
   401.8528869957233
  ]
 ]
}