{
 "Object_Radius": 56.41895835477563,
 "Object_Shape": "disc",
 "Workspace_Density": 0.5,
 "Workspace_Height": 1000,
 "Workspace_Width": 1000,
 "number_of_objects": 50,
 "point_list": [
  [
   942.3242833079851,
   294.5052794750859
  ],
  [
   284.65208033830265,
   59.67571668896665
  ],
  [
   704.2997571989852,
   941.7280608407766
  ],
  [
   570.9175081626807,
   418.1046522854322
  ],
  [
   59.67571668896665,
   315.93467044079864
  ],
  [
   942.3242833021671,
   646.7147967050577
  ],
  [
   59.67571668896665,
   188.39979871782276
  ],
  [
   59.67571668896665,
   462.5137120774007
  ],
  [
   375.5904333382853,
   142.94527355514356
  ],
  [
   819.8370466732716,
   433.7868013763466
  ],
  [
   696.5455737863226,
   824.5399080678685
  ],
  [
   389.6660995520103,
   712.0753510797538
  ],
  [
   787.8659130124813,
   317.1339941536675
  ],
  [
   333.3814246543807,
   571.7224586324115
  ],
  [
   593.7921247798465,
   275.59489988618617
  ],
  [
   200.471426833205,
   434.5187548816764
  ],
  [
   59.67571668896665,
   67.94395833209835
  ],
  [
   595.7937638858582,
   532.8679162701194
  ],
  [
   502.2405150737339,
   646.8205307953646
  ],
  [
   792.0268107849733,
   59.67571668896665
  ],
  [
   192.58411463590386,
   848.6006705802503
  ],
  [
   59.67571668896665,
   853.6469957454758
  ],
  [
   437.19555675793896,
   871.4611980856682
  ],
  [
   174.56382954869272,
   109.6785081966958
  ],
  [
   59.67571668896665,
   598.6283544098749
  ],
  [
   825.8363986396577,
   942.2688082455604
  ],
  [
   942.3242833110334,
   529.2361919031194
  ],
  [
   823.9330399377783,
   681.771070089772
  ],
  [
   942.3242833079851,
   177.1280044486676
  ],
  [
   942.3242833021671,
   764.2949091669094
  ],
  [
   210.8951772358385,
   589.0932394700466
  ],
  [
   484.46438838277174,
   209.5259058657132
  ],
  [
   942.3166922532553,
   881.8253187372052
  ],
  [
   683.9790503490067,
   200.38359274327925
  ],
  [
   451.0814441766638,
   526.9679328432896
  ],
  [
   681.5608474633291,
   370.3987554895501
  ],
  [
   268.0959239642643,
   212.982332464474
  ],
  [
   942.3242833110334,
   411.88475854954964
  ],
  [
   674.6680928583694,
   59.67571668896665
  ],
  [
   577.8555338572735,
   136.44216210556112
  ],
  [
   942.3242833021671,
   59.67571668896665
  ],
  [
   59.67571668896665,
   726.0896589400422
  ],
  [
   483.39529638806727,
   59.67571668896665
  ],
  [
   814.3514642244418,
   175.89616022476525
  ],
  [
   710.607819786836,
   599.0349745824494
  ],
  [
   174.54261871272283,
   286.1675427518641
  ],
  [
   440.19602677993106,
   405.2050140021993
  ],
  [
   830.4270662295602,
   564.5988388641988
  ],
  [
   622.1926812399892,
   682.2333881061459
  ],
  [
   377.74434102748313,
   305.7965675215763
  ]
 ]
}