{
 "Object_Radius": 56.41895835477563,
 "Object_Shape": "disc",
 "Workspace_Density": 0.5,
 "Workspace_Height": 1000,
 "Workspace_Width": 1000,
 "number_of_objects": 50,
 "point_list": [
  [
   942.3241851702574,
   270.0049124787712
  ],
  [
   59.67571668896665,
   323.7293435745289
  ],
  [
   551.1851236368212,
   59.67571668896665
  ],
  [
   622.1367155527956,
   803.8965491702138
  ],
  [
   341.14547104633357,
   175.57749677909106
  ],
  [
   941.0710469843905,
   942.3242362226881
  ],
  [
   942.3241851702574,
   414.95944086176684
  ],
  [
   367.9021848891885,
   450.40863311070507
  ],
  [
   788.1562521365718,
   127.58447623485897
  ],
  [
   822.4948654705031,
   800.4917293698302
  ],
  [
   516.0770973218926,
   942.3242833050585
  ],
  [
   59.67571668896665,
   651.3286712970971
  ],
  [
   397.9287184786056,
   942.3242783638249
  ],
  [
   706.0418144909992,
   286.94778991871937
  ],
  [
   283.1634502962675,
   666.6467333768544
  ],
  [
   148.27533340716474,
   59.67571668896665
  ],
  [
   165.50847579836622,
   834.6005098319033
  ],
  [
   246.35148273252454,
   322.4641785359595
  ],
  [
   877.9954976370419,
   680.590775873914
  ],
  [
   942.3241039124784,
   818.3074938928996
  ],
  [
   269.671565675201,
   942.2104783974861
  ],
  [
   90.44932436543951,
   506.79845649189457
  ],
  [
   188.3631174333377,
   436.3873697963482
  ],
  [
   173.96399598655984,
   623.6718710655676
  ],
  [
   714.8003448662637,
   478.89609786639045
  ],
  [
   792.8913714210923,
   567.5728345856533
  ],
  [
   393.2051411187775,
   707.4166181255463
  ],
  [
   402.58510687307427,
   59.67571668896665
  ],
  [
   384.50051586205285,
   824.4447632818966
  ],
  [
   820.728825136346,
   259.5580174371243
  ],
  [
   583.918661494846,
   244.0076514864572
  ],
  [
   743.2122545433919,
   675.1791643100859
  ],
  [
   618.4968168587739,
   661.857716180846
  ],
  [
   921.975241011831,
   106.8947955941395
  ],
  [
   468.8797690733491,
   204.15656771872045
  ],
  [
   59.67571668896665,
   189.91925766141765
  ],
  [
   269.70153058419214,
   547.7569829821364
  ],
  [
   504.5845400754093,
   816.6912415478563
  ],
  [
   59.67571668896665,
   885.8634885490675
  ],
  [
   273.0656157458271,
   787.2961632505725
  ],
  [
   494.59718665711557,
   543.4794283853118
  ],
  [
   634.2181196650331,
   942.3205327894213
  ],
  [
   669.2369097416428,
   144.53597495078958
  ],
  [
   501.1464398419714,
   661.3590331541574
  ],
  [
   596.786928280692,
   484.2300541704235
  ],
  [
   734.0426166883914,
   879.3298759546541
  ],
  [
   615.6276061126848,
   362.7935152175784
  ],
  [
   381.9340112112206,
   582.3176151936781
  ],
  [
   826.4428076761264,
   441.75288720350085
  ],
  [
   270.8546371205701,
   59.67571668896665
  ]
 ]
}