{
 "Object_Radius": 56.41895835477563,
 "Object_Shape": "disc",
 "Workspace_Density": 0.5,
 "Workspace_Height": 1000,
 "Workspace_Width": 1000,
 "number_of_objects": 50,
 "point_list": [
  [
   215.15271772887635,
   606.681081480412
  ],
  [
   819.3016364124793,
   899.0205522157274
  ],
  [
   197.67630820154793,
   896.5538136251935
  ],
  [
   663.0108972091236,
   215.4513366605608
  ],
  [
   673.458649882528,
   942.3242231983345
  ],
  [
   365.09919756054285,
   191.45057274973618
  ],
  [
   515.9172678194399,
   942.1673046621373
  ],
  [
   131.16582934061853,
   158.05475873015445
  ],
  [
   628.347516600381,
   395.2275268081254
  ],
  [
   942.3098681682616,
   704.2825581300702
  ],
  [
   271.50074969907513,
   369.49910086670883
  ],
  [
   568.0903235713507,
   145.59261596114294
  ],
  [
   851.7105645546197,
   511.76800968868747
  ],
  [
   942.3242833028431,
   224.5912827096025
  ],
  [
   512.1323538099432,
   375.5909989614706
  ],
  [
   59.67571668896665,
   604.1312690880715
  ],
  [
   59.67571668896665,
   942.1413244490443
  ],
  [
   631.4300712045574,
   519.2069524879298
  ],
  [
   246.92779179189498,
   191.36952847538026
  ],
  [
   755.6582057714991,
   109.83243127868181
  ],
  [
   330.8179786116176,
   942.219927984114
  ],
  [
   942.3242833090927,
   586.6261396590621
  ],
  [
   423.79663711192455,
   868.090697548239
  ],
  [
   453.03590500684714,
   113.74284052436406
  ],
  [
   831.5912502087996,
   648.4636773102852
  ],
  [
   942.2235564706801,
   941.3291021394335
  ],
  [
   551.6400819488828,
   740.765906588154
  ],
  [
   148.57390272460637,
   712.1170975471085
  ],
  [
   942.3241394847998,
   822.3224377648996
  ],
  [
   465.1734529484878,
   266.0567794162806
  ],
  [
   181.08308694710223,
   487.278730196765
  ],
  [
   835.2034113062147,
   771.6238154032252
  ],
  [
   393.59056730868315,
   376.4943000537076
  ],
  [
   924.2811780885273,
   409.12071314275164
  ],
  [
   903.2834269182393,
   86.28672243585937
  ],
  [
   366.4590038928707,
   595.9455687372499
  ],
  [
   59.67571668896665,
   420.08080401065627
  ],
  [
   726.8716497443558,
   588.1014389243337
  ],
  [
   323.4591366428737,
   706.8829267967112
  ],
  [
   514.1922748059967,
   504.81322419284106
  ],
  [
   817.8116292775228,
   324.2420889775301
  ],
  [
   743.9234351019876,
   463.74938174418804
  ],
  [
   718.4035209172348,
   793.3420541318147
  ],
  [
   826.9282375446946,
   203.23118137082065
  ],
  [
   649.2500199215011,
   59.67571668896665
  ],
  [
   59.67571668896665,
   59.67571668896665
  ],
  [
   658.4176017873104,
   691.6640658453803
  ],
  [
   479.6238430356983,
   638.8226788175538
  ],
  [
   59.67571668896665,
   266.1212988755772
  ],
  [
   434.3477920164536,
   748.5506285071781
  ]
 ]
}