{
 "Object_Radius": 56.41895835477563,
 "Object_Shape": "disc",
 "Workspace_Density": 0.5,
 "Workspace_Height": 1000,
 "Workspace_Width": 1000,
 "number_of_objects": 50,
 "point_list": [
  [
   552.9719331297832,
   848.4241263295742
  ],
  [
   683.9794232365455,
   337.03592763419624
  ],
  [
   563.4066001834116,
   180.71157677530678
  ],
  [
   708.6682675447714,
   570.1368174858715
  ],
  [
   477.4741208260604,
   442.0656701591152
  ],
  [
   530.2533983603282,
   730.3378580589763
  ],
  [
   59.67571668896665,
   231.23038406455896
  ],
  [
   366.89038473540177,
   481.42806083016023
  ],
  [
   59.67571668896665,
   688.1072101751312
  ],
  [
   182.10839060836958,
   520.6496087572491
  ],
  [
   807.976927646248,
   352.9821647268718
  ],
  [
   904.547009375555,
   919.1239663817328
  ],
  [
   793.4665482596632,
   59.67571668896665
  ],
  [
   942.3242833058653,
   412.04217307284324
  ],
  [
   822.7858019588377,
   656.8398350287332
  ],
  [
   158.98850721026477,
   372.9980134140916
  ],
  [
   265.3161427775654,
   422.6547649868208
  ],
  [
   942.3242833072546,
   764.7970871207345
  ],
  [
   709.9296166468282,
   452.0726612361989
  ],
  [
   650.8060457681273,
   70.45624765236036
  ],
  [
   815.6354982515486,
   506.5744855743751
  ],
  [
   942.3206903352889,
   176.50350400858554
  ],
  [
   613.0616287672347,
   646.3849502191377
  ],
  [
   774.4181477854396,
   894.1351321740094
  ],
  [
   790.7597817202295,
   236.73032568713964
  ],
  [
   571.489915379659,
   302.00351338330137
  ],
  [
   942.3229578812499,
   646.8495860013207
  ],
  [
   216.78792033805274,
   59.67571668896665
  ],
  [
   348.21882758340337,
   911.5536247937356
  ],
  [
   942.3242833058653,
   529.4586125254807
  ],
  [
   265.7160240653729,
   737.2126048306295
  ],
  [
   271.20628296938736,
   173.08592178350835
  ],
  [
   181.2720158192682,
   250.37544665135323
  ],
  [
   353.1340629232161,
   257.1261801473702
  ],
  [
   592.8969764542101,
   463.630270672627
  ],
  [
   59.67571668896665,
   438.7733628455874
  ],
  [
   356.58168545556174,
   87.35160314867208
  ],
  [
   674.6955175358664,
   218.11774670271592
  ],
  [
   264.3522753587738,
   614.982452024943
  ],
  [
   942.324283302361,
   294.09154227295505
  ],
  [
   232.56376064055806,
   942.258053340029
  ],
  [
   99.20326770575073,
   59.67571668896665
  ],
  [
   660.6497780853703,
   936.5975873551839
  ],
  [
   68.88574002280829,
   556.6476806392538
  ],
  [
   59.67571668896665,
   942.3242153818732
  ],
  [
   447.65518410835466,
   161.39920022603275
  ],
  [
   431.836383422958,
   666.2996076336773
  ],
  [
   454.344418046983,
   317.08852881090087
  ],
  [
   924.3791046664841,
   59.67571668896665
  ],
  [
   813.6763279503297,
   782.0248191184736
  ]
 ]
}