{
 "Object_Radius": 56.41895835477563,
 "Object_Shape": "disc",
 "Workspace_Density": 0.5,
 "Workspace_Height": 1000,
 "Workspace_Width": 1000,
 "number_of_objects": 50,
 "point_list": [
  [
   101.31580880533501,
   579.0009916562028
  ],
  [
   736.708979526475,
   189.72007951103637
  ],
  [
   474.8576186315538,
   161.83367245086652
  ],
  [
   316.84590747691976,
   196.95458390895985
  ],
  [
   641.2678766010168,
   577.7594507316337
  ],
  [
   508.28271017209414,
   757.827366408778
  ],
  [
   847.9285146509704,
   245.56920666508452
  ],
  [
   810.915494582756,
   59.67571668896665
  ],
  [
   933.2396352361616,
   59.67571668896665
  ],
  [
   816.8276476269219,
   451.037841459947
  ],
  [
   690.9278256922179,
   59.67571668896665
  ],
  [
   59.67571668896665,
   942.3190750242779
  ],
  [
   577.9836461778292,
   101.77118619284724
  ],
  [
   132.4589462528842,
   91.38713909974608
  ],
  [
   175.2886941653634,
   781.1711945599717
  ],
  [
   889.3027373654885,
   832.7288301698997
  ],
  [
   383.02893747239636,
   515.4380389821606
  ],
  [
   285.3040264692414,
   322.6694710912982
  ],
  [
   660.2042579380839,
   321.580290167101
  ],
  [
   604.2768854632778,
   689.4490326060445
  ],
  [
   208.1931927846167,
   908.1691599379212
  ],
  [
   588.0113022269123,
   872.9599779086732
  ],
  [
   594.7327206851885,
   221.47766216858335
  ],
  [
   59.67571668896665,
   205.9798169817774
  ],
  [
   699.8172046599578,
   433.0254865920257
  ],
  [
   776.9914076365332,
   340.65472274448325
  ],
  [
   942.3223460269006,
   442.85632695364166
  ],
  [
   194.65044567842043,
   400.13621621602783
  ],
  [
   798.2789279880357,
   592.8402495130059
  ],
  [
   694.4451009138849,
   923.0657952645927
  ],
  [
   942.3242833095851,
   321.7619425679154
  ],
  [
   582.6092421405156,
   446.23454910823153
  ],
  [
   808.622208236444,
   730.2740043942202
  ],
  [
   420.8803755011623,
   836.1801625812858
  ],
  [
   942.3242041205691,
   722.8899148189494
  ],
  [
   90.30374751746706,
   455.14267104064066
  ],
  [
   927.451995929624,
   591.9600321153207
  ],
  [
   507.0590185620179,
   539.4338362744013
  ],
  [
   178.9149032372612,
   219.76234718807882
  ],
  [
   317.7196391927868,
   626.2402552354605
  ],
  [
   59.67571668896665,
   819.4560793464188
  ],
  [
   303.4379458563471,
   766.4312012555318
  ],
  [
   810.4388463910768,
   942.3206117353611
  ],
  [
   446.14054472769544,
   287.3836641992433
  ],
  [
   192.94138158940822,
   656.0203213538349
  ],
  [
   59.67571668896665,
   691.7027697633596
  ],
  [
   370.82928702684546,
   942.324283308769
  ],
  [
   429.2871262257696,
   663.282311540555
  ],
  [
   942.3162896584271,
   942.3163172697894
  ],
  [
   379.1856268798283,
   71.83322358940903
  ]
 ]
}