{
 "Object_Radius": 61.80387232371034,
 "Object_Shape": "disc",
 "Workspace_Density": 0.6,
 "Workspace_Height": 1000,
 "Workspace_Width": 1000,
 "number_of_objects": 50,
 "point_list": [
  [
   206.47294853339997,
   65.27602721665875
  ],
  [
   294.5107790720952,
   166.5141578156418
  ],
  [
   480.1501989472998,
   547.5956848203092
  ],
  [
   375.5553631736866,
   294.35493478206985
  ],
  [
   914.8492235798165,
   337.23546705597965
  ],
  [
   808.7412003668284,
   65.27602721665875
  ],
  [
   65.27602721665875,
   65.27602721665875
  ],
  [
   186.25713276364849,
   726.759923844976
  ],
  [
   497.41372999570495,
   167.05100144086936
  ],
  [
   648.1579439026857,
   729.6406566590975
  ],
  [
   734.3248224220359,
   629.3696922292484
  ],
  [
   823.6678591810728,
   932.9768194862238
  ],
  [
   818.7269863833675,
   524.7402670737318
  ],
  [
   533.7516363907355,
   850.6375330238745
  ],
  [
   936.723963377793,
   208.8557520573281
  ],
  [
   195.8873411132675,
   269.7722458381448
  ],
  [
   777.3255228346928,
   757.7738707114329
  ],
  [
   291.7838309630069,
   800.1772241151945
  ],
  [
   695.0880731398877,
   125.34774512567739
  ],
  [
   453.318882840089,
   412.7468020417534
  ],
  [
   277.13792345115303,
   936.7239727754788
  ],
  [
   936.7236830702925,
   465.02969091942117
  ],
  [
   78.89089516425506,
   636.4429791596449
  ],
  [
   715.335632116402,
   448.3342893791103
  ],
  [
   505.89400930282375,
   295.4283128008912
  ],
  [
   806.6185837279594,
   201.1230251176662
  ],
  [
   585.3243174638819,
   473.24003022861723
  ],
  [
   519.97033296466,
   702.2322930557505
  ],
  [
   936.723969445174,
   869.9837378596386
  ],
  [
   65.27602721665875,
   341.42026707573996
  ],
  [
   416.9192117050101,
   65.27602721665875
  ],
  [
   936.7239727833412,
   77.5370032399769
  ],
  [
   65.27602721665875,
   771.5592620820277
  ],
  [
   629.8141283257768,
   352.2799349500806
  ],
  [
   65.27602721665875,
   203.85878639515118
  ],
  [
   339.23371019449246,
   484.3764061002061
  ],
  [
   929.6038055968887,
   596.8075416745833
  ],
  [
   782.4969367294299,
   333.528995989576
  ],
  [
   65.27602721665875,
   936.7239727801381
  ],
  [
   607.7303024819331,
   604.4923897435026
  ],
  [
   581.2852230921163,
   65.27602721665875
  ],
  [
   172.8749443032701,
   465.1017510209811
  ],
  [
   259.88277150005456,
   617.3597788114962
  ],
  [
   413.52483082629414,
   917.014811624924
  ],
  [
   658.7972578225341,
   892.5479325225316
  ],
  [
   612.9295599829063,
   224.22021582212804
  ],
  [
   394.69082030653897,
   647.7341460110406
  ],
  [
   419.0432047271929,
   781.8947339887934
  ],
  [
   902.8553071534209,
   730.0627993728397
  ],
  [
   170.27109929631038,
   858.392837955162
  ]
 ]
}