{
 "Object_Radius": 61.80387232371034,
 "Object_Shape": "disc",
 "Workspace_Density": 0.6,
 "Workspace_Height": 1000,
 "Workspace_Width": 1000,
 "number_of_objects": 50,
 "point_list": [
  [
   173.51152289533582,
   743.0842362711439
  ],
  [
   486.3292530764208,
   283.08838518439865
  ],
  [
   530.753868466879,
   403.72040235455313
  ],
  [
   936.6867218652319,
   106.29396036184922
  ],
  [
   716.1861080213799,
   936.72397276861
  ],
  [
   575.5308107838531,
   696.5466902199365
  ],
  [
   505.05811841003043,
   546.350291660383
  ],
  [
   775.9595250533032,
   270.2719856209442
  ],
  [
   65.27602721665875,
   647.001032105485
  ],
  [
   563.1212427514655,
   179.99261492764668
  ],
  [
   166.2339397917104,
   423.0228173845412
  ],
  [
   829.0631595889438,
   853.9859172288294
  ],
  [
   935.3839232838833,
   477.0385878604603
  ],
  [
   88.4228630739077,
   866.1573947044939
  ],
  [
   769.5892914158234,
   504.0001841500696
  ],
  [
   622.1488068710023,
   294.1916912985356
  ],
  [
   435.6439562296755,
   162.92118482767543
  ],
  [
   65.27602721665875,
   502.7539870565896
  ],
  [
   836.6507186003952,
   385.50756958596133
  ],
  [
   65.27602721665875,
   340.00759053503106
  ],
  [
   711.0297415095285,
   752.3093209347537
  ],
  [
   621.149023888909,
   65.27602721665875
  ],
  [
   693.5553521436284,
   171.53470910935576
  ],
  [
   87.0293036778427,
   65.27602721665875
  ],
  [
   936.4472316720044,
   764.970551368853
  ],
  [
   920.9171585342823,
   250.84077275236794
  ],
  [
   371.29196621593275,
   807.2640263357434
  ],
  [
   766.4496303071387,
   65.27602721665875
  ],
  [
   626.9846972141328,
   495.18315263556883
  ],
  [
   279.6157865167625,
   505.4776838227725
  ],
  [
   252.3338017083625,
   891.6285084619918
  ],
  [
   358.4979501602516,
   269.33343454908555
  ],
  [
   185.3901500585529,
   293.55817943749474
  ],
  [
   298.81441488929596,
   696.6368533236658
  ],
  [
   803.451630426651,
   635.4709829668245
  ],
  [
   259.0160286803895,
   187.7868497640789
  ],
  [
   446.9863519960129,
   695.1043956844892
  ],
  [
   705.1373490802612,
   392.3677891549812
  ],
  [
   288.29704246309274,
   377.2133233175243
  ],
  [
   65.27602721665875,
   196.81649041810672
  ],
  [
   595.2735942261561,
   878.0754598808708
  ],
  [
   347.75646949423685,
   65.27602721665875
  ],
  [
   936.6320250663903,
   936.33490433739
  ],
  [
   179.07985369027503,
   586.1822508076773
  ],
  [
   676.3119785300044,
   615.7723585305719
  ],
  [
   381.96159952932464,
   583.9949351963716
  ],
  [
   454.37281968704804,
   907.562254175963
  ],
  [
   402.17432281099036,
   440.2566944802296
  ],
  [
   215.8595666378468,
   65.27602721665875
  ],
  [
   936.723935976712,
   636.163523790239
  ]
 ]
}