{
 "Object_Radius": 61.80387232371034,
 "Object_Shape": "disc",
 "Workspace_Density": 0.6,
 "Workspace_Height": 1000,
 "Workspace_Width": 1000,
 "number_of_objects": 50,
 "point_list": [
  [
   936.7239727833412,
   65.27602721665875
  ],
  [
   816.9023489955871,
   260.2058391181429
  ],
  [
   804.9967293065235,
   780.8950998678628
  ],
  [
   781.685545811086,
   384.89002557459867
  ],
  [
   418.2659531948257,
   252.8692785631981
  ],
  [
   510.67580216554495,
   505.4634473229084
  ],
  [
   65.27602721665875,
   194.15531939003452
  ],
  [
   65.27602721665875,
   65.27602721665875
  ],
  [
   181.62532289386067,
   435.3988488511053
  ],
  [
   382.03655144394656,
   509.62124640760294
  ],
  [
   393.50888978078495,
   936.3016429191745
  ],
  [
   484.15649322980556,
   810.9585274327582
  ],
  [
   653.8959226913564,
   936.7239727808491
  ],
  [
   936.7239724326053,
   669.2698355878438
  ],
  [
   544.3689432926615,
   281.48989585833954
  ],
  [
   551.0659891943739,
   65.27602721665875
  ],
  [
   808.1709699502522,
   65.27602721665875
  ],
  [
   324.20928313335054,
   65.27602721665875
  ],
  [
   735.0026471980992,
   632.0432697948867
  ],
  [
   185.02271070279895,
   243.62426722975448
  ],
  [
   580.1324516824521,
   716.4896016811367
  ],
  [
   668.6425103027756,
   314.5821117782788
  ],
  [
   936.7239724326053,
   803.0049806399854
  ],
  [
   280.9143519058909,
   873.8538484950926
  ],
  [
   65.27602721665875,
   495.6899342822404
  ],
  [
   679.6188812695432,
   65.27602721665875
  ],
  [
   936.7239725262096,
   936.6881006065986
  ],
  [
   365.02906335583276,
   730.4239248242931
  ],
  [
   463.032620505,
   631.8449929230591
  ],
  [
   65.27602721665875,
   629.0821291581886
  ],
  [
   65.27602721665875,
   323.02693283372616
  ],
  [
   936.7239727697889,
   537.9572562183546
  ],
  [
   138.44851939524904,
   936.716601310997
  ],
  [
   65.27602721665875,
   829.7324219133498
  ],
  [
   616.1073607783165,
   431.91199398412533
  ],
  [
   195.04497700462474,
   65.27602721665875
  ],
  [
   269.43120877256735,
   341.0533063080431
  ],
  [
   191.9597615398516,
   655.9436906141616
  ],
  [
   392.1655871639693,
   379.34378769522243
  ],
  [
   782.8006697809357,
   936.6770975026407
  ],
  [
   936.7190249125149,
   193.9383399583424
  ],
  [
   254.51257350559024,
   541.4538355325349
  ],
  [
   614.827353272948,
   586.3463421766195
  ],
  [
   187.6075293640984,
   785.0628654490868
  ],
  [
   936.7239727696281,
   408.00345513294053
  ],
  [
   525.3355537703976,
   936.7239727801575
  ],
  [
   437.6312821667944,
   125.78374098991932
  ],
  [
   304.1702337955952,
   192.48108483659834
  ],
  [
   799.9270418458357,
   518.9624183740674
  ],
  [
   707.6191444172921,
   191.59519117016043
  ]
 ]
}