{
 "Object_Radius": 61.80387232371034,
 "Object_Shape": "disc",
 "Workspace_Density": 0.6,
 "Workspace_Height": 1000,
 "Workspace_Width": 1000,
 "number_of_objects": 50,
 "point_list": [
  [
   610.8415504211874,
   216.79125430376726
  ],
  [
   340.4651204109032,
   315.165073454524
  ],
  [
   725.8146630045396,
   274.8917894225308
  ],
  [
   416.8453550207968,
   515.236191121763
  ],
  [
   936.7239727805265,
   419.4209659470534
  ],
  [
   65.27602721665875,
   324.36739364851843
  ],
  [
   812.6512298019932,
   373.28787809471095
  ],
  [
   631.7681619855487,
   552.9811254841843
  ],
  [
   460.29379541625406,
   847.5578729676066
  ],
  [
   291.46424808346666,
   438.02928921056906
  ],
  [
   327.25549088824175,
   936.7239727768102
  ],
  [
   936.6932382501556,
   287.356545181359
  ],
  [
   805.0097562908496,
   857.1822333211845
  ],
  [
   65.27602721665875,
   194.60239182629647
  ],
  [
   747.6198093155333,
   484.2191139951511
  ],
  [
   357.67805683233195,
   185.952073053285
  ],
  [
   936.7239727811049,
   548.0150797545288
  ],
  [
   936.7239727582022,
   676.6143835521971
  ],
  [
   309.6647524892585,
   65.27602721665875
  ],
  [
   936.7239726915274,
   936.7235429841501
  ],
  [
   686.3389412405394,
   112.57397910088717
  ],
  [
   806.9404461633077,
   598.3734880893403
  ],
  [
   806.6017523798171,
   66.54588688602999
  ],
  [
   936.7239727582022,
   806.0969730720826
  ],
  [
   65.27602721665875,
   727.2018726941149
  ],
  [
   65.27602721665875,
   65.27602721665875
  ],
  [
   180.09150740290286,
   515.6481082381758
  ],
  [
   664.6672543255576,
   882.9139471498443
  ],
  [
   474.05306243131884,
   677.9173725840317
  ],
  [
   169.43633087387246,
   829.1948205898177
  ],
  [
   936.3061659051275,
   65.27602721665875
  ],
  [
   190.5253947986525,
   652.9717962802234
  ],
  [
   788.1810243230562,
   727.282861000168
  ],
  [
   65.27602721665875,
   585.6854096707038
  ],
  [
   486.4247246823057,
   184.4480305007581
  ],
  [
   469.86309722892736,
   313.036628703202
  ],
  [
   187.4350300224657,
   105.31189605519303
  ],
  [
   831.780974529956,
   200.77111922454964
  ],
  [
   617.8888992667506,
   353.9541943885761
  ],
  [
   566.78706687656,
   65.27602721665875
  ],
  [
   518.4561044027326,
   436.3996891093232
  ],
  [
   199.36861434451632,
   348.3406165418846
  ],
  [
   299.00908157362727,
   567.9895030235087
  ],
  [
   65.27602721665875,
   452.9648002984404
  ],
  [
   341.63646500707665,
   690.1646556005254
  ],
  [
   296.65895292782943,
   810.6270781861836
  ],
  [
   661.6156816081242,
   683.3153935913793
  ],
  [
   438.21726253506176,
   65.27602721665875
  ],
  [
   65.27602721665875,
   934.2617242219916
  ],
  [
   235.1396878347518,
   224.82099160118847
  ]
 ]
}