{
 "Object_Radius": 61.80387232371034,
 "Object_Shape": "disc",
 "Workspace_Density": 0.6,
 "Workspace_Height": 1000,
 "Workspace_Width": 1000,
 "number_of_objects": 50,
 "point_list": [
  [
   438.75368394841644,
   65.27602721665875
  ],
  [
   497.60059966788873,
   568.3996855252949
  ],
  [
   449.676522666173,
   936.7239724143701
  ],
  [
   337.6541629790715,
   379.8967186179427
  ],
  [
   545.5109202600156,
   829.0347712157826
  ],
  [
   738.0990601589881,
   870.1591852592222
  ],
  [
   301.64696877752857,
   724.3258111479427
  ],
  [
   65.27602721665875,
   189.76858623161905
  ],
  [
   863.3006562297488,
   917.9814995600663
  ],
  [
   936.7239707323461,
   193.9757752292821
  ],
  [
   475.30388230480133,
   708.4610525311127
  ],
  [
   203.40643737463665,
   454.41654879404985
  ],
  [
   65.27602721665875,
   936.7239727833412
  ],
  [
   320.51857229080633,
   507.89141529295597
  ],
  [
   575.1360566931975,
   222.9914570027477
  ],
  [
   820.1892124278197,
   404.80909360322903
  ],
  [
   192.80691349089997,
   794.0467223572123
  ],
  [
   936.7239727833412,
   65.27602721665875
  ],
  [
   314.26131972616383,
   65.27602721665875
  ],
  [
   189.76883032149968,
   65.27602721665875
  ],
  [
   563.2460884459637,
   65.27602721665875
  ],
  [
   936.7238545519572,
   474.7416007929273
  ],
  [
   742.5344991498586,
   516.7543265153568
  ],
  [
   696.4845915743483,
   265.4364893271431
  ],
  [
   936.7238545519572,
   748.3187168834058
  ],
  [
   691.9153641974016,
   394.21834324936947
  ],
  [
   220.65767313058404,
   324.70804000143943
  ],
  [
   563.3841772029314,
   388.6588276378337
  ],
  [
   812.2310719303575,
   65.27602721665875
  ],
  [
   65.27602721665875,
   314.26121990426526
  ],
  [
   65.27602721665875,
   65.27602721665875
  ],
  [
   370.25970832871246,
   835.1638447148008
  ],
  [
   446.67811299919424,
   450.3153032491822
  ],
  [
   380.34664682294243,
   621.7486683158786
  ],
  [
   65.27602721665875,
   812.2315039824106
  ],
  [
   228.34179089280528,
   936.7238545519572
  ],
  [
   612.0561990007662,
   509.67913651786915
  ],
  [
   221.94863684340535,
   623.1979935500481
  ],
  [
   65.27602721665875,
   687.7389036206486
  ],
  [
   605.8277109812086,
   656.3183510268487
  ],
  [
   65.27602721665875,
   438.753794758624
  ],
  [
   321.9377888847864,
   204.1098736228334
  ],
  [
   687.7384960980132,
   65.27602721665875
  ],
  [
   453.27779560771353,
   321.92068651044787
  ],
  [
   65.27602721665875,
   563.2463126157757
  ],
  [
   936.7238545519572,
   324.0761046946025
  ],
  [
   704.0652791229307,
   740.2622417526152
  ],
  [
   193.76627608058115,
   193.86496522903244
  ],
  [
   808.4190249343482,
   202.1334663589974
  ],
  [
   450.0413357733071,
   193.3406768768168
  ]
 ]
}