{
 "Object_Radius": 61.80387232371034,
 "Object_Shape": "disc",
 "Workspace_Density": 0.6,
 "Workspace_Height": 1000,
 "Workspace_Width": 1000,
 "number_of_objects": 50,
 "point_list": [
  [
   936.4587391269372,
   205.7612360302349
  ],
  [
   502.42574918260595,
   725.0824599044806
  ],
  [
   404.0713858613056,
   807.859706532371
  ],
  [
   281.0433692405287,
   936.7239727833412
  ],
  [
   409.90228888223857,
   936.7177610140691
  ],
  [
   860.6422113225941,
   438.3284784256117
  ],
  [
   173.22271853140322,
   324.60261008946685
  ],
  [
   65.27602721665875,
   254.20743885340545
  ],
  [
   936.7239727833412,
   671.2714304760652
  ],
  [
   824.7690680837735,
   606.742019568315
  ],
  [
   698.2243744950669,
   703.1124005658836
  ],
  [
   65.27602721665875,
   832.4367703163988
  ],
  [
   936.7239727752944,
   805.1575602238522
  ],
  [
   316.98192281575143,
   453.5577759540766
  ],
  [
   408.4767400766342,
   358.5018285383985
  ],
  [
   465.68783085809133,
   65.27602721665875
  ],
  [
   570.5362179486831,
   192.29594463723473
  ],
  [
   462.0175489253475,
   475.38128202491475
  ],
  [
   100.8789657254229,
   548.0747205373503
  ],
  [
   377.88512639993525,
   572.9164889620245
  ],
  [
   936.7237310626764,
   334.62833256867196
  ],
  [
   665.5729274861013,
   936.7230592761352
  ],
  [
   186.06918105679588,
   715.8062081001345
  ],
  [
   248.63076684261793,
   566.0464325143294
  ],
  [
   538.4697947712905,
   355.12834967669784
  ],
  [
   734.6826074058869,
   512.3950733493762
  ],
  [
   214.52231589057894,
   194.9969063995047
  ],
  [
   275.5100204363693,
   808.2774951218059
  ],
  [
   614.0496659430652,
   65.27602721665875
  ],
  [
   734.4251003356993,
   826.6131093135396
  ],
  [
   147.13565248693064,
   936.5295989148146
  ],
  [
   743.3023715077177,
   384.0518557711021
  ],
  [
   607.8306730923105,
   465.06093278940756
  ],
  [
   607.9614212691972,
   798.4884788198317
  ],
  [
   814.8333841726798,
   276.75754717851186
  ],
  [
   431.95828503075893,
   229.57183990733301
  ],
  [
   535.6011769111277,
   905.9874913722846
  ],
  [
   633.4930045005251,
   591.7759748213082
  ],
  [
   936.7239727752944,
   936.7239727761184
  ],
  [
   504.9647616435786,
   596.5550881001928
  ],
  [
   936.702590212966,
   542.130033357644
  ],
  [
   806.6128738285051,
   936.7239727761184
  ],
  [
   65.27602721665875,
   407.57301442997164
  ],
  [
   310.8417386406634,
   684.5832210978092
  ],
  [
   65.27602721665875,
   671.6025644977024
  ],
  [
   720.5766492739835,
   177.31213057686867
  ],
  [
   825.4758042588657,
   735.6878535797408
  ],
  [
   297.9604841978345,
   292.798062708428
  ],
  [
   187.37515933121205,
   452.57132998280906
  ],
  [
   651.3792739708697,
   293.6418379268632
  ]
 ]
}