{
 "Object_Radius": 61.80387232371034,
 "Object_Shape": "disc",
 "Workspace_Density": 0.6,
 "Workspace_Height": 1000,
 "Workspace_Width": 1000,
 "number_of_objects": 50,
 "point_list": [
  [
   696.9893242183708,
   354.31230110556317
  ],
  [
   65.27602721665875,
   594.6330227643058
  ],
  [
   261.2469416045893,
   786.3780832171065
  ],
  [
   582.4594948835719,
   65.27602721665875
  ],
  [
   137.30928326212634,
   701.1080672312754
  ],
  [
   794.1353705323746,
   660.3028986953066
  ],
  [
   323.86252661016675,
   65.27602721665875
  ],
  [
   65.27602721665875,
   807.7128608230016
  ],
  [
   383.2244002267279,
   660.1775691587821
  ],
  [
   87.26010340090603,
   317.9382567851819
  ],
  [
   861.7800418419793,
   65.27602721665875
  ],
  [
   711.3705529298302,
   65.27602721665875
  ],
  [
   65.27602721665875,
   936.7213258303419
  ],
  [
   662.3530311795412,
   600.8564307563039
  ],
  [
   806.0458527605731,
   936.7239715148974
  ],
  [
   340.9948416220686,
   536.4282401251984
  ],
  [
   212.82855422899834,
   517.126928132628
  ],
  [
   195.7510828621028,
   389.71150604557766
  ],
  [
   315.02096591192765,
   936.6928861614728
  ],
  [
   65.27602721665875,
   65.27602721665875
  ],
  [
   188.8780147354302,
   900.2995117859601
  ],
  [
   498.6163282190125,
   602.8494499676408
  ],
  [
   471.0095669484254,
   433.3413225255447
  ],
  [
   404.8123171503443,
   304.30370223349667
  ],
  [
   660.6011881575479,
   936.6691539750086
  ],
  [
   936.7239727765663,
   468.6927160118202
  ],
  [
   703.244797557393,
   815.1699114027563
  ],
  [
   936.7239189727811,
   340.0950579737052
  ],
  [
   155.6657726665301,
   206.14767499671672
  ],
  [
   589.7509842643555,
   482.7507088835629
  ],
  [
   268.0908161693339,
   277.19348130763984
  ],
  [
   551.6300841286026,
   862.7272412735009
  ],
  [
   452.64166419999907,
   65.27602721665875
  ],
  [
   612.4364281218911,
   221.29553645610628
  ],
  [
   936.7239717020173,
   726.0442716408345
  ],
  [
   255.1588008892664,
   641.1603676992956
  ],
  [
   65.27602721665875,
   452.6009597328279
  ],
  [
   936.7239727765663,
   597.4915026279931
  ],
  [
   446.26919482046947,
   936.7238982616811
  ],
  [
   830.7727289021763,
   798.8955660457418
  ],
  [
   327.2973100017393,
   408.1679427964065
  ],
  [
   936.7057183104561,
   876.7029104408015
  ],
  [
   768.1427510198687,
   475.7738856189955
  ],
  [
   738.4127202674786,
   191.4724891549745
  ],
  [
   385.2862633323793,
   821.0247968163088
  ],
  [
   613.4864880736094,
   723.1423324517154
  ],
  [
   486.85158595252017,
   193.82751829582543
  ],
  [
   485.868203479314,
   738.6086212093685
  ],
  [
   195.08885321054768,
   65.27602721665875
  ],
  [
   816.95706323205,
   293.386315258409
  ]
 ]
}