{
 "Object_Radius": 61.80387232371034,
 "Object_Shape": "disc",
 "Workspace_Density": 0.6,
 "Workspace_Height": 1000,
 "Workspace_Width": 1000,
 "number_of_objects": 50,
 "point_list": [
  [
   190.30720284611292,
   708.8782132066616
  ],
  [
   65.27602721665875,
   421.8088556833283
  ],
  [
   740.0442006579445,
   446.17269658698046
  ],
  [
   600.4073420994524,
   182.77743359724428
  ],
  [
   936.2567698667407,
   65.27602721665875
  ],
  [
   258.57275234073626,
   818.3321483561732
  ],
  [
   936.7239713886203,
   344.8300005333414
  ],
  [
   210.15462175335566,
   65.27602721665875
  ],
  [
   438.75372482181416,
   936.7239727833412
  ],
  [
   404.5331510760957,
   112.04156958501834
  ],
  [
   65.27602721665875,
   807.545686549881
  ],
  [
   65.27602721665875,
   550.4354713442912
  ],
  [
   935.4967578947454,
   574.9196844940237
  ],
  [
   936.7239619886251,
   704.0611068523949
  ],
  [
   621.8203866488423,
   668.5295001653012
  ],
  [
   936.7239727833412,
   936.7239727833412
  ],
  [
   526.656485785699,
   65.27602721665875
  ],
  [
   357.20565945693863,
   528.1355122054548
  ],
  [
   466.75333753277243,
   667.6439980422192
  ],
  [
   516.0237898419554,
   541.1774680770054
  ],
  [
   609.225728628631,
   432.76115528503374
  ],
  [
   687.738851462676,
   936.7239727833412
  ],
  [
   496.3824972693916,
   820.8422783490936
  ],
  [
   65.27602721665875,
   936.7239727833412
  ],
  [
   376.45037127506316,
   762.5112655648868
  ],
  [
   774.4662967371871,
   720.3292429833359
  ],
  [
   862.7509769317302,
   815.4059211082869
  ],
  [
   289.43297449855515,
   169.29265974226396
  ],
  [
   171.91348062839188,
   221.39684756349135
  ],
  [
   224.7785130708084,
   368.2451766738731
  ],
  [
   788.018209413386,
   88.32876787956772
  ],
  [
   678.2821984539631,
   311.12517429838346
  ],
  [
   350.5621349372422,
   398.84396267797587
  ],
  [
   189.76860777602806,
   936.7239727833412
  ],
  [
   65.27602721665875,
   65.27602721665875
  ],
  [
   65.27602721665875,
   293.1972567401373
  ],
  [
   198.2487773689769,
   555.4737143022322
  ],
  [
   314.26116827000254,
   936.7239727833412
  ],
  [
   479.6849930170235,
   415.18873008274613
  ],
  [
   805.9495247060019,
   329.41263901057823
  ],
  [
   624.1468937491497,
   804.2790925066087
  ],
  [
   65.27602721665875,
   678.9890880174029
  ],
  [
   563.2462881947638,
   936.7239727833412
  ],
  [
   659.2106771784164,
   65.27602721665875
  ],
  [
   367.6036510228731,
   271.39002502474676
  ],
  [
   544.5502543409065,
   303.5359971504805
  ],
  [
   812.231412279466,
   936.7239727833412
  ],
  [
   872.9657175044891,
   213.67025489738265
  ],
  [
   753.5080658669876,
   591.6999212685918
  ],
  [
   304.48191269240084,
   647.0543171364325
  ]
 ]
}