{
 "Object_Radius": 61.80387232371034,
 "Object_Shape": "disc",
 "Workspace_Density": 0.6,
 "Workspace_Height": 1000,
 "Workspace_Width": 1000,
 "number_of_objects": 50,
 "point_list": [
  [
   201.065596934209,
   791.7495805742127
  ],
  [
   574.2580892650853,
   312.0716828921556
  ],
  [
   396.7322126799141,
   935.4928696952829
  ],
  [
   936.7239727680657,
   935.9149937140585
  ],
  [
   781.9420087683073,
   129.5712065512257
  ],
  [
   789.053442075724,
   936.7239554712773
  ],
  [
   236.36746093569099,
   315.1509400843189
  ],
  [
   704.300038332274,
   416.4967917149154
  ],
  [
   697.9590654532694,
   802.0017680232709
  ],
  [
   414.3938040199435,
   512.1376356344349
  ],
  [
   65.27602721665875,
   551.0011783324169
  ],
  [
   819.6512193706596,
   749.9260672639933
  ],
  [
   936.7232541286378,
   806.5919905894449
  ],
  [
   208.3374441101431,
   177.7344872525246
  ],
  [
   65.27602721665875,
   679.5532314034361
  ],
  [
   65.27602721665875,
   293.8915575557398
  ],
  [
   912.7991797177024,
   65.27602721665875
  ],
  [
   936.7174230343846,
   360.7648909238707
  ],
  [
   191.11840170359338,
   644.0766675214772
  ],
  [
   331.79874509085624,
   621.6913512177831
  ],
  [
   145.98176610609232,
   65.27602721665875
  ],
  [
   65.27602721665875,
   808.1440563131969
  ],
  [
   655.5661167894901,
   936.7215197175302
  ],
  [
   664.180723790156,
   184.95979180411032
  ],
  [
   578.6010606145237,
   752.8906614189572
  ],
  [
   65.27602721665875,
   165.33738774574144
  ],
  [
   936.6486463872867,
   540.8348298837353
  ],
  [
   266.76278650241494,
   936.7226083547566
  ],
  [
   575.370422866275,
   89.07649885095245
  ],
  [
   65.27602721665875,
   936.7190874364939
  ],
  [
   452.5398912017416,
   355.5428938597651
  ],
  [
   717.6740396804981,
   669.8471264593168
  ],
  [
   679.7754721934579,
   545.3181481006935
  ],
  [
   189.43090604780744,
   503.6249911597083
  ],
  [
   459.44949462697554,
   673.7372741746817
  ],
  [
   324.0651632960206,
   420.0391733187484
  ],
  [
   525.1529721922378,
   919.3377386408388
  ],
  [
   275.7741529861154,
   65.27602721665875
  ],
  [
   438.39360482048573,
   65.27602721665875
  ],
  [
   458.6082031223727,
   802.294631329503
  ],
  [
   65.27602721665875,
   422.44912545128994
  ],
  [
   335.54669520262297,
   759.7337137294265
  ],
  [
   740.6545917125673,
   291.6144325464095
  ],
  [
   462.01668334358516,
   226.06967389293646
  ],
  [
   844.8096423246119,
   450.774453905781
  ],
  [
   859.7773687745371,
   238.14350587818805
  ],
  [
   577.8992332102989,
   623.7200854215843
  ],
  [
   545.8330850324817,
   484.7210604582531
  ],
  [
   936.7238952628124,
   674.9753655773408
  ],
  [
   335.22950437326796,
   198.42577041468132
  ]
 ]
}