{
 "Object_Radius": 26.59615202676218,
 "Object_Shape": "disc",
 "Workspace_Density": 0.4,
 "Workspace_Height": 1000,
 "Workspace_Width": 1000,
 "number_of_objects": 180,
 "point_list": [
  [
   332.2635477948226,
   840.3440505174235
  ],
  [
   443.13083086265743,
   105.98690356329922
  ],
  [
   112.89962456580716,
   47.745982282063615
  ],
  [
   616.372794316853,
   574.3136724885054
  ],
  [
   276.76405111547274,
   865.970174463421
  ],
  [
   30.2557672294384,
   531.4609133522538
  ],
  [
   466.5011287439364,
   243.76525943129892
  ],
  [
   247.3943276864392,
   681.3829939399427
  ],
  [
   776.1838261435701,
   30.2557672294384
  ],
  [
   30.2557672294384,
   651.6623050337118
  ],
  [
   685.1381059030069,
   919.7136196113423
  ],
  [
   875.0680444320084,
   971.7442327705616
  ],
  [
   169.97962834486975,
   389.7021916436026
  ],
  [
   90.7112778778581,
   259.7980742256677
  ],
  [
   236.10287985722425,
   282.0208987098141
  ],
  [
   30.2557672294384,
   711.9089874574005
  ],
  [
   271.7987238740874,
   735.7947086593094
  ],
  [
   247.22147764072264,
   340.1800845972049
  ],
  [
   167.16554179250863,
   266.9884440370848
  ],
  [
   660.5224572307526,
   389.48291448525384
  ],
  [
   716.0913546557703,
   254.1196682801649
  ],
  [
   30.2557672294384,
   771.9021846222495
  ],
  [
   416.46661781041365,
   288.96137426245406
  ],
  [
   91.85824245500125,
   487.3303307004193
  ],
  [
   550.1324834043535,
   116.07037624012221
  ],
  [
   183.64738531586207,
   836.4224111053516
  ],
  [
   971.7442327705616,
   30.2557672294384
  ],
  [
   971.7442327705616,
   367.9672774009689
  ],
  [
   913.0392099669218,
   106.12089879788851
  ],
  [
   336.4153150965019,
   288.78864981675747
  ],
  [
   640.2262826467364,
   492.2693750307996
  ],
  [
   86.69602924406776,
   936.2690596933104
  ],
  [
   738.6556134168329,
   812.4785858989796
  ],
  [
   32.58338069257751,
   210.7917127779103
  ],
  [
   476.2586259431304,
   301.6621012017695
  ],
  [
   355.41047333675203,
   232.53711336310982
  ],
  [
   331.30956141779546,
   57.704473899387885
  ],
  [
   668.8527407503639,
   290.18252471343254
  ],
  [
   259.6190262691284,
   460.4908617242402
  ],
  [
   97.28959601677433,
   199.37151035019068
  ],
  [
   262.0019201791805,
   520.2931823596858
  ],
  [
   863.7712427232444,
   393.6339929793098
  ],
  [
   42.8393916607706,
   75.96239089786619
  ],
  [
   229.3392589144917,
   396.77480217422516
  ],
  [
   971.7442327705616,
   94.25762255186737
  ],
  [
   742.6291432134761,
   751.9713812647515
  ],
  [
   794.9501078823729,
   574.2539645448588
  ],
  [
   128.29460590933982,
   873.9732794080678
  ],
  [
   236.21232493392378,
   621.1072188188382
  ],
  [
   346.17819399327317,
   589.1271473460743
  ],
  [
   134.07225410245167,
   971.7442327705616
  ],
  [
   723.7955240589658,
   102.69320003466538
  ],
  [
   609.6842726393088,
   355.43249484555315
  ],
  [
   490.82226308189917,
   165.91412377847905
  ],
  [
   297.796209870945,
   632.9348113493393
  ],
  [
   269.25798057322817,
   803.6169749386682
  ],
  [
   102.25496580430743,
   317.36825262851244
  ],
  [
   866.0725412214798,
   30.2557672294384
  ],
  [
   594.9992239297617,
   871.8216719611281
  ],
  [
   292.9857352410201,
   130.04964518446948
  ],
  [
   311.64344274862066,
   186.3787566790617
  ],
  [
   112.7182710504446,
   651.3015528718565
  ],
  [
   194.618014038255,
   578.6078947297418
  ],
  [
   900.313293037178,
   606.4313367719371
  ],
  [
   712.8454444780627,
   623.1436171693827
  ],
  [
   407.881196221445,
   30.2557672294384
  ],
  [
   512.5841516917392,
   677.5220558687416
  ],
  [
   718.1761451582482,
   971.7442327705616
  ],
  [
   808.3180625253541,
   859.5038855383772
  ],
  [
   421.460265144759,
   807.5782350476289
  ],
  [
   801.1901757680262,
   747.5248342074156
  ],
  [
   536.6237519696982,
   735.636792161714
  ],
  [
   468.444568721231,
   591.043278456746
  ],
  [
   536.1016139482673,
   30.2557672294384
  ],
  [
   774.4065171600986,
   263.03693641088176
  ],
  [
   862.0849801560984,
   334.2850260037837
  ],
  [
   454.141398387841,
   674.6580558154174
  ],
  [
   475.6512991682875,
   531.4868934593751
  ],
  [
   137.8377828068564,
   596.6530653533963
  ],
  [
   599.7544251549411,
   632.851520748051
  ],
  [
   740.2066218288853,
   421.3439989698055
  ],
  [
   776.9696762267699,
   472.84317730917064
  ],
  [
   113.46700103878042,
   405.57798647407304
  ],
  [
   763.028430056615,
   204.35382957620263
  ],
  [
   162.46376267091685,
   331.5836081457308
  ],
  [
   300.4797491603325,
   919.8671452841028
  ],
  [
   37.95839825305695,
   591.655416748866
  ],
  [
   962.9752082028023,
   479.4344660716483
  ],
  [
   695.183131023385,
   48.4316974240886
  ],
  [
   385.0715546945088,
   751.3095844667556
  ],
  [
   595.2716981580933,
   739.7870704519036
  ],
  [
   729.2044487171795,
   337.54769115124094
  ],
  [
   201.76428789519292,
   719.8033074864995
  ],
  [
   393.67649948261936,
   345.6561438139227
  ],
  [
   774.4620828579408,
   631.6429593795805
  ],
  [
   373.0866456017874,
   105.75031046292253
  ],
  [
   180.7197902066406,
   643.8707233469455
  ],
  [
   571.2694807570685,
   295.00371681926765
  ],
  [
   442.46641679651043,
   480.38923353657157
  ],
  [
   658.3721768246758,
   971.7442327705616
  ],
  [
   201.11769751361615,
   30.2557672294384
  ],
  [
   721.4968149305724,
   163.1011240624125
  ],
  [
   829.4310226294054,
   916.9301616836935
  ],
  [
   30.2557672294384,
   275.4782145078772
  ],
  [
   403.4092325270273,
   875.1583106863029
  ],
  [
   452.689975236027,
   414.79365943106154
  ],
  [
   167.79471405440356,
   194.30940123297364
  ],
  [
   586.1168092640775,
   808.3699104395133
  ],
  [
   571.1903230674956,
   685.1552858982624
  ],
  [
   913.4661051638444,
   362.2951221811359
  ],
  [
   891.7679267969377,
   910.6088275326875
  ],
  [
   92.76033996940895,
   748.464462339092
  ],
  [
   971.7442327705616,
   282.2196069818053
  ],
  [
   256.7033825233277,
   971.7442327705616
  ],
  [
   176.52118580242646,
   110.52487978941032
  ],
  [
   392.75523561310627,
   693.0324296766851
  ],
  [
   645.1066980106805,
   811.9924429450513
  ],
  [
   878.1015730407271,
   254.84976269109558
  ],
  [
   409.0189022842561,
   576.1172085607529
  ],
  [
   971.7442327705616,
   220.55488547227384
  ],
  [
   381.1661296622855,
   167.78533031628422
  ],
  [
   554.7452733585328,
   914.9270384177217
  ],
  [
   653.8023942737619,
   870.1987700517271
  ],
  [
   305.9675682590104,
   339.3100342368782
  ],
  [
   460.45516699931306,
   905.5880905508349
  ],
  [
   914.5094051228773,
   303.7383909069866
  ],
  [
   413.6418046522743,
   218.29271080247895
  ],
  [
   207.49638871475133,
   490.05052467355586
  ],
  [
   613.8302467400828,
   254.16090683050223
  ],
  [
   310.9144791655032,
   691.0092880517864
  ],
  [
   600.9245206066624,
   30.2557672294384
  ],
  [
   330.20689215442627,
   526.5178978063377
  ],
  [
   117.27463036543145,
   143.1756559870584
  ],
  [
   390.2174247354317,
   515.7376743486335
  ],
  [
   914.198689203936,
   205.90439585458734
  ],
  [
   703.882188854937,
   701.6943534669794
  ],
  [
   828.9094212579959,
   441.4404135392534
  ],
  [
   971.7442327705616,
   160.0591724318083
  ],
  [
   376.7090373838409,
   932.6061182742634
  ],
  [
   868.622501826949,
   159.03315592915303
  ],
  [
   533.8224735105883,
   398.12242190101364
  ],
  [
   552.4620834966922,
   546.5562370423651
  ],
  [
   683.6195185654508,
   443.8505198954503
  ],
  [
   872.5392257604523,
   481.1175609774794
  ],
  [
   827.8690177532955,
   286.81600749483135
  ],
  [
   916.6259908391238,
   800.6646670962351
  ],
  [
   158.42220343433678,
   454.9148038514645
  ],
  [
   598.6954602702759,
   971.7442327705616
  ],
  [
   30.2557672294384,
   917.5668968766585
  ],
  [
   216.81192166836382,
