{
 "Object_Radius": 26.59615202676218,
 "Object_Shape": "disc",
 "Workspace_Density": 0.4,
 "Workspace_Height": 1000,
 "Workspace_Width": 1000,
 "number_of_objects": 180,
 "point_list": [
  [
   376.18112345507217,
   104.19686520146905
  ],
  [
   271.2698103784875,
   685.1468904230707
  ],
  [
   60.25051499956917,
   819.5301823789146
  ],
  [
   281.0432957806449,
   303.0104987668374
  ],
  [
   484.3782604423562,
   261.8941871318137
  ],
  [
   758.9669148450939,
   576.7873624389241
  ],
  [
   803.3311723069576,
   345.2789207452427
  ],
  [
   948.7838609566421,
   743.4364614097085
  ],
  [
   677.8477078006462,
   864.1138970254417
  ],
  [
   685.486003121943,
   971.7442327705616
  ],
  [
   481.5929052189934,
   30.2557672294384
  ],
  [
   971.7442327705616,
   412.80041712917125
  ],
  [
   434.9850506036747,
   911.1832207412625
  ],
  [
   778.0952320716245,
   251.15874705589113
  ],
  [
   839.2186596323795,
   534.8544832429134
  ],
  [
   367.96921045118586,
   472.315365864834
  ],
  [
   461.2323792124228,
   108.120957556086
  ],
  [
   846.4447963186519,
   133.47766147849208
  ],
  [
   376.638057741228,
   30.2557672294384
  ],
  [
   942.3292657663613,
   638.2782681535944
  ],
  [
   499.0480821638877,
   696.3960122861473
  ],
  [
   377.43908229116556,
   744.1604187016775
  ],
  [
   865.7423932316614,
   971.7442327705616
  ],
  [
   387.9436165031158,
   162.10688756365582
  ],
  [
   971.7442327705616,
   237.10149089126398
  ],
  [
   30.2557672294384,
   588.1786582138226
  ],
  [
   318.5757751700479,
   747.660708741766
  ],
  [
   673.1409089646509,
   55.41570059023726
  ],
  [
   966.3433746931566,
   347.58787126327576
  ],
  [
   416.03529279138,
   221.7776754356794
  ],
  [
   758.9425850779918,
   889.2052025943009
  ],
  [
   30.2557672294384,
   463.0672428637842
  ],
  [
   744.7376195784817,
   110.06991370181548
  ],
  [
   454.3523827384236,
   171.42180314649988
  ],
  [
   534.263430431448,
   418.3112712357879
  ],
  [
   295.03728453701996,
   827.809702162943
  ],
  [
   297.02395119455133,
   971.7442327705616
  ],
  [
   712.8831683576403,
   334.17157893919216
  ],
  [
   819.1990075811505,
   774.3780865391823
  ],
  [
   813.1493990619048,
   599.1271299561952
  ],
  [
   526.3482790350295,
   971.7442327705616
  ],
  [
   643.4156240833771,
   914.8378231785398
  ],
  [
   432.84113902048074,
   338.7762159494556
  ],
  [
   871.4317076100382,
   604.6991930917139
  ],
  [
   260.4993837798774,
   780.5158758273725
  ],
  [
   121.52263702284684,
   839.1279048001797
  ],
  [
   788.8472010529591,
   828.8159237596299
  ],
  [
   414.1614847957026,
   791.5778184183396
  ],
  [
   626.7375712094647,
   834.8492028979142
  ],
  [
   463.53078454551456,
   971.7442327705616
  ],
  [
   323.93354727737784,
   419.66633804644346
  ],
  [
   47.093759696170345,
   362.0215521101764
  ],
  [
   351.81371002555653,
   316.2895762369924
  ],
  [
   775.7152933184846,
   450.8081765828593
  ],
  [
   410.6606502895072,
   513.7194266780009
  ],
  [
   857.0921108515456,
   904.0168860258359
  ],
  [
   628.2317969370729,
   766.0113225626723
  ],
  [
   643.4700547426146,
   275.50764187997356
  ],
  [
   496.1670691760777,
   765.0274699226131
  ],
  [
   858.0683746242406,
   214.8008408109127
  ],
  [
   425.7990695574062,
   280.25285827245756
  ],
  [
   181.86501206196556,
   484.3381306019139
  ],
  [
   724.9424734453318,
   684.2695693396436
  ],
  [
   971.7442327705616,
   797.3939389799248
  ],
  [
   335.691918433233,
   197.24617182491664
  ],
  [
   208.22442958334992,
   858.0460809853157
  ],
  [
   911.9345632492789,
   930.3109086150062
  ],
  [
   325.3814113092489,
   648.6348482939579
  ],
  [
   30.2557672294384,
   651.378050731468
  ],
  [
   258.9906232823026,
   900.2792251128169
  ],
  [
   501.2058329476685,
   338.9883138812275
  ],
  [
   361.202246540269,
   835.6979559412807
  ],
  [
   971.7442327705616,
   485.5940322443569
  ],
  [
   30.2557672294384,
   888.8869166314371
  ],
  [
   87.59361139694563,
   905.9142685740724
  ],
  [
   173.11525952011795,
   774.697603755609
  ],
  [
   190.51431384812818,
   163.0033430792887
  ],
  [
   864.2321904234987,
   333.7335485217034
  ],
  [
   369.8297857146326,
   260.6200453933544
  ],
  [
   419.3896344119415,
   851.0304370955241
  ],
  [
   542.0067467510557,
   913.8323202724132
  ],
  [
   310.2587764620331,
   357.48233029223945
  ],
  [
   358.80421500263765,
   971.7442327705616
  ],
  [
   971.7442327705616,
   856.8622427525908
  ],
  [
   755.9633006737885,
   757.9783851103704
  ],
  [
   91.20607672013475,
   964.5282628139568
  ],
  [
   84.05440233129323,
   304.2143337528285
  ],
  [
   590.2726615163709,
   516.7039888781557
  ],
  [
   971.7442327705616,
   160.93482928220948
  ],
  [
   127.71818060242214,
   250.47177833224015
  ],
  [
   971.7442327705616,
   689.5652919674237
  ],
  [
   89.35523440641421,
   717.6727027940133
  ],
  [
   726.9970705793069,
   625.7929537201087
  ],
  [
   30.2557672294384,
   523.42068874327
  ],
  [
   874.6181944314543,
   427.42254163503264
  ],
  [
   437.55089032791636,
   689.719633325918
  ],
  [
   794.3527334944506,
   954.0683946608076
  ],
  [
   802.9801037647272,
   87.6896725925354
  ],
  [
   477.3077806756384,
   553.7537076547459
  ],
  [
   226.5883682084336,
   108.80437622171667
  ],
  [
   897.7173941891805,
   167.84823458261405
  ],
  [
   241.6626364406475,
   494.41931841562183
  ],
  [
   222.6185091870464,
   311.75065689468806
  ],
  [
   144.45537330822043,
   553.9275316469344
  ],
  [
   622.2333946557922,
   649.8580464529233
  ],
  [
   131.53740433676512,
   661.1462261638101
  ],
  [
   468.49958578290256,
   817.1688889837003
  ],
  [
   30.2557672294384,
   716.2154518373292
  ],
  [
   317.2308124304993,
   30.2557672294384
  ],
  [
   429.8132505268072,
   57.6184691067797
  ],
  [
   556.9817937515973,
   94.61913897809592
  ],
  [
   612.6044615371538,
   971.7442327705616
  ],
  [
   759.5375601754819,
   390.4327247323292
  ],
  [
   554.3168741440132,
   833.5882602787696
  ],
  [
   85.04166981094073,
   548.6322005569453
  ],
  [
   971.4460894278878,
   915.9091843746285
  ],
  [
   879.1819011384632,
   777.1607894484491
  ],
  [
   388.31771019510364,
   627.5830693990206
  ],
  [
   209.13707743832367,
   222.61403230452095
  ],
  [
   112.91433310716101,
   604.6288418216026
  ],
  [
   508.85480251689967,
   147.02603859702623
  ],
  [
   304.6290114268114,
   248.13085091874967
  ],
  [
   681.8513931049347,
   798.1948702146813
  ],
  [
   176.16272872926677,
   971.7442327705616
  ],
  [
   529.8957684049516,
   484.44414131897696
  ],
  [
   544.3167360016886,
   37.243044730650006
  ],
  [
   30.2557672294384,
   82.53944405373714
  ],
  [
   201.36193146890486,
   30.2557672294384
  ],
  [
   688.0779420718312,
   135.2167653744489
  ],
  [
   557.1394183635674,
   653.9194837815731
  ],
  [
   593.4710874087547,
   883.5344193822707
  ],
  [
   556.5431262528236,
   714.6071249369018
  ],
  [
   452.8997664647479,
   405.54707620837615
  ],
  [
   888.4796137463337,
   661.322427748263
  ],
  [
   927.6907467260627,
   30.2557672294384
  ],
  [
   193.4253964413188,
   378.91550109005107
  ],
  [
   904.3340152249647,
   554.6941631545661
  ],
  [
   226.7997589568944,
   429.88963326626754
  ],
  [
   749.19458398801,
   514.4680038346272
  ],
  [
   152.71046881670404,
   433.1823950110732
  ],
  [
   615.0369017688001,
   70.1923417204854
  ],
  [
   895.0751690794415,
   719.8772481573261
  ],
  [
   862.1686823378741,
   833.310886432993
  ],
  [
   260.24574064061744,
   55.79064281699243
  ],
  [
   665.9401924866153,
   609.5587544976902
  ],
  [
   730.299572852221,
   834.1305765544693
  ],
  [
   836.4892290391546,
   718.134794593885
  ],
  [
   135.69656196584683,
   192.47259962566676
  ],
  [
   89.51319750113962,
   150.767825180406
  ],
  [
   556.9391151113556,
