{
 "Object_Radius": 26.59615202676218,
 "Object_Shape": "disc",
 "Workspace_Density": 0.4,
 "Workspace_Height": 1000,
 "Workspace_Width": 1000,
 "number_of_objects": 180,
 "point_list": [
  [
   487.8052106944838,
   411.4018527641634
  ],
  [
   132.46085219645227,
   211.16108516299124
  ],
  [
   645.6109819625991,
   907.1106652979768
  ],
  [
   94.79176998988453,
   416.17235352261235
  ],
  [
   456.10012259923866,
   730.2292252743771
  ],
  [
   94.16323746885408,
   659.3138312945375
  ],
  [
   704.0572500871559,
   381.88983209146454
  ],
  [
   838.8881789593039,
   197.87352649118296
  ],
  [
   270.07266420965885,
   175.04271203472226
  ],
  [
   508.0913207096287,
   75.55643985306975
  ],
  [
   682.4579146119778,
   191.42972859571094
  ],
  [
   80.53905514187056,
   971.7442327705616
  ],
  [
   523.144892171601,
   362.30044470366414
  ],
  [
   742.4459202753525,
   188.9079465157598
  ],
  [
   826.6087723404169,
   936.5662987852368
  ],
  [
   30.2557672294384,
   512.6934305665281
  ],
  [
   470.641391666484,
   30.2557672294384
  ],
  [
   191.82584442110692,
   311.22108419549727
  ],
  [
   582.779168856258,
   507.7661362646845
  ],
  [
   586.6892944156931,
   971.7442327705616
  ],
  [
   904.2239900947362,
   780.1836987182995
  ],
  [
   620.4901987061853,
   89.2169238134184
  ],
  [
   806.167009700898,
   407.6597884925439
  ],
  [
   917.7973623994952,
   450.75683928100653
  ],
  [
   471.33543047517895,
   522.3129354503088
  ],
  [
   345.2204822346863,
   339.7779666615934
  ],
  [
   171.313207455644,
   588.8326166136811
  ],
  [
   842.130004389224,
   274.3248772360185
  ],
  [
   789.0459905382272,
   635.7126251520949
  ],
  [
   525.6773556755445,
   971.7442327705616
  ],
  [
   708.6988980743001,
   30.2557672294384
  ],
  [
   170.26436725659684,
   807.5002197468455
  ],
  [
   574.8434243453974,
   279.3857065414038
  ],
  [
   235.17613552307378,
   481.7715968056258
  ],
  [
   898.055254498242,
   125.61408208768819
  ],
  [
   256.0350923880096,
   62.90813210700464
  ],
  [
   830.8088019605495,
   799.8872014576398
  ],
  [
   394.7882805358533,
   101.1099941895848
  ],
  [
   248.71001424218423,
   834.2395705177621
  ],
  [
   138.1841647288089,
   477.92897527796276
  ],
  [
   194.48652152367902,
   864.8417837880919
  ],
  [
   860.6529373721127,
   59.41006211499322
  ],
  [
   638.6063192187079,
   536.2739091616083
  ],
  [
   275.1632644926998,
   632.5234129721041
  ],
  [
   364.4220557381908,
   971.7442327705616
  ],
  [
   30.2557672294384,
   939.9197935094156
  ],
  [
   763.2021910753051,
   358.61460020810307
  ],
  [
   234.58820425704894,
   584.3057476288768
  ],
  [
   794.0464617476594,
   160.0467033308497
  ],
  [
   518.9186244055892,
   877.6563609356135
  ],
  [
   587.1850905943909,
   178.88647811648536
  ],
  [
   877.3280355910691,
   497.0533463269991
  ],
  [
   763.0317507590026,
   247.73242703329254
  ],
  [
   912.0596111911657,
   692.6997852230731
  ],
  [
   118.23653099170667,
   83.02087777496845
  ],
  [
   789.0929750089518,
   740.2910458213515
  ],
  [
   42.20381767440805,
   821.1762398710728
  ],
  [
   205.72672062843415,
   33.01087844965197
  ],
  [
   482.2851226267369,
   253.45419536164098
  ],
  [
   139.45450022738814,
   696.9156212276733
  ],
  [
   452.8774035034626,
   855.899830308635
  ],
  [
   971.7442327705616,
   425.7794435948984
  ],
  [
   88.76753244346473,
   30.2557672294384
  ],
  [
   356.9194884655218,
   56.50007453462164
  ],
  [
   579.6490567262568,
   41.535260415202224
  ],
  [
   115.73131489528207,
   142.95232522335914
  ],
  [
   83.39414719107509,
   255.12947102625728
  ],
  [
   30.2557672294384,
   598.3283177755302
  ],
  [
   418.2588146657017,
   269.6637583798538
  ],
  [
   557.2352760973739,
   750.4055165491194
  ],
  [
   30.2557672294384,
   291.2813467228843
  ],
  [
   30.2557672294384,
   227.2885131632944
  ],
  [
   726.0503178573549,
   611.5225406376371
  ],
  [
   593.0064744358724,
   382.3731956164196
  ],
  [
   963.9014851093593,
   285.53042140754303
  ],
  [
   197.1972437846797,
   531.6900916479517
  ],
  [
   657.7381345759251,
   136.55525519038946
  ],
  [
   246.7765104822802,
   331.910272061938
  ],
  [
   72.65664601416452,
   338.43796931707317
  ],
  [
   347.54677637121875,
   871.853967442508
  ],
  [
   432.120076450838,
   971.7442327705616
  ],
  [
   268.9063092889388,
   238.00978969487164
  ],
  [
   376.0051388425049,
   390.68898472948695
  ],
  [
   605.9824206832396,
   850.791119446697
  ],
  [
   634.8863296391079,
   297.10422604806433
  ],
  [
   341.2985691867556,
   654.7822972873278
  ],
  [
   196.2270213493139,
   370.4568053937201
  ],
  [
   292.7986134330121,
   395.53663714932077
  ],
  [
   501.55167403815153,
   139.70618657674433
  ],
  [
   598.3046355793165,
   449.65384102340124
  ],
  [
   369.7296349284929,
   236.97446658344592
  ],
  [
   354.35168440403334,
   508.0583107152454
  ],
  [
   732.889603910641,
   432.92661096709054
  ],
  [
   762.7373393289038,
   490.28916733635634
  ],
  [
   224.05332867555592,
   674.3264618678064
  ],
  [
   971.7442327705616,
   854.1615439324833
  ],
  [
   30.2557672294384,
   94.63647265883043
  ],
  [
   922.1267088459672,
   567.032172773649
  ],
  [
   758.8944883589527,
   71.03331333428352
  ],
  [
   160.54744332693738,
   971.7442327705616
  ],
  [
   834.486156003623,
   113.54671525981311
  ],
  [
   304.60758087002995,
   30.2557672294384
  ],
  [
   865.0393649552875,
   366.3247772043266
  ],
  [
   536.5434467341831,
   444.8237936102362
  ],
  [
   770.80155661516,
   818.7429124326769
  ],
  [
   971.7442327705616,
   608.3074590882537
  ],
  [
   888.4247788960754,
   237.97564499082807
  ],
  [
   915.5548728643064,
   37.1113337887321
  ],
  [
   843.2918142714519,
   607.6997777200985
  ],
  [
   901.903987490541,
   624.4229094206205
  ],
  [
   440.2860528820528,
   211.406183412956
  ],
  [
   971.7442327705616,
   971.7442327705616
  ],
  [
   173.99804755977544,
   158.48032156762534
  ],
  [
   30.2557672294384,
   154.49132139981177
  ],
  [
   77.60357502527566,
   190.56266283807608
  ],
  [
   75.20495554116695,
   772.5809393296039
  ],
  [
   971.7442327705616,
   359.55128016370486
  ],
  [
   530.8193902926399,
   556.4584365307072
  ],
  [
   954.9237425695177,
   911.3512217071037
  ],
  [
   560.0107705895208,
   102.94111000081973
  ],
  [
   502.92920054688506,
   642.6134096650662
  ],
  [
   971.7442327705616,
   158.91815003901948
  ],
  [
   813.8431799811605,
   554.047044117613
  ],
  [
   419.2201369644829,
   495.0016263869449
  ],
  [
   217.4002210453946,
   200.57700354500398
  ],
  [
   903.1015783754093,
   877.9531632513449
  ],
  [
   64.62947667488183,
   710.9232837214654
  ],
  [
   298.5170064352241,
   301.25263371948233
  ],
  [
   402.8726098557522,
   326.58869756243604
  ],
  [
   319.7551154689137,
   711.679760767284
  ],
  [
   671.1771007129855,
   660.3228408419365
  ],
  [
   649.6817681817022,
   355.2723558155317
  ],
  [
   593.8968390305143,
   588.271853546295
  ],
  [
   406.7624866618541,
   670.0142809212444
  ],
  [
   247.52384965126748,
   120.97737496931389
  ],
  [
   377.12111455712926,
   450.99159565974117
  ],
  [
   685.6244595622895,
   255.22692894156097
  ],
  [
   698.285771416945,
   519.4789391079721
  ],
  [
   207.3373276384268,
   924.8837818582272
  ],
  [
   134.56200159252745,
   756.0052587962246
  ],
  [
   113.69891702823085,
   923.0914186310748
  ],
  [
   290.8954877182601,
   510.05623071624035
  ],
  [
   43.05974665196552,
   879.6815135609227
  ],
  [
   953.5496177852713,
   81.62881902778813
  ],
  [
   971.7442327705616,
   687.257643918147
  ],
  [
   715.0098040048824,
   954.5081769194678
  ],
  [
   971.7442327705616,
   222.26929450128713
  ],
  [
   236.13470005581638,
   418.2872180338181
  ],
  [
   729.9245723484171,
   127.81401819052202
  ],
  [
   435.095392026932,
