{
 "Object_Radius": 26.59615202676218,
 "Object_Shape": "disc",
 "Workspace_Density": 0.4,
 "Workspace_Height": 1000,
 "Workspace_Width": 1000,
 "number_of_objects": 180,
 "point_list": [
  [
   897.2519235806643,
   864.6642146647105
  ],
  [
   444.9032374140953,
   530.4470854703653
  ],
  [
   721.8474964431538,
   165.71023215570443
  ],
  [
   30.2557672294384,
   137.59608436166044
  ],
  [
   918.1185689307672,
   802.1049420006376
  ],
  [
   225.59123740882066,
   669.7685129985947
  ],
  [
   30.2557672294384,
   340.2247782235046
  ],
  [
   884.5406202156397,
   215.7805886892942
  ],
  [
   971.7442327705616,
   30.2557672294384
  ],
  [
   700.6552356409003,
   328.84998035474723
  ],
  [
   381.9850391604622,
   580.1514895071335
  ],
  [
   971.7442327705616,
   971.7442327705616
  ],
  [
   566.1254608397946,
   148.43499475589937
  ],
  [
   553.1573438528042,
   914.9075962781671
  ],
  [
   835.9836231266112,
   332.13856433813567
  ],
  [
   971.7442327705616,
   551.8065325940582
  ],
  [
   136.96375411025997,
   971.7442327705616
  ],
  [
   88.6425767872526,
   566.8972499775066
  ],
  [
   603.4113970491181,
   879.7914040468806
  ],
  [
   468.09295467433236,
   79.73309845448452
  ],
  [
   308.02472418029214,
   913.0876317238665
  ],
  [
   966.8379993012023,
   204.60148267360856
  ],
  [
   279.93316156350073,
   397.08043144883936
  ],
  [
   662.7748286262996,
   267.22345549870744
  ],
  [
   719.247970720346,
   793.1505573273231
  ],
  [
   305.8204874148228,
   514.4568164834783
  ],
  [
   796.1694532093933,
   30.2557672294384
  ],
  [
   443.18810503025617,
   169.68183575425238
  ],
  [
   511.2769552759161,
   971.7442327705616
  ],
  [
   364.5506946616778,
   699.6806464629927
  ],
  [
   739.7081696120713,
   719.4200698006032
  ],
  [
   821.6410279846145,
   911.169334756439
  ],
  [
   30.2557672294384,
   644.4330056960384
  ],
  [
   630.6954731281062,
   98.35214080456441
  ],
  [
   421.1530147422893,
   114.89612204211025
  ],
  [
   143.38111015418863,
   692.8250580855095
  ],
  [
   364.262372471736,
   30.2557672294384
  ],
  [
   704.6340681861132,
   886.3814278763479
  ],
  [
   105.61584552813375,
   916.8408829581189
  ],
  [
   854.7201978341471,
   30.2557672294384
  ],
  [
   135.73510678835478,
   84.62247558823735
  ],
  [
   971.7442327705616,
   825.5428653383357
  ],
  [
   128.26358701005694,
   515.685807635525
  ],
  [
   423.99728349024707,
   671.4154859728452
  ],
  [
   64.75330391583202,
   85.45262068759436
  ],
  [
   122.50244266282313,
   298.20964471608534
  ],
  [
   471.3579992940308,
   788.4383021644892
  ],
  [
   490.16267795571304,
   482.24857276947955
  ],
  [
   915.9642279644137,
   743.3948053003602
  ],
  [
   402.6900101725995,
   810.3521071818528
  ],
  [
   685.4737642260982,
   619.4814923945664
  ],
  [
   836.2908719778317,
   802.2498505298247
  ],
  [
   245.9494533029087,
   528.3813977330693
  ],
  [
   67.98979784701658,
   189.5650939817402
  ],
  [
   501.60707869687457,
   397.71200263717964
  ],
  [
   632.1970677927786,
   666.6232145507591
  ],
  [
   364.12174505704246,
   128.4191101851731
  ],
  [
   859.4237577635083,
   719.0533160928886
  ],
  [
   750.8112425183109,
   631.323207180498
  ],
  [
   971.7442327705616,
   89.32354008212681
  ],
  [
   872.0036728900724,
   285.93121013137477
  ],
  [
   971.7442327705616,
   765.8760455522931
  ],
  [
   375.20980873968375,
   519.0832112900323
  ],
  [
   63.38406374916217,
   971.7442327705616
  ],
  [
   599.1025202664213,
   400.461583305491
  ],
  [
   281.48404333568817,
   117.64659011242544
  ],
  [
   775.2528274097087,
   287.75977401907045
  ],
  [
   773.4648937269828,
   877.5268489077035
  ],
  [
   128.08504399509974,
   237.18438352612236
  ],
  [
   971.7442327705616,
   371.0032927444208
  ],
  [
   138.89299001377952,
   868.0099957630272
  ],
  [
   388.5305065552635,
   204.77667369134528
  ],
  [
   363.7364269620581,
   341.2048118575605
  ],
  [
   520.5704062331105,
   852.9758325107165
  ],
  [
   517.7040203309128,
   315.107825845778
  ],
  [
   904.749091937192,
   348.4033005768341
  ],
  [
   211.6981153017685,
   376.62588927196754
  ],
  [
   184.76800530882565,
   499.77138555135184
  ],
  [
   620.2047686404921,
   30.2557672294384
  ],
  [
   818.205464739637,
   476.4919666069341
  ],
  [
   560.2289717398326,
   30.2557672294384
  ],
  [
   617.3164283355003,
   229.9688943808513
  ],
  [
   343.10215801831635,
   261.7719125144581
  ],
  [
   106.58660099777948,
   30.2557672294384
  ],
  [
   30.2557672294384,
   30.2557672294384
  ],
  [
   30.2557672294384,
   520.6239415542757
  ],
  [
   876.0463052149454,
   143.65383794700895
  ],
  [
   946.4887136791892,
   492.64961123690637
  ],
  [
   497.1384862554934,
   133.10501431291974
  ],
  [
   886.8189475440713,
   491.71672913728
  ],
  [
   223.25081475079415,
   808.2881770026493
  ],
  [
   971.7442327705616,
   309.314795034698
  ],
  [
   747.0291946600408,
   222.36534214806534
  ],
  [
   971.7442327705616,
   904.5836360522977
  ],
  [
   403.0545083426327,
   418.53011051766117
  ],
  [
   897.8626442820482,
   555.6146620525319
  ],
  [
   372.4457471127424,
   902.1354284750947
  ],
  [
   618.2999316226882,
   822.17448927683
  ],
  [
   329.6611354408437,
   77.87569127800678
  ],
  [
   293.97937186240125,
   776.2973844548268
  ],
  [
   555.9267352458616,
   546.1086243361402
  ],
  [
   790.9687544202889,
   374.3442171740163
  ],
  [
   287.4833570410616,
   661.1411802985282
  ],
  [
   223.06098042562584,
   971.7442327705616
  ],
  [
   78.96284851846087,
   690.8405320997363
  ],
  [
   554.8541010905618,
   802.1128942120694
  ],
  [
   30.2557672294384,
   733.4618960582945
  ],
  [
   30.2557672294384,
   585.1008948132724
  ],
  [
   861.5060033824732,
   403.1399123247531
  ],
  [
   355.7762425994911,
   968.8846980440868
  ],
  [
   160.81339212150297,
   564.5003160908324
  ],
  [
   423.8224592344674,
   30.2557672294384
  ],
  [
   284.543878274019,
   591.2212508896498
  ],
  [
   342.7516038268241,
   631.2346388907812
  ],
  [
   678.9429882222049,
   30.2557672294384
  ],
  [
   424.840985075345,
   742.1459363275327
  ],
  [
   280.96076776503344,
   325.53094136842947
  ],
  [
   554.0156448224815,
   206.3494958886471
  ],
  [
   132.56804035764773,
   366.17791540607766
  ],
  [
   518.5128303576757,
   596.1766869298742
  ],
  [
   83.00477031464592,
   832.1879395183681
  ],
  [
   186.95459678509778,
   261.1223337281878
  ],
  [
   835.1784563344518,
   971.7442327705616
  ],
  [
   971.7442327705616,
   626.0557920899362
  ],
  [
   163.80896154836475,
   623.8680507903291
  ],
  [
   527.8154888221945,
   749.873030044478
  ],
  [
   340.99409591676186,
   428.37288989862395
  ],
  [
   777.4256434618295,
   802.036591527946
  ],
  [
   268.9451853461995,
   848.5545573293265
  ],
  [
   272.5907809093382,
   717.7598101835898
  ],
  [
   228.85378714636084,
   454.46954220928586
  ],
  [
   99.79507957939495,
   748.8828124039088
  ],
  [
   845.132011120925,
   660.2921083444364
  ],
  [
   562.884787768673,
   269.620495537615
  ],
  [
   63.99709389641227,
   392.0595533964051
  ],
  [
   909.9087777851264,
   88.79970916884052
  ],
  [
   812.0049187257995,
   131.20192924793582
  ],
  [
   913.232698306963,
   30.2557672294384
  ],
  [
   259.25902796841444,
   48.720542369453675
  ],
  [
   479.91163034015744,
   922.0113941885824
  ],
  [
   666.1933756019905,
   189.3991614040402
  ],
  [
   693.8478762561695,
   99.53167148653247
  ],
  [
   435.2079563718703,
   875.5345699498238
  ],
  [
   466.78966588650513,
   625.2344381854913
  ],
  [
   249.43560513522033,
   173.52109002604342
  ],
  [
   840.8093482290191,
   542.3685721494783
  ],
  [
   658.9083974617732,
   724.091583628745
  ],
  [
   737.5346527371378,
   30.2557672294384
  ],
  [
   806.9519940730934,
   748.0673717706692
  ],
  [
   742.5950880164597,
