{
 "Object_Radius": 26.59615202676218,
 "Object_Shape": "disc",
 "Workspace_Density": 0.4,
 "Workspace_Height": 1000,
 "Workspace_Width": 1000,
 "number_of_objects": 180,
 "point_list": [
  [
   459.5945286480821,
   54.79163104361168
  ],
  [
   30.2557672294384,
   94.4792112229365
  ],
  [
   420.5283818621585,
   197.37017828431132
  ],
  [
   30.2557672294384,
   30.2557672294384
  ],
  [
   161.0621281413658,
   77.6269368187185
  ],
  [
   439.1962476049336,
   881.6193486777003
  ],
  [
   30.2557672294384,
   913.0570306730044
  ],
  [
   99.36265804689076,
   911.6592270415239
  ],
  [
   362.9672366813384,
   313.66624392598226
  ],
  [
   111.63967415732135,
   731.3200552931036
  ],
  [
   599.0857358102988,
   914.83662797851
  ],
  [
   329.0394735223337,
   874.7263861468408
  ],
  [
   412.5437076993751,
   565.1582952555578
  ],
  [
   635.4581062891439,
   971.7442327705616
  ],
  [
   873.5959106728457,
   414.08023605399757
  ],
  [
   657.7201968188056,
   916.6288131830199
  ],
  [
   366.51704443081013,
   919.7274185096998
  ],
  [
   222.7510664308043,
   314.46832928233545
  ],
  [
   711.1248418890744,
   940.5366756281753
  ],
  [
   783.1667154022095,
   518.9607780817008
  ],
  [
   558.926251740553,
   350.9693332008878
  ],
  [
   843.8012925025286,
   120.43673987097334
  ],
  [
   471.0053491245948,
   748.5412861932881
  ],
  [
   208.9704013305514,
   509.28131732156635
  ],
  [
   677.5547831142771,
   462.6417813587343
  ],
  [
   30.2557672294384,
   545.4734880041165
  ],
  [
   353.2534135247944,
   821.4457937485943
  ],
  [
   30.2557672294384,
   674.3298074356707
  ],
  [
   286.0147320418794,
   254.20318009149244
  ],
  [
   693.3866028810178,
   162.62404761975426
  ],
  [
   577.965473268215,
   640.898446914883
  ],
  [
   800.8606601959154,
   586.686488111809
  ],
  [
   536.0025888015505,
   796.5394780125412
  ],
  [
   571.1268854163695,
   454.7971398569487
  ],
  [
   431.74747161904173,
   704.0860860884227
  ],
  [
   621.4738610660213,
   397.17352740830904
  ],
  [
   30.2557672294384,
   164.61657996323618
  ],
  [
   281.0408632407262,
   496.7756755049768
  ],
  [
   643.4472858892442,
   657.5114956106949
  ],
  [
   30.2557672294384,
   793.1051289600155
  ],
  [
   477.07284570163387,
   808.9108649408846
  ],
  [
   913.1399796792304,
   30.2557672294384
  ],
  [
   405.3575781931652,
   30.2557672294384
  ],
  [
   609.6230491838442,
   740.7994042332009
  ],
  [
   783.4378238652095,
   758.7060566114748
  ],
  [
   290.2353761350956,
   805.8121981066722
  ],
  [
   758.8614092894455,
   833.7439705467384
  ],
  [
   720.7759584868803,
   757.528408880194
  ],
  [
   543.069670044688,
   257.390160382175
  ],
  [
   306.1104697888061,
   929.4994981824171
  ],
  [
   510.4807706676103,
   683.2254781458067
  ],
  [
   291.64732022367014,
   562.6967142311472
  ],
  [
   895.760432618998,
   88.06036969223432
  ],
  [
   743.027893463969,
   574.2006401535673
  ],
  [
   912.1702347790234,
   144.8726237204911
  ],
  [
   294.95750056696914,
   739.6272874098529
  ],
  [
   149.27782268980505,
   486.91827016904045
  ],
  [
   741.7563374814407,
   353.7620674133595
  ],
  [
   741.60631579272,
   473.60365279075734
  ],
  [
   374.16334192719705,
   728.5205553595684
  ],
  [
   628.0816765972701,
   156.36336099186715
  ],
  [
   791.7013151690018,
   88.88308377534094
  ],
  [
   216.90233595871194,
   378.72675845458014
  ],
  [
   760.9141086241204,
   971.7442327705616
  ],
  [
   30.2557672294384,
   854.3599021136953
  ],
  [
   88.9997596916141,
   971.7442327705616
  ],
  [
   923.329556651168,
   932.1546382650642
  ],
  [
   326.5127022802562,
   193.31093669794467
  ],
  [
   908.5120152854765,
   517.3584795889248
  ],
  [
   678.3518873983654,
   861.807239771442
  ],
  [
   802.1388151231083,
   319.8981854213386
  ],
  [
   195.00855636862025,
   259.9431787519346
  ],
  [
   480.43958166647406,
   561.0240297438897
  ],
  [
   971.7442327705616,
   139.06350077036907
  ],
  [
   846.8085145866028,
   764.7220090002718
  ],
  [
   724.846728090012,
   417.22208742754526
  ],
  [
   507.6622776495128,
   89.0200284581348
  ],
  [
   796.7243712464112,
   256.1077204577307
  ],
  [
   845.7657418023844,
   530.2260880907052
  ],
  [
   712.2136643458118,
   640.8454730788383
  ],
  [
   359.6599600943298,
   611.9619240682226
  ],
  [
   455.5144840396162,
   971.7442327705616
  ],
  [
   894.663134261963,
   576.6828214415171
  ],
  [
   880.6646009665969,
   818.5041773806798
  ],
  [
   573.6711349112096,
   96.97318391280406
  ],
  [
   79.2687341345204,
   606.8709139620835
  ],
  [
   222.03670814881656,
   585.7248150183998
  ],
  [
   143.58223787931092,
   681.7559989198139
  ],
  [
   393.5848217412736,
   971.7442327705616
  ],
  [
   30.2557672294384,
   480.0547740796491
  ],
  [
   943.8822880047056,
   813.708032753696
  ],
  [
   227.3911450799127,
   448.84404659183184
  ],
  [
   562.6899097181966,
   176.09271852324818
  ],
  [
   240.36010985809753,
   133.6588626805937
  ],
  [
   971.7442327705616,
   206.55762546793812
  ],
  [
   275.00501776690385,
   85.69863498584263
  ],
  [
   265.2071385219966,
   971.7442327705616
  ],
  [
   197.8603033046077,
   785.0790865462983
  ],
  [
   393.77124440518196,
   466.097862484626
  ],
  [
   912.6135818245848,
   458.15314862101553
  ],
  [
   517.0845248802983,
   608.6118315161888
  ],
  [
   738.4373971158458,
   888.7358393640326
  ],
  [
   574.3736858988776,
   553.8418448439592
  ],
  [
   758.0177318429771,
   163.6354937089236
  ],
  [
   426.3184522586848,
   304.59129499494315
  ],
  [
   515.7090622202686,
   971.7442327705616
  ],
  [
   575.6233462003436,
   971.7442327705616
  ],
  [
   685.9138397184294,
   587.6206904713965
  ],
  [
   971.7442327705616,
   702.0844862211659
  ],
  [
   823.0742814880456,
   203.5090448312521
  ],
  [
   962.94047786256,
   567.097791864327
  ],
  [
   932.5855077315787,
   383.8422688816904
  ],
  [
   878.7024926239828,
   347.69824450085184
  ],
  [
   488.93449462913264,
   219.51633828128615
  ],
  [
   219.26694013449034,
   912.285434286032
  ],
  [
   491.1070008493327,
   915.6122928628525
  ],
  [
   206.09551540505814,
   971.7442327705616
  ],
  [
   918.0284020159544,
   296.7353241359963
  ],
  [
   270.27447363000243,
   882.3938487728328
  ],
  [
   796.0988878122612,
   30.2557672294384
  ],
  [
   160.8979634425385,
   552.5307750703887
  ],
  [
   620.5449572284749,
   30.2557672294384
  ],
  [
   864.1749007935799,
   931.8442510500378
  ],
  [
   679.0707566227845,
   30.2557672294384
  ],
  [
   92.52155762623073,
   455.7538749472123
  ],
  [
   233.19134820950805,
   833.248371167713
  ],
  [
   387.8314507754596,
   664.9869805015867
  ],
  [
   971.7442327705616,
   30.2557672294384
  ],
  [
   157.80327871946147,
   904.3472356262537
  ],
  [
   379.2494857779149,
   83.08894258074858
  ],
  [
   971.7442327705616,
   761.110848014018
  ],
  [
   455.0680955272592,
   643.2506161260893
  ],
  [
   971.7442327705616,
   971.7442327705616
  ],
  [
   971.7442327705616,
   322.73000669680886
  ],
  [
   157.00700468610242,
   416.6270481066828
  ],
  [
   495.096709545842,
   299.0156234097295
  ],
  [
   147.57677092130695,
   971.7442327705616
  ],
  [
   376.57702089393445,
   388.4439992883854
  ],
  [
   303.5111303981481,
   139.14069560487792
  ],
  [
   864.4218179487661,
   256.4935137051004
  ],
  [
   484.15785752896795,
   154.21922310584594
  ],
  [
   106.62655868580755,
   286.16717194403157
  ],
  [
   158.34502114838543,
   611.6940320976837
  ],
  [
   296.60144845540646,
   625.7816560150687
  ],
  [
   88.17220016035647,
   394.6979537006138
  ],
  [
   611.4365447889683,
   297.47500244938175
  ],
  [
   169.93049952568185,
   846.0772629133111
  ],
  [
   362.77033501779215,
   243.1094827892073
  ],
  [
   854.6104222732511,
   30.2557672294384
  ],
  [
   298.37920849532827,
   30.2557672294384
  ],
