{
 "Object_Radius": 26.59615202676218,
 "Object_Shape": "disc",
 "Workspace_Density": 0.4,
 "Workspace_Height": 1000,
 "Workspace_Width": 1000,
 "number_of_objects": 180,
 "point_list": [
  [
   89.21232821086531,
   308.63211220196837
  ],
  [
   370.76271118883676,
   666.0500642066573
  ],
  [
   517.7660757898435,
   248.77335959120748
  ],
  [
   971.7442327705616,
   971.7442327705616
  ],
  [
   372.06274579119054,
   971.7442327705616
  ],
  [
   243.83956709179847,
   378.07196330616193
  ],
  [
   625.8836916477267,
   512.4209380358261
  ],
  [
   687.1944944412428,
   527.1744461107826
  ],
  [
   30.2557672294384,
   592.3382851712935
  ],
  [
   707.3733456864245,
   292.553434171736
  ],
  [
   214.85941420794063,
   30.2557672294384
  ],
  [
   742.90876877066,
   179.12181944221018
  ],
  [
   971.7442327705616,
   30.2557672294384
  ],
  [
   441.8325085800298,
   654.8682673484931
  ],
  [
   948.2910994930801,
   795.0711967677025
  ],
  [
   389.2482273910389,
   159.36396860954162
  ],
  [
   424.39548265825914,
   914.2905236637065
  ],
  [
   436.1136094393029,
   971.7442327705616
  ],
  [
   191.82747363236928,
   343.299012614445
  ],
  [
   204.58465831154,
   879.0803338076074
  ],
  [
   937.872071307123,
   853.1983235301582
  ],
  [
   804.4801047546608,
   971.7442327705616
  ],
  [
   662.1508728246286,
   625.6552897188567
  ],
  [
   535.1811825955408,
   794.6793900788357
  ],
  [
   502.7302535361448,
   580.3909196085273
  ],
  [
   152.7751597567055,
   244.13524925339098
  ],
  [
   737.7222317902696,
   420.4987347145146
  ],
  [
   658.0941482512313,
   73.24672956773489
  ],
  [
   151.72607262786653,
   912.1139410730347
  ],
  [
   850.3939490812215,
   30.2557672294384
  ],
  [
   910.5112106835329,
   30.2557672294384
  ],
  [
   270.439490560212,
   277.9035995534364
  ],
  [
   777.3416809161413,
   839.29604884705
  ],
  [
   316.75236889653246,
   340.0582291083859
  ],
  [
   78.48795482018501,
   958.6939427598865
  ],
  [
   324.25838111678036,
   481.09801773390205
  ],
  [
   687.9265905134655,
   202.94932617099647
  ],
  [
   584.0312090404385,
   971.7442327705616
  ],
  [
   138.98431776885974,
   971.7442327705616
  ],
  [
   304.98863997486944,
   877.4163945984342
  ],
  [
   818.8176926812547,
   282.29503403370654
  ],
  [
   30.2557672294384,
   445.4024765318106
  ],
  [
   490.83823326974186,
   30.2557672294384
  ],
  [
   636.4278557008766,
   373.7456364679045
  ],
  [
   550.0994275055483,
   863.6492820075827
  ],
  [
   599.671312112079,
   791.8274874818812
  ],
  [
   413.31577691384894,
   406.47927060989053
  ],
  [
   483.19618469427144,
   390.22571849613524
  ],
  [
   148.23772084002954,
   302.6018217541419
  ],
  [
   30.2557672294384,
   789.406606771267
  ],
  [
   501.6063123574559,
   484.7652695318653
  ],
  [
   370.2752594630403,
   30.2557672294384
  ],
  [
   497.12492771860803,
   189.1135243129245
  ],
  [
   436.9454183809397,
   716.2942133224084
  ],
  [
   160.2635782107063,
   644.0545516598314
  ],
  [
   607.6954006733924,
   853.338959445773
  ],
  [
   291.9281832194463,
   123.61650933212415
  ],
  [
   279.82590565747313,
   765.81253918168
  ],
  [
   224.49852091164723,
   572.502880759378
  ],
  [
   227.28343128609612,
   636.1282901531706
  ],
  [
   119.00282664710932,
   117.8307765695471
  ],
  [
   971.7442327705616,
   583.3663055221648
  ],
  [
   89.25465492694259,
   600.4430099075621
  ],
  [
   701.5186245752665,
   971.7442327705616
  ],
  [
   452.2212681577227,
   129.12061191455476
  ],
  [
   489.96339314812,
   331.379077080187
  ],
  [
   189.23253110524988,
   415.45729580040813
  ],
  [
   489.3662210582132,
   748.9629554184164
  ],
  [
   656.130744801603,
   132.12004509182017
  ],
  [
   558.3513917423475,
   710.1030558003238
  ],
  [
   451.67607859884777,
   254.86048344667788
  ],
  [
   83.66275045692315,
   816.0356114585876
  ],
  [
   677.4989060109527,
   416.1393040170578
  ],
  [
   563.5977912481819,
   498.1147379490779
  ],
  [
   903.1743470582227,
   449.4529262635128
  ],
  [
   662.9083661808835,
   798.933597051305
  ],
  [
   375.8940860597133,
   859.5092355355597
  ],
  [
   533.3273374406501,
   434.2515668642401
  ],
  [
   809.7145098537459,
   346.143339172915
  ],
  [
   84.86553761099948,
   68.85428340133329
  ],
  [
   666.9239933455442,
   857.3076016515986
  ],
  [
   718.5715885665211,
   829.4641678630338
  ],
  [
   849.7108125023343,
   918.143062587283
  ],
  [
   113.18700450345781,
   545.1512341344874
  ],
  [
   274.4710417432735,
   65.43686434389973
  ],
  [
   30.2557672294384,
   849.5824156339534
  ],
  [
   201.7728840136369,
   702.4851535019827
  ],
  [
   814.0614165879359,
   652.1366556106799
  ],
  [
   583.6969628806742,
   400.89875635757085
  ],
  [
   753.3876268476628,
   941.5999568281736
  ],
  [
   175.96155861993705,
   131.6949093883513
  ],
  [
   698.8740204473116,
   30.2557672294384
  ],
  [
   396.0967381210199,
   339.74572138458353
  ],
  [
   443.91402013311296,
   547.2609620577833
  ],
  [
   30.2557672294384,
   386.6713602599435
  ],
  [
   465.90889023631684,
   810.9504492749426
  ],
  [
   613.0631759283128,
   30.2557672294384
  ],
  [
   550.3125868424152,
   30.2557672294384
  ],
  [
   91.73067886584197,
   170.0461389630336
  ],
  [
   777.8781849045689,
   118.3798079287625
  ],
  [
   151.55899157896243,
   64.97940869584667
  ],
  [
   216.27953762743633,
   88.90599820070311
  ],
  [
   179.76371454544835,
   190.5742417372832
  ],
  [
   719.1381865572775,
   596.2029083790537
  ],
  [
   866.9618388173145,
   399.28404372497215
  ],
  [
   629.3580080889647,
   695.3764272744378
  ],
  [
   799.5698936214851,
   515.6370621467064
  ],
  [
   971.7442327705616,
   162.37116284039868
  ],
  [
   561.1482208698797,
   206.48829465535195
  ],
  [
   668.827139360364,
   740.7045776617609
  ],
  [
   208.10605303682308,
   941.4636201858767
  ],
  [
   471.6880313599249,
   873.0400664377654
  ],
  [
   552.7730149435083,
   350.1621900987574
  ],
  [
   971.7442327705616,
   670.69503469934
  ],
  [
   355.9873563155998,
   915.2988319593857
  ],
  [
   126.91967426472742,
   423.6456308493405
  ],
  [
   282.7381032267381,
   439.866935188704
  ],
  [
   629.8533872505348,
   256.0949942751631
  ],
  [
   794.9792065367061,
   895.637644582961
  ],
  [
   60.63127466496666,
   738.8673666655332
  ],
  [
   909.8584398036583,
   971.7442327705616
  ],
  [
   623.9812051817322,
   196.1653519781726
  ],
  [
   542.3806491494609,
   131.32031262425198
  ],
  [
   497.78738951366586,
   672.187331446608
  ],
  [
   871.576690636496,
   689.9161253923698
  ],
  [
   906.7243806452578,
   903.7713030532585
  ],
  [
   268.284771875966,
   971.1526283385202
  ],
  [
   525.2195802572913,
   971.7442327705616
  ],
  [
   717.1381665198427,
   893.2528404583461
  ],
  [
   826.8957150109037,
   762.7351084728604
  ],
  [
   260.0771042633407,
   693.0734110464102
  ],
  [
   563.6224471483238,
   285.60759081309226
  ],
  [
   836.8789510827522,
   583.0189147086076
  ],
  [
   296.4244264743499,
   606.8063569951113
  ],
  [
   548.2623844317219,
   641.7425591746188
  ],
  [
   804.385179560938,
   171.4004663123878
  ],
  [
   40.50165741905853,
   256.5107160738637
  ],
  [
   726.7458338491394,
   724.4488161089553
  ],
  [
   790.6409469729393,
   30.2557672294384
  ],
  [
   127.9059130554452,
   776.8944391392839
  ],
  [
   432.1246618497953,
   30.2557672294384
  ],
  [
   30.2557672294384,
   923.646261841158
  ],
  [
   113.44301050299275,
   867.0119586298712
  ],
  [
   335.97702841313395,
   83.04888079271133
  ],
  [
   971.7442327705616,
   905.7225875388153
  ],
  [
   738.148944749194,
   73.97613678690969
  ],
  [
   711.0309312111201,
   352.02704380561903
  ],
  [
   330.11560345888535,
   168.51349669356563
  ],
  [
   642.70325018131,
   971.7442327705616
  ],
  [
   765.053307215089,
   781.7595782326682
  ],
  [
