{
 "Object_Radius": 63.078313050504,
 "Object_Shape": "disc",
 "Workspace_Density": 0.5,
 "Workspace_Height": 1000,
 "Workspace_Width": 1000,
 "number_of_objects": 40,
 "point_list": [
  [
   734.0583841648078,
   282.11716371210514
  ],
  [
   750.2331599449249,
   470.66441978210395
  ],
  [
   461.8818382709022,
   622.651579008761
  ],
  [
   629.9482072888823,
   199.18297653278358
  ],
  [
   216.74286331749857,
   498.5665321499986
  ],
  [
   582.9058476575265,
   562.823716382511
  ],
  [
   932.5576833745831,
   270.359051627955
  ],
  [
   66.60144557252416,
   197.80859205097872
  ],
  [
   384.87217739948267,
   935.2471487469464
  ],
  [
   104.83364584265293,
   752.5708031846707
  ],
  [
   652.9982761713974,
   678.7245327946771
  ],
  [
   489.8875429919104,
   144.42291844627258
  ],
  [
   66.60144557252416,
   464.86066883932006
  ],
  [
   604.6395309084338,
   66.60144557252416
  ],
  [
   246.25179952690152,
   66.60144557252416
  ],
  [
   450.23873170055765,
   756.2035425803339
  ],
  [
   379.08367917051373,
   66.60144557252416
  ],
  [
   330.40757045403706,
   615.0075360033204
  ],
  [
   504.93059692869895,
   882.3305057808915
  ],
  [
   767.8062979437516,
   935.3985544177222
  ],
  [
   874.9981646252861,
   66.60144557252416
  ],
  [
   321.20932038471324,
   266.12356569454846
  ],
  [
   66.60144557252416,
   329.01269567866626
  ],
  [
   66.60144557252416,
   66.60144557252416
  ],
  [
   595.2523785291803,
   368.3506700353084
  ],
  [
   630.0475497874256,
   935.3770409094819
  ],
  [
   763.8581311791169,
   601.4008030557637
  ],
  [
   206.1999356718476,
   199.98804701624792
  ],
  [
   738.7197327068694,
   66.60144557252416
  ],
  [
   705.2610871466425,
   811.1950235595438
  ],
  [
   935.3985544183195,
   699.2786384563173
  ],
  [
   935.3906923599852,
   468.2989606788179
  ],
  [
   421.884481995516,
   497.2954896897162
  ],
  [
   935.3985544247308,
   846.209449616269
  ],
  [
   452.307268792951,
   294.1943219877944
  ],
  [
   100.62307807160279,
   594.2484586618947
  ],
  [
   220.5859674068801,
   850.0899627047836
  ],
  [
   839.3735513071289,
   374.0787723011048
  ],
  [
   313.6067145881867,
   400.20228216471554
  ],
  [
   805.9855457127601,
   725.9602236762208
  ]
 ]
}