{
 "Object_Radius": 63.078313050504,
 "Object_Shape": "disc",
 "Workspace_Density": 0.5,
 "Workspace_Height": 1000,
 "Workspace_Width": 1000,
 "number_of_objects": 40,
 "point_list": [
  [
   594.5313854515271,
   538.9987894770202
  ],
  [
   909.7102688082857,
   517.3145415675477
  ],
  [
   213.64433727976868,
   784.2494714543471
  ],
  [
   831.0246852222735,
   854.2191906533895
  ],
  [
   640.2286807159489,
   259.9924358152621
  ],
  [
   251.77170439985687,
   116.70971471980228
  ],
  [
   66.60144557252416,
   520.9843916664232
  ],
  [
   66.60144557252416,
   787.5692973355627
  ],
  [
   487.59397463554865,
   461.542253991957
  ],
  [
   619.4749199184453,
   806.414373671216
  ],
  [
   935.3728952778365,
   935.3813406799943
  ],
  [
   197.80433670726964,
   935.3985544274758
  ],
  [
   449.999092366191,
   210.91504362601833
  ],
  [
   935.3983358147359,
   328.8062279978375
  ],
  [
   460.229946973309,
   935.3985544243197
  ],
  [
   129.9937912903145,
   671.6373705613717
  ],
  [
   329.0083563983578,
   935.3985544241258
  ],
  [
   66.60144557252416,
   935.3985544274758
  ],
  [
   352.35034695482926,
   535.4156109655398
  ],
  [
   169.8146950904171,
   256.11000817754973
  ],
  [
   66.60144557252416,
   389.46809807969134
  ],
  [
   591.557193652663,
   935.3985450893393
  ],
  [
   756.8891622692731,
   607.1431430834501
  ],
  [
   935.3979836346017,
   774.1614523540062
  ],
  [
   505.14939616149644,
   329.9649047691737
  ],
  [
   723.6975283741419,
   935.3820187953631
  ],
  [
   778.568088686769,
   66.60144557252416
  ],
  [
   373.42024723695135,
   66.60144557252416
  ],
  [
   607.6319901526957,
   675.5858541974883
  ],
  [
   934.4373526440297,
   66.60144557252416
  ],
  [
   618.1600123170218,
   396.619781156126
  ],
  [
   718.5550506057991,
   481.19273693342814
  ],
  [
   217.2477046945323,
   573.3926584580563
  ],
  [
   764.8222067204349,
   214.43384549382552
  ],
  [
   626.9418913595375,
   66.60144557252416
  ],
  [
   98.44127608476622,
   66.60144557252416
  ],
  [
   768.4930525464174,
   737.9198362240925
  ],
  [
   348.07999731449826,
   715.0695280481696
  ],
  [
   823.1802018551655,
   401.6479205243137
  ],
  [
   461.0368410844293,
   636.642315060332
  ]
 ]
}