{
 "Object_Radius": 69.0988298942671,
 "Object_Shape": "disc",
 "Workspace_Density": 0.3,
 "Workspace_Height": 1000,
 "Workspace_Width": 1000,
 "number_of_objects": 20,
 "point_list": [
  [
   118.79240920597502,
   72.86278309003778
  ],
  [
   666.8306908262746,
   844.4723675741171
  ],
  [
   867.0205463709772,
   403.68259165542395
  ],
  [
   307.169805712535,
   516.1006073585319
  ],
  [
   523.547100587775,
   725.5441027343442
  ],
  [
   410.0493935943044,
   177.64256594912789
  ],
  [
   396.2408390967148,
   402.2985677833592
  ],
  [
   665.4412457534307,
   696.8474943690757
  ],
  [
   929.1372169099623,
   274.0566516264103
  ],
  [
   428.36475684328497,
   833.5742266939002
  ],
  [
   549.1498423287286,
   929.1372169099623
  ],
  [
   72.86278309003778,
   808.679838969902
  ],
  [
   790.4721173750963,
   525.3270418404011
  ],
  [
   911.1639048579889,
   907.8646591840943
  ],
  [
   258.78369107902626,
   137.24018986480843
  ],
  [
   269.57221854905885,
   929.1372169099623
  ],
  [
   72.86278309003778,
   607.4759177657323
  ],
  [
   929.1372169099623,
   744.5214103549249
  ],
  [
   284.3463749776686,
   673.07134580078
  ],
  [
   767.3184853151193,
   72.86278309003778
  ]
 ]
}