{
 "Object_Radius": 69.0988298942671,
 "Object_Shape": "disc",
 "Workspace_Density": 0.3,
 "Workspace_Height": 1000,
 "Workspace_Width": 1000,
 "number_of_objects": 20,
 "point_list": [
  [
   415.2856957118549,
   315.117179560337
  ],
  [
   529.2832617749807,
   72.86278309003778
  ],
  [
   794.553265814595,
   313.70842373219335
  ],
  [
   345.8339142554242,
   155.11050790022756
  ],
  [
   463.6477236915405,
   559.3160074279315
  ],
  [
   884.8872540610278,
   630.6592126811755
  ],
  [
   929.1372169099623,
   216.463411223811
  ],
  [
   846.9248448133324,
   482.1032382007712
  ],
  [
   182.82355918906407,
   670.4289832312642
  ],
  [
   929.1372169099623,
   788.9757170527939
  ],
  [
   72.86278309003778,
   411.28362367489467
  ],
  [
   651.8426681719832,
   333.48167675932297
  ],
  [
   929.1372169099623,
   364.2127799613506
  ],
  [
   297.7644041431732,
   833.9664541009117
  ],
  [
   574.1916715515745,
   462.3283062809178
  ],
  [
   131.95151468280696,
   72.86278309003778
  ],
  [
   245.0291917032241,
   414.3018489106444
  ],
  [
   186.03190866660017,
   929.1372169099623
  ],
  [
   424.5544010384131,
   929.1372169099623
  ],
  [
   376.51967312747877,
   708.2663213821601
  ]
 ]
}