{
 "Object_Radius": 69.0988298942671,
 "Object_Shape": "disc",
 "Workspace_Density": 0.3,
 "Workspace_Height": 1000,
 "Workspace_Width": 1000,
 "number_of_objects": 20,
 "point_list": [
  [
   569.2181063560864,
   650.3121002132694
  ],
  [
   789.4998197363656,
   929.1372169099623
  ],
  [
   521.0111109104391,
   379.63280375234274
  ],
  [
   636.0661400689435,
   866.7126543094607
  ],
  [
   779.9404127547465,
   72.86278309003778
  ],
  [
   425.0193331837106,
   666.5080511402081
  ],
  [
   96.01474274441271,
   288.28570858567326
  ],
  [
   87.34021502418412,
   739.114830537467
  ],
  [
   800.3828574088539,
   621.0520026695274
  ],
  [
   460.4834860148438,
   72.86278309003778
  ],
  [
   634.3988238669051,
   72.86278309003778
  ],
  [
   72.86278309003778,
   584.3250624376506
  ],
  [
   74.0981969115072,
   433.4828496140555
  ],
  [
   929.1372169099623,
   685.4350952394592
  ],
  [
   382.97103775171877,
   197.3242611246005
  ],
  [
   691.8590925217733,
   223.32011229514072
  ],
  [
   832.6290622157567,
   792.0354200614654
  ],
  [
   910.2931765124819,
   136.1453354706599
  ],
  [
   692.947169959474,
   731.4545853776712
  ],
  [
   332.6462674832146,
   368.2892909553465
  ]
 ]
}