{
 "Object_Radius": 69.0988298942671,
 "Object_Shape": "disc",
 "Workspace_Density": 0.3,
 "Workspace_Height": 1000,
 "Workspace_Width": 1000,
 "number_of_objects": 20,
 "point_list": [
  [
   929.1372169099623,
   72.86278309003778
  ],
  [
   431.6992411394414,
   427.38606562595334
  ],
  [
   896.4244818868873,
   490.3986308012891
  ],
  [
   543.8091416566797,
   533.5545427594766
  ],
  [
   543.7502941877206,
   72.86278309003778
  ],
  [
   249.0549801965959,
   348.2799385531865
  ],
  [
   929.1372169099623,
   806.1137836981734
  ],
  [
   661.6189967318318,
   158.13705545617344
  ],
  [
   224.42294392631612,
   751.5263967295455
  ],
  [
   72.86278309003778,
   359.9350393909452
  ],
  [
   873.9696624909265,
   258.45004750340325
  ],
  [
   309.4560477022574,
   509.9313281237081
  ],
  [
   721.5084850832478,
   538.6714269926122
  ],
  [
   219.43870660138035,
   109.45964311403816
  ],
  [
   854.8252216253942,
   929.1372169099623
  ],
  [
   684.8799460637084,
   929.1372169099623
  ],
  [
   780.2489957714861,
   72.86278309003778
  ],
  [
   728.3424223092853,
   728.5105410203582
  ],
  [
   339.2635742535831,
   929.1372169099623
  ],
  [
   929.1372169099623,
   658.3878878915673
  ]
 ]
}