{
 "Object_Radius": 69.0988298942671,
 "Object_Shape": "disc",
 "Workspace_Density": 0.3,
 "Workspace_Height": 1000,
 "Workspace_Width": 1000,
 "number_of_objects": 20,
 "point_list": [
  [
   636.1573699528699,
   457.6230504550958
  ],
  [
   850.3315849519477,
   851.1638414615425
  ],
  [
   370.95337797339386,
   473.06902411193977
  ],
  [
   347.7853259421504,
   791.8076554614189
  ],
  [
   911.892988145228,
   174.30565304356693
  ],
  [
   455.2408450120298,
   666.2385671110461
  ],
  [
   150.95199242330173,
   929.1372169099623
  ],
  [
   585.2264985930369,
   929.1372169099623
  ],
  [
   667.1651532816888,
   244.77496692301304
  ],
  [
   586.6704647001384,
   726.5001107100024
  ],
  [
   177.0127941266326,
   586.9361360844933
  ],
  [
   874.1260521913157,
   529.0995252578185
  ],
  [
   294.7186809889953,
   929.1372169099623
  ],
  [
   724.5771493782494,
   779.4143524683377
  ],
  [
   194.00239415257374,
   731.1160947405015
  ],
  [
   719.2877700671371,
   72.86278309003778
  ],
  [
   72.86278309003778,
   808.4760813805417
  ],
  [
   100.63252057933303,
   110.06145414495028
  ],
  [
   311.8890797963588,
   648.5011148892357
  ],
  [
   505.981951610869,
   529.5797169620539
  ]
 ]
}