{
 "Object_Radius": 110.64668061060755,
 "Object_Shape": "disc",
 "Workspace_Density": 0.5,
 "Workspace_Height": 1000,
 "Workspace_Width": 1000,
 "number_of_objects": 13,
 "point_list": [
  [
   885.9274521649681,
   411.49933560624544
  ],
  [
   350.3559336708582,
   699.7336359315266
  ],
  [
   491.99380218905617,
   885.9274521649681
  ],
  [
   365.42374777755407,
   116.07254783503184
  ],
  [
   825.6476509122566,
   189.38245621366536
  ],
  [
   600.001234139897,
   234.66445830068977
  ],
  [
   635.4098864062559,
   554.1240321749634
  ],
  [
   116.07254783503184,
   116.07254783503184
  ],
  [
   116.07254783503184,
   370.778337811177
  ],
  [
   885.9274521649681,
   641.6579241735577
  ],
  [
   116.07254783503184,
   631.0284512552846
  ],
  [
   145.68695935287627,
   885.9274521649681
  ],
  [
   885.9274521649681,
   872.2004755585596
  ]
 ]
}