{
 "Object_Radius": 110.64668061060755,
 "Object_Shape": "disc",
 "Workspace_Density": 0.5,
 "Workspace_Height": 1000,
 "Workspace_Width": 1000,
 "number_of_objects": 13,
 "point_list": [
  [
   519.8334719940975,
   636.6369142217817
  ],
  [
   116.07254783503184,
   346.47929984701136
  ],
  [
   116.07254783503184,
   116.07254783503184
  ],
  [
   116.07254783503184,
   576.7080247042514
  ],
  [
   686.983922746788,
   885.9274521649681
  ],
  [
   290.26926794560507,
   727.1150999358782
  ],
  [
   116.07254783503184,
   885.9274521649681
  ],
  [
   885.9274521649681,
   714.444997612023
  ],
  [
   643.5322703862231,
   290.90485455404763
  ],
  [
   885.9274521649681,
   466.7036684491133
  ],
  [
   885.9274521649681,
   116.07254783503184
  ],
  [
   456.8388212668478,
   885.9274521649681
  ],
  [
   411.24123271287897,
   413.4378522965807
  ]
 ]
}