{
 "Object_Radius": 141.04739588693909,
 "Object_Shape": "disc",
 "Workspace_Density": 0.5,
 "Workspace_Height": 1000,
 "Workspace_Width": 1000,
 "number_of_objects": 8,
 "point_list": [
  [
   845.847864524367,
   249.73786839738085
  ],
  [
   245.46994647651053,
   216.23293137985414
  ],
  [
   845.847864524367,
   657.4124815068666
  ],
  [
   192.27781982422024,
   845.847864524367
  ],
  [
   587.4275080389042,
   472.12557657730065
  ],
  [
   156.152135475633,
   526.5573328466568
  ],
  [
   578.2050373189436,
   845.847864524367
  ],
  [
   549.9022694806835,
   156.152135475633
  ]
 ]
}