{
 "Object_Radius": 141.04739588693909,
 "Object_Shape": "disc",
 "Workspace_Density": 0.5,
 "Workspace_Height": 1000,
 "Workspace_Width": 1000,
 "number_of_objects": 8,
 "point_list": [
  [
   845.847864524367,
   156.152135475633
  ],
  [
   156.152135475633,
   156.152135475633
  ],
  [
   821.4398067824758,
   845.847864524367
  ],
  [
   156.152135475633,
   702.756520965813
  ],
  [
   496.3993964664784,
   156.152135475633
  ],
  [
   727.8255618775862,
   461.9062450116576
  ],
  [
   380.3237199104675,
   462.93925318660257
  ],
  [
   436.3145588024609,
   845.847864524367
  ]
 ]
}