{
 "Object_Radius": 141.04739588693909,
 "Object_Shape": "disc",
 "Workspace_Density": 0.5,
 "Workspace_Height": 1000,
 "Workspace_Width": 1000,
 "number_of_objects": 8,
 "point_list": [
  [
   845.847864524367,
   476.2296349438691
  ],
  [
   845.847864524367,
   802.3621238744233
  ],
  [
   537.5242764098325,
   845.847864524367
  ],
  [
   234.62494623962345,
   775.7086984811269
  ],
  [
   156.152135475633,
   466.93686011731796
  ],
  [
   845.847864524367,
   156.152135475633
  ],
  [
   156.152135475633,
   156.152135475633
  ],
  [
   508.36103188502545,
   523.7723403700702
  ]
 ]
}