{
 "Object_Radius": 141.04739588693909,
 "Object_Shape": "disc",
 "Workspace_Density": 0.5,
 "Workspace_Height": 1000,
 "Workspace_Width": 1000,
 "number_of_objects": 8,
 "point_list": [
  [
   677.0691759251118,
   481.9597187740048
  ],
  [
   845.847864524367,
   845.847864524367
  ],
  [
   156.152135475633,
   156.152135475633
  ],
  [
   466.45941525855585,
   156.152135475633
  ],
  [
   845.847864524367,
   173.27554286966574
  ],
  [
   466.05011393780177,
   709.4987767101594
  ],
  [
   156.152135475633,
   845.847864524367
  ],
  [
   156.152135475633,
   535.5435936322355
  ]
 ]
}