{
 "Object_Radius": 141.04739588693909,
 "Object_Shape": "disc",
 "Workspace_Density": 0.5,
 "Workspace_Height": 1000,
 "Workspace_Width": 1000,
 "number_of_objects": 8,
 "point_list": [
  [
   156.152135475633,
   156.152135475633
  ],
  [
   156.152135475633,
   531.4472267603238
  ],
  [
   517.937159301538,
   777.2518813324413
  ],
  [
   845.847864524367,
   156.152135475633
  ],
  [
   156.152135475633,
   845.847864524367
  ],
  [
   532.3449899083963,
   156.152135475633
  ],
  [
   767.7670192648966,
   465.16962777132215
  ],
  [
   457.4987125815034,
   457.4270868140596
  ]
 ]
}