{
 "Object_Radius": 141.04739588693909,
 "Object_Shape": "disc",
 "Workspace_Density": 0.5,
 "Workspace_Height": 1000,
 "Workspace_Width": 1000,
 "number_of_objects": 8,
 "point_list": [
  [
   845.847864524367,
   182.6409266015385
  ],
  [
   845.847864524367,
   494.37670579786464
  ],
  [
   156.152135475633,
   201.48369800811358
  ],
  [
   466.45640641873524,
   845.847864524367
  ],
  [
   433.7956923909853,
   450.03109288606606
  ],
  [
   156.152135475633,
   845.847864524367
  ],
  [
   785.3266530456768,
   845.847864524367
  ],
  [
   534.4290841191581,
   156.152135475633
  ]
 ]
}