{
 "Object_Radius": 26.116902826540898,
 "Object_Shape": "disc",
 "Workspace_Density": 0.3,
 "Workspace_Height": 1000,
 "Workspace_Width": 1000,
 "number_of_objects": 140,
 "point_list": [
  [
   226.24695444036544,
   227.31944580673036
  ],
  [
   653.212058556098,
   928.5480748613993
  ],
  [
   329.60082185295437,
   911.4456366249655
  ],
  [
   304.0990115764618,
   412.76328643970874
  ],
  [
   347.1752077151487,
   75.71516598173561
  ],
  [
   923.4790299088874,
   28.16157893960254
  ],
  [
   568.3870044280692,
   247.28507145416984
  ],
  [
   283.3360192842011,
   856.5986030568662
  ],
  [
   398.4386675297799,
   623.6045473232825
  ],
  [
   361.19003127227813,
   553.2785692384814
  ],
  [
   40.53510979749453,
   973.8384210603974
  ],
  [
   261.53247555971717,
   316.6022397781937
  ],
  [
   255.85059935499632,
   462.76051104226343
  ],
  [
   214.72880501867942,
   415.8371253033489
  ],
  [
   780.4059694826815,
   217.12307700789617
  ],
  [
   299.5346045664425,
   681.9298387237434
  ],
  [
   708.5586837329444,
   701.2541858175973
  ],
  [
   627.4013768288956,
   281.6177675531278
  ],
  [
   286.91142176136674,
   734.7979950604529
  ],
  [
   907.8524586550491,
   336.87693956167135
  ],
  [
   866.8875289708272,
   235.41203498586674
  ],
  [
   744.1926514144881,
   139.25548379412245
  ],
  [
   236.37634106848068,
   816.5118531525941
  ],
  [
   759.6732267024836,
   664.2333527615503
  ],
  [
   230.4239293726352,
   973.8384210603974
  ],
  [
   900.4058881315286,
   278.2608614589561
  ],
  [
   212.15224563566682,
   350.9588980598365
  ],
  [
   714.6296277558642,
   91.31951134646482
  ],
  [
   532.4056793771019,
   573.0003192897511
  ],
  [
   629.264614405327,
   507.6643090607573
  ],
  [
   941.3758973936606,
   887.7521137512402
  ],
  [
   99.25695710772966,
   968.5522695211622
  ],
  [
   29.108706382956626,
   600.3205010336696
  ],
  [
   701.2305405811211,
   521.2816154923705
  ],
  [
   593.4904321613493,
   426.7666592744786
  ],
  [
   297.54817740618336,
   973.8384210603974
  ],
  [
   421.42066231286964,
   739.9891434232869
  ],
  [
   497.7057696828506,
   530.5508276422576
  ],
  [
   55.58316942097709,
   234.37923181896323
  ],
  [
   735.3255572019837,
   28.16157893960254
  ],
  [
   310.9688679813537,
   627.1411489999783
  ],
  [
   31.60711196917854,
   666.6529316066578
  ],
  [
   718.3350082763873,
   240.6506882046456
  ],
  [
   334.4418897987278,
   128.60653766745426
  ],
  [
   342.90221744666917,
   853.2778085858167
  ],
  [
   860.1899393701826,
   616.4424253222618
  ],
  [
   898.0612837489672,
   699.2699473312929
  ],
  [
   463.4326754469356,
   884.8851551616907
  ],
  [
   148.97565100830047,
   662.2210915698647
  ],
  [
   874.379738883058,
   478.33886195459564
  ],
  [
   563.9739761159094,
   798.6142895615479
  ],
  [
   207.39736073540266,
   28.16157893960254
  ],
  [
   37.9974783847127,
   28.16157893960254
  ],
  [
   471.21913153357474,
   460.80210655909434
  ],
  [
   425.4579772877406,
   494.3490149283527
  ],
  [
   523.60252487473,
   475.18907877376915
  ],
  [
   516.386812799908,
   63.197280309738794
  ],
  [
   498.63772844588937,
   690.2646048287106
  ],
  [
   131.25364990723702,
   719.8308310856345
  ],
  [
   706.7171604242957,
   768.7282929595542
  ],
  [
   426.65790521132266,
   973.8384210603974
  ],
  [
   96.75791405326667,
   28.16157893960254
  ],
  [
   34.36757461674124,
   161.3537333451264
  ],
  [
   103.46040635485149,
   471.643069559703
  ],
  [
   749.8124316831146,
   883.9702046508253
  ],
  [
   751.8365488606379,
   555.4604670407928
  ],
  [
   652.628997790606,
   720.704958651931
  ],
  [
   178.5969590174271,
   76.46988983481391
  ],
  [
   436.7352167646554,
   403.2815704949146
  ],
  [
   834.1054598855147,
   133.66997721762553
  ],
  [
   663.5406469475352,
   154.73729831406672
  ],
  [
   448.851228587531,
   67.14945191872026
  ],
  [
   110.2927882453394,
   775.1920873619603
  ],
  [
   447.7996147924957,
   663.846700651282
  ],
  [
   309.51345821792887,
   176.93884766629162
  ],
  [
   846.607967522376,
   808.1740416900338
  ],
  [
   218.8743569034236,
   902.564851693661
  ],
  [
   526.9390779167173,
   339.28304289289355
  ],
  [
   790.1159565164827,
   840.3489429330256
  ],
  [
   319.72630940204465,
   28.16157893960254
  ],
  [
   201.13151763712358,
   643.2205023174173
  ],
  [
   924.2196893942131,
   229.20773911360217
  ],
  [
   133.21974243134892,
   350.0966024907819
  ],
  [
   574.2104993697725,
   499.4169085702143
  ],
  [
   34.25863101262456,
   481.733810721556
  ],
  [
   826.1504525850979,
   901.9632159479069
  ],
  [
   718.4672576439351,
   423.66805962095617
  ],
  [
   73.40488839054532,
   354.0276255498342
  ],
  [
   472.36655146597377,
   822.9042946597488
  ],
  [
   154.14671281972946,
   860.5538481296788
  ],
  [
   934.620357818943,
   515.2498646022437
  ],
  [
   596.4649608291797,
   600.7892640044254
  ],
  [
   675.8085792684068,
   45.236122800045386
  ],
  [
   486.5199654519336,
   973.8384210603974
  ],
  [
   467.99579944497555,
   351.64707500053936
  ],
  [
   601.2884632389071,
   372.9048949281342
  ],
  [
   154.28978737398748,
   195.51401140141195
  ],
  [
   264.973783224464,
   28.16157893960254
  ],
  [
   759.9711429090628,
   467.2886355801291
  ],
  [
   874.2963708237108,
   93.02763284746499
  ],
  [
   648.7792253607478,
   628.1356169026711
  ],
  [
   973.8384210603974,
   679.723476049742
  ],
  [
   419.80296457813756,
   918.7841164169827
  ],
  [
   919.7582304591363,
   444.4444603330218
  ],
  [
   972.81724717304,
   283.1222858480578
  ],
  [
   83.60850696031125,
   645.586335880016
  ],
  [
   813.38132757215,
   973.8384210603974
  ],
  [
   28.16157893960254,
   539.858655536706
  ],
  [
   525.6951090463368,
   895.8449270251259
  ],
  [
   32.15816487228273,
   735.05671433183
  ],
  [
   740.349188197784,
   946.1802525450152
  ],
  [
   973.8384210603974,
   408.4756426026122
  ],
  [
   856.420511636579,
   367.0215819718326
  ],
  [
   28.16157893960254,
   908.0474982695188
  ],
  [
   816.5216924995256,
   538.0757911339375
  ],
  [
   338.00310412807744,
   798.8853242141777
  ],
  [
   966.5935243189145,
   620.6320284605121
  ],
  [
   865.9794578423765,
   859.6752652731922
  ],
  [
   973.8384210603974,
   735.7050030417755
  ],
  [
   655.9054175536457,
   555.847020049973
  ],
  [
   82.30517864219533,
   101.98655279366197
  ],
  [
   693.3849243571373,
   868.7925171885556
  ],
  [
   255.37114793589325,
   181.40301172357752
  ],
  [
   858.3020280270844,
   745.167312287366
  ],
  [
   909.7883865280171,
   641.9153427199882
  ],
  [
   555.2828807175888,
   675.3657645536886
  ],
  [
   28.16157893960254,
   384.27350232875034
  ],
  [
   757.9047488176549,
   323.0847314044575
  ],
  [
   101.00970639268695,
   175.59932990507238
  ],
  [
   923.4473760623488,
   771.8299095037172
  ],
  [
   155.58583810720762,
   137.94722608448777
  ],
  [
   527.6585076513267,
   841.5572599224001
  ],
  [
   972.5971569652065,
   468.66204670177683
  ],
  [
   894.4121613872707,
   931.1369490819523
  ],
  [
   85.93503960938479,
   412.37243639974633
  ],
  [
   431.87348783966115,
   161.68288357638505
  ],
  [
   482.05208516865315,
   755.5303752190429
  ],
  [
   572.7415089528615,
   305.36761967682236
  ],
  [
   521.0660450307955,
   416.88873924978986
  ],
  [
   205.02717994689596,
   160.99301614263703
  ]
 ]
}