{
 "Object_Radius": 26.116902826540898,
 "Object_Shape": "disc",
 "Workspace_Density": 0.3,
 "Workspace_Height": 1000,
 "Workspace_Width": 1000,
 "number_of_objects": 140,
 "point_list": [
  [
   176.38461464919786,
   944.8731140996339
  ],
  [
   735.5469911019266,
   953.5902468777069
  ],
  [
   901.682673050166,
   425.9136191916619
  ],
  [
   835.4295626711593,
   870.0900815296615
  ],
  [
   858.4470724535486,
   466.8139861712463
  ],
  [
   567.3583598870861,
   835.8755669008235
  ],
  [
   502.57363516876904,
   686.4677990279484
  ],
  [
   427.6639021633049,
   707.6942426299933
  ],
  [
   181.22694668003183,
   851.3059734433785
  ],
  [
   870.3726422309735,
   536.208923312973
  ],
  [
   201.052038120935,
   272.716102317383
  ],
  [
   551.5766067550154,
   896.1858691542452
  ],
  [
   28.16157893960254,
   657.4768932578937
  ],
  [
   368.5453719523868,
   824.6593304123215
  ],
  [
   190.66036793682161,
   153.6867820073197
  ],
  [
   679.581267065811,
   466.33978436088876
  ],
  [
   817.0278436875622,
   368.0159101130549
  ],
  [
   266.97077322439833,
   159.7792734238598
  ],
  [
   354.1206625328845,
   460.3322551274691
  ],
  [
   973.8384210603974,
   333.1938658459931
  ],
  [
   226.51144370069497,
   741.8246832244351
  ],
  [
   973.8384210603974,
   937.2645461878407
  ],
  [
   680.8820111221459,
   380.36623257987577
  ],
  [
   177.09760640319305,
   766.9667975971593
  ],
  [
   465.16498626969206,
   500.62988481990067
  ],
  [
   28.16157893960254,
   85.16174377740926
  ],
  [
   795.5282908898033,
   419.3267048073703
  ],
  [
   202.99259036104294,
   494.7215892982393
  ],
  [
   32.349494834768834,
   711.6383763614209
  ],
  [
   133.7649048575257,
   159.9076422861428
  ],
  [
   122.04383599369827,
   945.881641550795
  ],
  [
   76.07510715512892,
   910.3493671507383
  ],
  [
   28.16157893960254,
   567.4793588136359
  ],
  [
   49.96567914938863,
   28.16157893960254
  ],
  [
   436.9330116255041,
   799.9939344264359
  ],
  [
   626.9842698406525,
   505.72621274764515
  ],
  [
   834.307382810588,
   211.10559668525352
  ],
  [
   487.46985171728727,
   565.7167461496625
  ],
  [
   314.62547119812854,
   279.6037451704095
  ],
  [
   830.526852218362,
   973.8384210603974
  ],
  [
   921.663591971324,
   496.8882484473914
  ],
  [
   452.6329696046636,
   377.18422557277745
  ],
  [
   219.41575548409844,
   549.3223934337265
  ],
  [
   468.03068256585976,
   432.12058818663365
  ],
  [
   28.16157893960254,
   973.8384210603974
  ],
  [
   743.1477190172442,
   99.6666940153148
  ],
  [
   232.13224936396153,
   342.7077789507357
  ],
  [
   949.1332388185413,
   198.51310064803155
  ],
  [
   140.64702067348495,
   291.9551670911022
  ],
  [
   75.98717877699904,
   631.6586782004614
  ],
  [
   606.9850660508091,
   228.9832252002031
  ],
  [
   28.16157893960254,
   162.48279188243598
  ],
  [
   230.4860322751191,
   116.13383201507048
  ],
  [
   687.5416986851911,
   665.4023738717927
  ],
  [
   418.79932404795056,
   139.46013958339057
  ],
  [
   922.852375893527,
   612.6222053519575
  ],
  [
   412.8678674374645,
   614.931726330402
  ],
  [
   103.57243815408735,
   584.7583776739499
  ],
  [
   768.3993427874434,
   488.90932372842457
  ],
  [
   973.8384210603974,
   872.0969972994716
  ],
  [
   919.7583163702584,
   28.16157893960254
  ],
  [
   632.3246843113703,
   839.4562664565029
  ],
  [
   797.352078875544,
   64.88490691360427
  ],
  [
   523.2502839682128,
   518.3706267339002
  ],
  [
   973.8384210603974,
   514.6829299772938
  ],
  [
   849.986640079154,
   754.9701934477541
  ],
  [
   210.4070665200144,
   425.54617675988544
  ],
  [
   973.8384210603974,
   47.15132181357101
  ],
  [
   105.7632022208978,
   689.6014893239575
  ],
  [
   645.0085916565002,
   171.69128451509073
  ],
  [
   630.7316339532698,
   407.6132377208978
  ],
  [
   151.41541959351792,
   237.6405693300559
  ],
  [
   451.0152905685211,
   973.8384210603974
  ],
  [
   474.08910323136195,
   148.83997356092118
  ],
  [
   130.1249315964914,
   738.9197985239753
  ],
  [
   513.1737996101139,
   942.8759087409967
  ],
  [
   574.5107707094494,
   546.9047637528665
  ],
  [
   373.9094080901625,
   28.16157893960254
  ],
  [
   98.04514499625758,
   783.0797838434154
  ],
  [
   693.9037971801819,
   243.8970109149847
  ],
  [
   272.1195917695879,
   28.16157893960254
  ],
  [
   29.69836009546422,
   312.944168309966
  ],
  [
   28.16157893960254,
   510.62287689181164
  ],
  [
   739.1756845465492,
   432.2952429796475
  ],
  [
   144.22202613406216,
   891.985549067728
  ],
  [
   108.06719615765974,
   846.3787699115328
  ],
  [
   100.87059285275822,
   204.88380533563094
  ],
  [
   323.5953130257909,
   158.38630145742505
  ],
  [
   899.9454837499643,
   174.66138012275786
  ],
  [
   290.72853642480214,
   355.885409056845
  ],
  [
   272.6111917652917,
   777.3674543990795
  ],
  [
   130.7667507895918,
   640.78270669222
  ],
  [
   568.3001233171816,
   958.5993040756525
  ],
  [
   374.85766399080643,
   354.70506688924996
  ],
  [
   743.8236585767578,
   216.35432494732095
  ],
  [
   781.8543869679423,
   292.6026547103703
  ],
  [
   491.7569192550758,
   890.6089145635377
  ],
  [
   973.8384210603974,
   102.11506301151516
  ],
  [
   925.1298280500137,
   756.6722298035646
  ],
  [
   103.02206794594345,
   44.43426131904569
  ],
  [
   526.5832618184277,
   411.83277149826995
  ],
  [
   178.12943507358662,
   99.57689215124532
  ],
  [
   761.6936088208245,
   822.6905327440984
  ],
  [
   316.99118019722727,
   843.6300352126773
  ],
  [
   217.92552413945606,
   686.2679828241036
  ],
  [
   904.016236206054,
   242.5952271229373
  ],
  [
   262.7703656750937,
   296.1396994441358
  ],
  [
   959.2160707376374,
   442.280270364904
  ],
  [
   162.47175530551257,
   544.4558092477123
  ],
  [
   749.2413658648413,
   671.2713682446905
  ],
  [
   568.9853094938892,
   42.78977591255304
  ],
  [
   651.0396136577435,
   973.8384210603974
  ],
  [
   927.5118455011093,
   973.8384210603974
  ],
  [
   690.1681373183227,
   59.9116061886922
  ],
  [
   681.8503084586736,
   911.3660728116873
  ],
  [
   58.87547860079623,
   366.0783126475603
  ],
  [
   84.71656695131495,
   300.43152056908116
  ],
  [
   973.8384210603974,
   653.9776787036194
  ],
  [
   374.87412078861206,
   963.8747849428552
  ],
  [
   252.40626667098303,
   468.69047683200796
  ],
  [
   294.65394407548445,
   228.1926901538613
  ],
  [
   605.9849900297546,
   341.80477145497514
  ],
  [
   372.54969929063935,
   717.9283181628716
  ],
  [
   235.16901801339927,
   839.136556067706
  ],
  [
   316.0283616484952,
   539.6028229779804
  ],
  [
   390.32548615899435,
   241.98721384121612
  ],
  [
   271.64250005972576,
   573.5964414509931
  ],
  [
   153.39891911300862,
   423.81253257633904
  ],
  [
   973.8384210603974,
   581.6844647996138
  ],
  [
   155.92337084580586,
   28.16157893960254
  ],
  [
   46.259998219713346,
   800.0054987230844
  ],
  [
   256.2515810165945,
   889.8632895143278
  ],
  [
   28.16157893960254,
   455.5153895567961
  ],
  [
   850.5046070374717,
   147.74590972618478
  ],
  [
   973.8384210603974,
   715.321553951123
  ],
  [
   28.16157893960254,
   227.73750006754054
  ],
  [
   476.0452734542631,
   28.16157893960254
  ],
  [
   137.3969733680823,
   364.4194155252442
  ],
  [
   547.5748488030388,
   95.99458141214538
  ],
  [
   544.7950302880765,
   464.07995328694267
  ]
 ]
}