{
 "Object_Radius": 26.116902826540898,
 "Object_Shape": "disc",
 "Workspace_Density": 0.3,
 "Workspace_Height": 1000,
 "Workspace_Width": 1000,
 "number_of_objects": 140,
 "point_list": [
  [
   413.89979223460136,
   507.9187120955377
  ],
  [
   492.46356991328344,
   40.85592413634391
  ],
  [
   688.1345632981895,
   644.0000504640508
  ],
  [
   249.5151821574349,
   430.1912367958106
  ],
  [
   292.71623247589304,
   754.6797222339837
  ],
  [
   299.48915609027296,
   817.4490266456287
  ],
  [
   28.16157893960254,
   179.84577099106963
  ],
  [
   383.8527929013013,
   72.73341457637153
  ],
  [
   553.0469702891924,
   383.7856810928633
  ],
  [
   895.8055248370238,
   624.8350408325805
  ],
  [
   28.16157893960254,
   50.019320281357125
  ],
  [
   69.32015450886834,
   546.5733976549961
  ],
  [
   254.77532071075825,
   155.77770642672166
  ],
  [
   705.8511311849464,
   78.81465966214486
  ],
  [
   614.9170984567744,
   28.16157893960254
  ],
  [
   182.45006764513283,
   144.12760562398563
  ],
  [
   161.85483193867432,
   804.7027204223647
  ],
  [
   444.527824135992,
   645.3241745812219
  ],
  [
   202.14344488921893,
   213.17945749299298
  ],
  [
   303.2678235402579,
   532.0247870077561
  ],
  [
   297.0634756287518,
   120.72146806472108
  ],
  [
   423.4370249741247,
   209.84564049331553
  ],
  [
   541.3611450984197,
   325.11692274979237
  ],
  [
   973.8384210603974,
   149.8081659672945
  ],
  [
   545.1194889499259,
   255.3874764592122
  ],
  [
   855.5574387585741,
   761.4053346956291
  ],
  [
   478.73513498213555,
   973.8384210603974
  ],
  [
   93.02864516721398,
   913.9203779430613
  ],
  [
   78.18878099931152,
   28.16157893960254
  ],
  [
   328.9502683079112,
   76.7311867754017
  ],
  [
   42.10308451258482,
   705.9947677734315
  ],
  [
   222.0298252660523,
   966.5678319485304
  ],
  [
   589.5133309831677,
   713.8352990387033
  ],
  [
   169.660063829229,
   684.8768475573695
  ],
  [
   92.80505056835638,
   469.72585054057015
  ],
  [
   619.2028830675603,
   303.02126262179155
  ],
  [
   304.60675269645463,
   28.16157893960254
  ],
  [
   322.1407628465737,
   426.3502957904184
  ],
  [
   607.0400258453293,
   375.37727480655565
  ],
  [
   98.92766783706408,
   691.5239205838226
  ],
  [
   468.7616714739662,
   253.08282953399902
  ],
  [
   617.6995215127695,
   895.7732431153381
  ],
  [
   697.4038222553435,
   885.9179382059611
  ],
  [
   912.7895696971547,
   238.11363855027471
  ],
  [
   568.6401659845449,
   482.2146608610103
  ],
  [
   709.783971430004,
   174.01618515393702
  ],
  [
   842.9983650724065,
   573.4153857781168
  ],
  [
   486.4595936422442,
   330.31520840210385
  ],
  [
   886.6827133114158,
   82.40862721020336
  ],
  [
   466.97956175049075,
   494.2355090902717
  ],
  [
   237.79401861079663,
   877.0847105230611
  ],
  [
   549.0256982638534,
   924.1085871128166
  ],
  [
   732.083625966237,
   28.16157893960254
  ],
  [
   428.557752241012,
   799.5742458628489
  ],
  [
   533.4136258338172,
   542.4581830111147
  ],
  [
   636.2314122510656,
   772.8389378273255
  ],
  [
   62.8400838974961,
   410.5319531510758
  ],
  [
   334.5019790354648,
   315.95453388266526
  ],
  [
   391.27490545112084,
   278.5692558840123
  ],
  [
   275.07874000980564,
   694.2366629501454
  ],
  [
   438.0604322524953,
   101.37627559209261
  ],
  [
   598.414765403442,
   540.3952015234088
  ],
  [
   681.638104281727,
   805.8088472992602
  ],
  [
   450.6962724792344,
   552.8198076086212
  ],
  [
   797.3519513887819,
   334.03103296383335
  ],
  [
   209.24200725546186,
   72.92478205231983
  ],
  [
   686.0444710900341,
   543.0943553321108
  ],
  [
   907.078989387755,
   973.8384210603974
  ],
  [
   448.1785570559433,
   710.2080372127436
  ],
  [
   275.1559760736159,
   364.5785716355173
  ],
  [
   602.369936463812,
   820.5579155916467
  ],
  [
   263.75650761321214,
   636.3338090756181
  ],
  [
   496.59695758949346,
   805.0806441994457
  ],
  [
   973.8384210603974,
   237.51120981097162
  ],
  [
   397.3011602726302,
   402.5723005520579
  ],
  [
   561.5695917569174,
   859.8891451831978
  ],
  [
   82.44718448704005,
   300.2293448947906
  ],
  [
   56.048944429747536,
   96.63798326464136
  ],
  [
   846.6004757004457,
   884.9840346148475
  ],
  [
   961.8850610322552,
   515.8804622472222
  ],
  [
   607.4862222813564,
   436.2314415050249
  ],
  [
   714.1353300430752,
   414.55140657593404
  ],
  [
   754.3718329666615,
   555.8815749719956
  ],
  [
   28.16157893960254,
   466.84914606399366
  ],
  [
   244.0028287075425,
   28.16157893960254
  ],
  [
   883.5251626421893,
   527.984931729517
  ],
  [
   800.0586615765508,
   973.8384210603974
  ],
  [
   205.41045755290733,
   630.4762538703477
  ],
  [
   884.0856988469432,
   147.6270403378332
  ],
  [
   681.1351176791903,
   230.0366816876549
  ],
  [
   485.13050923563645,
   751.5493717802743
  ],
  [
   810.6114124530322,
   618.8640449115223
  ],
  [
   867.627000312751,
   388.04322405501864
  ],
  [
   798.7193005099134,
   191.67903303775546
  ],
  [
   603.0669638411613,
   634.8455952112531
  ],
  [
   133.76111973999883,
   28.16157893960254
  ],
  [
   382.48360041312503,
   462.2012092656035
  ],
  [
   28.16157893960254,
   923.7689424742808
  ],
  [
   752.2632795216177,
   850.9776626344167
  ],
  [
   672.4254557932389,
   943.9352591960816
  ],
  [
   973.8384210603974,
   448.72335593644897
  ],
  [
   28.16157893960254,
   628.4861783853719
  ],
  [
   472.713874194676,
   916.4741826612428
  ],
  [
   254.6119398792288,
   250.494931871862
  ],
  [
   659.6313831768772,
   389.20679604856974
  ],
  [
   806.9991285329406,
   729.620796412499
  ],
  [
   219.54954071620614,
   508.51341452024013
  ],
  [
   669.0025755779097,
   127.47919379545641
  ],
  [
   741.0092360958432,
   782.6938013906475
  ],
  [
   973.8384210603974,
   947.6498779107292
  ],
  [
   463.96206578715106,
   432.20573664902616
  ],
  [
   828.9504039103077,
   137.01485404439285
  ],
  [
   850.7661826131139,
   949.6250603257857
  ],
  [
   622.7850576301863,
   232.250689789021
  ],
  [
   900.5336550896042,
   28.16157893960254
  ],
  [
   278.67471699689906,
   305.11423713552796
  ],
  [
   147.77200360853323,
   220.48590918712978
  ],
  [
   806.7833990684672,
   55.823009355178584
  ],
  [
   284.6168758271176,
   473.2440856958005
  ],
  [
   514.6113816139226,
   170.9823395129233
  ],
  [
   34.26097628655062,
   247.4443563477029
  ],
  [
   392.2363848554393,
   965.6604700793209
  ],
  [
   931.024974562441,
   291.1611520720945
  ],
  [
   460.1813655123596,
   377.89506933176716
  ],
  [
   973.8384210603974,
   594.2795949726631
  ],
  [
   819.8824757115767,
   243.959114851912
  ],
  [
   60.88732545611623,
   820.3039464604071
  ],
  [
   768.5083327548932,
   130.02937312525154
  ],
  [
   28.16157893960254,
   308.1059244556053
  ],
  [
   330.33933260346197,
   678.3823034469685
  ],
  [
   660.480984478316,
   450.97650571838335
  ],
  [
   194.0509636587566,
   574.3432590724348
  ],
  [
   933.726093044225,
   900.325206899691
  ],
  [
   824.4416147346377,
   429.27812047983997
  ],
  [
   973.8384210603974,
   330.2701311327388
  ],
  [
   859.098803977582,
   334.1257611145118
  ],
  [
   99.95408998144516,
   247.85270758599046
  ],
  [
   341.0034330303343,
   252.09940396701475
  ],
  [
   531.6963694437602,
   678.6822589121902
  ],
  [
   421.540285797154,
   894.095705549729
  ]
 ]
}