{
 "Object_Radius": 26.116902826540898,
 "Object_Shape": "disc",
 "Workspace_Density": 0.3,
 "Workspace_Height": 1000,
 "Workspace_Width": 1000,
 "number_of_objects": 140,
 "point_list": [
  [
   90.20519673161473,
   806.118794604954
  ],
  [
   370.5426877316511,
   445.4332723116366
  ],
  [
   458.93159768923664,
   46.28365826703481
  ],
  [
   759.1579296364588,
   913.8370133806706
  ],
  [
   959.178184875781,
   569.6631450457832
  ],
  [
   217.6797774761233,
   719.4509879079152
  ],
  [
   223.28498105831818,
   973.8384210603974
  ],
  [
   916.4233218513423,
   971.4993027231056
  ],
  [
   725.5910353095629,
   563.082881451086
  ],
  [
   168.3447009278092,
   621.0469265772598
  ],
  [
   144.83077030414626,
   230.5346488928911
  ],
  [
   835.5321993437914,
   973.8384210603974
  ],
  [
   789.6617720925257,
   735.7442894116364
  ],
  [
   789.3423627628083,
   649.2297404334141
  ],
  [
   300.72025908313105,
   380.79093896955595
  ],
  [
   511.3470676061065,
   441.45271296520036
  ],
  [
   755.9583810599528,
   693.0132469489424
  ],
  [
   306.34526190002885,
   128.6688159022787
  ],
  [
   696.5751264514922,
   49.012880816518596
  ],
  [
   889.7204000883315,
   851.9773328997967
  ],
  [
   746.7574062976787,
   28.16157893960254
  ],
  [
   581.3761719699421,
   557.9908165565947
  ],
  [
   903.1920736048974,
   687.9337140066567
  ],
  [
   205.90252202959988,
   244.69443048391614
  ],
  [
   470.37189356049004,
   859.4142285586985
  ],
  [
   82.5702597740314,
   973.8384210603974
  ],
  [
   272.7545760010451,
   942.9378431924564
  ],
  [
   845.1587867075524,
   69.94142266088375
  ],
  [
   356.08179917023887,
   392.53924134478365
  ],
  [
   28.16157893960254,
   188.18698131127118
  ],
  [
   508.0959877569389,
   675.9666847553926
  ],
  [
   419.90151558526054,
   93.1884357281569
  ],
  [
   660.0267784213526,
   192.23546180896153
  ],
  [
   175.25141991379542,
   28.16157893960254
  ],
  [
   777.0711980293863,
   973.8384210603974
  ],
  [
   165.78694308320462,
   532.658194823458
  ],
  [
   815.6572633484125,
   783.9314274914826
  ],
  [
   630.9740284187516,
   266.73632566446594
  ],
  [
   627.2353474139502,
   973.8384210603974
  ],
  [
   454.31657040676765,
   441.9061560990075
  ],
  [
   109.59228946309437,
   341.24972708507056
  ],
  [
   41.90942109765883,
   483.652233164963
  ],
  [
   694.0961575883855,
   676.1319632556202
  ],
  [
   275.41188367774964,
   241.49559801360888
  ],
  [
   542.5462171913008,
   756.8574495033611
  ],
  [
   230.31282568362099,
   427.8738669947564
  ],
  [
   857.1594535115258,
   298.72357646761805
  ],
  [
   97.27560160076727,
   28.16157893960254
  ],
  [
   596.5587088131736,
   670.1826680619968
  ],
  [
   749.7015932145063,
   611.99108641478
  ],
  [
   224.02260496082027,
   193.23028970813382
  ],
  [
   415.50811358438807,
   386.4269502080232
  ],
  [
   619.2779942524594,
   902.4622784873383
  ],
  [
   686.386518841383,
   245.96656914659224
  ],
  [
   234.9114741793799,
   340.5427473294166
  ],
  [
   890.3069009509434,
   399.03164136862245
  ],
  [
   475.6724446539417,
   148.97588875971
  ],
  [
   832.8681051915057,
   416.1964351390359
  ],
  [
   703.3553674167292,
   815.7065956307729
  ],
  [
   973.8384210603974,
   163.4778374337523
  ],
  [
   931.0720458028711,
   499.7205491109944
  ],
  [
   714.980662798016,
   956.5435082483014
  ],
  [
   28.16157893960254,
   245.04376121364058
  ],
  [
   105.19093242012708,
   191.3604972386653
  ],
  [
   536.3213659683665,
   921.7187109533118
  ],
  [
   876.6263564991094,
   783.3784509531912
  ],
  [
   309.86073786818645,
   572.8052103339908
  ],
  [
   131.97170882105632,
   70.12608387362397
  ],
  [
   513.7339545293386,
   69.27927572727604
  ],
  [
   641.1606001154424,
   774.4296157232501
  ],
  [
   381.0022589336543,
   160.36145442961612
  ],
  [
   722.3911110015008,
   738.2218930040237
  ],
  [
   772.2526421144189,
   332.62066810626544
  ],
  [
   814.0622663304398,
   136.58151058836285
  ],
  [
   346.39937428117247,
   805.3031559960491
  ],
  [
   781.9987330580943,
   92.63978957678948
  ],
  [
   634.8910750997296,
   573.8747155622813
  ],
  [
   804.6210206946305,
   570.0239825721007
  ],
  [
   28.16157893960254,
   973.8384210603974
  ],
  [
   883.0360761872333,
   455.7549625148241
  ],
  [
   912.5991751507421,
   321.435427957719
  ],
  [
   682.4065162935882,
   306.27341049522994
  ],
  [
   657.939943313233,
   524.6837146990877
  ],
  [
   488.42568313146893,
   727.1716557044323
  ],
  [
   751.8557101297961,
   415.60318683822567
  ],
  [
   567.1512940250826,
   344.1932797969537
  ],
  [
   691.1051504352939,
   103.55693537269563
  ],
  [
   56.63503693139948,
   403.05110544420387
  ],
  [
   684.1180037603204,
   602.9190518488875
  ],
  [
   381.2268214010866,
   28.16157893960254
  ],
  [
   455.7556607680454,
   913.9891933652888
  ],
  [
   171.9265067676919,
   682.9800157952361
  ],
  [
   973.8384210603974,
   625.2912346269843
  ],
  [
   312.87113538247223,
   28.16157893960254
  ],
  [
   568.2517477183504,
   967.1542953467438
  ],
  [
   832.3165430146071,
   682.4643755740722
  ],
  [
   605.6469416662392,
   149.5384273996716
  ],
  [
   399.75246107774717,
   558.1327051853299
  ],
  [
   854.7745201418421,
   172.82998452016548
  ],
  [
   595.073731831501,
   615.2514152434745
  ],
  [
   457.42854344376286,
   590.2994137795905
  ],
  [
   535.5358881820147,
   224.0221058458838
  ],
  [
   668.7138100793362,
   727.0174244204002
  ],
  [
   520.1290581947475,
   505.639759068616
  ],
  [
   954.2481006269072,
   415.17927072524736
  ],
  [
   618.7773071611389,
   57.449685243922225
  ],
  [
   719.6203922654929,
   360.0723253343223
  ],
  [
   109.25190272734265,
   273.56487022786115
  ],
  [
   28.16157893960254,
   313.4536686689064
  ],
  [
   477.16302740277104,
   215.71905934320893
  ],
  [
   96.85933744030542,
   867.024389228832
  ],
  [
   346.2622458530535,
   668.9757043019646
  ],
  [
   741.1274684935262,
   282.916073951666
  ],
  [
   156.12036795645113,
   430.7128316949935
  ],
  [
   914.8078235791331,
   908.7845860988315
  ],
  [
   100.92014269849643,
   922.050377119074
  ],
  [
   28.16157893960254,
   67.91300599629487
  ],
  [
   560.511182825165,
   862.8941830815237
  ],
  [
   833.6267642334388,
   234.82736174644825
  ],
  [
   511.16428067729146,
   336.9713996528204
  ],
  [
   332.2598508687986,
   79.46636534124978
  ],
  [
   973.8384210603974,
   864.6648551610342
  ],
  [
   247.8757920294122,
   48.03067005115748
  ],
  [
   535.372496332441,
   592.7192622087758
  ],
  [
   869.0551880650326,
   634.8742545593318
  ],
  [
   693.2637225869381,
   437.33608544645557
  ],
  [
   236.83559199263246,
   122.14730957730656
  ],
  [
   850.8288347554632,
   500.4903092043596
  ],
  [
   164.93523188435904,
   179.11625409452688
  ],
  [
   887.6513083102592,
   218.47627171617194
  ],
  [
   593.4108877233075,
   731.3130954814915
  ],
  [
   438.25443366279256,
   752.3341592776147
  ],
  [
   155.55229333566345,
   302.8230337032907
  ],
  [
   953.5586340326096,
   240.90625259970213
  ],
  [
   580.6870225965898,
   98.43675061510994
  ],
  [
   134.844529232441,
   771.6586186339332
  ],
  [
   453.812205905516,
   330.4676369927706
  ],
  [
   674.3442601610991,
   906.9492706667447
  ],
  [
   799.7933468999802,
   40.04418007644669
  ],
  [
   973.8384210603974,
   958.2872556575786
  ]
 ]
}