{
 "Object_Radius": 39.89422804014327,
 "Object_Shape": "disc",
 "Workspace_Density": 0.5,
 "Workspace_Height": 1000,
 "Workspace_Width": 1000,
 "number_of_objects": 100,
 "point_list": [
  [
   557.3960599021461,
   42.489997161749
  ],
  [
   381.0830889601666,
   127.3423938381851
  ],
  [
   928.3991524353646,
   798.3302327721134
  ],
  [
   66.26573906461772,
   408.8526859388891
  ],
  [
   737.2213752316497,
   506.98913781666505
  ],
  [
   447.8493510865238,
   959.4532343840502
  ],
  [
   165.7161719739153,
   258.177651346014
  ],
  [
   422.23079683883606,
   305.87817737001245
  ],
  [
   869.3259800009091,
   504.9823175182722
  ],
  [
   481.8476008749275,
   77.17961481612227
  ],
  [
   755.8269305747264,
   704.3951633471315
  ],
  [
   698.7426030446745,
   942.3826644937873
  ],
  [
   42.489997161749,
   42.489997161749
  ],
  [
   873.3674435749448,
   592.717676955552
  ],
  [
   846.8488025678042,
   205.0853437420345
  ],
  [
   75.83589127613928,
   118.47520596230369
  ],
  [
   852.5534702352033,
   904.6445743980128
  ],
  [
   469.6008181552016,
   816.9020723263683
  ],
  [
   835.1080622007622,
   671.1010092237791
  ],
  [
   484.0617888389519,
   372.10595903267455
  ],
  [
   286.84940731203744,
   455.57622103622043
  ],
  [
   958.6862751715734,
   92.32603745786257
  ],
  [
   126.5078372874363,
   42.489997161749
  ],
  [
   61.29343714663061,
   726.5475200166097
  ],
  [
   127.24678246836608,
   628.2101692375309
  ],
  [
   115.9384230336686,
   191.74730212648882
  ],
  [
   270.4382878626294,
   731.4452353205951
  ],
  [
   552.6355782134647,
   830.1723580059812
  ],
  [
   313.9500679184708,
   535.4067835426093
  ],
  [
   814.5960293332579,
   119.19740504704487
  ],
  [
   944.0914695344846,
   418.38776266058954
  ],
  [
   550.4257742082964,
   526.718569225537
  ],
  [
   802.746117121361,
   827.4668663998556
  ],
  [
   661.2570536335028,
   547.5552412946065
  ],
  [
   503.8928620440463,
   287.5364940167142
  ],
  [
   665.9445645095882,
   288.6382230300383
  ],
  [
   431.27726233967763,
   742.4754305387723
  ],
  [
   958.2918597408108,
   634.3634142804925
  ],
  [
   516.4705937950721,
   634.9083561782371
  ],
  [
   222.7775687678124,
   318.4478819904774
  ],
  [
   305.71232551201416,
   323.00738350918215
  ],
  [
   210.75097324044106,
   42.489997161749
  ],
  [
   738.1193373232228,
   170.6274047670717
  ],
  [
   806.5066549825343,
   377.0144958147625
  ],
  [
   372.5109573803943,
   372.34329054790385
  ],
  [
   134.364781529051,
   463.86058715665433
  ],
  [
   42.489997161749,
   643.5551738684767
  ],
  [
   442.567877267656,
   225.42863059744823
  ],
  [
   708.2882655158788,
   426.45567004448696
  ],
  [
   379.9709211710033,
   42.489997161749
  ],
  [
   587.8434821709964,
   677.5880023840815
  ],
  [
   203.58210287873348,
   131.12384009074046
  ],
  [
   246.4336281527318,
   583.8666044335843
  ],
  [
   514.6712483707934,
   743.4929784944675
  ],
  [
   266.42329547859066,
   243.55242419755612
  ],
  [
   745.0190673587292,
   593.9011688051
  ],
  [
   372.3654600315352,
   455.35988602487623
  ],
  [
   776.9592583333368,
   255.44539206852036
  ],
  [
   213.61086330229196,
   497.9622960508451
  ],
  [
   637.5494615953322,
   885.0009522127245
  ],
  [
   121.85385631455526,
   789.1312589841767
  ],
  [
   733.1552793789011,
   337.3077607069984
  ],
  [
   300.12722443786015,
   165.5151902497836
  ],
  [
   410.3964402467538,
   880.1346304455589
  ],
  [
   656.595580912258,
   630.4175054535106
  ],
  [
   294.8727271686203,
   42.489997161749
  ],
  [
   782.3837260619504,
   957.0948880113892
  ],
  [
   597.57549668497,
   760.3869641507506
  ],
  [
   622.6073203335318,
   471.75177306103103
  ],
  [
   326.3344589271107,
   621.696795859994
  ],
  [
   661.8329608502379,
   204.19878411227631
  ],
  [
   542.81709798216,
   436.7703406170087
  ],
  [
   959.2297518409242,
   195.47060800384412
  ],
  [
   671.2756280921786,
   722.2401116844119
  ],
  [
   575.0307319617285,
   223.7863286824033
  ],
  [
   494.05159861850774,
   160.32010669369012
  ],
  [
   959.4768509571977,
   534.6866393487389
  ],
  [
   42.489997161749,
   855.7450249652353
  ],
  [
   864.2302190884699,
   42.489997161749
  ],
  [
   362.3874357530375,
   247.33124169469946
  ],
  [
   475.55348868097934,
   562.5997235512325
  ],
  [
   145.08506831923705,
   369.7878557245317
  ],
  [
   944.7851281829966,
   921.8666394365725
  ],
  [
   221.8885190427531,
   401.44790987963887
  ],
  [
   585.9119541222261,
   317.3792669514133
  ],
  [
   521.0933397637849,
   906.9275887665016
  ],
  [
   852.8016956950114,
   761.2032400344724
  ],
  [
   219.0154025053884,
   662.6948726776154
  ],
  [
   42.489997161749,
   232.59568932998175
  ],
  [
   632.9496835217171,
   386.41011594425294
  ],
  [
   436.0965879246959,
   658.0434391705677
  ],
  [
   341.00626346266733,
   780.794313611873
  ],
  [
   933.089542439368,
   713.8206338572313
  ],
  [
   144.96726179040016,
   709.2762510865447
  ],
  [
   397.3657032810211,
   534.7992144585983
  ],
  [
   360.97343415220075,
   697.3410245764106
  ],
  [
   727.9182937913333,
   788.8981447276652
  ],
  [
   460.43871131097524,
   462.95598996875157
  ],
  [
   573.7984936773993,
   133.093637558467
  ],
  [
   141.76444031235664,
   546.5099933740323
  ]
 ]
}