{
 "Object_Radius": 39.89422804014327,
 "Object_Shape": "disc",
 "Workspace_Density": 0.5,
 "Workspace_Height": 1000,
 "Workspace_Width": 1000,
 "number_of_objects": 100,
 "point_list": [
  [
   540.2465862915974,
   118.50416132836823
  ],
  [
   102.49792098656343,
   898.2230552474263
  ],
  [
   640.2040073438836,
   278.6183948808857
  ],
  [
   620.9780300689216,
   500.2962035244263
  ],
  [
   763.1463059836522,
   129.37923531008732
  ],
  [
   294.8544936168619,
   277.12799143746923
  ],
  [
   338.019651396177,
   959.5074458682291
  ],
  [
   622.3420714383943,
   584.5419465261316
  ],
  [
   564.7668546298154,
   959.4942096080414
  ],
  [
   959.5100020679739,
   729.9626354991698
  ],
  [
   261.1999761271321,
   871.8112598189535
  ],
  [
   777.7205770503285,
   833.7522304427318
  ],
  [
   424.50205609574255,
   876.5391068792146
  ],
  [
   766.0694161083517,
   709.709200985308
  ],
  [
   868.2957171304438,
   857.3691921263719
  ],
  [
   832.2540342668517,
   437.0224771848695
  ],
  [
   166.63159938302775,
   641.7869722761511
  ],
  [
   240.23381625505553,
   492.8523240650474
  ],
  [
   432.7573846748865,
   269.5795865398897
  ],
  [
   790.9970309788456,
   589.7081837913512
  ],
  [
   627.3554683952232,
   408.642667598114
  ],
  [
   959.5100028260498,
   364.99761185134173
  ],
  [
   685.1181186590051,
   207.88912939951655
  ],
  [
   344.4622691131127,
   129.95457804390168
  ],
  [
   42.489997161749,
   585.8388094471783
  ],
  [
   846.5257189793698,
   130.50096970056964
  ],
  [
   83.55079574462916,
   659.8641085259602
  ],
  [
   875.3886145748171,
   253.58050528073161
  ],
  [
   441.6732146367297,
   795.3551758203221
  ],
  [
   481.89951860410923,
   181.40746085506893
  ],
  [
   573.2554043211792,
   345.0663488042486
  ],
  [
   959.4963990487403,
   197.9164558699113
  ],
  [
   581.7061392034582,
   42.489997161749
  ],
  [
   467.81379603082814,
   449.5733873693667
  ],
  [
   168.85135412349425,
   412.5132070230358
  ],
  [
   593.1494434773276,
   664.9013179255621
  ],
  [
   702.2884104074369,
   558.9707560951357
  ],
  [
   546.0007374631957,
   782.7516546272443
  ],
  [
   677.7379635223363,
   125.21440928912406
  ],
  [
   665.1653596935467,
   42.489997161749
  ],
  [
   427.38347737576197,
   113.22399219099374
  ],
  [
   423.19644432203256,
   959.5099184796303
  ],
  [
   551.3068227068975,
   445.2690984181784
  ],
  [
   146.17557849510285,
   823.7261719901214
  ],
  [
   699.7616098526378,
   462.31805821280795
  ],
  [
   690.523719454871,
   345.4891035839412
  ],
  [
   959.510001585245,
   959.510001585245
  ],
  [
   202.67068625184518,
   220.55037536740204
  ],
  [
   959.5100028260498,
   281.19027671214883
  ],
  [
   959.5100020679739,
   836.2009799750907
  ],
  [
   106.11440462745439,
   160.97967433452123
  ],
  [
   343.1894259988193,
   859.0277387526887
  ],
  [
   309.54806127001507,
   388.4430074606281
  ],
  [
   700.3764907996464,
   864.3782521147308
  ],
  [
   138.77094358652292,
   541.681322503189
  ],
  [
   301.30975956707977,
   573.2642624406006
  ],
  [
   755.7661381128431,
   396.92822081846845
  ],
  [
   941.432857441221,
   456.1252419039424
  ],
  [
   929.2649689796376,
   120.35978771278587
  ],
  [
   122.82355085756754,
   314.977462659159
  ],
  [
   161.78634049319933,
   734.5776345762766
  ],
  [
   621.7134296791187,
   896.8358250048817
  ],
  [
   42.489997161749,
   496.95320466807823
  ],
  [
   386.02557781473223,
   569.2868506396046
  ],
  [
   295.7960382961102,
   60.10874492581543
  ],
  [
   217.02588465147377,
   575.1313025553676
  ],
  [
   360.42517577767853,
   217.5611913308916
  ],
  [
   540.992793150113,
   568.1495021253763
  ],
  [
   851.869978393053,
   766.009260532634
  ],
  [
   182.17692201706322,
   125.41040448857851
  ],
  [
   42.489997161749,
   373.58494527197513
  ],
  [
   230.49272711041291,
   339.6419784856402
  ],
  [
   519.7037182990289,
   876.1042123447405
  ],
  [
   869.6755368843383,
   42.489997161749
  ],
  [
   308.7590021434446,
   748.0727938118254
  ],
  [
   335.0986427238216,
   478.0464086869824
  ],
  [
   854.60909775085,
   959.3430744626652
  ],
  [
   959.5099409160141,
   42.489997161749
  ],
  [
   624.4374209035147,
   813.7239047973868
  ],
  [
   786.6955312384216,
   42.489997161749
  ],
  [
   424.8085989926086,
   643.4614647627047
  ],
  [
   771.8660810726955,
   506.77027734393613
  ],
  [
   42.489997161749,
   959.4634725969777
  ],
  [
   207.85666094909917,
   42.489997161749
  ],
  [
   464.1967722141471,
   534.7319775278947
  ],
  [
   42.489997161749,
   783.4138286976329
  ],
  [
   379.1613746873348,
   42.489997161749
  ],
  [
   125.3752986311535,
   55.023476360236174
  ],
  [
   512.1004294078639,
   646.744434576532
  ],
  [
   261.00810282643414,
   160.61335245314046
  ],
  [
   42.489997161749,
   42.489997161749
  ],
  [
   254.38232845757742,
   959.466105903283
  ],
  [
   894.3878459543649,
   631.8844214094623
  ],
  [
   482.97289556206607,
   42.489997161749
  ],
  [
   466.0960664586952,
   715.870456385549
  ],
  [
   676.0794631055016,
   743.4406243424601
  ],
  [
   520.3908717178828,
   279.5179987473921
  ],
  [
   778.7148541347668,
   213.02828875387732
  ],
  [
   685.1494636861321,
   649.9812225370118
  ],
  [
   166.434257409822,
   959.4296358402769
  ]
 ]
}