{
 "Object_Radius": 39.89422804014327,
 "Object_Shape": "disc",
 "Workspace_Density": 0.5,
 "Workspace_Height": 1000,
 "Workspace_Width": 1000,
 "number_of_objects": 100,
 "point_list": [
  [
   373.8990770021183,
   616.5430092963973
  ],
  [
   886.2357644644158,
   368.53731663004316
  ],
  [
   42.489997161749,
   787.4211963485683
  ],
  [
   42.489997161749,
   537.1511240304591
  ],
  [
   563.6493406072626,
   42.489997161749
  ],
  [
   767.2384749400901,
   447.182771657081
  ],
  [
   333.4950326645945,
   101.49424675411808
  ],
  [
   624.2980902212622,
   349.3247623930506
  ],
  [
   959.5085718834742,
   202.2741723976451
  ],
  [
   194.69469754861694,
   664.5680817551098
  ],
  [
   849.0945293132759,
   860.6160194995383
  ],
  [
   189.53659719534014,
   42.489997161749
  ],
  [
   448.67958519124716,
   220.59896593864286
  ],
  [
   370.5102470976867,
   526.7277326462278
  ],
  [
   959.5085037219797,
   644.8172714329182
  ],
  [
   667.778379622992,
   433.47949611093463
  ],
  [
   543.2524028209167,
   591.2121440712966
  ],
  [
   296.2237158105015,
   685.5446583353076
  ],
  [
   355.3505047903121,
   780.3411908386225
  ],
  [
   291.498196180717,
   959.5100028314953
  ],
  [
   532.6090654529667,
   675.1596245362781
  ],
  [
   152.87414024713573,
   246.16951300077432
  ],
  [
   503.8765671282936,
   145.16879368047083
  ],
  [
   42.489997161749,
   452.8160666981919
  ],
  [
   164.65679530884842,
   800.8430735694583
  ],
  [
   688.4946736013902,
   193.30247710579079
  ],
  [
   571.8784720785156,
   858.0796792491965
  ],
  [
   726.2796858658552,
   98.22967027484582
  ],
  [
   624.1409295593912,
   959.5100028324468
  ],
  [
   959.3957819359432,
   733.6831765168384
  ],
  [
   374.75464911631855,
   959.5099905575944
  ],
  [
   455.59699259868603,
   643.6075063057095
  ],
  [
   510.76978447759154,
   408.5180074033759
  ],
  [
   388.2126387720913,
   373.7162905734895
  ],
  [
   299.41338292168956,
   577.2646360939158
  ],
  [
   268.6623765595078,
   338.385736421373
  ],
  [
   127.03293942466692,
   876.5444816535186
  ],
  [
   313.3466414797625,
   455.00438235562825
  ],
  [
   491.2278801546426,
   523.0442737251536
  ],
  [
   137.05868204637775,
   403.89927583554265
  ],
  [
   378.0357152373255,
   875.4306180880458
  ],
  [
   656.4551646078343,
   878.2861220143085
  ],
  [
   466.2046489915564,
   338.5091987317952
  ],
  [
   133.89827758317813,
   534.9612043788343
  ],
  [
   42.489997161749,
   620.8365426028704
  ],
  [
   959.2572719514612,
   319.2138619511512
  ],
  [
   689.4635955781744,
   754.9590652852706
  ],
  [
   433.4988931268527,
   810.2789316267161
  ],
  [
   395.1963834791935,
   705.3681942174868
  ],
  [
   42.489997161749,
   369.03315895655834
  ],
  [
   103.86166578389465,
   313.1761274964715
  ],
  [
   205.5726201499562,
   182.05157315974827
  ],
  [
   873.9167074630489,
   559.0858407775988
  ],
  [
   274.8952505603403,
   42.489997161749
  ],
  [
   875.8605607904423,
   244.9366640539541
  ],
  [
   373.70711756745595,
   176.4014048341984
  ],
  [
   49.83104943362899,
   238.13728169010847
  ],
  [
   224.863920926307,
   741.8730606114285
  ],
  [
   413.89840873852904,
   455.79373728272066
  ],
  [
   747.1100247419384,
   663.8693384136351
  ],
  [
   791.7930320975374,
   587.5147141490578
  ],
  [
   477.41313816311225,
   54.21416486165015
  ],
  [
   42.489997161749,
   870.7719709782825
  ],
  [
   876.4612064604414,
   42.489997161749
  ],
  [
   185.83118159570765,
   331.79105850507716
  ],
  [
   117.27105693234574,
   110.91135695555779
  ],
  [
   42.489997161749,
   51.76472867284589
  ],
  [
   208.46401731639267,
   959.510002838251
  ],
  [
   774.4942354549472,
   207.79171266670235
  ],
  [
   565.6330503594666,
   771.4873559068097
  ],
  [
   793.7322579330119,
   959.5100026501367
  ],
  [
   224.449728928374,
   408.7570673975545
  ],
  [
   575.5501088467087,
   223.2909718603638
  ],
  [
   723.3047911064274,
   311.32680717458226
  ],
  [
   658.5504007143155,
   42.489997161749
  ],
  [
   917.1626302762902,
   451.94312644276636
  ],
  [
   125.48381675669033,
   959.510002838251
  ],
  [
   707.1349914424331,
   959.5100028314953
  ],
  [
   290.0470243644856,
   180.5831779522618
  ],
  [
   392.88917993976,
   42.489997161749
  ],
  [
   123.90992343274611,
   724.1768936184999
  ],
  [
   545.3304834994516,
   301.15766096018314
  ],
  [
   282.0979098282831,
   819.765133226981
  ],
  [
   216.74146296205183,
   584.5222174750593
  ],
  [
   703.012765311084,
   575.6391978901858
  ],
  [
   42.489997161749,
   959.5100028334745
  ],
  [
   210.3326171737115,
   872.213987648735
  ],
  [
   253.4762893358779,
   256.1745412245728
  ],
  [
   541.1460304590921,
   959.5100028301524
  ],
  [
   934.4959870703872,
   825.0995270562169
  ],
  [
   484.83301530396625,
   876.2997592345846
  ],
  [
   205.64627657134616,
   490.0407452078524
  ],
  [
   621.8035378142604,
   557.7287190552652
  ],
  [
   483.3019915113062,
   743.409024743203
  ],
  [
   600.0440620570085,
   142.6581737059402
  ],
  [
   929.8168841034832,
   119.80765620826067
  ],
  [
   921.7314018333888,
   959.3889084095421
  ],
  [
   576.1144413868999,
   471.1111270135356
  ],
  [
   457.9359983563694,
   959.5100028301247
  ],
  [
   42.489997161749,
   704.2261922479848
  ]
 ]
}