{
 "Object_Radius": 39.89422804014327,
 "Object_Shape": "disc",
 "Workspace_Density": 0.5,
 "Workspace_Height": 1000,
 "Workspace_Width": 1000,
 "number_of_objects": 100,
 "point_list": [
  [
   465.8989697809181,
   304.3501055894634
  ],
  [
   452.6389024195737,
   483.8511015011991
  ],
  [
   594.2442088277426,
   126.86623125921409
  ],
  [
   370.86034856726206,
   321.4980964311684
  ],
  [
   811.4258157508535,
   589.9272004751622
  ],
  [
   208.96465754741894,
   42.489997161749
  ],
  [
   889.7686473289965,
   959.5095518569791
  ],
  [
   959.5100028245778,
   347.02442783548975
  ],
  [
   653.3780423104815,
   540.4080103250924
  ],
  [
   493.9127553670258,
   731.3864876362588
  ],
  [
   580.2878436456813,
   388.6617266286167
  ],
  [
   740.6399515271981,
   101.08426133592208
  ],
  [
   42.489997161749,
   409.0915470258899
  ],
  [
   502.46550121940953,
   819.0331462085924
  ],
  [
   959.5098978406257,
   263.45218269858333
  ],
  [
   658.1483571150734,
   42.489997161749
  ],
  [
   784.7293823565858,
   780.9856926798076
  ],
  [
   604.7333455657684,
   307.65194981913487
  ],
  [
   480.3888616844516,
   906.7554514753215
  ],
  [
   611.5303915533514,
   916.8919176551382
  ],
  [
   180.86280916072434,
   332.014577594347
  ],
  [
   372.5300016193293,
   795.3253940556162
  ],
  [
   238.0101756295018,
   778.1371008792364
  ],
  [
   42.489997161749,
   651.9813937413396
  ],
  [
   264.7893907835473,
   104.82347035474547
  ],
  [
   343.71087604213506,
   136.50364465275624
  ],
  [
   798.5898601382505,
   161.066832371076
  ],
  [
   959.510002833703,
   621.3315205998629
  ],
  [
   311.27863865534,
   735.1519255052008
  ],
  [
   181.45490679651263,
   516.3035914726594
  ],
  [
   280.2947091095942,
   943.3794221343745
  ],
  [
   312.2053269219422,
   579.9552499353352
  ],
  [
   285.52946032407266,
   300.31723272152396
  ],
  [
   402.96781568893067,
   42.489997161749
  ],
  [
   838.364080567954,
   882.5103596477169
  ],
  [
   695.9947999630263,
   809.3544440347641
  ],
  [
   627.4534883206802,
   458.2195685660067
  ],
  [
   710.4947713245022,
   725.0715666187527
  ],
  [
   42.489997161749,
   42.489997161749
  ],
  [
   692.232997074373,
   941.5990218760893
  ],
  [
   408.88098524161614,
   720.6428522282436
  ],
  [
   133.22837303858034,
   232.92391534584146
  ],
  [
   94.37406956788965,
   572.6027992111335
  ],
  [
   676.8224967314875,
   646.3264541034213
  ],
  [
   959.5100024336597,
   130.46835571407644
  ],
  [
   571.0224561879548,
   42.489997161749
  ],
  [
   706.3177238660736,
   314.43552017951913
  ],
  [
   136.9612830909304,
   402.4900712416474
  ],
  [
   222.25483340646934,
   409.03186895317145
  ],
  [
   214.60974457268352,
   256.16643010726847
  ],
  [
   111.97660104956775,
   959.510002833703
  ],
  [
   959.1127689269229,
   705.9426789600107
  ],
  [
   752.6660872496435,
   884.5559541975902
  ],
  [
   185.34326918126354,
   615.6508339215598
  ],
  [
   361.1162094008659,
   503.41653719194153
  ],
  [
   282.2813564971165,
   467.98988464788664
  ],
  [
   189.08012364364126,
   922.1316542362023
  ],
  [
   404.8946211056505,
   414.93500581741495
  ],
  [
   710.4210433715108,
   461.4392593625331
  ],
  [
   319.56551316898515,
   42.489997161749
  ],
  [
   757.5805085559123,
   236.0471280215232
  ],
  [
   762.6577154804874,
   660.3178086761865
  ],
  [
   891.960754176706,
   563.1006804587283
  ],
  [
   564.8893157444204,
   512.843360188984
  ],
  [
   537.3491161660521,
   240.25173836960863
  ],
  [
   314.5555765860688,
   219.62279735983708
  ],
  [
   499.15963459274735,
   567.3664513566317
  ],
  [
   485.9478016976277,
   42.489997161749
  ],
  [
   878.47749530741,
   757.6804617804892
  ],
  [
   125.47020740435805,
   42.489997161749
  ],
  [
   959.4187233393587,
   912.5729736318302
  ],
  [
   594.2699154039768,
   614.2876856695658
  ],
  [
   482.6314092677664,
   649.1007168471514
  ],
  [
   878.9721532132382,
   472.0746789515459
  ],
  [
   153.59774285578766,
   120.55905432995837
  ],
  [
   160.41844705540055,
   817.1218308289239
  ],
  [
   368.0449400441839,
   959.5100028331301
  ],
  [
   872.226370267431,
   42.489997161749
  ],
  [
   305.42047666871923,
   382.7502014385067
  ],
  [
   415.5417054991351,
   571.6826791827798
  ],
  [
   591.9879920525065,
   741.3809120177013
  ],
  [
   608.9884649719902,
   825.3677144750067
  ],
  [
   159.69319687820249,
   728.0412981200652
  ],
  [
   406.9690156273399,
   202.72943096039154
  ],
  [
   959.5100028209112,
   430.06963747522525
  ],
  [
   658.6023003740254,
   212.047356093651
  ],
  [
   42.489997161749,
   140.02145434773368
  ],
  [
   42.489997161749,
   293.4488197049467
  ],
  [
   854.0427057302435,
   666.7940336242566
  ],
  [
   815.6341267935456,
   400.3643558094399
  ],
  [
   959.4922166324249,
   513.4439048906762
  ],
  [
   790.2423722215858,
   485.4336091810505
  ],
  [
   42.489997161749,
   897.8315001930441
  ],
  [
   217.7575723978577,
   173.23185587458644
  ],
  [
   959.5098978406257,
   807.4026319283477
  ],
  [
   373.0546238523336,
   645.0927754632777
  ],
  [
   42.489997161749,
   767.7955030956899
  ],
  [
   735.3133709894003,
   556.2138021037971
  ],
  [
   959.5100028339677,
   42.489997161749
  ],
  [
   265.76405703715426,
   653.2261015471875
  ]
 ]
}