{
 "Object_Length": 200.0,
 "Object_Shape": "cuboid",
 "Object_Width": 60.0,
 "Workspace_Density": 0.3,
 "Workspace_Height": 1000,
 "Workspace_Width": 1000,
 "number_of_objects": 25,
 "point_list": [
  [
   219.83679055367327,
   894.3064028810631,
   3.10901090309
  ],
  [
   820.0942772811532,
   417.8878123397233,
   2.1326691324
  ],
  [
   109.6469644272154,
   573.0144605248128,
   0.240031991993
  ],
  [
   104.98163915076768,
   238.67598453560913,
   0.102923462701
  ],
  [
   424.72138911182356,
   824.2418269955224,
   0.380541409956
  ],
  [
   311.4283151409374,
   533.1574886285791,
   1.88518001748
  ],
  [
   629.977688820936,
   788.2552671046965,
   2.32790573995
  ],
  [
   486.2828795551558,
   564.0866675511057,
   2.77058095259
  ],
  [
   573.813512000789,
   369.89423492256356,
   1.74812030197
  ],
  [
   710.1551012516021,
   153.38561817527,
   1.6718887548
  ],
  [
   549.7915100248093,
   958.1379281365872,
   0.0809487642356
  ],
  [
   401.67388365233654,
   704.2551093634949,
   0.194794734003
  ],
  [
   903.2756688896634,
   853.4020783640868,
   1.34641341652
  ],
  [
   651.324996657124,
   578.5434009715217,
   2.67988008942
  ],
  [
   335.0640300616304,
   162.55348332116765,
   2.75881889775
  ],
  [
   518.7205304775662,
   261.46557659871786,
   2.41806512713
  ],
  [
   917.0075568577719,
   483.45623048202935,
   1.63031289632
  ],
  [
   202.65522412945415,
   722.7391783449832,
   0.369937252917
  ],
  [
   477.92835218212207,
   123.83046215807623,
   1.70631884869
  ],
  [
   239.26503694685016,
   120.6665140335928,
   2.66796134945
  ],
  [
   393.14088301471685,
   358.39349530723814,
   0.418700583471
  ],
  [
   776.9402397313877,
   684.5014192909827,
   1.04538259586
  ],
  [
   892.096995342477,
   128.95045287344476,
   2.7390718629
  ],
  [
   202.30587359905795,
   412.7052053425876,
   0.910200231824
  ],
  [
   76.49782523776362,
   380.508002649677,
   1.1542814827
  ]
 ]
}