{
 "Object_Length": 200.0,
 "Object_Shape": "cuboid",
 "Object_Width": 60.0,
 "Workspace_Density": 0.3,
 "Workspace_Height": 1000,
 "Workspace_Width": 1000,
 "number_of_objects": 25,
 "point_list": [
  [
   761.8524182034273,
   99.405392250434,
   0.188972122729
  ],
  [
   205.36149903125352,
   147.8900679702964,
   1.81136639635
  ],
  [
   748.8028737560008,
   601.9677857206342,
   1.22921325788
  ],
  [
   791.6409729326264,
   440.65154236534715,
   2.92211923803
  ],
  [
   567.7515259075257,
   823.8884649633679,
   2.39554295139
  ],
  [
   814.074478371298,
   267.2818679026926,
   1.14103776157
  ],
  [
   73.1752012699085,
   795.1749825207803,
   1.81533397566
  ],
  [
   901.0788473917341,
   176.07580962530787,
   1.5829706083
  ],
  [
   433.56852878376816,
   553.917973847606,
   2.39920468897
  ],
  [
   536.4552021591015,
   185.11326456956778,
   2.51232517799
  ],
  [
   853.5509139161502,
   691.5858342902253,
   1.22909542028
  ],
  [
   107.37569872632258,
   104.79743201281978,
   1.54478639498
  ],
  [
   181.27838050266132,
   532.6487370607246,
   0.158365232008
  ],
  [
   60.50099627836937,
   385.7494737817782,
   1.53662433225
  ],
  [
   259.4635424739416,
   420.5578392814386,
   2.53261867232
  ],
  [
   820.4401252166913,
   883.7453858956974,
   1.27961095295
  ],
  [
   265.99787760285676,
   882.9726710694096,
   2.35812595982
  ],
  [
   238.70211754935613,
   276.94765231815563,
   1.94820054891
  ],
  [
   380.6035288976155,
   118.10484044070839,
   1.40402523172
  ],
  [
   554.3474556440167,
   541.1371365298255,
   1.73350047724
  ],
  [
   221.28061513072277,
   666.5123421720497,
   0.956096555725
  ],
  [
   433.9023879980904,
   771.0126974025864,
   0.155240415339
  ],
  [
   505.0304326774924,
   966.5813377560554,
   3.1254806663
  ],
  [
   449.2006838588798,
   316.0965266275215,
   0.845829278926
  ],
  [
   618.1554834177775,
   290.19131123229835,
   2.94426828706
  ]
 ]
}