{
 "Object_Length": 200.0,
 "Object_Shape": "cuboid",
 "Object_Width": 60.0,
 "Workspace_Density": 0.3,
 "Workspace_Height": 1000,
 "Workspace_Width": 1000,
 "number_of_objects": 25,
 "point_list": [
  [
   111.12952964342547,
   440.98116235758283,
   2.3996177408
  ],
  [
   646.9050542113094,
   124.21269578467226,
   0.826542126337
  ],
  [
   644.5477684302924,
   240.00098437111123,
   0.295400184819
  ],
  [
   884.1721723207037,
   489.86544306902016,
   0.55052991029
  ],
  [
   78.35697107872505,
   647.4589346375041,
   1.63483883425
  ],
  [
   395.2403315003803,
   368.4100289694616,
   0.929998403209
  ],
  [
   581.7202487928528,
   357.65192670632086,
   2.64099321886
  ],
  [
   819.9203799421571,
   813.4217464349911,
   2.00845162164
  ],
  [
   321.5298753954749,
   858.1649301291106,
   2.57218749316
  ],
  [
   342.65782896028657,
   115.68873250863595,
   0.215139058509
  ],
  [
   86.63853690298691,
   139.88708103459214,
   1.0859547986
  ],
  [
   889.5696704376784,
   860.6678601743643,
   2.06372849133
  ],
  [
   365.0093996076033,
   546.1128892578328,
   1.76416410624
  ],
  [
   678.0992870412051,
   731.5255274795759,
   1.27385255311
  ],
  [
   908.6936310293313,
   346.8133528443825,
   1.92861984286
  ],
  [
   771.6309084114895,
   122.23922304821866,
   0.964396974501
  ],
  [
   230.74620839770847,
   488.4837002327885,
   1.70331552899
  ],
  [
   539.0052767575046,
   931.9314138145661,
   0.326157679957
  ],
  [
   478.9688132269333,
   778.7563843845247,
   1.14227589341
  ],
  [
   848.4280603088914,
   660.4473565358026,
   0.578026697795
  ],
  [
   722.3402747124476,
   417.77917941805765,
   1.87436229977
  ],
  [
   296.70831522952864,
   189.48449729590325,
   0.377123028011
  ],
  [
   142.99724220047244,
   619.2535607720829,
   1.64642255459
  ],
  [
   573.2471761958057,
   448.628543556341,
   2.89861341238
  ],
  [
   174.28430638281304,
   838.3119952054385,
   1.42193470257
  ]
 ]
}