{
 "Object_Length": 200.0,
 "Object_Shape": "cuboid",
 "Object_Width": 60.0,
 "Workspace_Density": 0.3,
 "Workspace_Height": 1000,
 "Workspace_Width": 1000,
 "number_of_objects": 25,
 "point_list": [
  [
   438.2443792673724,
   162.24863615811495,
   1.05033961519
  ],
  [
   337.12866370058435,
   573.975908896449,
   0.592611290789
  ],
  [
   114.3817654252905,
   639.8920929877808,
   2.92599148855
  ],
  [
   567.5710243656375,
   491.4945148424248,
   2.31800762693
  ],
  [
   170.3196325188095,
   899.5138391053272,
   0.838262218474
  ],
  [
   775.8958348934674,
   552.9544053723486,
   0.715062157621
  ],
  [
   567.3156660054915,
   923.7012035820908,
   3.0502997867
  ],
  [
   329.20687706950105,
   188.92591546535823,
   1.56569235932
  ],
  [
   161.9730167839155,
   249.13002832635988,
   2.84031050972
  ],
  [
   720.622998775994,
   71.18409771139305,
   0.438514705694
  ],
  [
   780.1240703901684,
   236.33289195175402,
   2.14995534242
  ],
  [
   730.9526674634192,
   435.82205979586035,
   0.573686281421
  ],
  [
   879.5686680060995,
   895.0471277962106,
   2.8304112449
  ],
  [
   129.54338675543204,
   419.6083895780143,
   0.0028384385517
  ],
  [
   581.1615308730894,
   675.0556189109441,
   1.13380222403
  ],
  [
   359.37578370969914,
   857.3508048354599,
   0.95371608627
  ],
  [
   868.4792608084272,
   799.0130304658782,
   2.67212038781
  ],
  [
   677.9688983329343,
   248.46438558934005,
   2.06271781485
  ],
  [
   585.9705153235491,
   124.38657383550452,
   0.332331354337
  ],
  [
   896.5159586193263,
   356.8407477862373,
   2.24341821987
  ],
  [
   937.710139464324,
   497.20115355481425,
   1.54764067369
  ],
  [
   712.96344872095,
   858.9720141462092,
   1.59611330178
  ],
  [
   899.7593785430165,
   100.61234740560191,
   0.650780891867
  ],
  [
   456.47712909421347,
   802.5535497432238,
   0.739165082671
  ],
  [
   513.2502406591196,
   274.99581853609294,
   2.43571452708
  ]
 ]
}