{
 "Object_Length": 200.0,
 "Object_Shape": "cuboid",
 "Object_Width": 60.0,
 "Workspace_Density": 0.3,
 "Workspace_Height": 1000,
 "Workspace_Width": 1000,
 "number_of_objects": 25,
 "point_list": [
  [
   835.404432395447,
   319.42677492783474,
   2.46639617911
  ],
  [
   412.60274360942446,
   413.9949050338231,
   3.12848507157
  ],
  [
   340.7195934175017,
   503.53801937034916,
   0.272717032418
  ],
  [
   711.2113191148965,
   866.9491563020921,
   3.04847016205
  ],
  [
   123.40715435324768,
   338.705444054093,
   1.49506987627
  ],
  [
   219.92290893161538,
   713.6712279407611,
   1.02169984957
  ],
  [
   780.684454635694,
   630.0876702808868,
   0.0579593603288
  ],
  [
   682.7844525650517,
   531.510534015744,
   2.57330925234
  ],
  [
   692.7200567936078,
   731.117610786364,
   0.316071043642
  ],
  [
   535.9056514541589,
   206.11838533864145,
   0.484326660874
  ],
  [
   307.6401137683331,
   896.4783902169203,
   3.07764578295
  ],
  [
   845.5372992179167,
   138.73054967573586,
   3.06907780351
  ],
  [
   377.38999595342796,
   693.3485301368953,
   1.74014537262
  ],
  [
   160.8148025321072,
   150.80253834969704,
   2.98368218596
  ],
  [
   626.6159243797596,
   404.0738874117269,
   2.98533054653
  ],
  [
   939.3239671700567,
   590.7393613682393,
   1.7063304526
  ],
  [
   243.20364705518665,
   213.00214615912387,
   2.84105041734
  ],
  [
   107.06370901436583,
   507.83600352527003,
   0.638173812441
  ],
  [
   895.2263914702698,
   448.8135255906169,
   2.66300564184
  ],
  [
   148.46067994167205,
   46.66533329820471,
   3.14058596255
  ],
  [
   878.3114046270592,
   889.4908920155251,
   1.5903881304
  ],
  [
   691.2410937618313,
   297.0311815278435,
   2.75307004005
  ],
  [
   488.8481608974196,
   551.6496417049718,
   1.66662014783
  ],
  [
   466.50118939650923,
   769.8274477151965,
   2.05018652986
  ],
  [
   590.5150783616145,
   108.6177335457209,
   0.380797022622
  ]
 ]
}