{
 "Object_Length": 200.0,
 "Object_Shape": "cuboid",
 "Object_Width": 60.0,
 "Workspace_Density": 0.3,
 "Workspace_Height": 1000,
 "Workspace_Width": 1000,
 "number_of_objects": 25,
 "point_list": [
  [
   392.29132117602467,
   862.8199353040989,
   2.71460383554
  ],
  [
   529.6688805275389,
   224.61197774683328,
   0.647426288617
  ],
  [
   254.96125517367676,
   480.9033314158055,
   2.63852981525
  ],
  [
   398.52788608748443,
   526.317110348616,
   2.22222737605
  ],
  [
   524.1418650000832,
   362.34525664915753,
   0.616899008935
  ],
  [
   902.474665786259,
   864.5191283334337,
   1.15157121198
  ],
  [
   261.2505312701054,
   704.7089967459708,
   1.39060757952
  ],
  [
   755.6859669961227,
   322.9154307576056,
   2.64998057712
  ],
  [
   171.59930146020395,
   220.4241747730282,
   1.83389100841
  ],
  [
   367.5890858159817,
   373.86835438657886,
   0.240494993427
  ],
  [
   776.4680158973167,
   886.8871145383403,
   1.06027243758
  ],
  [
   194.9981805820127,
   747.4685032662618,
   1.22198868182
  ],
  [
   443.20750754198156,
   718.7634225882881,
   2.4185817641
  ],
  [
   553.953608790444,
   940.0898993767327,
   0.0614220759378
  ],
  [
   660.0065689218684,
   53.69425789360742,
   0.0764207060154
  ],
  [
   42.29323418946961,
   854.525535780942,
   1.49899869542
  ],
  [
   694.7882559692442,
   884.1065822859626,
   1.0464233762
  ],
  [
   880.2016111493141,
   458.2286738026952,
   2.59508836997
  ],
  [
   847.3370319999666,
   678.1305089223213,
   0.606859414049
  ],
  [
   820.1499860418892,
   373.7201715202364,
   2.64249606981
  ],
  [
   727.4614821812336,
   737.2945675916112,
   3.07340971557
  ],
  [
   701.9734020145943,
   582.3473498614899,
   2.23488087411
  ],
  [
   343.6837823478624,
   162.36261435002692,
   1.69747881723
  ],
  [
   67.20582740322591,
   570.1668276455867,
   1.33606264538
  ],
  [
   895.4601124153204,
   539.7059447781916,
   2.57449848283
  ]
 ]
}