{
 "Object_Length": 200.0,
 "Object_Shape": "cuboid",
 "Object_Width": 60.0,
 "Workspace_Density": 0.3,
 "Workspace_Height": 1000,
 "Workspace_Width": 1000,
 "number_of_objects": 25,
 "point_list": [
  [
   450.09641109573846,
   241.9137260583039,
   2.95596272247
  ],
  [
   138.89160849761532,
   182.01314685605763,
   1.930905685
  ],
  [
   111.49502367854001,
   518.4082444970649,
   1.71882313879
  ],
  [
   411.85449617741364,
   104.96470148553838,
   1.67831226258
  ],
  [
   195.10428822409855,
   302.42910412705453,
   1.78582997747
  ],
  [
   824.358508924835,
   245.88610092287752,
   1.84796433974
  ],
  [
   511.2833549912117,
   602.9811904003143,
   2.00598599467
  ],
  [
   807.6470495946786,
   916.7373709627981,
   2.73108265891
  ],
  [
   257.64151783347563,
   719.794152704903,
   2.53335225237
  ],
  [
   353.142025190437,
   770.1695634169213,
   2.64025498072
  ],
  [
   610.9330491874161,
   683.560195570027,
   1.91893883095
  ],
  [
   717.2160756235423,
   842.2169021020705,
   2.57816462656
  ],
  [
   871.6887052670368,
   509.8269861643598,
   0.31191169759
  ],
  [
   726.4345777154032,
   549.3077655839037,
   1.55615062623
  ],
  [
   401.68001828574967,
   397.90960112439893,
   0.535967131633
  ],
  [
   874.8545423599244,
   645.5672164482694,
   2.56028024399
  ],
  [
   111.67693388239162,
   669.4971987691482,
   2.94340784969
  ],
  [
   920.3157863889337,
   822.8776033135252,
   1.2410289694
  ],
  [
   595.6154589812471,
   184.94657065748152,
   0.907130312426
  ],
  [
   287.72165734363193,
   533.4899655307636,
   0.917549817797
  ],
  [
   603.9747638072829,
   346.1830218898409,
   0.429937871924
  ],
  [
   366.9375819043943,
   957.3878321011919,
   3.01445930114
  ],
  [
   207.63723930983707,
   879.7945983934359,
   3.13930840518
  ],
  [
   796.3216922028248,
   73.12685769547576,
   3.10734063054
  ],
  [
   721.2165922393177,
   232.2181257083294,
   2.03845617107
  ]
 ]
}