{
 "Object_Length": 200.0,
 "Object_Shape": "cuboid",
 "Object_Width": 60.0,
 "Workspace_Density": 0.3,
 "Workspace_Height": 1000,
 "Workspace_Width": 1000,
 "number_of_objects": 25,
 "point_list": [
  [
   226.48355035540936,
   781.4265208135735,
   0.75587679714
  ],
  [
   427.50178191262063,
   656.0340545346149,
   1.33781125517
  ],
  [
   908.1881977448893,
   688.6226049675208,
   2.19761960353
  ],
  [
   882.0759925724597,
   96.7557258365847,
   0.221666298831
  ],
  [
   624.9215657206013,
   240.17616043636014,
   0.583162785528
  ],
  [
   470.6085721948926,
   213.4733055502586,
   1.57665308827
  ],
  [
   771.6166587920173,
   396.1810759360337,
   2.9918380917
  ],
  [
   322.5021856044012,
   202.62636656839712,
   2.12405741469
  ],
  [
   76.36537171494277,
   592.3570081991047,
   1.88402040261
  ],
  [
   902.7357287654406,
   520.297479183258,
   1.73167605965
  ],
  [
   928.8442504737569,
   277.1740665438117,
   1.24121545536
  ],
  [
   506.71217910973604,
   457.2956887435799,
   0.368480045215
  ],
  [
   401.92223176046616,
   888.034854757492,
   2.34258344946
  ],
  [
   675.2855855992153,
   914.0147228184553,
   0.0551150273968
  ],
  [
   108.7563408877667,
   109.04734414181084,
   2.57420626672
  ],
  [
   775.5512284227162,
   259.31757070421133,
   0.955051244991
  ],
  [
   297.10407605674516,
   363.1365459554754,
   2.34728827871
  ],
  [
   301.7791734037854,
   518.7389438749198,
   2.00691366635
  ],
  [
   139.27977308470986,
   341.39599816181203,
   2.82190707416
  ],
  [
   660.6539886646344,
   719.4710710725657,
   2.16464387672
  ],
  [
   735.0476774421466,
   578.0204336599537,
   0.625606182814
  ],
  [
   138.43711802150182,
   877.0411726056273,
   0.966648498253
  ],
  [
   796.5479940790975,
   819.8858509816293,
   3.11659778557
  ],
  [
   324.6466834948443,
   772.4217301300275,
   0.796640719285
  ],
  [
   610.5658660972624,
   96.59167440968365,
   0.773321935062
  ]
 ]
}