{
 "Object_Radius": 44.60310290381928,
 "Object_Shape": "disc",
 "Workspace_Density": 0.5,
 "Workspace_Height": 1000,
 "Workspace_Width": 1000,
 "number_of_objects": 80,
 "point_list": [
  [
   954.6127718055868,
   446.9150812623334
  ],
  [
   47.38722701997205,
   582.9178615749813
  ],
  [
   729.6759011794131,
   627.3533705614426
  ],
  [
   300.44627817059177,
   665.6118491697315
  ],
  [
   599.7050894149811,
   954.5638897823342
  ],
  [
   278.74757697676694,
   330.9746068903281
  ],
  [
   191.9629582615287,
   938.8883262236919
  ],
  [
   312.38270941346843,
   554.2559244127842
  ],
  [
   845.9112062096989,
   559.6657898277225
  ],
  [
   954.612756252272,
   349.51776392636964
  ],
  [
   47.38722701997205,
   675.7672293843657
  ],
  [
   412.2912218265973,
   490.32933196516547
  ],
  [
   441.4297383605324,
   139.25084139987456
  ],
  [
   849.4262551952826,
   47.38722701997205
  ],
  [
   861.0514756958895,
   764.4645720463886
  ],
  [
   198.61000624292046,
   48.549527120934634
  ],
  [
   188.86920459866107,
   307.74877517624486
  ],
  [
   535.88526262354,
   653.0369431485432
  ],
  [
   433.6272636839591,
   874.4156141716023
  ],
  [
   381.1012363702216,
   954.6121241902063
  ],
  [
   789.7397459321445,
   423.0318206736621
  ],
  [
   215.64227510120602,
   523.1133104162963
  ],
  [
   690.5692580013874,
   714.6569620206602
  ],
  [
   627.3182941448993,
   171.81271992010733
  ],
  [
   617.4273932254954,
   529.481793332916
  ],
  [
   140.67370141244166,
   857.3675941484149
  ],
  [
   845.2020109927203,
   341.33885441192325
  ],
  [
   949.2940489994696,
   836.0320664086464
  ],
  [
   221.33253324732019,
   616.4779361632704
  ],
  [
   458.7305267247761,
   398.46980476321926
  ],
  [
   365.21476732969757,
   389.0524231324569
  ],
  [
   213.41069283302411,
   174.80208160260588
  ],
  [
   47.38722701997205,
   490.1429420016783
  ],
  [
   954.5558775044085,
   742.6871511636851
  ],
  [
   47.38722701997205,
   350.8550100298281
  ],
  [
   740.6841712243474,
   262.02985365460404
  ],
  [
   878.8457816799045,
   237.44975052862682
  ],
  [
   215.4963093725034,
   430.0031899276394
  ],
  [
   953.6715636793326,
   47.38722701997205
  ],
  [
   555.4794300144765,
   746.0612814601749
  ],
  [
   702.670243378006,
   859.5008527704888
  ],
  [
   610.2354188465639,
   263.9901505764428
  ],
  [
   140.79418140940678,
   758.754863935373
  ],
  [
   615.7619652737882,
   400.48064659737605
  ],
  [
   954.4283710008865,
   546.8622718554979
  ],
  [
   784.1511661510316,
   903.8627091784032
  ],
  [
   416.98567200568135,
   295.8022618436308
  ],
  [
   861.8142260326943,
   954.6127729800279
  ],
  [
   630.5612153733791,
   631.4287263186052
  ],
  [
   954.5736500976539,
   640.5674227680494
  ],
  [
   692.5269806958685,
   954.607244585692
  ],
  [
   447.5599018188476,
   684.3438496670094
  ],
  [
   52.21950721190081,
   186.03920402828786
  ],
  [
   96.32772507394024,
   271.3214834496185
  ],
  [
   503.3443456596573,
   941.4493673284219
  ],
  [
   527.4089070724808,
   335.4150820516415
  ],
  [
   858.0758931505535,
   659.27014324429
  ],
  [
   528.0088309330145,
   482.33771628774355
  ],
  [
   47.38722701997205,
   954.6127729800279
  ],
  [
   495.26534279951807,
   569.1763667373841
  ],
  [
   317.4384136579368,
   759.6246473660832
  ],
  [
   560.63300560296,
   47.38722701997205
  ],
  [
   129.55816413914366,
   632.0870266769161
  ],
  [
   381.04711979425986,
   619.4257055856212
  ],
  [
   759.3992246453394,
   783.5385439272465
  ],
  [
   351.98684643820974,
   215.62213786528648
  ],
  [
   225.49809493237458,
   720.9085119827268
  ],
  [
   309.70000862925673,
   100.17791982627575
  ],
  [
   638.8376967353255,
   792.1415299670065
  ],
  [
   330.8162924346914,
   852.3726352110023
  ],
  [
   47.38722701997205,
   861.5034257493303
  ],
  [
   753.4922971753259,
   47.38722701997205
  ],
  [
   519.8535748147799,
   192.21726478376314
  ],
  [
   954.6126738131428,
   954.6127729737433
  ],
  [
   228.44676883647358,
   818.4990520139357
  ],
  [
   304.73549386553617,
   459.4042788704591
  ],
  [
   47.38722701997205,
   768.6583820138037
  ],
  [
   285.3077299133294,
   954.6126730857895
  ],
  [
   692.7715002620124,
   452.26497094580714
  ],
  [
   133.3088968181528,
   386.3555758331673
  ]
 ]
}