{
 "Object_Radius": 44.60310290381928,
 "Object_Shape": "disc",
 "Workspace_Density": 0.5,
 "Workspace_Height": 1000,
 "Workspace_Width": 1000,
 "number_of_objects": 80,
 "point_list": [
  [
   763.8747107475078,
   47.38722701997205
  ],
  [
   727.3634579042172,
   859.9070775415867
  ],
  [
   621.4156113956883,
   760.0613967809304
  ],
  [
   125.24466840037903,
   782.5056934680466
  ],
  [
   439.15827223718026,
   846.8040345818479
  ],
  [
   180.23138603682324,
   536.8521180759097
  ],
  [
   869.4834038183637,
   900.777708681531
  ],
  [
   679.6247172181444,
   146.75773660589545
  ],
  [
   778.0854368084098,
   156.7415871641366
  ],
  [
   207.34234742091797,
   258.43535925578124
  ],
  [
   476.5350231396243,
   515.049667065022
  ],
  [
   954.5362387848212,
   504.69936525855957
  ],
  [
   218.74736437185845,
   353.6479382816561
  ],
  [
   534.2437954707616,
   803.592146301549
  ],
  [
   322.77035578626095,
   205.51489290009243
  ],
  [
   47.38722701997205,
   47.38722701997205
  ],
  [
   606.4070660824053,
   300.4366293361124
  ],
  [
   233.00782783872262,
   954.6127729759182
  ],
  [
   299.1034509682191,
   523.8966587645708
  ],
  [
   47.38722701997205,
   954.6127729759182
  ],
  [
   695.3882016181004,
   257.34894952497876
  ],
  [
   459.2138117894388,
   47.38722701997205
  ],
  [
   764.0471563791242,
   679.0764334839839
  ],
  [
   220.37483647193912,
   140.4821702466731
  ],
  [
   884.0705771448003,
   201.73548826315363
  ],
  [
   508.57623814068404,
   618.7062647451365
  ],
  [
   798.2032270071787,
   250.67719766181813
  ],
  [
   511.51724113530986,
   954.6127729800279
  ],
  [
   165.80779358849946,
   47.38722701997205
  ],
  [
   499.2146772008752,
   230.50246506496768
  ],
  [
   954.3114825248591,
   265.2318377282967
  ],
  [
   400.6244898644403,
   627.8339564614174
  ],
  [
   697.0696948681351,
   954.6127729759182
  ],
  [
   47.38722701997205,
   344.2084606686071
  ],
  [
   262.4512993951447,
   47.38722701997205
  ],
  [
   370.41019744174025,
   360.3721090910434
  ],
  [
   331.9103466559042,
   849.0650842166115
  ],
  [
   357.74830213905955,
   47.38722701997205
  ],
  [
   130.46330984409366,
   393.2921976771652
  ],
  [
   856.79176070778,
   47.38722701997205
  ],
  [
   526.8713269197592,
   138.4039330300397
  ],
  [
   954.6127729759384,
   47.38722701997205
  ],
  [
   599.1094000179564,
   198.07661439076665
  ],
  [
   47.38722701997205,
   668.8388590718578
  ],
  [
   864.8022600208074,
   693.4228382563905
  ],
  [
   312.8735672627115,
   690.5149692462951
  ],
  [
   100.79908280034141,
   486.0136698798018
  ],
  [
   112.74618962926822,
   275.87199512270706
  ],
  [
   953.6910139527416,
   771.7828651977583
  ],
  [
   47.38722701997205,
   565.5346621647624
  ],
  [
   549.3312850961769,
   381.8177957391282
  ],
  [
   618.6564577688678,
   854.4070600887037
  ],
  [
   47.38722701997205,
   144.03823999688976
  ],
  [
   224.3613626834223,
   449.2336251062411
  ],
  [
   567.2499394648148,
   47.38722701997205
  ],
  [
   403.0191696882287,
   271.8181738090303
  ],
  [
   895.3664662580594,
   393.0046901232643
  ],
  [
   954.6127729720363,
   954.6127729720363
  ],
  [
   838.4661132965796,
   800.2950410156478
  ],
  [
   219.91936652037393,
   621.885279626009
  ],
  [
   869.7801514459061,
   554.8579857530297
  ],
  [
   407.6915298832864,
   158.65355015863383
  ],
  [
   150.103148281549,
   689.1905880852951
  ],
  [
   718.2957568936608,
   764.9213607904803
  ],
  [
   670.7785374303068,
   47.38722701997205
  ],
  [
   298.40563863838975,
   298.3859946843775
  ],
  [
   418.7424786498812,
   954.6127729780749
  ],
  [
   783.3465211913203,
   348.52701372514923
  ],
  [
   325.9662458419059,
   954.6127729780749
  ],
  [
   132.77841713892116,
   182.52538751531756
  ],
  [
   470.25126788476564,
   720.6151477061771
  ],
  [
   684.940893966181,
   362.87507415512187
  ],
  [
   789.864719964242,
   954.6127729759182
  ],
  [
   202.95056517432042,
   848.1208527920644
  ],
  [
   370.7997249208242,
   454.8276292823441
  ],
  [
   140.20648404458632,
   954.6127729759182
  ],
  [
   731.5536461107229,
   589.8922103306028
  ],
  [
   942.1206453171305,
   637.454273201073
  ],
  [
   668.0640345082589,
   521.5497213823755
  ],
  [
   604.2916858367195,
   954.6127729800279
  ]
 ]
}