{
 "Object_Radius": 44.60310290381928,
 "Object_Shape": "disc",
 "Workspace_Density": 0.5,
 "Workspace_Height": 1000,
 "Workspace_Width": 1000,
 "number_of_objects": 80,
 "point_list": [
  [
   954.6127729769668,
   954.61276994972
  ],
  [
   781.0745169096323,
   773.4439551212151
  ],
  [
   131.88752287087405,
   138.50809442823734
  ],
  [
   385.2144501490541,
   239.42184942465076
  ],
  [
   854.6773160989824,
   954.6127729733703
  ],
  [
   418.5514541235379,
   694.252842931713
  ],
  [
   674.3896631052316,
   814.3508569950363
  ],
  [
   344.61643789052533,
   55.85650919161854
  ],
  [
   292.70827056154786,
   538.0097087717456
  ],
  [
   587.434355216916,
   850.2968591345485
  ],
  [
   665.3073221345112,
   128.4687628005466
  ],
  [
   354.8486226333001,
   954.60994786709
  ],
  [
   866.5508429495163,
   602.4423630598866
  ],
  [
   553.5021116258931,
   609.9735892263152
  ],
  [
   602.2340542271987,
   423.1993194142553
  ],
  [
   315.52554483804124,
   671.9194785830366
  ],
  [
   746.2241892752899,
   954.612772976648
  ],
  [
   444.754922339404,
   409.4285341662688
  ],
  [
   47.38722701997205,
   430.83779306295503
  ],
  [
   664.8051433637926,
   906.8020414599058
  ],
  [
   685.5967190506959,
   549.9295549988021
  ],
  [
   888.65568192748,
   491.9709041137774
  ],
  [
   683.6604388589634,
   373.987738137468
  ],
  [
   139.03290972241027,
   819.506278680654
  ],
  [
   849.5664741809927,
   855.6096280546376
  ],
  [
   215.7149921879636,
   712.9668246919044
  ],
  [
   650.6675559546783,
   636.2622972595458
  ],
  [
   386.2686917129923,
   483.1349951632112
  ],
  [
   954.6127729733703,
   153.16310157004654
  ],
  [
   724.3996507008835,
   464.3591978642342
  ],
  [
   323.7073721016909,
   766.419783839471
  ],
  [
   184.54650581258352,
   901.8408762459322
  ],
  [
   765.7461001856091,
   309.0026110758567
  ],
  [
   385.238080054557,
   334.6559083644731
  ],
  [
   954.6127691505629,
   571.0138109530009
  ],
  [
   849.8685426419754,
   174.51592835257054
  ],
  [
   477.30060701122915,
   263.3648315945992
  ],
  [
   887.1171085977484,
   757.6808321421668
  ],
  [
   813.132654500675,
   686.3698521038855
  ],
  [
   544.0902704287698,
   327.9551054645337
  ],
  [
   954.6127728618768,
   305.35234254415377
  ],
  [
   954.6127729733703,
   414.88684272670656
  ],
  [
   95.69909171333194,
   537.4850099017756
  ],
  [
   478.04329353979426,
   519.0067560319163
  ],
  [
   954.6127728618768,
   47.38722701997205
  ],
  [
   945.9181702944609,
   852.5631433377123
  ],
  [
   593.8635081183176,
   712.277933255169
  ],
  [
   80.45684344087768,
   335.2745054770708
  ],
  [
   258.83502823277877,
   838.7647181669918
  ],
  [
   489.1548414270938,
   954.6127728518471
  ],
  [
   411.8753772641934,
   795.9227589670163
  ],
  [
   753.8990865405871,
   862.1562008551215
  ],
  [
   448.5749524731648,
   166.75043911188547
  ],
  [
   47.38722701997205,
   195.70111115835542
  ],
  [
   146.30639505420308,
   266.86416428142934
  ],
  [
   450.62516074282087,
   47.38722701997205
  ],
  [
   763.489524424565,
   47.38722701997205
  ],
  [
   573.8078242577691,
   516.6127406146487
  ],
  [
   307.8947968660007,
   392.75417973839865
  ],
  [
   786.816489222033,
   537.2416771046406
  ],
  [
   420.2462552942291,
   888.6352876108768
  ],
  [
   214.9355522906337,
   87.75483159493811
  ],
  [
   584.6140154526579,
   954.6127640439523
  ],
  [
   299.0323667854231,
   199.03085855659526
  ],
  [
   261.7626186494554,
   954.6112588130783
  ],
  [
   859.2751965041662,
   78.47293337996537
  ],
  [
   560.9598076485171,
   163.36977378827464
  ],
  [
   932.2553288202273,
   676.6066508195428
  ],
  [
   503.7585126832696,
   809.579942593299
  ],
  [
   852.4593784516915,
   398.0638473679192
  ],
  [
   713.2951610454605,
   709.5328638593263
  ],
  [
   47.38722701997205,
   798.3703552105602
  ],
  [
   637.0641643743089,
   277.72163065807126
  ],
  [
   374.85790760536116,
   594.2371724515649
  ],
  [
   89.92495243204495,
   954.6127728618768
  ],
  [
   47.38722701997205,
   705.440687810084
  ],
  [
   123.8153324827715,
   636.6951412957653
  ],
  [
   205.91093144193107,
   194.61829199802986
  ],
  [
   746.8402626173443,
   621.439990638722
  ],
  [
   160.6663680252436,
   414.077581365796
  ]
 ]
}