{
 "Object_Radius": 44.60310290381928,
 "Object_Shape": "disc",
 "Workspace_Density": 0.5,
 "Workspace_Height": 1000,
 "Workspace_Width": 1000,
 "number_of_objects": 80,
 "point_list": [
  [
   669.6750418830873,
   710.4196742339966
  ],
  [
   860.8740283832939,
   954.5957268103328
  ],
  [
   606.1166139656053,
   433.88241148144215
  ],
  [
   916.6713235570882,
   218.21544129925527
  ],
  [
   778.0344826284023,
   606.5185051351494
  ],
  [
   47.38722701997205,
   758.2773941277964
  ],
  [
   253.06985551552393,
   318.11725941048803
  ],
  [
   511.02634498422617,
   620.2284507589146
  ],
  [
   812.5837822430424,
   423.7764518901178
  ],
  [
   842.3283434242744,
   863.4226118430615
  ],
  [
   685.8178930664737,
   618.8588632208287
  ],
  [
   801.0142398043083,
   516.5876327345713
  ],
  [
   160.85516858065085,
   750.2614363624439
  ],
  [
   954.6123321528956,
   574.0368293898598
  ],
  [
   558.9211504637749,
   782.7515288779828
  ],
  [
   515.4744886753588,
   454.1650091305889
  ],
  [
   756.677104055444,
   763.3185274768526
  ],
  [
   236.37409038358805,
   460.9879580056108
  ],
  [
   954.6105272550118,
   858.8083633922307
  ],
  [
   437.5135381288315,
   810.0534151785891
  ],
  [
   47.38722701997205,
   664.5149774601839
  ],
  [
   954.6127729662857,
   434.1168985182105
  ],
  [
   660.0690169030463,
   802.6958716684613
  ],
  [
   682.2071895159378,
   216.95181867326892
  ],
  [
   168.21614330105976,
   524.7497919385459
  ],
  [
   595.0752871746213,
   868.8998292469572
  ],
  [
   423.08775570522135,
   405.2570098878795
  ],
  [
   851.8834404269764,
   47.38722701997205
  ],
  [
   344.55739145203546,
   335.79758844246805
  ],
  [
   330.96780547207356,
   864.9513924899655
  ],
  [
   860.6078234683807,
   772.4659901978364
  ],
  [
   672.6580643438161,
   954.5908576472259
  ],
  [
   574.4706572744592,
   547.7174036502834
  ],
  [
   783.5435899611055,
   129.83822568284384
  ],
  [
   231.0932083952863,
   47.38722701997205
  ],
  [
   540.7929219348672,
   206.00083120339755
  ],
  [
   659.013181218293,
   313.48558960248124
  ],
  [
   47.38722701997205,
   852.5037928418595
  ],
  [
   47.38722701997205,
   80.70178327147732
  ],
  [
   324.89388874935787,
   47.38722701997205
  ],
  [
   857.1153107403618,
   327.76761749943677
  ],
  [
   47.38722701997205,
   526.289313099004
  ],
  [
   135.5281570860213,
   47.38722701997205
  ],
  [
   335.4175769827904,
   443.2866340852818
  ],
  [
   421.8550085565228,
   664.8804303602715
  ],
  [
   401.128359480167,
   146.24932091651286
  ],
  [
   872.4367973077474,
   617.1501966179153
  ],
  [
   156.76928674890996,
   356.1134367728778
  ],
  [
   765.433268907588,
   954.612772978318
  ],
  [
   566.7172862344181,
   47.38722701997205
  ],
  [
   47.38722701997205,
   954.0858283071103
  ],
  [
   754.4333946993912,
   298.64251789982717
  ],
  [
   559.5651522189585,
   954.6126617356391
  ],
  [
   954.5505095867721,
   954.5925634832645
  ],
  [
   179.18892137957113,
   143.57688163808118
  ],
  [
   815.4396698853641,
   691.4181592210201
  ],
  [
   101.4617111375511,
   442.62798027556425
  ],
  [
   694.6252793541477,
   520.6988200405918
  ],
  [
   273.3138051998824,
   660.523942481522
  ],
  [
   47.38722701997205,
   180.6552366228648
  ],
  [
   223.81264605105852,
   922.7620766819902
  ],
  [
   230.77651702325403,
   220.79580852481078
  ],
  [
   954.6124958326469,
   669.4320004824091
  ],
  [
   125.6813177313135,
   612.1598948811018
  ],
  [
   147.71018770508223,
   860.2367379985192
  ],
  [
   305.22823142262877,
   155.28739322809201
  ],
  [
   954.5818063899814,
   763.1706180245696
  ],
  [
   499.84524294981105,
   883.5601442818969
  ],
  [
   566.2551904434815,
   347.15645557579535
  ],
  [
   427.62311548289927,
   47.38722701997205
  ],
  [
   497.0235736830355,
   117.14402431213094
  ],
  [
   724.8689984057929,
   869.1484210260728
  ],
  [
   436.1673968436023,
   951.5178719174114
  ],
  [
   581.3914874300582,
   680.7348641844196
  ],
  [
   377.06387151381415,
   243.15859400233592
  ],
  [
   609.6939530462711,
   142.71041560559703
  ],
  [
   704.2122963319706,
   414.4003134061614
  ],
  [
   47.38722701997205,
   281.2619849724476
  ],
  [
   130.99113118148148,
   234.66263819044548
  ],
  [
   671.396934807718,
   47.38722701997205
  ]
 ]
}