{
 "Object_Radius": 44.60310290381928,
 "Object_Shape": "disc",
 "Workspace_Density": 0.5,
 "Workspace_Height": 1000,
 "Workspace_Width": 1000,
 "number_of_objects": 80,
 "point_list": [
  [
   489.39992167145937,
   954.6127727273093
  ],
  [
   556.8608735986593,
   522.574555185582
  ],
  [
   453.94683012732696,
   284.79208930833715
  ],
  [
   47.38722701997205,
   575.3298736344303
  ],
  [
   708.2176539459585,
   47.38722701997205
  ],
  [
   936.2456497628675,
   452.3775605734524
  ],
  [
   423.998576992865,
   47.38722701997205
  ],
  [
   613.04008110395,
   47.38722701997205
  ],
  [
   47.38722701997205,
   314.07406578518425
  ],
  [
   276.93563065445903,
   587.913724130389
  ],
  [
   384.37082561022424,
   780.8660128409974
  ],
  [
   489.5351476192471,
   654.951819423129
  ],
  [
   358.79279150093464,
   312.2887179151754
  ],
  [
   771.2245757829393,
   224.12699127959942
  ],
  [
   140.13698959750914,
   47.38722701997205
  ],
  [
   438.5917711222354,
   876.6919935085095
  ],
  [
   767.7340489338937,
   954.6127729776855
  ],
  [
   145.26109074807434,
   443.71968562949974
  ],
  [
   47.38722701997205,
   49.73707095015831
  ],
  [
   769.5029583234793,
   320.8908237618217
  ],
  [
   614.5634492332512,
   858.6957317010664
  ],
  [
   346.3448299028821,
   696.2424822394922
  ],
  [
   861.37102616523,
   47.38722701997205
  ],
  [
   954.6127669117667,
   331.5605188017436
  ],
  [
   954.4811378578523,
   787.2478939145084
  ],
  [
   595.6968219074186,
   154.58698257944178
  ],
  [
   954.6127571313775,
   686.4255038614385
  ],
  [
   727.1192634795092,
   457.93899099033655
  ],
  [
   90.83054857820709,
   913.8153285132187
  ],
  [
   530.267808772666,
   226.32913423324737
  ],
  [
   162.4713040467821,
   635.1476422587583
  ],
  [
   541.4416209036195,
   430.0119162111608
  ],
  [
   473.194620770348,
   751.6940448665116
  ],
  [
   709.8929598132537,
   737.4045849470389
  ],
  [
   47.38722701997205,
   210.21305640507896
  ],
  [
   231.2059796728736,
   766.5808551859553
  ],
  [
   267.916618507348,
   280.22091002115155
  ],
  [
   348.9362053848024,
   900.567479232568
  ],
  [
   687.495576701999,
   182.76242179259606
  ],
  [
   865.6573563207239,
   296.74208967798353
  ],
  [
   270.1131545931852,
   184.5394939308252
  ],
  [
   523.0692151907692,
   833.94876146927
  ],
  [
   47.38722701997205,
   432.4192368858558
  ],
  [
   394.7519840307482,
   523.2970994670737
  ],
  [
   441.7602521202197,
   140.54036556579302
  ],
  [
   861.0804652553128,
   954.612772975625
  ],
  [
   397.8407800169051,
   619.0721150447877
  ],
  [
   95.96454328044857,
   130.41569230402567
  ],
  [
   588.9911931843204,
   738.8213439350541
  ],
  [
   272.58179004189634,
   954.6127729763061
  ],
  [
   297.2436957490548,
   392.48490510715396
  ],
  [
   668.8412518357943,
   539.3393711331667
  ],
  [
   954.5854697980478,
   55.57426548644619
  ],
  [
   913.0052016662171,
   144.36531348241047
  ],
  [
   707.6902342259375,
   838.2149354093011
  ],
  [
   954.6127718889388,
   954.612772975625
  ],
  [
   576.6466740306298,
   617.7662603722608
  ],
  [
   47.38722701997205,
   824.1275270011553
  ],
  [
   172.91110031184144,
   195.1248704952628
  ],
  [
   954.3755324754752,
   234.67606214400809
  ],
  [
   859.1370900311714,
   726.1301570570356
  ],
  [
   179.8048422149242,
   954.6127729763061
  ],
  [
   521.6856278342003,
   86.90431422147583
  ],
  [
   582.1766203437568,
   954.6127729761871
  ],
  [
   83.95140312706728,
   703.1568118069914
  ],
  [
   133.84610536294855,
   536.1688749325712
  ],
  [
   779.7019248615477,
   126.51674712817488
  ],
  [
   589.1573778796032,
   348.84008277156755
  ],
  [
   329.6950526841055,
   47.38722701997205
  ],
  [
   674.9596033077044,
   954.6127729760334
  ],
  [
   379.09769254761835,
   215.98391149526384
  ],
  [
   384.1282854789174,
   427.55017408823585
  ],
  [
   624.2505446743331,
   260.792359697126
  ],
  [
   464.9208089435829,
   377.5233110013102
  ],
  [
   227.4162348652705,
   89.3105771209871
  ],
  [
   954.6022666168113,
   591.2750987094266
  ],
  [
   845.4889410875037,
   612.5720382971798
  ],
  [
   167.64214128575716,
   287.78902678158187
  ],
  [
   155.42768307598217,
   821.9543437829677
  ],
  [
   251.87794647659635,
   495.0088424456629
  ]
 ]
}