{
 "Object_Radius": 29.134624815788776,
 "Object_Shape": "disc",
 "Workspace_Density": 0.4,
 "Workspace_Height": 1000,
 "Workspace_Width": 1000,
 "number_of_objects": 150,
 "point_list": [
  [
   968.9519127026324,
   825.5853315770551
  ],
  [
   605.4201455387746,
   395.9073431021943
  ],
  [
   253.3653112791674,
   209.73302935955363
  ],
  [
   339.9396309034932,
   724.3361368912446
  ],
  [
   968.9519127026324,
   33.04808729736766
  ],
  [
   968.9519127026324,
   314.649553560082
  ],
  [
   310.98008835167514,
   562.8994437493261
  ],
  [
   407.73750470409817,
   735.1468330101168
  ],
  [
   781.3910266556095,
   399.14842954291237
  ],
  [
   394.2856596456614,
   903.7975502341359
  ],
  [
   373.6126085002944,
   232.6176628988216
  ],
  [
   678.4901000174103,
   767.2804016525378
  ],
  [
   424.83895182961226,
   968.9519127026324
  ],
  [
   904.1492201503193,
   968.9519127026324
  ],
  [
   200.3256627181443,
   358.6242835813648
  ],
  [
   33.04808729736766,
   538.9949386431005
  ],
  [
   404.71333764228956,
   831.417516176166
  ],
  [
   33.04808729736766,
   806.8549024306844
  ],
  [
   799.5365496328556,
   298.0311214926981
  ],
  [
   368.87732704020175,
   142.5087052819935
  ],
  [
   458.0688848012178,
   589.5607434724088
  ],
  [
   650.9252397182202,
   968.9519127026324
  ],
  [
   267.2206837188476,
   343.6845132069463
  ],
  [
   305.16443410408607,
   418.16213336311273
  ],
  [
   194.43655594525111,
   950.8198221802636
  ],
  [
   968.9519127026324,
   590.1108324412314
  ],
  [
   369.1543844103826,
   301.10887689070984
  ],
  [
   429.25516986179633,
   480.3929164526873
  ],
  [
   668.0169153696222,
   835.150190111224
  ],
  [
   344.6242104880997,
   475.83341203718
  ],
  [
   861.7113684000273,
   33.04808729736766
  ],
  [
   450.4054877856664,
   153.4400026414205
  ],
  [
   479.5872659045708,
   522.3153808088042
  ],
  [
   575.1425712543969,
   275.638787947853
  ],
  [
   33.04808729736766,
   902.8426336595052
  ],
  [
   406.3042755860809,
   386.4872457551319
  ],
  [
   282.0958121582319,
   33.04808729736766
  ],
  [
   764.465028651872,
   968.9519127026324
  ],
  [
   968.9519127026324,
   968.9519127026324
  ],
  [
   402.22365105901207,
   669.6924008001448
  ],
  [
   134.678657804722,
   826.189784460467
  ],
  [
   842.547001968106,
   517.529497161715
  ],
  [
   252.3444635382902,
   532.1282836935882
  ],
  [
   746.849294883575,
   802.2660307461523
  ],
  [
   968.9519127026324,
   461.76293709901194
  ],
  [
   471.2668142554264,
   86.60400261700099
  ],
  [
   641.0123994437728,
   137.9649577662024
  ],
  [
   696.4849633333337,
   33.04808729736766
  ],
  [
   838.4838375931475,
   245.73004728172629
  ],
  [
   129.115964127783,
   491.7247657574476
  ],
  [
   639.3449762009856,
   73.39138732502528
  ],
  [
   896.7997592865264,
   842.1791289217324
  ],
  [
   241.2439845326732,
   426.6651712393134
  ],
  [
   902.3692681719211,
   479.7292736709591
  ],
  [
   968.9519127026324,
   180.99681591461663
  ],
  [
   556.3776313483304,
   148.15613044884827
  ],
  [
   486.9402647582944,
   674.7941522226654
  ],
  [
   87.49468658026801,
   440.31192573813223
  ],
  [
   182.53612735144927,
   130.32003088870002
  ],
  [
   951.5159995838052,
   399.6566638019092
  ],
  [
   304.25887928482297,
   153.2047468192902
  ],
  [
   373.60119643463634,
   598.5812631439763
  ],
  [
   778.5132305891759,
   745.6195682855126
  ],
  [
   33.04808729736766,
   388.23876400200976
  ],
  [
   726.4772541920994,
   641.268298825939
  ],
  [
   204.4789213313508,
   775.5169927390803
  ],
  [
   603.0878176010164,
   819.1443552318564
  ],
  [
   668.1842512994037,
   676.8105750215873
  ],
  [
   221.66288850363694,
   281.9289798600442
  ],
  [
   594.9487226433267,
   518.1949214078229
  ],
  [
   511.30058046780886,
   383.6992704295012
  ],
  [
   223.83353999916653,
   688.8370782401004
  ],
  [
   748.9545128846353,
   867.7623827713452
  ],
  [
   114.02030663181165,
   554.025683386962
  ],
  [
   705.6138575283306,
   467.67530787703924
  ],
  [
   818.5747524790573,
   182.25896905448374
  ],
  [
   793.3179292697293,
   670.9401868850576
  ],
  [
   615.6664077898301,
   908.2623086554788
  ],
  [
   724.8186078101863,
   706.825059511636
  ],
  [
   818.1904567363173,
   843.2898548493357
  ],
  [
   512.0304591184945,
   33.04808729736766
  ],
  [
   161.31868331895942,
   33.04808729736766
  ],
  [
   356.9834930615385,
   968.9519127026324
  ],
  [
   838.4294407895155,
   968.9519127026324
  ],
  [
   296.17540074305026,
   930.2831147752519
  ],
  [
   159.00787506415406,
   309.35778171512766
  ],
  [
   761.7465333782642,
   33.04808729736766
  ],
  [
   221.70724144066716,
   54.531603009127345
  ],
  [
   516.6200261530686,
   198.64999698563693
  ],
  [
   33.04808729736766,
   656.3261534211138
  ],
  [
   264.3807152153235,
   102.62789468701286
  ],
  [
   748.5010910877056,
   524.6364391554445
  ],
  [
   968.9519127026324,
   655.3980058439475
  ],
  [
   968.9519127026324,
   757.8134492759858
  ],
  [
   955.8910036467373,
   247.45482719987248
  ],
  [
   951.5330194782638,
   524.536228142192
  ],
  [
   840.6770378451524,
   355.7161713715043
  ],
  [
   968.9519127026324,
   113.59519964854321
  ],
  [
   739.4527621748603,
   242.5023866933187
  ],
  [
   318.6883834382868,
   663.1148651629426
  ],
  [
   835.9791353016075,
   780.971061506628
  ],
  [
   480.07088104352954,
   276.7192690282715
  ],
  [
   62.531483132552296,
   730.5590956621057
  ],
  [
   869.0345663724303,
   670.281506151977
  ],
  [
   33.04808729736766,
   104.03354721615455
  ],
  [
   279.6668714799534,
   765.3256662656896
  ],
  [
   98.34673777574939,
   332.0370689366491
  ],
  [
   337.73924072406584,
   358.39611085888106
  ],
  [
   563.3242266040113,
   339.94007861552114
  ],
  [
   684.7550748425567,
   913.6484463641127
  ],
  [
   33.04808729736766,
   33.04808729736766
  ],
  [
   492.2503757891564,
   968.9519127026324
  ],
  [
   186.49866850503395,
   462.77096842843935
  ],
  [
   103.74345317265383,
   146.0319189381973
  ],
  [
   464.89748331919736,
   765.8726569642198
  ],
  [
   110.9254942712804,
   968.9519127026324
  ],
  [
   458.6396146667312,
   342.3393700875117
  ],
  [
   97.21391883773099,
   33.04808729736766
  ],
  [
   767.6918557618101,
   100.83134723907193
  ],
  [
   95.65759171760183,
   211.93845520429352
  ],
  [
   697.9475754706563,
   577.5571167587683
  ],
  [
   865.7357393073836,
   900.3675245244879
  ],
  [
   795.7121760330784,
   911.6908784988716
  ],
  [
   305.572607620836,
   275.07871625008835
  ],
  [
   545.1746958216528,
   782.0790133940815
  ],
  [
   406.8409978483244,
   542.3239794205679
  ],
  [
   345.12294184534056,
   56.8115136789973
  ],
  [
   316.45941568393846,
   867.8093997894958
  ],
  [
   909.2198879923656,
   351.49538026339894
  ],
  [
   814.0965672755717,
   455.93820035008326
  ],
  [
   887.8828242916476,
   412.5398572274494
  ],
  [
   624.9491123472222,
   208.10317753869944
  ],
  [
   166.21126824711038,
   211.66703756313046
  ],
  [
   243.01443435162605,
   839.6693911844612
  ],
  [
   127.56424870729748,
   899.8661442683947
  ],
  [
   902.6701548325135,
   774.2053463750813
  ],
  [
   246.50365011530883,
   607.208766564757
  ],
  [
   190.56027501324442,
   886.0287309705678
  ],
  [
   402.75698508521486,
   87.88968599032658
  ],
  [
   926.0891329914222,
   707.304915361783
  ],
  [
   436.04364254230677,
   33.04808729736766
  ],
  [
   559.3776487190133,
   944.4628413901532
  ],
  [
   33.04808729736766,
   314.42915203505834
  ],
  [
   749.9367185836416,
   170.50829814260933
  ],
  [
   842.4263449904505,
   115.99389688778238
  ],
  [
   558.0520755963568,
   710.6130579875384
  ],
  [
   489.6004291403382,
   840.777398606335
  ],
  [
   968.9519127026324,
   893.0712932186295
  ],
  [
   33.04808729736766,
   243.50467881990537
  ],
  [
