{
 "Object_Radius": 29.134624815788776,
 "Object_Shape": "disc",
 "Workspace_Density": 0.4,
 "Workspace_Height": 1000,
 "Workspace_Width": 1000,
 "number_of_objects": 150,
 "point_list": [
  [
   887.7248165506543,
   230.02364543492337
  ],
  [
   472.27655564607323,
   92.68605442595
  ],
  [
   45.31263632288326,
   199.9910459214417
  ],
  [
   291.69388551420843,
   787.5850198998088
  ],
  [
   508.77972600774154,
   863.6951624773776
  ],
  [
   180.33408827611794,
   342.59996107129194
  ],
  [
   464.5139095043629,
   919.3532336399585
  ],
  [
   339.4825066404621,
   579.2563550672891
  ],
  [
   812.720603949641,
   864.3393614376995
  ],
  [
   968.9519127026324,
   751.4370668939889
  ],
  [
   391.87351653308815,
   731.5774750374982
  ],
  [
   443.05060019325987,
   854.4168926197948
  ],
  [
   418.47405090588336,
   365.22819426703455
  ],
  [
   479.07677660390647,
   156.5017062214488
  ],
  [
   222.93443970694742,
   529.3914563186436
  ],
  [
   667.7093784103903,
   733.0422832724372
  ],
  [
   158.29951224139649,
   796.9426987897019
  ],
  [
   97.9158884292506,
   488.9672810491572
  ],
  [
   35.297214688284065,
   613.7324058366692
  ],
  [
   618.5707145279334,
   95.39773998029274
  ],
  [
   355.5537337666934,
   465.4789963431356
  ],
  [
   381.34121294855606,
   910.9853424609769
  ],
  [
   705.0799216478638,
   544.6494724474048
  ],
  [
   87.96946503741684,
   96.52821341335178
  ],
  [
   968.9519127026324,
   441.60340694981653
  ],
  [
   243.46008205664603,
   732.978326003109
  ],
  [
   658.0891569435183,
   846.6978383607698
  ],
  [
   836.0654342417063,
   795.5717930441449
  ],
  [
   639.2641214740339,
   536.9784400995405
  ],
  [
   289.4537403051334,
   968.9519127026324
  ],
  [
   953.3580316907576,
   224.29342321452407
  ],
  [
   435.3974323607254,
   787.8809876903376
  ],
  [
   968.9519127026324,
   360.3666519708186
  ],
  [
   329.83246488180856,
   660.1520417617382
  ],
  [
   535.1394495278449,
   649.2918541950125
  ],
  [
   154.90137121438022,
   150.94826771502895
  ],
  [
   795.6395920953821,
   131.45089016779747
  ],
  [
   282.6422125150952,
   855.2227207810274
  ],
  [
   225.35756614866852,
   968.9519127026324
  ],
  [
   968.9519127026324,
   516.5047367632084
  ],
  [
   718.2495508094298,
   968.9519127026324
  ],
  [
   33.04808729736766,
   135.8502484151566
  ],
  [
   968.9519127026324,
   81.67008941303172
  ],
  [
   751.9656690550204,
   84.37708916594576
  ],
  [
   168.96487265978507,
   275.6336679920033
  ],
  [
   745.6136774146559,
   201.07500625907406
  ],
  [
   227.71335319769238,
   803.4776481406582
  ],
  [
   417.64816721166176,
   968.9519127026324
  ],
  [
   353.5499353193032,
   968.9519127026324
  ],
  [
   648.7732310437727,
   968.9519127026324
  ],
  [
   139.32041558917808,
   216.67474300517938
  ],
  [
   291.0687336013889,
   33.04808729736766
  ],
  [
   33.04808729736766,
   968.9519127026324
  ],
  [
   352.5814917991912,
   52.42902361451245
  ],
  [
   571.3823414374198,
   33.04808729736766
  ],
  [
   194.62126637964545,
   859.8740101402159
  ],
  [
   541.7549070031342,
   555.3124463462202
  ],
  [
   827.4469361693406,
   261.6357978611912
  ],
  [
   615.8515920442081,
   253.31715285136767
  ],
  [
   403.5514449055738,
   134.5361497169673
  ],
  [
   861.6145885187686,
   602.3164564611686
  ],
  [
   357.35723366481614,
   786.0094779079989
  ],
  [
   858.5512207008485,
   320.62528201914074
  ],
  [
   224.5696048942945,
   103.3239342770577
  ],
  [
   664.3344559484551,
   182.46002045120102
  ],
  [
   161.25247645068814,
   968.9519127026324
  ],
  [
   296.6663081390325,
   353.88606195022953
  ],
  [
   796.0331444627215,
   33.04808729736766
  ],
  [
   505.2548646956442,
   968.9519127026324
  ],
  [
   379.46688012714105,
   846.3182827878633
  ],
  [
   679.6685972621573,
   304.45745838956117
  ],
  [
   968.9519127026324,
   590.8725436283115
  ],
  [
   968.9519127026324,
   968.9519127026324
  ],
  [
   44.57069429841816,
   539.5435503839826
  ],
  [
   33.04808729736766,
   833.2567544040802
  ],
  [
   33.04808729736766,
   33.04808729736766
  ],
  [
   629.0100341273879,
   362.18379335136586
  ],
  [
   829.8463673956151,
   193.84585449448224
  ],
  [
   414.05279719100395,
   604.4387795325
  ],
  [
   908.8701447378714,
   547.5300209602858
  ],
  [
   588.3972140457399,
   415.2832439352195
  ],
  [
   425.017662148654,
   475.57086088775714
  ],
  [
   383.7567359480938,
   526.2316812301806
  ],
  [
   968.9519127026324,
   288.75854535073177
  ],
  [
   356.92734687723765,
   265.4038069353404
  ],
  [
   80.36085288113988,
   253.65967883555686
  ],
  [
   511.1283679998675,
   248.8404124770916
  ],
  [
   443.0161321301349,
   33.04808729736766
  ],
  [
   898.6359080106151,
   464.208526085931
  ],
  [
   33.04808729736766,
   470.0230077265814
  ],
  [
   33.04808729736766,
   704.269676980643
  ],
  [
   148.49713421487877,
   686.5613626719615
  ],
  [
   679.9079551269094,
   912.0177554905836
  ],
  [
   239.85411084322655,
   316.9909055113631
  ],
  [
   639.0904711572754,
   33.04808729736766
  ],
  [
   816.3379505078291,
   454.73785512781825
  ],
  [
   631.4444809498978,
   607.3313460540772
  ],
  [
   467.8327044910499,
   547.1050215610647
  ],
  [
   753.2424760085385,
   429.5184834221015
  ],
  [
   762.0247837371558,
   507.09768756495833
  ],
  [
   890.8149138876031,
   746.1545749324987
  ],
  [
   33.04808729736766,
   297.2312868908217
  ],
  [
   592.7942883726499,
   799.7667378693674
  ],
  [
   317.36324988623045,
   725.9414881583059
  ],
  [
   662.8132762774163,
   469.69339974942557
  ],
  [
   706.2310141695208,
   628.4859763013054
  ],
  [
   226.52399679735407,
   33.04808729736766
  ],
  [
   694.0975341253494,
   239.99991102420088
  ],
  [
   708.1070005975141,
   33.04808729736766
  ],
  [
   560.0788709624842,
   131.8321762207907
  ],
  [
   846.6028646686087,
   671.1746703616436
  ],
  [
   282.4827641521516,
   203.18591173840937
  ],
  [
   407.00976998386056,
   668.3422474298069
  ],
  [
   787.3343103573683,
   732.2967501507025
  ],
  [
   162.1417681369238,
   33.04808729736766
  ],
  [
   97.78666491148928,
   33.04808729736766
  ],
  [
   425.34787062034036,
   270.75382795660613
  ],
  [
   908.3952065572474,
   33.04808729736766
  ],
  [
   110.00906333552197,
   741.9469170865005
  ],
  [
   761.8818316956755,
   287.8528581358163
  ],
  [
   470.24916704630505,
   642.0145938054172
  ],
  [
   105.9790212605803,
   901.9829844774739
  ],
  [
   221.46356157959931,
   660.7435662615065
  ],
  [
   348.90097135939766,
   196.73181824481836
  ],
  [
   781.6246759447604,
   633.5782706619702
  ],
  [
   358.7203733988007,
   332.0935853615698
  ],
  [
   110.85278467151889,
   342.65805690734936
  ],
  [
   151.41849905486097,
   453.2108592453194
  ],
  [
   240.78192717226995,
   904.3546401124701
  ],
  [
   586.6451595588992,
   493.1426572624176
  ],
  [
   520.4839045024895,
   788.0354390598691
  ],
  [
   295.83004397520034,
   418.785547567397
  ],
  [
   97.14726156840247,
   968.9519127026324
  ],
  [
   784.2837590676047,
   365.3417856054966
  ],
  [
   575.9792589269807,
   321.8889706365966
  ],
  [
   277.81811273515086,
   614.6172449660254
  ],
  [
   33.04808729736766,
   897.4791129326895
  ],
  [
   968.9519127026324,
   663.5196278433367
  ],
  [
   893.636551312638,
   825.356042933344
  ],
  [
   968.9519127026324,
   899.6124991538566
  ],
  [
   91.70036741463541,
   805.5546498081002
  ],
  [
   232.3956635598529,
   246.96276990992743
  ],
  [
   825.8559742956817,
   522.71876322252
  ],
  [
   431.80031103685405,
   205.07925837833588
  ],
  [
   471.7691084472512,
   321.6854534137556
  ],
  [
   137.29765064973216,
   619.4851034481459
  ],
  [
   293.1872927422829,
   124.77511734775263
  ],
  [
   695.4836924591827,
   124.38484101188716
  ],
  [
   357.38555915292073,
   397.54229657881024
  ],
  [
