{
 "Object_Radius": 29.134624815788776,
 "Object_Shape": "disc",
 "Workspace_Density": 0.4,
 "Workspace_Height": 1000,
 "Workspace_Width": 1000,
 "number_of_objects": 150,
 "point_list": [
  [
   942.5158752070165,
   36.31449701306646
  ],
  [
   228.4649729457079,
   33.04808729736766
  ],
  [
   112.26370849254732,
   130.99070339456895
  ],
  [
   290.05925185804733,
   387.47808002915866
  ],
  [
   434.41141145351287,
   815.7862530613086
  ],
  [
   574.1130073300508,
   271.14179327921073
  ],
  [
   526.4354783084517,
   452.5459597988984
  ],
  [
   548.7368315065962,
   739.373730318415
  ],
  [
   218.79052597808288,
   345.35067990876075
  ],
  [
   425.2849689522586,
   352.1793340566413
  ],
  [
   249.84603162640877,
   275.1215977767634
  ],
  [
   485.06811252180614,
   327.7561586148239
  ],
  [
   873.3919667270205,
   633.1656925911445
  ],
  [
   943.1363064311382,
   453.8656156155949
  ],
  [
   185.23145802845664,
   289.86446195856354
  ],
  [
   191.55407142237488,
   225.7830407416738
  ],
  [
   33.04808729736766,
   579.3935482290979
  ],
  [
   748.0335409066965,
   670.4386592976662
  ],
  [
   937.5084415789445,
   620.6345525745412
  ],
  [
   567.8708668684859,
   968.9519127026324
  ],
  [
   578.4113280295715,
   505.7833862478275
  ],
  [
   38.1954645340483,
   711.2071347185528
  ],
  [
   412.63349865958526,
   755.2308207819992
  ],
  [
   502.878405752108,
   968.9519127026324
  ],
  [
   688.042773312422,
   932.9640506993541
  ],
  [
   382.8550358879847,
   304.04941612928985
  ],
  [
   64.93098860635789,
   268.5651759967821
  ],
  [
   231.52622758500272,
   173.52257840276846
  ],
  [
   105.31380731567387,
   392.9502347436241
  ],
  [
   85.2006695916222,
   460.24640569094834
  ],
  [
   239.4668110814566,
   968.9519127026324
  ],
  [
   311.4703391320693,
   469.3889423187246
  ],
  [
   968.9519127026324,
   933.0522890200008
  ],
  [
   197.2630763436795,
   407.9741444703908
  ],
  [
   936.2473281409892,
   859.6789852610013
  ],
  [
   226.54289621074193,
   501.4232629630418
  ],
  [
   613.3290469549449,
   730.7991646429052
  ],
  [
   33.04808729736766,
   501.07192275051057
  ],
  [
   499.03869150024775,
   392.79290911821744
  ],
  [
   342.4470226127256,
   684.287136015718
  ],
  [
   425.41557440224113,
   416.7902464219205
  ],
  [
   648.0962999328444,
   882.7910034815839
  ],
  [
   33.04808729736766,
   422.33476420912865
  ],
  [
   273.6681347802224,
   708.6360469129665
  ],
  [
   350.2267598081826,
   778.9143337504208
  ],
  [
   966.5348624400232,
   287.007961541105
  ],
  [
   939.1339484031321,
   100.3933820803186
  ],
  [
   770.5758297862187,
   465.1115471290378
  ],
  [
   710.9413205865844,
   722.8459585595351
  ],
  [
   761.275939564157,
   33.04808729736766
  ],
  [
   149.87517593831572,
   454.9203598578081
  ],
  [
   404.17023139917,
   127.20721036287999
  ],
  [
   128.14544981504585,
   246.6633669263913
  ],
  [
   233.89372168949512,
   866.4059309328333
  ],
  [
   313.1780129669339,
   130.0373662448362
  ],
  [
   538.9092347190139,
   584.4134217914941
  ],
  [
   350.3552543541575,
   33.04808729736766
  ],
  [
   652.1528984178166,
   671.4559650072216
  ],
  [
   497.69085980668586,
   789.0086298455174
  ],
  [
   294.5099953454952,
   906.8486555158644
  ],
  [
   862.1202849504995,
   104.28742303673273
  ],
  [
   414.44333107587806,
   216.9593385782842
  ],
  [
   847.8778202610431,
   881.976270672944
  ],
  [
   968.9519127026324,
   538.1288549020369
  ],
  [
   940.8326910910647,
   203.14047663195828
  ],
  [
   636.8172938784176,
   74.95443981278878
  ],
  [
   374.68604871990584,
   968.9519127026324
  ],
  [
   552.048819346632,
   674.2978856043574
  ],
  [
   33.04808729736766,
   48.742324744868405
  ],
  [
   744.7920725807079,
   147.8281163857873
  ],
  [
   740.9715333855395,
   816.4400742868323
  ],
  [
   33.04808729736766,
   123.23449480860978
  ],
  [
   537.57240554876,
   172.84905313573157
  ],
  [
   458.16051148631914,
   704.7768675840107
  ],
  [
   380.73857596654665,
   584.4704404036806
  ],
  [
   786.434452344212,
   93.63894622220884
  ],
  [
   892.9003790461628,
   254.89339498489142
  ],
  [
   721.1183807758998,
   403.5783007638403
  ],
  [
   524.3418161623072,
   883.6437117706466
  ],
  [
   677.4464247641089,
   782.192167774313
  ],
  [
   627.2695007983064,
   822.16926198642
  ],
  [
   950.534629244111,
   797.1735795763819
  ],
  [
   563.5478084089463,
   814.4872144352164
  ],
  [
   228.0456109493102,
   654.6037824214279
  ],
  [
   181.65716030855617,
   81.06867849112494
  ],
  [
   865.7488564202317,
   342.4907027204937
  ],
  [
   747.5332592839263,
   296.1575248967022
  ],
  [
   93.76356377621445,
   327.0373314809099
  ],
  [
   252.74210469383803,
   442.34410622888913
  ],
  [
   88.13566907629531,
   546.5818532044372
  ],
  [
   557.4693193029075,
   39.12381053249062
  ],
  [
   460.08140031133513,
   879.3772351198086
  ],
  [
   221.20951804216523,
   792.71074781209
  ],
  [
   364.3708256638788,
   386.3204028795939
  ],
  [
   265.0275150980748,
   575.7539162835235
  ],
  [
   438.78222716125185,
   968.9519127026324
  ],
  [
   968.9519127026324,
   392.03605728674194
  ],
  [
   873.1806373195105,
   444.71049535759676
  ],
  [
   387.9192400796859,
   902.9546327337642
  ],
  [
   33.04808729736766,
   211.23244844937662
  ],
  [
   33.04808729736766,
   826.695364843641
  ],
  [
   84.73985033320544,
   758.9681908829647
  ],
  [
   374.91008693735876,
   457.8117750766152
  ],
  [
   472.91253848626985,
   568.7389682316298
  ],
  [
   803.4054366818469,
   620.202144914394
  ],
  [
   688.2340455291775,
   509.642557488774
  ],
  [
   656.3306696674847,
   303.9686089078948
  ],
  [
   459.9372785784126,
   266.769904443165
  ],
  [
   601.7303566718884,
   625.9111494604266
  ],
  [
   245.0813627108968,
   99.275994806238
  ],
  [
   809.7645793178813,
   802.707498499812
  ],
  [
   819.1205136155048,
   410.1653588265885
  ],
  [
   633.0623363873265,
   968.9519127026324
  ],
  [
   905.939869201833,
   507.7754583036372
  ],
  [
   741.4292718825913,
   968.9519127026324
  ],
  [
   175.09914195041716,
   840.8561768585558
  ],
  [
   592.9518863682247,
   424.3195308619732
  ],
  [
   33.04808729736766,
   645.2072140400862
  ],
  [
   33.04808729736766,
   356.5835888204072
  ],
  [
   332.5054949036159,
   260.85729415736233
  ],
  [
   299.25912165785564,
   841.5677771137974
  ],
  [
   284.52008959405737,
   775.1598309543875
  ],
  [
   906.4064779845004,
   916.4389140497584
  ],
  [
   143.19460616853578,
   785.263697555914
  ],
  [
   837.5405687543671,
   45.046587205100444
  ],
  [
   689.0085310106343,
   36.972456745332586
  ],
  [
   818.7260734229978,
   156.12521824248236
  ],
  [
   528.3156351495617,
   100.02566802888043
  ],
  [
   320.2971021239547,
   330.4425690360997
  ],
  [
   819.7168920684669,
   706.5684368460749
  ],
  [
   101.74868356575939,
   33.04808729736766
  ],
  [
   366.3792097181802,
   521.7267729753909
  ],
  [
   292.57164272668615,
   210.25830456479542
  ],
  [
   894.7254727343071,
   571.2552178715006
  ],
  [
   179.4777908631566,
   723.2145359122464
  ],
  [
   307.93275693438073,
   627.930343320378
  ],
  [
   787.7618645174632,
   218.9222866198987
  ],
  [
   150.2603691856406,
   650.0171856717554
  ],
  [
   691.5325680400426,
   109.20504014776442
  ],
  [
   372.77493998866225,
   839.2826335208467
  ],
  [
   826.367379348203,
   288.5719237718574
  ],
  [
   158.78822275615093,
   561.5487003273264
  ],
  [
   492.8511255848482,
   33.53845047597286
  ],
  [
   55.792877887536626,
   894.5487670198447
  ],
  [
   650.394494240109,
   453.66549720580855
  ],
  [
   310.5897563837854,
   968.9098715983052
  ],
  [
   869.630109912278,
   968.9519127026324
  ],
  [
   486.2553737971196,
   635.7974871860093
  ],
  [
   805.5298037217123,
   968.9519127026324
  ],
  [
   879.3165614810356,
