{
 "Object_Radius": 29.134624815788776,
 "Object_Shape": "disc",
 "Workspace_Density": 0.4,
 "Workspace_Height": 1000,
 "Workspace_Width": 1000,
 "number_of_objects": 150,
 "point_list": [
  [
   781.6353836052666,
   685.2770004785328
  ],
  [
   362.9108784383958,
   538.82045210728
  ],
  [
   143.40416636326037,
   430.4532896827867
  ],
  [
   105.13803838538112,
   33.04808729736766
  ],
  [
   405.40185156738687,
   80.08799835408372
  ],
  [
   885.627737001957,
   256.13665366141026
  ],
  [
   488.2718147096106,
   537.2625569835103
  ],
  [
   885.2965077667744,
   838.6908026679419
  ],
  [
   247.71637682135776,
   537.7598813456656
  ],
  [
   411.9850468459787,
   930.2202316540701
  ],
  [
   594.8908990663775,
   33.04808729736766
  ],
  [
   898.391049151666,
   547.8448667539294
  ],
  [
   377.12071138478206,
   142.09740865387914
  ],
  [
   483.5446756625257,
   100.46551223869072
  ],
  [
   285.57402438129446,
   804.9539163916209
  ],
  [
   344.9137325763898,
   51.64102778811178
  ],
  [
   905.2684997776623,
   709.9328910931993
  ],
  [
   742.3447038953757,
   33.04808729736766
  ],
  [
   504.55226831162196,
   851.1247110509246
  ],
  [
   552.1556623115831,
   231.2981522295671
  ],
  [
   95.50442801369618,
   790.7410476318825
  ],
  [
   801.5824405313303,
   609.5692984312809
  ],
  [
   700.6985238746689,
   844.5188182406405
  ],
  [
   670.5139353673821,
   33.04808729736766
  ],
  [
   200.40904425832318,
   704.7981556538189
  ],
  [
   715.5579180004569,
   599.4698390052392
  ],
  [
   457.4652976683081,
   161.9639224759023
  ],
  [
   968.9519127026324,
   968.9519127026324
  ],
  [
   270.80033949314054,
   228.93156430033693
  ],
  [
   33.04808729736766,
   747.9772376366403
  ],
  [
   387.5513328081233,
   220.04279865331483
  ],
  [
   745.475844197577,
   430.88859947919497
  ],
  [
   499.3681305055266,
   692.8713326206514
  ],
  [
   33.04808729736766,
   812.2184023336871
  ],
  [
   33.04808729736766,
   100.77548318957086
  ],
  [
   117.47745811144522,
   850.9769479498082
  ],
  [
   480.2697203193879,
   945.7430749434411
  ],
  [
   627.4210913781918,
   609.2957459169845
  ],
  [
   775.7336235534535,
   368.4127890724631
  ],
  [
   493.146214185761,
   420.8109449369038
  ],
  [
   451.1216808830625,
   479.3587378049096
  ],
  [
   540.4880048112943,
   377.4090634033956
  ],
  [
   288.27447556390473,
   628.4216736539565
  ],
  [
   815.2353966016785,
   920.5045975768772
  ],
  [
   724.7120663330433,
   968.9519127026324
  ],
  [
   226.21121951588748,
   770.7060634718338
  ],
  [
   443.740147293714,
   659.8292639422895
  ],
  [
   478.04699825180154,
   600.5583000937838
  ],
  [
   137.63215662411878,
   507.7856385309345
  ],
  [
   915.7373973508122,
   139.76988294296757
  ],
  [
   652.3700663161083,
   671.5810598368851
  ],
  [
   901.7826331087654,
   904.1246432830471
  ],
  [
   173.35672571358987,
   818.4632473362941
  ],
  [
   777.9694923736978,
   486.9651823882268
  ],
  [
   79.02385832994239,
   474.32027792303523
  ],
  [
   822.1961156814086,
   271.91530315287406
  ],
  [
   232.83436552511338,
   410.6172271672374
  ],
  [
   102.63430668638601,
   715.0529209606786
  ],
  [
   849.9980848092954,
   674.8565704255824
  ],
  [
   968.9519127026324,
   904.1661604924826
  ],
  [
   372.1751148736822,
   818.7112002047305
  ],
  [
   754.6893659553242,
   276.6891621733585
  ],
  [
   601.2183436540288,
   272.6728694635914
  ],
  [
   188.54437222482088,
   575.2957351025318
  ],
  [
   728.7795855654499,
   111.88619628366031
  ],
  [
   212.97229198147775,
   869.1078772607373
  ],
  [
   155.99282706298334,
   968.9519127026324
  ],
  [
   33.04808729736766,
   403.25103130103815
  ],
  [
   580.6829423954634,
   491.4449851162831
  ],
  [
   349.46515860259325,
   414.62567576813154
  ],
  [
   664.104361634397,
   96.96387972754702
  ],
  [
   154.56873014929212,
   756.3277561840944
  ],
  [
   763.838059204013,
   882.2078228601983
  ],
  [
   33.04808729736766,
   331.56900832311106
  ],
  [
   152.64125515327288,
   147.2626945033616
  ],
  [
   97.50797684532897,
   101.10204019160753
  ],
  [
   277.6234735429676,
   878.3461400431705
  ],
  [
   305.0479468044664,
   566.4708796705768
  ],
  [
   576.6496726000207,
   941.1381270577012
  ],
  [
   466.1726112074368,
   33.04808729736766
  ],
  [
   589.2454754221955,
   862.4353920327484
  ],
  [
   968.9519127026324,
   575.9531248098585
  ],
  [
   262.5566129606396,
   964.3489053924535
  ],
  [
   401.3800693924566,
   611.6247409233097
  ],
  [
   929.7523078525804,
   627.4067178265443
  ],
  [
   33.04808729736766,
   33.04808729736766
  ],
  [
   808.1184388267484,
   206.80316133327995
  ],
  [
   177.01189222950163,
   640.9241949611026
  ],
  [
   425.6530412488563,
   552.1294164001265
  ],
  [
   968.9519127026324,
   407.74460996265253
  ],
  [
   739.3318659481679,
   741.2857760513361
  ],
  [
   867.0191086120976,
   612.7955611842543
  ],
  [
   512.396395128626,
   293.0912369422646
  ],
  [
   659.0142636595016,
   306.6501939135082
  ],
  [
   158.23497511147946,
   69.69375356365711
  ],
  [
   330.72083544591817,
   256.66809401386297
  ],
  [
   968.9519127026324,
   100.24188718928464
  ],
  [
   33.04808729736766,
   522.6723859507578
  ],
  [
   323.3696706688609,
   940.5872333036143
  ],
  [
   638.6616227334567,
   542.469698726949
  ],
  [
   75.18338448772217,
   607.9027021121501
  ],
  [
   837.9078550030551,
   33.04808729736766
  ],
  [
   565.061441485041,
   790.1307305329253
  ],
  [
   441.78026432429897,
   267.92920435773317
  ],
  [
   968.9519127026324,
   336.3522067777123
  ],
  [
   105.42486582948837,
   915.163716515373
  ],
  [
   968.9519127026324,
   678.7305606948759
  ],
  [
   530.5149396389392,
   33.04808729736766
  ],
  [
   784.6793501713108,
   795.1837174287379
  ],
  [
   968.9519127026324,
   179.9330968997522
  ],
  [
   433.9977746260328,
   791.8102612911267
  ],
  [
   968.9519127026324,
   839.5876202449352
  ],
  [
   379.18653923488614,
   307.5393436182676
  ],
  [
   839.4907968306065,
   384.387627656831
  ],
  [
   365.1022602108058,
   664.5371444297058
  ],
  [
   968.9519127026324,
   33.04808729736766
  ],
  [
   741.1391473870639,
   540.365900083452
  ],
  [
   57.17819235324097,
   968.9519127026324
  ],
  [
   642.4115530521798,
   371.75938866697
  ],
  [
   720.6005518274412,
   663.6546351127397
  ],
  [
   33.04808729736766,
   262.83585007010953
  ],
  [
   717.6936526390638,
   339.66520805894845
  ],
  [
   305.96807601356136,
   690.1960126923093
  ],
  [
   950.7694021973824,
   274.44444224316703
  ],
  [
   212.27612769959435,
   33.04808729736766
  ],
  [
   599.780000991003,
   144.48854718886716
  ],
  [
   547.4450012422695,
   94.96561712285282
  ],
  [
   489.3924707155298,
   217.67348249028618
  ],
  [
   589.2678681928941,
   335.6838299906087
  ],
  [
   46.90494589806873,
   877.6109816983503
  ],
  [
   706.8002724363046,
   486.2037508576256
  ],
  [
   210.15786948914777,
   113.48378065256973
  ],
  [
   543.2138057547116,
   596.2940968525896
  ],
  [
   419.1582342803113,
   722.345015978867
  ],
  [
   517.5718477036389,
   480.24916168363484
  ],
  [
   785.3321318456243,
   143.318294116121
  ],
  [
   968.9519127026324,
   511.04314902769744
  ],
  [
   315.8602382255316,
   123.21709415022526
  ],
  [
   656.4644167894785,
   769.003656786531
  ],
  [
   968.9519127026324,
   743.2457091963062
  ],
  [
   680.5062547943515,
   425.45710179420746
  ],
  [
   643.2729087044095,
   477.62986799089055
  ],
  [
   676.1622786526606,
   159.96068628084527
  ],
  [
   508.3639097805122,
   759.6292756086851
  ],
  [
   269.58661855211017,
   77.95065732773904
  ],
  [
   624.828698303508,
   210.44660086226213
  ],
  [
   848.9575393683781,
   461.8498901185077
  ],
  [
   84.05972158300159,
   171.13260973205698
  ],
  [
   415.4050863881227,
   419.6724891742643
  ],
  [
