{
 "Object_Radius": 29.134624815788776,
 "Object_Shape": "disc",
 "Workspace_Density": 0.4,
 "Workspace_Height": 1000,
 "Workspace_Width": 1000,
 "number_of_objects": 150,
 "point_list": [
  [
   757.6530207187838,
   331.6903182470185
  ],
  [
   716.656161607588,
   555.1953828156721
  ],
  [
   547.9935860693188,
   488.4686922721482
  ],
  [
   521.6476813771508,
   809.6135040040589
  ],
  [
   633.2127723594729,
   725.3618856376085
  ],
  [
   33.04808729736766,
   323.6439115557808
  ],
  [
   838.7732053286625,
   644.9819790957679
  ],
  [
   120.17437962794882,
   106.53021253043507
  ],
  [
   33.04808729736766,
   712.5046320990508
  ],
  [
   800.4519065338503,
   778.772291926191
  ],
  [
   882.7821793235972,
   595.464437212861
  ],
  [
   33.04808729736766,
   968.9519127026324
  ],
  [
   33.04808729736766,
   240.56681058342343
  ],
  [
   835.1730982781629,
   188.18782013827786
  ],
  [
   968.9519127026324,
   904.8198552398959
  ],
  [
   367.73101530272857,
   217.694537848659
  ],
  [
   83.11981887281398,
   391.7344861160009
  ],
  [
   588.1314244247759,
   968.9519127026324
  ],
  [
   33.04808729736766,
   434.3998737838912
  ],
  [
   139.07895231190858,
   753.711300058678
  ],
  [
   841.0060160169569,
   412.7334942469946
  ],
  [
   101.90863096327831,
   33.04808729736766
  ],
  [
   777.0671375786955,
   215.4632417458495
  ],
  [
   409.07362215800595,
   917.9856495097517
  ],
  [
   833.4092989950642,
   52.91221378964707
  ],
  [
   695.8157902010716,
   279.8347657214097
  ],
  [
   452.71305028043685,
   870.8107936520652
  ],
  [
   187.26458244806054,
   570.3087006664534
  ],
  [
   740.5855016187373,
   73.30718259382489
  ],
  [
   968.9519127026324,
   776.0270012031743
  ],
  [
   33.04808729736766,
   776.6296386574072
  ],
  [
   214.1271477554324,
   86.08700825682234
  ],
  [
   186.76363625923767,
   500.4742054360918
  ],
  [
   905.812656691097,
   337.73678737224327
  ],
  [
   33.04808729736766,
   511.57800866339903
  ],
  [
   187.72715913023654,
   923.0399997805102
  ],
  [
   655.4219854821049,
   968.9519127026324
  ],
  [
   644.1071326508961,
   593.3869624907754
  ],
  [
   98.45454910955112,
   169.13187827461417
  ],
  [
   287.5163864822851,
   565.4409298803889
  ],
  [
   691.4221990425941,
   348.84207854837473
  ],
  [
   528.4877621766607,
   940.0206114286215
  ],
  [
   330.5243215994863,
   867.1510324598883
  ],
  [
   701.8018581607952,
   722.039029541298
  ],
  [
   535.1312049270754,
   551.4833382710078
  ],
  [
   968.6570360022031,
   968.9519127026324
  ],
  [
   906.0015261626353,
   401.8460350293384
  ],
  [
   272.5652870451145,
   358.66413808602033
  ],
  [
   33.04808729736766,
   648.289767841967
  ],
  [
   603.0754440115102,
   541.472807939085
  ],
  [
   923.4090750694726,
   33.04808729736766
  ],
  [
   517.2882165732491,
   66.01102191817827
  ],
  [
   291.82006214359933,
   230.80629343499982
  ],
  [
   392.2826233543001,
   847.6723102535192
  ],
  [
   379.4944436342978,
   281.2881544962769
  ],
  [
   345.12301000643373,
   365.4562463816691
  ],
  [
   740.5486571644798,
   488.72977150875306
  ],
  [
   171.16550858724548,
   33.04808729736766
  ],
  [
   916.1710737197321,
   537.7609284212788
  ],
  [
   669.0190375595831,
   144.99498777792653
  ],
  [
   240.48483811624666,
   705.1576444546282
  ],
  [
   723.9050652706751,
   423.89297228894037
  ],
  [
   96.36594195029642,
   259.42313789242064
  ],
  [
   968.9519127026324,
   840.3708904847849
  ],
  [
   409.2560114768968,
   365.6002727395509
  ],
  [
   169.0838470333133,
   361.98581257072766
  ],
  [
   33.04808729736766,
   840.7267221692596
  ],
  [
   149.30067841623648,
   217.12763945847897
  ],
  [
   565.0182894362911,
   250.63100445675332
  ],
  [
   904.4515041876467,
   902.6782575565746
  ],
  [
   178.25264952427577,
   426.85981837230554
  ],
  [
   904.8648115703636,
   150.6073790402548
  ],
  [
   573.1859564401404,
   423.94100801679105
  ],
  [
   826.0373585365921,
   123.4094869113153
  ],
  [
   109.79536588117108,
   687.7492387612932
  ],
  [
   968.9519127026324,
   497.9751415283728
  ],
  [
   776.2836223043843,
   844.3560383748311
  ],
  [
   968.9519127026324,
   643.4854432952861
  ],
  [
   901.3921255666985,
   214.73057300553458
  ],
  [
   386.39678589338376,
   571.9686371494508
  ],
  [
   33.04808729736766,
   33.04808729736766
  ],
  [
   838.7856352359948,
   911.5713338926008
  ],
  [
   725.8903310411895,
   176.40483174332675
  ],
  [
   899.2668744069465,
   968.9519127026324
  ],
  [
   968.9519127026324,
   574.365330470596
  ],
  [
   400.9248613252758,
   714.1747421606959
  ],
  [
   720.3207397623028,
   968.9519127026324
  ],
  [
   312.86526781236563,
   716.5786622533419
  ],
  [
   495.6783308234928,
   231.32369435755896
  ],
  [
   341.1725636886712,
   60.24535194849685
  ],
  [
   888.1635166481548,
   88.12055590496723
  ],
  [
   627.265285671147,
   385.88757345275917
  ],
  [
   968.9519127026324,
   288.76758100874207
  ],
  [
   506.5266921167878,
   648.8990177089277
  ],
  [
   441.0407974537964,
   618.1740890964352
  ],
  [
   383.37556814573713,
   502.1066975377582
  ],
  [
   906.6499314822299,
   673.2266587439661
  ],
  [
   100.6394717674413,
   900.6415421210447
  ],
  [
   294.9228195986513,
   152.6461808423759
  ],
  [
   965.6203347880966,
   222.94576825330861
  ],
  [
   735.8625811248904,
   776.553234159797
  ],
  [
   661.3109339456037,
   802.8592099820627
  ],
  [
   777.9463463952826,
   665.6443221916956
  ],
  [
   864.3540638931435,
   787.0015970984393
  ],
  [
   150.90489114148545,
   628.5380595182048
  ],
  [
   908.6137922637712,
   471.5020343508457
  ],
  [
   111.93700499700032,
   328.1851645997575
  ],
  [
   759.990017667004,
   604.1147436637073
  ],
  [
   640.0353711535615,
   239.5373216379409
  ],
  [
   799.9259171354397,
   462.49164202992586
  ],
  [
   173.30309528918949,
   698.4500818498499
  ],
  [
   912.4798220276616,
   744.4546794714572
  ],
  [
   517.9172795166699,
   874.2628375484761
  ],
  [
   594.3671731845997,
   644.2609080234656
  ],
  [
   444.9722477724454,
   276.09864148670704
  ],
  [
   803.2879982472848,
   968.9519127026324
  ],
  [
   247.92252501781385,
   423.53476443275525
  ],
  [
   535.9922164908374,
   143.14646553038375
  ],
  [
   968.9519127026324,
   360.2508929295343
  ],
  [
   968.9519127026324,
   425.57631400680793
  ],
  [
   273.3945540105034,
   50.839286303027976
  ],
  [
   904.7728757939132,
   837.3956947578378
  ],
  [
   614.4128191903148,
   863.4545748076864
  ],
  [
   968.9519127026324,
   157.411598891956
  ],
  [
   577.511356652023,
   769.2043989614033
  ],
  [
   432.82437924163406,
   212.60658130362
  ],
  [
   33.04808729736766,
   114.90877030307715
  ],
  [
   675.2972414413777,
   900.9639782778008
  ],
  [
   968.9519127026324,
   711.8243389758125
  ],
  [
   363.968666529789,
   439.4941558577116
  ],
  [
   780.2205149355873,
   391.8780715053718
  ],
  [
   824.6923656468,
   340.6785509801669
  ],
  [
   487.7291012260773,
   324.2776398873902
  ],
  [
   850.5289217773096,
   508.1788996660063
  ],
  [
   841.3441492427282,
   847.2427566809796
  ],
  [
   854.4178904524784,
   716.2982889344787
  ],
  [
   33.04808729736766,
   904.8246055778866
  ],
  [
   676.47567386094,
   78.45433213866293
  ],
  [
   165.24340655437365,
   836.0850021803998
  ],
  [
   793.1778261177806,
   278.01324327184
  ],
  [
   465.8762663282862,
   151.28125532694708
  ],
  [
   610.7640502416114,
   173.54063532516994
  ],
  [
   535.966598296918,
   719.0628003722651
  ],
  [
   390.17101943699726,
   780.3580827540304
  ],
  [
   628.7545164172619,
   33.04808729736766
  ],
  [
   412.8328699703441,
   78.98777067652075
  ],
  [
   809.2939026669262,
   560.786427024552
  ],
  [
   521.371927463005,
   379.0221615260605
  ],
  [
   209.67914596077404,
   774.9480647575706
  ],
  [
   881.6255856050449,
