{
 "Object_Radius": 29.134624815788776,
 "Object_Shape": "disc",
 "Workspace_Density": 0.4,
 "Workspace_Height": 1000,
 "Workspace_Width": 1000,
 "number_of_objects": 150,
 "point_list": [
  [
   835.9601953815697,
   968.9519127026324
  ],
  [
   618.1486203441441,
   572.8968836261723
  ],
  [
   547.6859019767006,
   401.9139265762237
  ],
  [
   354.90491309712746,
   256.5440660179256
  ],
  [
   913.9127368188447,
   387.95529374182854
  ],
  [
   215.0972220169002,
   629.850307702072
  ],
  [
   834.7713462556759,
   767.3502392435877
  ],
  [
   369.6349862915709,
   175.1404562909907
  ],
  [
   968.9519127026324,
   589.9348276343393
  ],
  [
   33.04808729736766,
   110.63576728836708
  ],
  [
   482.51696952307327,
   650.5961388517186
  ],
  [
   356.185780055828,
   902.8363205407128
  ],
  [
   303.50234366578235,
   861.8734796520386
  ],
  [
   549.2009834207183,
   654.5260748518843
  ],
  [
   825.864673349358,
   687.2574508363153
  ],
  [
   873.6365904729515,
   524.1651003028016
  ],
  [
   210.0962625223621,
   541.4454609564132
  ],
  [
   190.3619600367554,
   480.09483010026673
  ],
  [
   689.6028098499519,
   239.66640761159573
  ],
  [
   339.26576070535543,
   968.9519127026324
  ],
  [
   170.1348727641153,
   154.2836044142561
  ],
  [
   871.7049110563787,
   821.0695433176443
  ],
  [
   348.9010109701669,
   672.4701462864621
  ],
  [
   311.4880540344814,
   95.27212458303269
  ],
  [
   83.53883468663439,
   593.9237379964475
  ],
  [
   158.10678830653163,
   593.2038273311219
  ],
  [
   391.06664147447486,
   843.2468599536044
  ],
  [
   786.2289136291735,
   133.5610147055781
  ],
  [
   968.9519127026324,
   80.9399558354443
  ],
  [
   938.5938297185733,
   525.4451157602385
  ],
  [
   97.79513543801278,
   424.092573414814
  ],
  [
   142.6930394870322,
   348.19606850354467
  ],
  [
   401.12969325113363,
   714.4274273539212
  ],
  [
   802.3901898825787,
   836.1604374687822
  ],
  [
   33.04808729736766,
   33.04808729736766
  ],
  [
   624.598450697459,
   869.2720832588581
  ],
  [
   731.2824284379568,
   94.64086952139148
  ],
  [
   405.8498099459522,
   968.9519127026324
  ],
  [
   541.1036434414557,
   968.9519127026324
  ],
  [
   109.78777109246795,
   243.15393836875742
  ],
  [
   33.04808729736766,
   388.31743484550907
  ],
  [
   721.2940738935466,
   968.9519127026324
  ],
  [
   167.05334703930507,
   414.6825385698326
  ],
  [
   228.9661693960359,
   393.3693026907821
  ],
  [
   216.80739110214137,
   765.3352106657386
  ],
  [
   740.0367021557408,
   565.7295400365302
  ],
  [
   968.9519127026324,
   923.3823682792314
  ],
  [
   769.74243646481,
   500.4641285253891
  ],
  [
   841.8162417809399,
   325.18112548964024
  ],
  [
   261.778018194327,
   287.55078577632474
  ],
  [
   906.8386965884993,
   314.42094434239954
  ],
  [
   629.6199821118329,
   164.3783386045386
  ],
  [
   654.3332229988926,
   968.9519127026324
  ],
  [
   417.3755486901227,
   784.666836731324
  ],
  [
   845.9737871813359,
   598.5051842474131
  ],
  [
   707.9635261762304,
   755.8640407682778
  ],
  [
   134.22981600178204,
   100.750824451906
  ],
  [
   40.04194831454733,
   860.7413806948618
  ],
  [
   521.2343239729008,
   33.04808729736766
  ],
  [
   393.006507943587,
   33.04808729736766
  ],
  [
   33.04808729736766,
   554.3345758415209
  ],
  [
   33.04808729736766,
   481.6306318026963
  ],
  [
   33.04808729736766,
   774.5885025103761
  ],
  [
   135.61928873115878,
   33.04808729736766
  ],
  [
   454.3909552961408,
   292.37409780696134
  ],
  [
   923.2470943500515,
   968.9519127026324
  ],
  [
   101.59675648644847,
   968.9519127026324
  ],
  [
   513.0733877542765,
   556.5599210092181
  ],
  [
   165.70409100922748,
   968.9519127026324
  ],
  [
   54.76237402682737,
   189.811383662435
  ],
  [
   533.4924772288863,
   717.4128799122375
  ],
  [
   471.5937964620682,
   968.9519127026324
  ],
  [
   199.97755749876754,
   33.04808729736766
  ],
  [
   713.5396750072042,
   33.04808729736766
  ],
  [
   741.9802973402423,
   634.101637193575
  ],
  [
   903.1257953843782,
   140.37350478403704
  ],
  [
   203.5986696302562,
   326.84619003046635
  ],
  [
   456.0326293418731,
   839.2571987847863
  ],
  [
   487.574232079243,
   906.1011156189729
  ],
  [
   171.2305619475049,
   824.2735667372849
  ],
  [
   579.7465957745621,
   220.08199819216404
  ],
  [
   457.1381450061839,
   33.04808729736766
  ],
  [
   376.44255204034306,
   104.87549485989119
  ],
  [
   649.4267813722131,
   33.04808729736766
  ],
  [
   161.31549814733492,
   714.4929742048597
  ],
  [
   769.4691739133638,
   908.4803759036275
  ],
  [
   33.04808729736766,
   968.9519127026324
  ],
  [
   469.4975574410402,
   178.94504975417752
  ],
  [
   76.74409686698651,
   716.7892325946161
  ],
  [
   466.7561778838473,
   441.90998622908364
  ],
  [
   80.35361686903806,
   323.3617232599391
  ],
  [
   285.86824545284503,
   925.9854937987246
  ],
  [
   886.8710785701398,
   724.2650953885865
  ],
  [
   398.7076677911708,
   432.74865406637787
  ],
  [
   702.9481675396902,
   168.90519960738214
  ],
  [
   827.5472994610375,
   394.0900319607626
  ],
  [
   918.2493503333667,
   866.1796345520856
  ],
  [
   301.70934211179696,
   731.7857939381613
  ],
  [
   654.197389287864,
   459.1317091089345
  ],
  [
   33.04808729736766,
   637.3236057629422
  ],
  [
   322.5620610042614,
   605.1638445229668
  ],
  [
   555.1794930591701,
   875.0430789922799
  ],
  [
   431.21433039425807,
   587.8868211726756
  ],
  [
   874.535491509506,
   439.1067676671147
  ],
  [
   704.8195996841605,
   307.15223585116183
  ],
  [
   377.7988165862127,
   504.4803339680535
  ],
  [
   945.9628129644814,
   753.0246829287582
  ],
  [
   694.2125994274459,
   885.720885995116
  ],
  [
   313.8226535181358,
   383.5852744269315
  ],
  [
   836.3170765192408,
   192.01387665729223
  ],
  [
   612.0137911908648,
   405.81751046376087
  ],
  [
   599.1885637823817,
   756.7120890891346
  ],
  [
   167.82322510193,
   895.9830066333113
  ],
  [
   223.32677048490905,
   697.647591255701
  ],
  [
   760.1489711878312,
   381.8349450598968
  ],
  [
   116.73395957666932,
   657.3281886604989
  ],
  [
   236.74746463700387,
   968.9519127026324
  ],
  [
   342.0161054857263,
   800.1502466733455
  ],
  [
   283.8531516194341,
   153.10497143907224
  ],
  [
   740.0100809966619,
   818.026995706211
  ],
  [
   585.3304963427521,
   33.04808729736766
  ],
  [
   630.4279774875527,
   99.91656081257801
  ],
  [
   892.2002979726135,
   659.2669045512782
  ],
  [
   968.9519127026324,
   433.39429771513284
  ],
  [
   352.0501871061024,
   329.9186731229628
  ],
  [
   261.1879418563911,
   581.568789402105
  ],
  [
   564.8196237652496,
   330.28101708996246
  ],
  [
   601.5211818543868,
   496.4337187848705
  ],
  [
   968.9519127026324,
   338.39548722288384
  ],
  [
   514.5208136545792,
   491.0405049882643
  ],
  [
   496.99778338124736,
   781.2993679725141
  ],
  [
   33.04808729736766,
   265.0380184825902
  ],
  [
   670.3898242126651,
   525.6139580509642
  ],
  [
   269.07429223165127,
   807.3668735995145
  ],
  [
   627.9727073521697,
   277.5737414864685
  ],
  [
   777.649631352298,
   33.04808729736766
  ],
  [
   278.599108169174,
   654.7681862084895
  ],
  [
   499.41726455375516,
   339.07672555189606
  ],
  [
   506.8727357442937,
   232.16134432744758
  ],
  [
   448.21304889721137,
   103.61006526675217
  ],
  [
   595.7781020414136,
   926.912154369487
  ],
  [
   423.31574805032807,
   902.5234559809325
  ],
  [
   264.45774598728485,
   33.04808729736766
  ],
  [
   266.67010624193745,
   453.5866634427052
  ],
  [
   563.3666323074059,
   810.8669189046383
  ],
  [
   300.09078916467746,
   215.8932020450981
  ],
  [
   328.76486958293555,
   33.04808729736766
  ],
  [
   868.4282010770744,
   78.28277872307325
  ],
  [
   693.9688749433006,
   371.7552398242266
  ],
  [
   419.32584397441576,
