{
 "Object_Radius": 29.134624815788776,
 "Object_Shape": "disc",
 "Workspace_Density": 0.4,
 "Workspace_Height": 1000,
 "Workspace_Width": 1000,
 "number_of_objects": 150,
 "point_list": [
  [
   114.5459817382345,
   33.04808729736766
  ],
  [
   826.3541846611105,
   752.114415332303
  ],
  [
   33.04808729736766,
   840.4347345948725
  ],
  [
   711.2289270501434,
   302.46614095243694
  ],
  [
   891.7768990106642,
   756.3066882099934
  ],
  [
   968.9519127026324,
   386.85600372897426
  ],
  [
   374.19971190531294,
   336.021503278387
  ],
  [
   968.9519127026324,
   644.4624198227884
  ],
  [
   292.6023046367952,
   33.04808729736766
  ],
  [
   728.6801622175146,
   891.526326111774
  ],
  [
   729.3405660388286,
   506.93424069427
  ],
  [
   263.77870155470913,
   530.4709365646521
  ],
  [
   864.1429255417447,
   883.8142485086705
  ],
  [
   232.82993236161536,
   461.31849330603904
  ],
  [
   654.6822028373884,
   53.74216649378893
  ],
  [
   925.5960448521967,
   335.1012685044606
  ],
  [
   58.681285261678774,
   415.12777926721134
  ],
  [
   219.88799499991484,
   207.13754065764712
  ],
  [
   480.7694898317357,
   216.0070837614095
  ],
  [
   33.04808729736766,
   904.7386582317188
  ],
  [
   332.8585480100724,
   406.8467816369565
  ],
  [
   87.0295999315326,
   677.416994198697
  ],
  [
   118.30304615192055,
   555.0122986404272
  ],
  [
   961.4361286160969,
   152.78949137656076
  ],
  [
   841.0846929753926,
   408.72909054115706
  ],
  [
   531.3388146998836,
   968.9519127026324
  ],
  [
   188.1274209356628,
   33.04808729736766
  ],
  [
   363.21582568448093,
   637.0321178390844
  ],
  [
   779.1700848477329,
   312.7802223563076
  ],
  [
   156.2646118726761,
   94.12385650685535
  ],
  [
   344.615322586453,
   264.5504057211029
  ],
  [
   613.4090607063774,
   390.0723099690776
  ],
  [
   33.04808729736766,
   252.99633650768712
  ],
  [
   968.9519127026324,
   787.4772741517143
  ],
  [
   254.58516136540737,
   150.96685936269074
  ],
  [
   178.67636066849875,
   256.5795108052751
  ],
  [
   33.04808729736766,
   712.0027069787403
  ],
  [
   888.7740690647937,
   243.8321008855761
  ],
  [
   884.6742022435955,
   116.22022843505539
  ],
  [
   827.0720225806332,
   481.25929684650674
  ],
  [
   663.7522511299807,
   441.13421389503344
  ],
  [
   839.9904615901143,
   646.4741077466718
  ],
  [
   397.83020010873093,
   395.7530641658059
  ],
  [
   828.122203255226,
   821.1661114452756
  ],
  [
   925.0210330316056,
   577.1866140602815
  ],
  [
   655.6628464998814,
   869.4250984695323
  ],
  [
   522.5814441234802,
   425.6588827364658
  ],
  [
   33.04808729736766,
   476.7980801360241
  ],
  [
   603.279362049542,
   532.676834280729
  ],
  [
   206.9653186416454,
   575.9211147682275
  ],
  [
   144.74935218360048,
   706.4318975181234
  ],
  [
   455.2874976358111,
   430.34764081313324
  ],
  [
   441.05045059416386,
   597.7448693443154
  ],
  [
   411.23602187905243,
   77.00301308365428
  ],
  [
   968.9519127026324,
   37.10657190492495
  ],
  [
   833.090725884037,
   275.6207716105367
  ],
  [
   230.9856309024482,
   693.5755741316374
  ],
  [
   485.09893539749135,
   492.75617882382915
  ],
  [
   269.70499204068284,
   391.9244675365347
  ],
  [
   568.7521829799581,
   662.7017019890698
  ],
  [
   395.56704016910885,
   475.9868083706438
  ],
  [
   539.7272489445144,
   98.35248314710469
  ],
  [
   171.5218119016128,
   770.8544574975078
  ],
  [
   739.0241872755583,
   372.3080700534549
  ],
  [
   178.37393040049534,
   895.0485606178528
  ],
  [
   33.04808729736766,
   633.4633876119711
  ],
  [
   687.6058539731131,
   968.9519127026324
  ],
  [
   111.17861277279508,
   958.4947212524836
  ],
  [
   213.50573452462692,
   968.9519127026324
  ],
  [
   423.37003425401105,
   724.0173772659172
  ],
  [
   676.7353379278527,
   625.8729012941967
  ],
  [
   968.9519127026324,
   868.2416732808972
  ],
  [
   117.19965289710018,
   837.8473173411033
  ],
  [
   968.9519127026324,
   523.7702891175963
  ],
  [
   489.00719963070077,
   746.3855786461133
  ],
  [
   451.5920511392633,
   358.6528624227913
  ],
  [
   33.04808729736766,
   114.52203235001896
  ],
  [
   472.307500487558,
   97.00716519887551
  ],
  [
   820.0976266564189,
   121.13041554181353
  ],
  [
   160.66816125270356,
   359.89003503015715
  ],
  [
   761.3189652278785,
   960.2547319955482
  ],
  [
   765.3751627619629,
   33.04808729736766
  ],
  [
   572.6647845946661,
   297.0515650963768
  ],
  [
   281.01152309937476,
   604.6387427197438
  ],
  [
   477.90626465209306,
   280.03979682448073
  ],
  [
   33.04808729736766,
   776.1443485929999
  ],
  [
   320.95226243889607,
   167.7857690184149
  ],
  [
   134.00998209892677,
   184.5436671261823
  ],
  [
   423.33795126190313,
   968.9519127026324
  ],
  [
   254.19105858711222,
   910.328358190257
  ],
  [
   714.9445025990007,
   180.09442528103975
  ],
  [
   390.360836107448,
   913.2830640571792
  ],
  [
   33.04808729736766,
   563.9884427548733
  ],
  [
   860.442075178611,
   340.34137597800725
  ],
  [
   829.4797318808372,
   33.04808729736766
  ],
  [
   33.04808729736766,
   33.04808729736766
  ],
  [
   555.03516094312,
   728.0496116646535
  ],
  [
   704.9728954868424,
   739.0504894239124
  ],
  [
   380.1838563630069,
   196.89287295526915
  ],
  [
   347.60104387230916,
   961.5017731591117
  ],
  [
   476.70233740975465,
   33.04808729736766
  ],
  [
   968.9519127026324,
   257.08153467999006
  ],
  [
   904.3358449030798,
   675.1214910610324
  ],
  [
   471.6109863435623,
   919.289573397452
  ],
  [
   432.05540084150334,
   530.2788275447591
  ],
  [
   426.56848576808136,
   789.4297290737017
  ],
  [
   968.9519127026324,
   456.1453876539058
  ],
  [
   553.8848578394736,
   228.40714604844683
  ],
  [
   664.6825229983583,
   512.3982258757212
  ],
  [
   330.80136170769464,
   531.926555325081
  ],
  [
   33.04808729736766,
   968.9519127026324
  ],
  [
   410.8280440432227,
   254.43181560483478
  ],
  [
   405.9759425507869,
   850.2253235082127
  ],
  [
   892.9396690588502,
   517.1951186621234
  ],
  [
   730.3523220281578,
   442.637362309592
  ],
  [
   549.6869435978102,
   486.0970728792131
  ],
  [
   901.3131410909291,
   437.9898280963724
  ],
  [
   615.5999076330313,
   122.58974135983976
  ],
  [
   664.7622777117288,
   347.4583634113085
  ],
  [
   282.8470585300554,
   968.9519127026324
  ],
  [
   552.578535705754,
   33.04808729736766
  ],
  [
   33.04808729736766,
   354.9175438837134
  ],
  [
   751.9456662185526,
   623.5028248789491
  ],
  [
   100.46385812824579,
   754.5556857235053
  ],
  [
   499.93518332530715,
   154.84339318014588
  ],
  [
   593.2165315164314,
   889.1473723370993
  ],
  [
   616.4814852048178,
   246.57174420400352
  ],
  [
   352.2198458714586,
   103.03656993708714
  ],
  [
   358.9717869204078,
   33.04808729736766
  ],
  [
   422.92278691557436,
   141.80462309016963
  ],
  [
   509.8721588161676,
   811.3427736357648
  ],
  [
   589.8620833192043,
   600.5967719312127
  ],
  [
   513.0284412536448,
   336.3976559021694
  ],
  [
   163.45673783890172,
   468.39051892988346
  ],
  [
   772.67974323451,
   556.8284509484815
  ],
  [
   303.1548992991163,
   678.579897082972
  ],
  [
   527.3410160857035,
   876.2301230907358
  ],
  [
   605.1471460535105,
   968.9519127026324
  ],
  [
   334.4286624253577,
   776.485132337949
  ],
  [
   331.9157257761008,
   875.2863783656271
  ],
  [
   758.2115488710735,
   694.9672900309266
  ],
  [
   684.0641468607167,
   243.0395315980902
  ],
  [
   532.0528036977042,
   552.5596642860949
  ],
  [
   968.9519127026324,
   719.0938960099388
  ],
  [
   681.7964637947866,
   124.98436801651769
  ],
  [
   623.4238162078568,
   756.6590000581518
  ],
  [
   739.2121158382286,
   93.22778581398892
  ],
  [
   796.8639786895078,
   188.79708122581553
  ],
  [
   563.641425503491,
   163.66837423735066
  ],
  [
