{
 "Object_Length": 149.07119849998597,
 "Object_Shape": "cuboid",
 "Object_Width": 44.72135954999579,
 "Workspace_Density": 0.4,
 "Workspace_Height": 1000,
 "Workspace_Width": 1000,
 "number_of_objects": 60,
 "point_list": [
  [
   650.158451759,
   365.347500594,
   0.778941889393
  ],
  [
   628.985646481,
   913.70573401,
   1.51100514086
  ],
  [
   614.260987805,
   421.875926046,
   0.768743559501
  ],
  [
   96.7792465731,
   445.3114825,
   1.75089911555
  ],
  [
   616.916766888,
   604.235079344,
   0.714632586097
  ],
  [
   32.392175454,
   666.779230962,
   1.57076585276
  ],
  [
   85.8468863637,
   36.0132931401,
   3.09801294176
  ],
  [
   520.111365273,
   254.652793164,
   0.818798949134
  ],
  [
   601.007212169,
   499.518847068,
   0.761498367891
  ],
  [
   520.000979735,
   80.7952569939,
   2.40387870912
  ],
  [
   824.429079721,
   261.615245669,
   0.867629683598
  ],
  [
   966.904333881,
   149.242883099,
   1.57089485178
  ],
  [
   738.646234248,
   269.002740357,
   0.793819923509
  ],
  [
   830.953153079,
   137.43483832,
   1.11465020113
  ],
  [
   349.412350355,
   914.413132567,
   0.874426123238
  ],
  [
   279.785228666,
   460.275909473,
   0.433025751836
  ],
  [
   45.786543676,
   356.052877692,
   1.73472851202
  ],
  [
   272.636480878,
   536.10777286,
   0.379297071141
  ],
  [
   408.739221406,
   459.87479135,
   2.00170180613
  ],
  [
   914.770954498,
   644.946710545,
   0.00654525651777
  ],
  [
   424.156687911,
   727.855999136,
   1.85280930122
  ],
  [
   278.643959845,
   693.379786321,
   1.51592407658
  ],
  [
   161.580577416,
   449.255854811,
   1.74996489686
  ],
  [
   342.877161233,
   682.078879526,
   1.51625287979
  ],
  [
   674.404544949,
   741.650868768,
   2.04600459199
  ],
  [
   87.4461178507,
   843.000703832,
   1.09808254338
  ],
  [
   967.036562072,
   462.380550225,
   1.57089294562
  ],
  [
   180.807354693,
   117.229154927,
   2.05133705292
  ],
  [
   281.085883977,
   328.422156037,
   2.63726881721
  ],
  [
   529.684328848,
   844.503947268,
   2.39404749998
  ],
  [
   168.788607753,
   766.860974299,
   0.553044247152
  ],
  [
   78.0778827933,
   189.644533139,
   1.72293566276
  ],
  [
   743.732500344,
   106.302124754,
   1.11621568004
  ],
  [
   563.275950292,
   205.704563284,
   0.828224098028
  ],
  [
   859.290811624,
   407.858333688,
   2.31365031285
  ],
  [
   901.643693133,
   527.915841622,
   1.57877538796
  ],
  [
   153.205271019,
   630.443871147,
   2.56141784204
  ],
  [
   413.19551791,
   889.766565348,
   0.874700580238
  ],
  [
   967.556624488,
   778.368257198,
   1.57147107344
  ],
  [
   482.469466629,
   309.191521202,
   0.818596646636
  ],
  [
   800.949716144,
   580.347301128,
   1.57481720712
  ],
  [
   270.497819783,
   195.577242623,
   1.24586993704
  ],
  [
   663.764147305,
   90.3979870264,
   1.11450132468
  ],
  [
   694.306508908,
   316.5701835,
   0.790730974329
  ],
  [
   403.000518397,
   204.385506703,
   2.37338813847
  ],
  [
   375.926217765,
   375.499206654,
   2.01562834518
  ],
  [
   723.322750634,
   562.007820668,
   1.41590194194
  ],
  [
   926.503424016,
   280.666014664,
   1.00048779604
  ],
  [
   547.501950275,
   722.921803231,
   0.288017881036
  ],
  [
   388.656508239,
   108.813552551,
   2.43819307404
  ],
  [
   855.981096812,
   921.938455379,
   0.626886259426
  ],
  [
   475.182568982,
   467.038433576,
   2.02211058435
  ],
  [
   772.920282793,
   749.982701,
   1.58012757118
  ],
  [
   265.092274381,
   914.408873143,
   0.874307171117
  ],
  [
   782.711834805,
   395.518855059,
   2.31393355679
  ],
  [
   902.478798759,
   761.766854702,
   1.57725625509
  ],
  [
   748.281934776,
   924.517392424,
   0.620546469009
  ],
  [
   496.853407063,
   571.128709238,
   2.02058527149
  ],
  [
   608.132415686,
   158.85069204,
   0.828228663803
  ],
  [
   837.820926038,
   761.672350771,
   1.57681679521
  ]
 ]
}