{
 "Object_Length": 149.07119849998597,
 "Object_Shape": "cuboid",
 "Object_Width": 44.72135954999579,
 "Workspace_Density": 0.4,
 "Workspace_Height": 1000,
 "Workspace_Width": 1000,
 "number_of_objects": 60,
 "point_list": [
  [
   350.38360272,
   259.635851364,
   3.02051044954
  ],
  [
   925.078032189,
   743.472214527,
   0.978059225598
  ],
  [
   86.0283020939,
   468.735831297,
   3.08785094401
  ],
  [
   653.333704023,
   660.716363757,
   1.71640968016
  ],
  [
   967.55488495,
   576.327123411,
   1.57135089131
  ],
  [
   503.963077833,
   811.430510235,
   1.55330107479
  ],
  [
   129.276570724,
   751.315265008,
   0.871841563448
  ],
  [
   342.196901426,
   773.67136003,
   0.952140865738
  ],
  [
   436.568290129,
   680.737941543,
   1.57179452904
  ],
  [
   84.4133744747,
   967.866562053,
   -1.52512445158e-05
  ],
  [
   603.72001715,
   366.817027586,
   0.735930724451
  ],
  [
   708.198863939,
   296.408472504,
   1.82450882248
  ],
  [
   209.153983342,
   93.7200703618,
   0.726406960784
  ],
  [
   567.802874236,
   421.645409001,
   0.73617894182
  ],
  [
   654.060743221,
   247.244029101,
   1.82169053069
  ],
  [
   669.278593269,
   902.767589093,
   -0.00460013293668
  ],
  [
   526.033007189,
   471.077952101,
   0.736057166559
  ],
  [
   597.645966707,
   207.316021628,
   1.82004551482
  ],
  [
   936.130904566,
   132.790983749,
   1.983899422
  ],
  [
   313.905699485,
   847.340725531,
   0.961409456926
  ],
  [
   496.211682748,
   577.069262567,
   1.19224042241
  ],
  [
   325.648743508,
   353.314654974,
   -2.83841814616
  ],
  [
   282.696358598,
   539.434994267,
   1.16567433731
  ],
  [
   397.134260341,
   520.0771697,
   1.91532172249
  ],
  [
   913.580168108,
   910.880175866,
   1.81154094038
  ],
  [
   540.670083483,
   171.905865599,
   1.82474353556
  ],
  [
   211.648142894,
   327.616254328,
   1.82962251093
  ],
  [
   297.856469369,
   660.222909318,
   2.72574691848
  ],
  [
   621.578058788,
   838.437410883,
   3.13091652241
  ],
  [
   856.176097283,
   226.158721175,
   0.582166721426
  ],
  [
   836.447103958,
   290.017545688,
   0.575207450818
  ],
  [
   579.963811899,
   715.881575281,
   1.71128902661
  ],
  [
   572.930141072,
   967.862419797,
   0.0028566115334
  ],
  [
   223.098354822,
   565.122173954,
   1.16448459699
  ],
  [
   89.9011787857,
   330.366053697,
   0.261587648956
  ],
  [
   292.202103044,
   80.9052106803,
   0.726256493141
  ],
  [
   255.440600684,
   967.659997944,
   0.00107067757274
  ],
  [
   440.98554082,
   915.18636332,
   1.55433493468
  ],
  [
   84.8303055841,
   219.366395861,
   -0.0133898018963
  ],
  [
   881.807404357,
   95.5333163591,
   1.98384320323
  ],
  [
   760.212050652,
   756.178825479,
   0.102333570448
  ],
  [
   416.069524805,
   169.354308886,
   -0.328155114064
  ],
  [
   778.077330849,
   132.447079384,
   2.17381378249
  ],
  [
   472.878417395,
   332.720929578,
   2.0912158852
  ],
  [
   763.538904037,
   460.181681368,
   1.42943265842
  ],
  [
   38.8592497988,
   817.534939844,
   1.57600008013
  ],
  [
   167.816028446,
   672.986619626,
   1.05906448265
  ],
  [
   859.872474018,
   858.127698998,
   1.8117888001
  ],
  [
   902.787112778,
   569.290474197,
   1.57074959172
  ],
  [
   767.541386767,
   688.542687698,
   0.14174384035
  ],
  [
   860.667910716,
   401.796042253,
   -2.36954950308
  ],
  [
   782.097953966,
   575.721058636,
   3.00179384205
  ],
  [
   730.591570083,
   87.5958797701,
   2.17010800392
  ],
  [
   452.315850513,
   75.9368281176,
   2.64636867335
  ],
  [
   184.592896476,
   158.537591028,
   0.726407320271
  ],
  [
   309.428294077,
   416.523094731,
   0.308397168108
  ],
  [
   88.6663642495,
   561.606018376,
   2.97246534352
  ],
  [
   968.100327132,
   342.96888486,
   1.56346237921
  ],
  [
   180.77393434,
   861.079093591,
   2.53855732867
  ],
  [
   625.004503313,
   536.399491551,
   2.30876323883
  ]
 ]
}