{
 "Object_Length": 149.07119849998597,
 "Object_Shape": "cuboid",
 "Object_Width": 44.72135954999579,
 "Workspace_Density": 0.4,
 "Workspace_Height": 1000,
 "Workspace_Width": 1000,
 "number_of_objects": 60,
 "point_list": [
  [
   746.818407917,
   46.3085542473,
   0.187355523309
  ],
  [
   213.600730396,
   335.085989482,
   1.54934336716
  ],
  [
   330.374864561,
   734.838981346,
   1.55866209795
  ],
  [
   846.254743631,
   900.396495692,
   2.96379358394
  ],
  [
   443.657899769,
   88.2365804217,
   1.42602391391
  ],
  [
   315.14188584,
   104.045247617,
   1.4261899263
  ],
  [
   503.654766848,
   438.524137706,
   0.866098860329
  ],
  [
   682.58631001,
   967.810760246,
   3.14056909043
  ],
  [
   968.395759719,
   273.665224808,
   1.56967883606
  ],
  [
   199.700912795,
   671.476315923,
   1.60380720371
  ],
  [
   332.96108647,
   376.412054093,
   -0.0735588728361
  ],
  [
   574.909141065,
   300.982352261,
   0.993540457723
  ],
  [
   198.306386195,
   157.099582955,
   2.63239558084
  ],
  [
   88.0286701345,
   816.065413404,
   2.95100758482
  ],
  [
   135.210303337,
   561.717942599,
   1.54542490661
  ],
  [
   850.398361654,
   244.429689284,
   2.41458394879
  ],
  [
   203.733494153,
   968.052690523,
   3.14131314896
  ],
  [
   389.98189391,
   627.033361553,
   1.35920644124
  ],
  [
   539.751735583,
   365.17844282,
   0.990857738133
  ],
  [
   644.975093824,
   463.691080013,
   1.58063170925
  ],
  [
   771.350320274,
   151.391680278,
   0.643683572338
  ],
  [
   682.37422859,
   845.265403267,
   1.11939140095
  ],
  [
   732.745344642,
   801.414662555,
   1.12066021551
  ],
  [
   85.2764635691,
   678.564216699,
   -3.10659862038
  ],
  [
   727.878592882,
   282.421163199,
   0.872242136683
  ],
  [
   495.785643601,
   621.4216041,
   0.806438169284
  ],
  [
   540.338059655,
   830.725827247,
   2.37568919709
  ],
  [
   447.218531529,
   739.918893848,
   2.38365103347
  ],
  [
   903.654190194,
   448.495850966,
   1.56915669583
  ],
  [
   967.461725553,
   468.038588991,
   1.56980902697
  ],
  [
   421.47230902,
   852.570158079,
   2.3964758188
  ],
  [
   148.581681441,
   110.574450789,
   2.633654019
  ],
  [
   212.925070365,
   846.612250637,
   1.38372248231
  ],
  [
   89.754807937,
   278.888447936,
   2.84586531662
  ],
  [
   774.162847629,
   490.734801363,
   1.57776030641
  ],
  [
   313.031550447,
   909.879050185,
   1.11587494422
  ],
  [
   545.213527757,
   736.399389445,
   2.37469385768
  ],
  [
   967.568970903,
   912.271019442,
   1.57120720899
  ],
  [
   773.539942134,
   660.202691613,
   1.56848394872
  ],
  [
   638.771844787,
   129.053333617,
   0.746028262762
  ],
  [
   89.566163163,
   69.3267118363,
   2.63345755098
  ],
  [
   902.852226167,
   663.806525098,
   1.57388186476
  ],
  [
   86.4113960757,
   899.379375173,
   0.0410322068503
  ],
  [
   279.30859242,
   259.475936615,
   1.3691263972
  ],
  [
   378.484549324,
   89.734317962,
   1.42624325415
  ],
  [
   911.415993758,
   86.6257635682,
   0.193239642781
  ],
  [
   682.144900718,
   328.641649753,
   0.872202420968
  ],
  [
   254.937612281,
   556.167990272,
   -3.11031684094
  ],
  [
   401.625815776,
   276.573697174,
   3.00099666761
  ],
  [
   576.870388449,
   909.112764124,
   2.16381032913
  ],
  [
   476.184789352,
   510.446462386,
   0.808935136469
  ],
  [
   602.785927637,
   628.096833309,
   -2.42931652277
  ],
  [
   389.659623188,
   214.042546977,
   3.00352774502
  ],
  [
   508.841610227,
   88.7159125026,
   1.4303266895
  ],
  [
   838.403740943,
   609.383409418,
   1.57159735733
  ],
  [
   851.382900383,
   330.252571338,
   2.41463481813
  ],
  [
   838.663462649,
   778.656839866,
   1.56880621236
  ],
  [
   318.253979745,
   478.331000023,
   0.418568998409
  ],
  [
   708.736273863,
   564.528681103,
   1.57992925308
  ],
  [
   137.118569696,
   386.938048598,
   1.26655944999
  ]
 ]
}