{
 "Object_Length": 149.07119849998597,
 "Object_Shape": "cuboid",
 "Object_Width": 44.72135954999579,
 "Workspace_Density": 0.4,
 "Workspace_Height": 1000,
 "Workspace_Width": 1000,
 "number_of_objects": 60,
 "point_list": [
  [
   177.146254408,
   448.649231964,
   0.357988061242
  ],
  [
   676.184732856,
   532.010185333,
   1.61560600061
  ],
  [
   134.831405112,
   275.100667348,
   1.31845817477
  ],
  [
   214.367754883,
   748.338054598,
   0.00569163916624
  ],
  [
   559.452103241,
   666.128048364,
   0.89927682439
  ],
  [
   825.662552513,
   406.894578827,
   1.7025009381
  ],
  [
   657.898100336,
   885.22727249,
   1.54745871181
  ],
  [
   493.049515902,
   289.580897949,
   0.867349306011
  ],
  [
   560.935197701,
   450.679750294,
   0.720132443005
  ],
  [
   213.604722416,
   882.675518414,
   0.00541035866421
  ],
  [
   203.002977269,
   280.788322634,
   1.31773109152
  ],
  [
   670.44570239,
   701.22488773,
   1.61391766638
  ],
  [
   97.0719449987,
   813.405022828,
   1.57604354236
  ],
  [
   826.854509708,
   281.957013799,
   -3.02253626216
  ],
  [
   393.899334718,
   355.822420674,
   2.40751502391
  ],
  [
   912.957859212,
   54.167670481,
   0.056176845057
  ],
  [
   127.897861107,
   94.9205773353,
   2.41450047902
  ],
  [
   812.77863371,
   182.219233544,
   0.373126308104
  ],
  [
   603.57554738,
   132.727989289,
   2.49504693031
  ],
  [
   531.206574323,
   914.473795323,
   1.54575656269
  ],
  [
   447.740628688,
   719.200154737,
   -0.0745708819979
  ],
  [
   353.833934784,
   234.726477904,
   0.836754171905
  ],
  [
   430.997520238,
   910.385748876,
   1.06625610653
  ],
  [
   928.445731455,
   350.398171265,
   2.10046456479
  ],
  [
   705.730799881,
   415.235724715,
   0.154454894886
  ],
  [
   900.186621153,
   508.995230399,
   2.3363620682
  ],
  [
   610.25335061,
   331.420735111,
   2.05129705393
  ],
  [
   32.4611068475,
   738.014297443,
   1.57316100737
  ],
  [
   316.92082908,
   457.840837438,
   0.947430906798
  ],
  [
   644.138836152,
   183.205451515,
   2.49506195871
  ],
  [
   788.197855398,
   914.837688854,
   1.54951800327
  ],
  [
   266.02569527,
   965.059026516,
   0.0306838008436
  ],
  [
   744.532267999,
   37.5004074095,
   -3.08587235758
  ],
  [
   781.433853311,
   548.804519478,
   1.04102385922
  ],
  [
   511.97424884,
   497.37620817,
   0.74168179713
  ],
  [
   280.5297285,
   630.343460864,
   1.55631271336
  ],
  [
   908.989921195,
   853.794313127,
   2.61636751715
  ],
  [
   421.418947072,
   572.533682012,
   -0.0645474609549
  ],
  [
   839.093381462,
   786.021312854,
   -0.146934359333
  ],
  [
   571.802984353,
   76.7417419886,
   -0.646083097759
  ],
  [
   910.602807321,
   928.518383968,
   2.60784941614
  ],
  [
   909.12313826,
   592.589509739,
   2.33694933057
  ],
  [
   525.567474809,
   227.011129542,
   0.873917117103
  ],
  [
   305.779112496,
   277.909691508,
   0.835828428038
  ],
  [
   157.995884362,
   655.057483517,
   0.373490471779
  ],
  [
   851.813477406,
   709.252548322,
   -3.14133032753
  ],
  [
   337.871123811,
   98.0516409661,
   2.51058100481
  ],
  [
   709.268806554,
   280.572592043,
   1.68875039527
  ],
  [
   734.839892786,
   677.990364014,
   1.61538494375
  ],
  [
   430.314114109,
   410.026112705,
   2.40634638976
  ],
  [
   258.319639323,
   75.9937540078,
   2.51021826286
  ],
  [
   967.629229037,
   697.508259631,
   1.57059264394
  ],
  [
   431.839522923,
   136.709483355,
   2.02377775579
  ],
  [
   502.08922813,
   791.341619737,
   2.79384636345
  ],
  [
   722.582391686,
   879.487204176,
   1.54808681521
  ],
  [
   330.985022666,
   799.280171928,
   1.57651303327
  ],
  [
   595.30017939,
   888.428676889,
   1.5457112544
  ],
  [
   938.868942342,
   178.235091619,
   1.9377395235
  ],
  [
   61.1800677535,
   310.308989883,
   1.42257
  ],
  [
   397.332974902,
   643.995009622,
   -0.0148291267113
  ]
 ]
}