{
 "Object_Length": 149.07119849998597,
 "Object_Shape": "cuboid",
 "Object_Width": 44.72135954999579,
 "Workspace_Density": 0.4,
 "Workspace_Height": 1000,
 "Workspace_Width": 1000,
 "number_of_objects": 60,
 "point_list": [
  [
   914.662669259,
   858.617563421,
   3.13739537322
  ],
  [
   453.434832217,
   790.877036708,
   1.46202660579
  ],
  [
   762.858256873,
   235.961248421,
   2.20855926118
  ],
  [
   635.840657717,
   675.831272201,
   2.34473953555
  ],
  [
   156.402941643,
   370.774231092,
   2.2576001357
  ],
  [
   484.12824516,
   247.402236871,
   1.11406216894
  ],
  [
   224.758563971,
   550.007064162,
   2.25421655817
  ],
  [
   198.716172661,
   869.418438928,
   1.5274301613
  ],
  [
   514.031718379,
   752.291748578,
   1.46112376132
  ],
  [
   369.431372929,
   308.087808829,
   1.11701142362
  ],
  [
   634.953858882,
   258.389389157,
   1.076118357
  ],
  [
   849.434578564,
   558.110237635,
   0.0150163333499
  ],
  [
   966.775756876,
   483.470057201,
   1.56990215631
  ],
  [
   85.7625169818,
   272.46610829,
   0.685619921063
  ],
  [
   602.477337707,
   32.345188064,
   -0.000149080848758
  ],
  [
   847.945374389,
   493.5527632,
   0.0149310915024
  ],
  [
   302.67807249,
   63.6263963704,
   -0.413686030449
  ],
  [
   716.548923632,
   466.576209617,
   2.25881989732
  ],
  [
   810.461600781,
   317.29304845,
   1.94281925079
  ],
  [
   492.098329726,
   376.363659584,
   2.65062332456
  ],
  [
   693.574826402,
   728.759426975,
   -0.875231938111
  ],
  [
   453.163814133,
   918.009258031,
   0.261354530537
  ],
  [
   259.627781039,
   733.338784899,
   -0.0110815397697
  ],
  [
   901.641850253,
   84.7125227938,
   1.5683348602
  ],
  [
   84.9282975727,
   925.188444538,
   3.12852254313
  ],
  [
   103.161579604,
   600.190109466,
   0.724099177396
  ],
  [
   49.3363568159,
   801.741149765,
   1.78182884914
  ],
  [
   314.777179482,
   663.772720858,
   -0.0611013690124
  ],
  [
   688.810245699,
   391.591635357,
   2.20973263412
  ],
  [
   744.956379009,
   615.26179269,
   0.743255599039
  ],
  [
   304.339979733,
   380.34732461,
   0.68593031209
  ],
  [
   846.153188137,
   725.644871837,
   3.05440566188
  ],
  [
   734.736565509,
   912.416077662,
   1.45467794041
  ],
  [
   913.351202038,
   965.946698569,
   -0.00651239303021
  ],
  [
   894.395850945,
   374.187356381,
   1.48238523307
  ],
  [
   84.7004993693,
   670.282211308,
   0.724069446087
  ],
  [
   763.834840359,
   126.200548917,
   2.40795202514
  ],
  [
   965.61809254,
   741.282265222,
   1.57054070317
  ],
  [
   463.293656448,
   485.021389648,
   2.43266625282
  ],
  [
   442.056779909,
   609.215056469,
   0.357867899222
  ],
  [
   313.033694874,
   543.964051317,
   2.2551022732
  ],
  [
   684.646221027,
   110.435935912,
   2.40793898204
  ],
  [
   446.171516712,
   116.662407147,
   2.79751039509
  ],
  [
   558.387613324,
   580.007850117,
   1.24365492695
  ],
  [
   966.36270039,
   130.882970706,
   1.57049596299
  ],
  [
   386.267703907,
   778.466878917,
   1.45176218205
  ],
  [
   592.328748011,
   478.653402215,
   1.23662261227
  ],
  [
   415.569958235,
   255.038779406,
   1.11701447263
  ],
  [
   329.407745489,
   899.654250489,
   1.52533307013
  ],
  [
   590.963584902,
   313.77820583,
   1.07951007971
  ],
  [
   596.911382272,
   845.839096539,
   1.37169792561
  ],
  [
   97.4942963373,
   161.440301402,
   1.05954200996
  ],
  [
   263.193084903,
   208.170741557,
   1.38490172479
  ],
  [
   620.42687398,
   968.374907997,
   -0.00240477456344
  ],
  [
   911.729682301,
   241.003038546,
   0.638310834652
  ],
  [
   260.595357937,
   428.173691568,
   0.685891554474
  ],
  [
   265.443809074,
   914.273591114,
   1.52742923226
  ],
  [
   792.753808417,
   848.394473174,
   1.45763152482
  ],
  [
   911.834304997,
   625.83335388,
   3.07095490989
  ],
  [
   194.642003044,
   190.769513127,
   1.38468674894
  ]
 ]
}