{
 "Object_Length": 149.07119849998597,
 "Object_Shape": "cuboid",
 "Object_Width": 44.72135954999579,
 "Workspace_Density": 0.4,
 "Workspace_Height": 1000,
 "Workspace_Width": 1000,
 "number_of_objects": 60,
 "point_list": [
  [
   684.793755034,
   89.6423154262,
   1.79338791865
  ],
  [
   747.472889354,
   667.490221299,
   2.15831328653
  ],
  [
   683.831550483,
   385.281436202,
   2.53417174497
  ],
  [
   91.6592364867,
   902.268414164,
   0.622563742271
  ],
  [
   569.348945295,
   425.404947119,
   0.970791496569
  ],
  [
   769.146676861,
   486.093718817,
   2.50619329971
  ],
  [
   118.0711724,
   183.653818876,
   1.83555374266
  ],
  [
   262.690405163,
   513.646519695,
   0.331905260866
  ],
  [
   849.428283379,
   206.741395889,
   0.0573459584031
  ],
  [
   487.132021885,
   754.917340029,
   0.22326589212
  ],
  [
   968.73416041,
   837.431253771,
   1.57729385681
  ],
  [
   898.475525008,
   88.9675972839,
   1.57224683906
  ],
  [
   836.801555046,
   516.639973107,
   2.50498550904
  ],
  [
   638.660409646,
   716.891023114,
   2.05778261546
  ],
  [
   728.121538291,
   278.614897468,
   3.03805309347
  ],
  [
   320.844777308,
   210.976119014,
   0.673736415084
  ],
  [
   587.070504615,
   305.533845033,
   1.04425304875
  ],
  [
   751.25602821,
   89.5790222876,
   1.79220571487
  ],
  [
   348.035811317,
   392.593493782,
   2.92434028265
  ],
  [
   845.910711178,
   811.650994024,
   0.710740029985
  ],
  [
   571.102832349,
   628.611489479,
   2.54229442193
  ],
  [
   549.303386945,
   927.701540364,
   2.58508377712
  ],
  [
   448.614039584,
   288.490531637,
   1.39955814038
  ],
  [
   850.288294532,
   729.867918516,
   0.707423102295
  ],
  [
   682.914094373,
   967.610988497,
   3.14117748431
  ],
  [
   266.13571618,
   685.610936636,
   0.695320759966
  ],
  [
   851.999083864,
   955.463188023,
   3.14128957773
  ],
  [
   963.350595981,
   94.3581161872,
   1.57044453537
  ],
  [
   491.797738325,
   541.187213068,
   0.970683488471
  ],
  [
   430.83557588,
   112.53851153,
   1.89219048012
  ],
  [
   391.238427452,
   508.859233174,
   0.970554384702
  ],
  [
   208.060525162,
   364.349564615,
   1.68971739265
  ],
  [
   369.813686593,
   90.9377222226,
   -1.24940287756
  ],
  [
   669.446530317,
   562.992391165,
   0.936438712383
  ],
  [
   336.003844669,
   328.947358703,
   2.92465816858
  ],
  [
   289.427044049,
   620.864477017,
   0.695276334322
  ],
  [
   218.912197924,
   811.548891653,
   1.56078877612
  ],
  [
   535.678520099,
   490.69898165,
   0.970721672627
  ],
  [
   572.78273473,
   32.3756311308,
   0.000224661130286
  ],
  [
   677.04753348,
   216.435410632,
   3.06570613048
  ],
  [
   546.643008355,
   172.033053566,
   2.77635880469
  ],
  [
   886.758643909,
   675.894314284,
   0.707135665375
  ],
  [
   705.994083553,
   848.130715406,
   2.21135794229
  ],
  [
   723.505756306,
   439.20346694,
   2.50742546817
  ],
  [
   536.405951012,
   859.481892743,
   2.58519078842
  ],
  [
   32.3528075,
   305.268225963,
   1.57059708232
  ],
  [
   966.295091808,
   481.19239375,
   1.57262997858
  ],
  [
   90.365226351,
   482.700382731,
   2.72720117486
  ],
  [
   833.655459155,
   84.626103113,
   1.57356805932
  ],
  [
   202.804846783,
   168.480967834,
   1.58847394961
  ],
  [
   406.466182463,
   634.178551129,
   0.694919874806
  ],
  [
   845.99431384,
   319.354680982,
   2.47792780964
  ],
  [
   401.248782581,
   822.414619536,
   -0.0288982769397
  ],
  [
   376.841191142,
   962.145205045,
   3.07566015228
  ],
  [
   119.085118216,
   605.416995875,
   2.80972217481
  ],
  [
   284.031287284,
   849.453064676,
   1.56060879688
  ],
  [
   921.310013555,
   601.478404428,
   0.883050096795
  ],
  [
   257.746598113,
   57.4353145408,
   -2.81970179432
  ],
  [
   965.03803493,
   311.51611843,
   1.57434435952
  ],
  [
   127.702171581,
   728.370041513,
   2.53213258042
  ]
 ]
}