{
 "Object_Length": 149.07119849998597,
 "Object_Shape": "cuboid",
 "Object_Width": 44.72135954999579,
 "Workspace_Density": 0.4,
 "Workspace_Height": 1000,
 "Workspace_Width": 1000,
 "number_of_objects": 60,
 "point_list": [
  [
   293.994648284,
   265.023583452,
   1.37717767054
  ],
  [
   605.537522136,
   519.398617908,
   2.0502060468
  ],
  [
   169.159201694,
   680.729289957,
   0.254233531781
  ],
  [
   613.894027453,
   643.473635565,
   2.05378936281
  ],
  [
   781.996831428,
   218.802971401,
   -3.06643857459
  ],
  [
   212.964849225,
   188.026489094,
   1.38000899048
  ],
  [
   69.5824262815,
   460.059282262,
   2.10919950937
  ],
  [
   753.698821458,
   770.907576447,
   0.519750496177
  ],
  [
   492.685821865,
   763.226005952,
   1.18640394382
  ],
  [
   98.4752425808,
   914.198833918,
   1.62867155225
  ],
  [
   640.15225536,
   398.684011785,
   0.068323914906
  ],
  [
   86.745631893,
   338.536009996,
   -3.06178039363
  ],
  [
   465.772285917,
   436.33658189,
   1.30097443792
  ],
  [
   579.659543169,
   967.745302803,
   3.14090790756
  ],
  [
   345.384734487,
   697.779413489,
   2.74616978845
  ],
  [
   760.52339438,
   639.944221228,
   2.04877905913
  ],
  [
   509.576799475,
   601.18381645,
   1.34552051072
  ],
  [
   914.340923624,
   290.178858705,
   -3.10940819573
  ],
  [
   329.321983391,
   377.760874932,
   2.95668095518
  ],
  [
   595.557956673,
   277.739624321,
   1.6288852965
  ],
  [
   902.735027803,
   100.697794486,
   1.57073449999
  ],
  [
   325.504641206,
   828.07142883,
   2.02277068001
  ],
  [
   216.797285535,
   771.838932279,
   0.374499971215
  ],
  [
   967.460644247,
   152.121293686,
   1.57073493084
  ],
  [
   397.902312217,
   32.35956765,
   3.14085715269
  ],
  [
   235.391023092,
   552.80536881,
   2.34074796843
  ],
  [
   917.802142636,
   967.553462666,
   -3.14075096317
  ],
  [
   68.106157528,
   738.6192982,
   1.07913550811
  ],
  [
   910.359737233,
   601.438985249,
   0.226667028892
  ],
  [
   107.825211804,
   576.220780801,
   2.4842334102
  ],
  [
   394.529789436,
   832.101090229,
   2.0236530069
  ],
  [
   334.653557043,
   632.098803228,
   2.74618016185
  ],
  [
   659.127785373,
   273.5355248,
   1.63069236165
  ],
  [
   800.071192766,
   335.835374493,
   0.884778599897
  ],
  [
   651.003540201,
   78.2948660483,
   2.83252984195
  ],
  [
   495.454342417,
   888.565460028,
   2.8195587787
  ],
  [
   649.544324007,
   845.902940052,
   2.09019375317
  ],
  [
   748.676929094,
   962.035515389,
   -3.1389854822
  ],
  [
   699.723869378,
   616.15269635,
   2.04921502684
  ],
  [
   225.583384267,
   913.217412807,
   1.6333301606
  ],
  [
   774.553407923,
   462.839926155,
   1.36624063819
  ],
  [
   862.574106338,
   708.133071179,
   1.00267656419
  ],
  [
   476.149402834,
   154.917972927,
   1.12949110653
  ],
  [
   620.79967749,
   765.409919006,
   2.08934726365
  ],
  [
   773.741347354,
   96.3909913382,
   1.5709961865
  ],
  [
   761.603966888,
   896.96988703,
   -3.13416457704
  ],
  [
   278.063732635,
   87.6501213207,
   1.60229631405
  ],
  [
   527.88578573,
   323.67409893,
   1.62415726363
  ],
  [
   90.0394321266,
   194.313140963,
   0.273284833443
  ],
  [
   165.26010556,
   884.062262112,
   1.63110413168
  ],
  [
   538.939271145,
   109.969443854,
   1.26602039594
  ],
  [
   909.061861549,
   845.905195259,
   0.434693658521
  ],
  [
   349.877467132,
   495.561711339,
   1.29977866841
  ],
  [
   909.237507269,
   422.866447154,
   2.71702708969
  ],
  [
   967.312165433,
   737.590465781,
   1.57056940231
  ],
  [
   357.680811673,
   253.235405255,
   1.37684668295
  ],
  [
   404.639610514,
   154.97896391,
   1.12986727189
  ],
  [
   203.819410134,
   368.194152536,
   1.89861591757
  ],
  [
   910.559229244,
   527.675557912,
   0.120222040219
  ],
  [
   414.489981754,
   493.36759647,
   1.29960102438
  ]
 ]
}