{
 "Object_Radius": 89.20620580763855,
 "Object_Shape": "disc",
 "Workspace_Density": 0.5,
 "Workspace_Height": 1000,
 "Workspace_Width": 1000,
 "number_of_objects": 20,
 "point_list": [
  [
   908.2200673733872,
   721.7090417883873
  ],
  [
   279.3299413612859,
   93.7744540399441
  ],
  [
   340.96270865198085,
   725.3244083026862
  ],
  [
   93.7744540399441,
   908.225545958327
  ],
  [
   908.2219761669896,
   93.7744540399441
  ],
  [
   93.7744540399441,
   319.0265514168612
  ],
  [
   93.7744540399441,
   93.7744540399441
  ],
  [
   705.0034349441006,
   93.7744540399441
  ],
  [
   794.3639854336643,
   480.22913060799505
  ],
  [
   328.30068119206084,
   502.47879223329824
  ],
  [
   126.07001529119341,
   522.8504846112289
  ],
  [
   626.4770292488497,
   640.1683843973644
  ],
  [
   508.5808731156155,
   829.4103400650994
  ],
  [
   881.2479385797318,
   908.2255459600559
  ],
  [
   437.79609315965536,
   191.53619310110275
  ],
  [
   693.6752557092343,
   908.225198688211
  ],
  [
   620.5853830696084,
   297.0051369764808
  ],
  [
   93.7744540399441,
   705.5671700092439
  ],
  [
   908.225198688211,
   281.4683945945009
  ],
  [
   290.9195855544491,
   908.2255458482257
  ]
 ]
}