{
 "Object_Radius": 89.20620580763855,
 "Object_Shape": "disc",
 "Workspace_Density": 0.5,
 "Workspace_Height": 1000,
 "Workspace_Width": 1000,
 "number_of_objects": 20,
 "point_list": [
  [
   93.7744540399441,
   329.603043358013
  ],
  [
   459.69233082981833,
   693.7501174470531
  ],
  [
   514.923551882683,
   190.7843040783994
  ],
  [
   581.6078471107846,
   447.54702910975567
  ],
  [
   752.8228734942326,
   580.5058098949264
  ],
  [
   908.207521549017,
   908.2254941747791
  ],
  [
   304.97764889975645,
   908.1308091166862
  ],
  [
   292.61953629861586,
   439.0010189238776
  ],
  [
   93.7744540399441,
   601.9883368830433
  ],
  [
   721.7591363804617,
   908.2255459530371
  ],
  [
   93.7744540399441,
   908.1192542658501
  ],
  [
   284.61256644054214,
   624.8380859954505
  ],
  [
   356.75438498301185,
   93.7744540399441
  ],
  [
   93.7744540399441,
   93.7744540399441
  ],
  [
   536.0265212285395,
   908.2255448811866
  ],
  [
   761.3605306184087,
   395.13562956772336
  ],
  [
   263.2382915962327,
   254.0340768785159
  ],
  [
   904.9709586744622,
   93.7744540399441
  ],
  [
   908.2255297177562,
   280.88728160809603
  ],
  [
   695.9335806345129,
   93.7744540399441
  ]
 ]
}