{
 "Object_Radius": 89.20620580763855,
 "Object_Shape": "disc",
 "Workspace_Density": 0.5,
 "Workspace_Height": 1000,
 "Workspace_Width": 1000,
 "number_of_objects": 20,
 "point_list": [
  [
   377.21266458084773,
   306.8273545584387
  ],
  [
   721.063064922995,
   764.1165013364927
  ],
  [
   154.81848515246867,
   837.2562569298731
  ],
  [
   93.7744540399441,
   604.857241762175
  ],
  [
   276.8541364989651,
   493.5941803150376
  ],
  [
   211.9493557693093,
   93.7744540399441
  ],
  [
   561.1167054276884,
   188.51936959920312
  ],
  [
   93.7744540399441,
   238.06853728830694
  ],
  [
   721.1792337411766,
   93.7744540399441
  ],
  [
   401.32813057771915,
   93.7744540399441
  ],
  [
   908.2154555774688,
   720.6547436295643
  ],
  [
   908.1131569989003,
   534.6033279263845
  ],
  [
   601.7989370536162,
   908.1609292023948
  ],
  [
   908.2255459600559,
   93.7744540399441
  ],
  [
   757.909558257399,
   421.2185638816711
  ],
  [
   908.2255458968863,
   908.211883347039
  ],
  [
   873.4848628002339,
   276.0420503879017
  ],
  [
   575.2971530840289,
   376.4707068873004
  ],
  [
   425.39253360484884,
   625.7318866905183
  ],
  [
   632.5435079891298,
   558.0521276426434
  ]
 ]
}