{
 "Object_Radius": 89.20620580763855,
 "Object_Shape": "disc",
 "Workspace_Density": 0.5,
 "Workspace_Height": 1000,
 "Workspace_Width": 1000,
 "number_of_objects": 20,
 "point_list": [
  [
   908.2255347877775,
   347.51274791980774
  ],
  [
   724.2224008033825,
   509.09030084371733
  ],
  [
   351.51598380894217,
   908.2255459600559
  ],
  [
   908.1981034998403,
   720.6834496922244
  ],
  [
   722.6766381898228,
   908.2255459600559
  ],
  [
   534.3626702484066,
   301.69518491287323
  ],
  [
   304.77396794766605,
   321.14359016783817
  ],
  [
   537.0779859187785,
   908.2255459571534
  ],
  [
   444.8950425466027,
   477.92501425287486
  ],
  [
   908.2255459600559,
   908.1907555595724
  ],
  [
   165.96702658089518,
   908.2255459600559
  ],
  [
   908.2255459473627,
   93.7744540399441
  ],
  [
   280.438716694388,
   674.4569303312423
  ],
  [
   709.4584146390139,
   709.9811303939391
  ],
  [
   457.67303066693887,
   132.6916472869616
  ],
  [
   200.92299587754735,
   93.7744540399441
  ],
  [
   701.2444359271374,
   93.7744540399441
  ],
  [
   723.2906304566613,
   279.9550751030602
  ],
  [
   93.7744540399441,
   628.3284750104918
  ],
  [
   908.225545903155,
   533.1002704048074
  ]
 ]
}