{
 "Object_Radius": 89.20620580763855,
 "Object_Shape": "disc",
 "Workspace_Density": 0.5,
 "Workspace_Height": 1000,
 "Workspace_Width": 1000,
 "number_of_objects": 20,
 "point_list": [
  [
   907.9021717675415,
   653.9604887417449
  ],
  [
   93.7744540399441,
   908.2254816403272
  ],
  [
   766.1183345540193,
   788.419770106114
  ],
  [
   908.2255459600559,
   908.2255459600559
  ],
  [
   93.7744540399441,
   694.277278552745
  ],
  [
   273.4902034276423,
   164.484885541429
  ],
  [
   176.47037534679095,
   328.96406933525054
  ],
  [
   93.7744540399441,
   93.7744540399441
  ],
  [
   605.5681596113668,
   907.7852305365674
  ],
  [
   402.60444558991804,
   625.2809576481459
  ],
  [
   449.72888328001466,
   93.7744540399441
  ],
  [
   668.8520298138194,
   625.6298100611822
  ],
  [
   650.954314503575,
   93.7744540399441
  ],
  [
   906.8777298778333,
   93.7744540399441
  ],
  [
   391.9223741215053,
   907.5125686060899
  ],
  [
   652.5001618569938,
   279.5436839306915
  ],
  [
   466.434210436638,
   335.8188671514334
  ],
  [
   854.672910563734,
   311.52364758195404
  ],
  [
   727.8049247623841,
   449.61871603927017
  ],
  [
   259.7480626854213,
   500.92988055949934
  ]
 ]
}