{
 "Object_Length": 223.60679774997897,
 "Object_Shape": "cuboid",
 "Object_Width": 67.08203932499369,
 "Workspace_Density": 0.3,
 "Workspace_Height": 1000,
 "Workspace_Width": 1000,
 "number_of_objects": 20,
 "point_list": [
  [
   313.8158091593611,
   740.5722706915046,
   2.76790360206
  ],
  [
   829.3207564506818,
   882.6534656583099,
   1.43812278397
  ],
  [
   765.6966635484051,
   166.26584656162078,
   0.41973207023
  ],
  [
   69.61023914420937,
   668.8377952728525,
   1.76980422583
  ],
  [
   161.65487362514492,
   158.97449222794705,
   1.39930925844
  ],
  [
   333.0898940052357,
   194.71280660344888,
   1.17055785121
  ],
  [
   691.8254025880647,
   844.6337429444893,
   1.42831273209
  ],
  [
   545.8540267764076,
   82.16843518467314,
   2.81537228831
  ],
  [
   342.0047016148901,
   375.17344281448686,
   0.784626047552
  ],
  [
   303.30862309080203,
   546.5679757015727,
   2.32358403025
  ],
  [
   896.6278221168917,
   366.7131067885267,
   2.12920822729
  ],
  [
   541.5318037999499,
   307.23965549202296,
   0.887715631874
  ],
  [
   414.04589856530583,
   878.9546437989294,
   1.15752401659
  ],
  [
   615.5319616904418,
   244.42516812210113,
   0.932125470797
  ],
  [
   479.3951926062042,
   772.5766672907534,
   1.45483924499
  ],
  [
   184.80650016083462,
   865.1333632704066,
   0.422380903698
  ],
  [
   622.6383804675131,
   484.6121069648339,
   2.39454821486
  ],
  [
   720.1019969012674,
   562.521668456548,
   2.40364066535
  ],
  [
   908.6057836337955,
   569.061016499582,
   2.16463254945
  ],
  [
   149.8913983933817,
   467.61488241311883,
   2.96717341333
  ]
 ]
}