{
 "Object_Length": 223.60679774997897,
 "Object_Shape": "cuboid",
 "Object_Width": 67.08203932499369,
 "Workspace_Density": 0.3,
 "Workspace_Height": 1000,
 "Workspace_Width": 1000,
 "number_of_objects": 20,
 "point_list": [
  [
   310.72110019668344,
   770.0520891676467,
   1.03562866871
  ],
  [
   902.9928101190326,
   236.95810376129313,
   1.06510400205
  ],
  [
   582.324273185483,
   555.6544116255202,
   3.01707248374
  ],
  [
   362.9599071681953,
   301.7883822249095,
   1.99711743589
  ],
  [
   111.73720762696199,
   727.7064006752006,
   0.626241953832
  ],
  [
   236.7749264976784,
   81.76921243228635,
   0.354132510525
  ],
  [
   619.6282748640307,
   377.6449824166645,
   0.0249957352181
  ],
  [
   606.1417160912202,
   743.6492594474175,
   1.36742988823
  ],
  [
   931.7634233581997,
   629.9770594220016,
   1.27138695242
  ],
  [
   758.8981595200872,
   173.9871856443073,
   1.1930071416
  ],
  [
   524.5658907709097,
   841.170184422066,
   1.10627803031
  ],
  [
   793.0767772100437,
   813.2796361288656,
   3.07658491537
  ],
  [
   360.98275688148885,
   513.8173097289089,
   2.97212803646
  ],
  [
   130.39852455493102,
   468.4506010466609,
   2.4506315234
  ],
  [
   92.8295936560511,
   248.1675696703501,
   1.86405104295
  ],
  [
   229.73019768813475,
   936.5736834854649,
   3.08277857709
  ],
  [
   464.4557655035426,
   162.73777794518682,
   0.763168631747
  ],
  [
   240.16646076579457,
   616.7142133995857,
   2.86974477586
  ],
  [
   888.9651586147195,
   412.00115414359993,
   0.753536775709
  ],
  [
   625.2258528789462,
   184.7060208096198,
   0.795403822165
  ]
 ]
}