{
 "Object_Length": 223.60679774997897,
 "Object_Shape": "cuboid",
 "Object_Width": 67.08203932499369,
 "Workspace_Density": 0.3,
 "Workspace_Height": 1000,
 "Workspace_Width": 1000,
 "number_of_objects": 20,
 "point_list": [
  [
   785.4378795120335,
   631.1465541237546,
   1.04868150859
  ],
  [
   276.8184401978446,
   505.6964216451003,
   0.540837811115
  ],
  [
   149.05161450711614,
   763.7177770049908,
   0.211421186744
  ],
  [
   547.0691315398508,
   856.6753463260333,
   2.48512640332
  ],
  [
   165.01773083647552,
   68.70735560395372,
   2.9067082341
  ],
  [
   459.1653574224506,
   813.0704714023291,
   2.21376343324
  ],
  [
   931.4423721570163,
   652.8318821239807,
   1.41121406156
  ],
  [
   805.4776441249272,
   342.35480238309947,
   0.558790052081
  ],
  [
   652.9834875957422,
   368.7826775316307,
   0.557474196317
  ],
  [
   297.7944989564566,
   278.1700883081469,
   0.44633874821
  ],
  [
   392.9723024800834,
   140.56911222795355,
   2.99298843839
  ],
  [
   371.84551115628693,
   730.7946115711967,
   1.82529870216
  ],
  [
   507.46144038655166,
   443.44514046083333,
   0.105880332945
  ],
  [
   884.1661068099531,
   186.11978691878662,
   1.88649556543
  ],
  [
   695.5243599045045,
   868.9752387357192,
   2.35709402905
  ],
  [
   804.9736928769573,
   953.0763029707891,
   3.13580333699
  ],
  [
   614.8583723582075,
   599.6965388438877,
   0.669700395428
  ],
  [
   150.44907681576245,
   172.93137729458095,
   2.71186617088
  ],
  [
   45.32246021202795,
   405.50875143181736,
   1.54947408699
  ],
  [
   215.2501522381676,
   613.4205146895434,
   0.469722532369
  ]
 ]
}