{
 "Object_Length": 223.60679774997897,
 "Object_Shape": "cuboid",
 "Object_Width": 67.08203932499369,
 "Workspace_Density": 0.3,
 "Workspace_Height": 1000,
 "Workspace_Width": 1000,
 "number_of_objects": 20,
 "point_list": [
  [
   445.3766760383512,
   874.8012630400628,
   1.54245328776
  ],
  [
   503.04627787659,
   180.27076180504304,
   1.12895240869
  ],
  [
   745.9440639453609,
   882.9105530623934,
   1.76160338456
  ],
  [
   929.6736781445409,
   215.64648136333508,
   1.85194852619
  ],
  [
   385.74662638862816,
   372.3041064848298,
   2.52615719959
  ],
  [
   219.10001238372604,
   439.5598759328915,
   1.78024176472
  ],
  [
   341.2798498140759,
   802.2425576506532,
   1.57541650303
  ],
  [
   64.85029171572648,
   311.5335482206043,
   1.42444563485
  ],
  [
   740.5608796461763,
   582.8236863671478,
   1.84243072536
  ],
  [
   367.08327852414186,
   577.0571865946677,
   0.631655245011
  ],
  [
   162.12910126159784,
   83.58902261717279,
   0.15441372431
  ],
  [
   873.0502333920332,
   708.5089597819035,
   1.91505020928
  ],
  [
   669.184315692296,
   122.59125756125813,
   1.23069037006
  ],
  [
   228.0811263840494,
   664.0623806455988,
   2.86047225269
  ],
  [
   378.02777095169563,
   126.49283663032524,
   0.941637003649
  ],
  [
   633.0625669057823,
   551.6600608660547,
   1.81691475251
  ],
  [
   44.50101997009698,
   554.1870210769529,
   1.51423465459
  ],
  [
   639.7944100134932,
   308.71258314648253,
   2.74227095051
  ],
  [
   182.07632657507952,
   852.8218080200779,
   0.370663589756
  ],
  [
   588.4719165235963,
   745.4891555621194,
   1.04450244041
  ]
 ]
}