{
 "Object_Length": 223.60679774997897,
 "Object_Shape": "cuboid",
 "Object_Width": 67.08203932499369,
 "Workspace_Density": 0.3,
 "Workspace_Height": 1000,
 "Workspace_Width": 1000,
 "number_of_objects": 20,
 "point_list": [
  [
   861.3729750337599,
   849.0688970894016,
   2.27849813317
  ],
  [
   872.1411211080666,
   54.12881428686958,
   0.160214197133
  ],
  [
   251.11675170354044,
   327.20593184293296,
   0.507453909871
  ],
  [
   710.6866509123364,
   417.1149208996437,
   2.50572985154
  ],
  [
   418.78953522606383,
   877.7110222701222,
   0.373936998611
  ],
  [
   411.97063007341495,
   134.26279468174388,
   0.0953977722138
  ],
  [
   943.0390822695127,
   399.2331879724217,
   1.54786626684
  ],
  [
   340.44557716844656,
   698.2514077188977,
   2.38331984532
  ],
  [
   430.2002955217713,
   511.98775195332246,
   0.931330025845
  ],
  [
   826.1289641361992,
   153.13911204079903,
   0.0757238796939
  ],
  [
   81.77932680294879,
   246.55516168813475,
   1.90557398387
  ],
  [
   665.8833766624715,
   855.1601282206537,
   2.20672272461
  ],
  [
   125.72369694717784,
   453.12324756820686,
   1.97976464676
  ],
  [
   226.53982452703485,
   595.2919408927244,
   1.93846603739
  ],
  [
   653.2751425397183,
   191.7378290181067,
   1.74510338871
  ],
  [
   832.6151770336888,
   655.2038868731893,
   1.51933180255
  ],
  [
   591.3104663806861,
   704.3416233258945,
   3.13211201032
  ],
  [
   375.725934160786,
   303.84979519690654,
   0.409578355985
  ],
  [
   491.4061780199643,
   782.4315476054827,
   0.444255637654
  ],
  [
   155.29294938876396,
   915.8148614759963,
   0.486331471135
  ]
 ]
}