{
 "Object_Radius": 46.06588659617807,
 "Object_Shape": "disc",
 "Workspace_Density": 0.2,
 "Workspace_Height": 1000,
 "Workspace_Width": 1000,
 "number_of_objects": 30,
 "point_list": [
  [
   827.9204966554179,
   938.6304660551008
  ],
  [
   551.4685260139685,
   570.8843513390116
  ],
  [
   144.92597536018604,
   751.3413153688538
  ],
  [
   772.793377459224,
   48.90852206002519
  ],
  [
   463.44036577059035,
   530.596591880264
  ],
  [
   730.7907883217957,
   196.3489988372182
  ],
  [
   48.90852206002519,
   891.5127703674128
  ],
  [
   70.92764007782715,
   533.3611874875305
  ],
  [
   849.5401778301307,
   790.6541568430691
  ],
  [
   409.3772643369191,
   392.5432510660402
  ],
  [
   638.7663581275051,
   907.9149745630754
  ],
  [
   456.9654094345154,
   800.9234915162492
  ],
  [
   245.73172564145338,
   144.7522464096932
  ],
  [
   953.0914779399748,
   452.9056174483912
  ],
  [
   138.80227224613162,
   621.8019420758541
  ],
  [
   340.21377387009755,
   192.0946265026125
  ],
  [
   600.2852139643686,
   473.7366827301361
  ],
  [
   953.0914779399748,
   712.3859696164628
  ],
  [
   542.9747207979095,
   206.07640247555653
  ],
  [
   362.32505842929544,
   517.4358983651391
  ],
  [
   536.0206785545118,
   915.3118625486982
  ],
  [
   953.0914779399748,
   321.3402364887583
  ],
  [
   568.2713332057577,
   722.4598397820766
  ],
  [
   268.2627751297781,
   499.1823785069133
  ],
  [
   660.5786208188686,
   48.90852206002519
  ],
  [
   925.8860921516451,
   953.0914779399748
  ],
  [
   389.691181911168,
   48.90852206002519
  ],
  [
   155.63413944126296,
   333.5761482195267
  ],
  [
   251.5073121837479,
   48.90852206002519
  ],
  [
   359.6499223696462,
   769.9971162124212
  ]
 ]
}