{
 "Object_Radius": 46.06588659617807,
 "Object_Shape": "disc",
 "Workspace_Density": 0.2,
 "Workspace_Height": 1000,
 "Workspace_Width": 1000,
 "number_of_objects": 30,
 "point_list": [
  [
   953.0914779399748,
   392.58774648579316
  ],
  [
   243.27912151154874,
   873.0393560284044
  ],
  [
   340.2987947950396,
   646.2927510822138
  ],
  [
   80.57767188159279,
   724.3673649584081
  ],
  [
   243.84813250716465,
   115.44485727538311
  ],
  [
   137.18991449381167,
   481.0110110967636
  ],
  [
   437.03582478882663,
   233.50291061434348
  ],
  [
   329.58857669219464,
   172.9585701015356
  ],
  [
   833.9306630214367,
   607.3580999361549
  ],
  [
   689.5627867071726,
   129.09514894987018
  ],
  [
   240.57408750750346,
   464.2595321085954
  ],
  [
   701.8411505900688,
   723.0340678124978
  ],
  [
   636.9122357055236,
   48.90852206002519
  ],
  [
   709.3676828031864,
   537.5610291240107
  ],
  [
   896.7345453311582,
   127.49301550041503
  ],
  [
   76.7059879805407,
   161.32679801880892
  ],
  [
   732.8195352166666,
   316.7079120325945
  ],
  [
   191.68979713700364,
   211.4815483813106
  ],
  [
   374.0648467161122,
   776.4641637249299
  ],
  [
   806.8679756078512,
   217.1207812920178
  ],
  [
   840.1948620154707,
   322.6376496710046
  ],
  [
   59.65096283429839,
   623.27346678857
  ],
  [
   293.0796088584758,
   310.3073971007202
  ],
  [
   66.92886802612311,
   266.0466499827689
  ],
  [
   583.2483826348221,
   743.5718557491797
  ],
  [
   241.2629569082818,
   770.1297852381779
  ],
  [
   527.6105909176697,
   650.4216675394736
  ],
  [
   914.4132137268366,
   671.3046068240134
  ],
  [
   372.8215318828968,
   552.1098785774732
  ],
  [
   436.9793252769202,
   927.6668124834637
  ]
 ]
}