{
 "Object_Radius": 46.06588659617807,
 "Object_Shape": "disc",
 "Workspace_Density": 0.2,
 "Workspace_Height": 1000,
 "Workspace_Width": 1000,
 "number_of_objects": 30,
 "point_list": [
  [
   66.2931948120963,
   647.903313902443
  ],
  [
   406.7118210812647,
   48.90852206002519
  ],
  [
   514.5668158577015,
   231.60474054588667
  ],
  [
   813.5812510695235,
   953.0914779399748
  ],
  [
   158.5236415527374,
   621.9331626242425
  ],
  [
   832.9348181452019,
   858.1269189494466
  ],
  [
   886.5335182611722,
   778.2735330223817
  ],
  [
   48.90852206002519,
   809.8831536310009
  ],
  [
   526.0602727934131,
   953.0914779399748
  ],
  [
   336.44528640795545,
   522.0792485073167
  ],
  [
   815.6055892777346,
   698.9547658342966
  ],
  [
   717.6950608631757,
   953.0914779399748
  ],
  [
   621.877527319973,
   953.0914779399748
  ],
  [
   627.4469127969244,
   243.28024435119937
  ],
  [
   614.1257898800023,
   109.78991942101703
  ],
  [
   953.0914779399748,
   874.4654486948649
  ],
  [
   181.76373655360047,
   393.01775125817016
  ],
  [
   342.9375852384382,
   830.2096484129654
  ],
  [
   894.4941185517181,
   384.7460223086401
  ],
  [
   190.03503475243372,
   953.0914779399748
  ],
  [
   509.4543454459781,
   842.4684575657363
  ],
  [
   847.1738129470602,
   469.33624542300726
  ],
  [
   953.0914779399748,
   636.2319043656784
  ],
  [
   869.4165808996678,
   177.83948092150047
  ],
  [
   245.63424469342024,
   672.9609769188085
  ],
  [
   233.6327814274135,
   138.68109623558823
  ],
  [
   243.91087207009232,
   474.6434054229645
  ],
  [
   612.0340636155493,
   856.5688215043798
  ],
  [
   520.8502590214899,
   135.1171575428754
  ],
  [
   48.90852206002519,
   920.481910764452
  ]
 ]
}