{
 "Object_Radius": 46.06588659617807,
 "Object_Shape": "disc",
 "Workspace_Density": 0.2,
 "Workspace_Height": 1000,
 "Workspace_Width": 1000,
 "number_of_objects": 30,
 "point_list": [
  [
   362.8848789323844,
   712.7358843180803
  ],
  [
   687.2414964368255,
   401.0405910063761
  ],
  [
   525.2483055805873,
   873.366083584388
  ],
  [
   848.5872823571949,
   561.5570494146452
  ],
  [
   612.0046714742718,
   635.7201174168852
  ],
  [
   209.64476130980037,
   484.58377670752293
  ],
  [
   586.6187332109781,
   456.32563662876265
  ],
  [
   58.361321728692126,
   930.6551896396885
  ],
  [
   564.1146214958893,
   549.462466433699
  ],
  [
   124.40592325578403,
   841.9266013976682
  ],
  [
   889.2363407350579,
   199.21578369118564
  ],
  [
   101.71137169004972,
   562.9389491322073
  ],
  [
   946.0922125367672,
   837.1476874119294
  ],
  [
   682.1068521079901,
   121.55619171022767
  ],
  [
   751.1334414356633,
   579.2836182584138
  ],
  [
   457.28660564419874,
   532.5903356621762
  ],
  [
   792.2144281938635,
   80.9468504884585
  ],
  [
   890.7356298810785,
   680.9699275073108
  ],
  [
   740.6765989830873,
   953.0914779399748
  ],
  [
   507.8474625668608,
   758.1822421001025
  ],
  [
   412.3487094710926,
   286.201750892929
  ],
  [
   534.7757141125664,
   200.3413302048908
  ],
  [
   383.95763981351183,
   387.5018085720028
  ],
  [
   272.5027603475625,
   227.96667699943185
  ],
  [
   848.1386896430078,
   953.0914779399748
  ],
  [
   48.90852206002519,
   386.1271014570008
  ],
  [
   156.76242614339606,
   397.6512396049916
  ],
  [
   688.0544618343374,
   506.83545488247415
  ],
  [
   424.0858897293416,
   952.452915656881
  ],
  [
   878.1541745330253,
   445.53970947462363
  ]
 ]
}