{
 "Object_Radius": 46.06588659617807,
 "Object_Shape": "disc",
 "Workspace_Density": 0.2,
 "Workspace_Height": 1000,
 "Workspace_Width": 1000,
 "number_of_objects": 30,
 "point_list": [
  [
   953.0914779399748,
   881.1294044040919
  ],
  [
   742.0807148004759,
   593.7183058634062
  ],
  [
   822.8978956451894,
   877.9964842062302
  ],
  [
   953.0914779399748,
   171.08515116211117
  ],
  [
   841.1417450415427,
   524.9630017979625
  ],
  [
   210.738781056402,
   952.4633059017061
  ],
  [
   875.7630047997761,
   114.5057909015944
  ],
  [
   897.560243870695,
   345.4298843787359
  ],
  [
   752.8033782532628,
   245.2047056151886
  ],
  [
   812.5237373196572,
   725.2960370961231
  ],
  [
   342.34152920285237,
   458.36925270500495
  ],
  [
   644.7825283601859,
   166.409738562567
  ],
  [
   287.6448609823276,
   116.6209937399024
  ],
  [
   953.0914779399748,
   535.1022449672507
  ],
  [
   48.90852206002519,
   953.0914779399748
  ],
  [
   402.24513340507235,
   806.6964429852587
  ],
  [
   775.330422619193,
   132.7014691023469
  ],
  [
   243.19749898901745,
   321.1229785904499
  ],
  [
   123.04406173981452,
   52.675183259775714
  ],
  [
   356.2261899065368,
   693.7965006871954
  ],
  [
   68.55372287319243,
   794.7395083575175
  ],
  [
   239.62560945055367,
   428.11043136788976
  ],
  [
   713.0752275155944,
   499.79693504599095
  ],
  [
   392.55517369838134,
   64.4613004493473
  ],
  [
   600.6678191713962,
   878.8273346828887
  ],
  [
   810.9072765982753,
   421.44869805403454
  ],
  [
   497.64207137184707,
   870.8047977505917
  ],
  [
   482.71031046602644,
   253.75554575053482
  ],
  [
   673.350341202571,
   669.1504294211852
  ],
  [
   98.74274051726428,
   321.8264076787439
  ]
 ]
}