{
 "Object_Radius": 46.06588659617807,
 "Object_Shape": "disc",
 "Workspace_Density": 0.2,
 "Workspace_Height": 1000,
 "Workspace_Width": 1000,
 "number_of_objects": 30,
 "point_list": [
  [
   536.0201488336172,
   48.90852206002519
  ],
  [
   953.0914779399748,
   440.1592751239772
  ],
  [
   639.2449856736773,
   300.3187861377267
  ],
  [
   250.12345196695495,
   710.3409182723656
  ],
  [
   124.00052620719049,
   799.4027845908821
  ],
  [
   410.5051894373498,
   787.2950105565031
  ],
  [
   80.60495663496658,
   710.931948733471
  ],
  [
   427.414555664282,
   565.936247282714
  ],
  [
   645.8793338852123,
   756.873432428564
  ],
  [
   784.5455906550316,
   356.076185651735
  ],
  [
   841.2188766908331,
   252.5225638191979
  ],
  [
   908.5778299417518,
   697.8674113370303
  ],
  [
   953.0914779399748,
   953.0914779399748
  ],
  [
   473.57168732686404,
   303.86322778515006
  ],
  [
   525.9056157523273,
   144.190444347751
  ],
  [
   701.6596340981315,
   88.01077734196639
  ],
  [
   810.9606423037594,
   881.8002169630222
  ],
  [
   737.1689836886011,
   953.0914779399748
  ],
  [
   953.0914779399748,
   847.7345523443441
  ],
  [
   953.0914779399748,
   81.69744153311427
  ],
  [
   184.00419969178228,
   950.944161421658
  ],
  [
   360.07485816185476,
   693.2035535325654
  ],
  [
   544.7166815786718,
   614.8229041448556
  ],
  [
   389.9523944805713,
   385.70074856779587
  ],
  [
   101.95683046455062,
   98.20126445994414
  ],
  [
   798.4860828193082,
   143.76498036216077
  ],
  [
   246.97086282218834,
   569.9081023685412
  ],
  [
   814.8644039794317,
   48.90852206002519
  ],
  [
   430.1449488140647,
   198.99246879327214
  ],
  [
   73.65913588721229,
   470.8446241360306
  ]
 ]
}