{
 "Object_Radius": 56.41895835477563,
 "Object_Shape": "disc",
 "Workspace_Density": 0.6,
 "Workspace_Height": 1000,
 "Workspace_Width": 1000,
 "number_of_objects": 60,
 "point_list": [
  [
   720.2509692664564,
   637.2109559932842
  ],
  [
   59.67571668896666,
   333.5578657757146
  ],
  [
   374.45444972644907,
   769.8779841908718
  ],
  [
   601.1914439078403,
   234.37629619874616
  ],
  [
   773.5666754563357,
   435.17786859596583
  ],
  [
   835.3055892446964,
   825.818595130531
  ],
  [
   351.6390287719835,
   178.8151066569213
  ],
  [
   341.7786837899096,
   523.7636602581638
  ],
  [
   825.9271317719486,
   119.08164952946606
  ],
  [
   177.12652489871624,
   942.3242833077007
  ],
  [
   87.46062092083932,
   82.13533382285263
  ],
  [
   692.5354893147112,
   145.24420110955248
  ],
  [
   440.6933530698617,
   439.6334912919043
  ],
  [
   596.9598237151895,
   606.6087455726376
  ],
  [
   356.1297232263042,
   59.67571668896666
  ],
  [
   817.1933705861247,
   569.0673067433239
  ],
  [
   942.3242833070276,
   59.67571668896666
  ],
  [
   694.981780611081,
   522.3318050673082
  ],
  [
   942.3104958294052,
   777.3637214738831
  ],
  [
   59.67571668896666,
   452.9759605023344
  ],
  [
   59.67571668896666,
   694.4855784675105
  ],
  [
   821.213178269535,
   942.3242831307243
  ],
  [
   59.67571668896666,
   211.58465162118333
  ],
  [
   668.8264257753301,
   743.4524331622138
  ],
  [
   719.7764379818461,
   849.871668377755
  ],
  [
   493.9815581113447,
   739.1328220604735
  ],
  [
   942.3242833079114,
   307.4430276271327
  ],
  [
   178.1069085678404,
   823.721781908401
  ],
  [
   579.5184752879715,
   820.2923216122241
  ],
  [
   609.9778719319722,
   59.67571668896666
  ],
  [
   411.8407356634944,
   942.3242833110334
  ],
  [
   942.3242829128966,
   190.09159383228234
  ],
  [
   230.99691175727028,
   128.23772342607361
  ],
  [
   339.6431770216532,
   647.9513489221383
  ],
  [
   59.67571668896666,
   942.32428330764
  ],
  [
   529.192275140612,
   942.3242833093534
  ],
  [
   942.3242833079661,
   542.3356908193762
  ],
  [
   940.9520644171492,
   942.3241988082472
  ],
  [
   224.31456697938202,
   509.3740254169767
  ],
  [
   646.5713640413824,
   942.2943410407672
  ],
  [
   214.61157889271536,
   628.1377982473763
  ],
  [
   942.3242833079114,
   424.875610144775
  ],
  [
   555.2780528932149,
   477.1837636173222
  ],
  [
   169.152599952298,
   272.0657091163893
  ],
  [
   462.3032382476286,
   560.8596771107927
  ],
  [
   294.48930312999744,
   942.3242833090104
  ],
  [
   478.5727198854532,
   59.67571668896666
  ],
  [
   300.8405180801236,
   288.2484989506073
  ],
  [
   258.94868040598374,
   737.6700674102481
  ],
  [
   659.6582993349872,
   396.2037943468095
  ],
  [
   519.0687223395015,
   350.41089693477187
  ],
  [
   59.67571668896666,
   571.4127262865702
  ],
  [
   480.7931308554911,
   196.64523832884566
  ],
  [
   326.82526150581674,
   404.0353001564774
  ],
  [
   827.4618090302055,
   704.9940859695063
  ],
  [
   826.1700028647116,
   330.2215962279842
  ],
  [
   59.67571668896666,
   814.1716038306449
  ],
  [
   197.00664696416314,
   387.8929293057064
  ],
  [
   942.3242833079114,
   659.7736935831098
  ],
  [
   735.9952202538686,
   254.51960369313264
  ]
 ]
}