{
 "Object_Radius": 56.41895835477563,
 "Object_Shape": "disc",
 "Workspace_Density": 0.6,
 "Workspace_Height": 1000,
 "Workspace_Width": 1000,
 "number_of_objects": 60,
 "point_list": [
  [
   727.7768282476411,
   241.38327146223452
  ],
  [
   465.8718803582886,
   596.3625963531078
  ],
  [
   942.3242826851283,
   822.6668765066197
  ],
  [
   822.9660505035639,
   469.8315280058784
  ],
  [
   850.0416179195016,
   228.71556450703386
  ],
  [
   224.78077164064743,
   767.273287908744
  ],
  [
   227.5220663124007,
   942.1995639934938
  ],
  [
   942.32428330099,
   358.24189003687917
  ],
  [
   440.68489939153557,
   829.6876661295394
  ],
  [
   385.6592170755061,
   147.45200085391144
  ],
  [
   922.8582836211917,
   129.28030263758555
  ],
  [
   444.762531688636,
   248.8724156423165
  ],
  [
   581.3351081920827,
   59.67571668896666
  ],
  [
   59.67571668896666,
   178.9598227063621
  ],
  [
   942.3202421436262,
   702.5436999048485
  ],
  [
   711.858894679238,
   705.6008485835437
  ],
  [
   307.75398344485956,
   59.67571668896666
  ],
  [
   588.599990619499,
   489.5445225730315
  ],
  [
   118.75358030753772,
   407.50483838530704
  ],
  [
   674.4770352979355,
   593.8146763848564
  ],
  [
   190.4014918717622,
   59.67571668896666
  ],
  [
   322.2306815461084,
   524.6117961992389
  ],
  [
   189.72771016002167,
   522.4910738889425
  ],
  [
   640.9888426489925,
   162.02199298929784
  ],
  [
   365.64090317047,
   413.25621403322765
  ],
  [
   337.4175508168829,
   297.9890066145481
  ],
  [
   476.1615608938639,
   361.98356835496907
  ],
  [
   669.6729950294,
   817.9025299214109
  ],
  [
   708.4619792610763,
   359.6682977709519
  ],
  [
   343.3425562785505,
   751.3645588306805
  ],
  [
   660.0320634180141,
   942.3242769319218
  ],
  [
   213.54716558985922,
   650.1170091715961
  ],
  [
   454.93829972538265,
   713.2035843085293
  ],
  [
   942.3097854805641,
   476.63650095306207
  ],
  [
   824.8725182451708,
   344.10256636041487
  ],
  [
   797.5231140139309,
   123.29569089161834
  ],
  [
   467.5828015277274,
   479.023493572958
  ],
  [
   537.1387265903902,
   940.9773271918393
  ],
  [
   276.5247814686213,
   194.27632991618788
  ],
  [
   909.499209620779,
   589.6593188928767
  ],
  [
   558.1319828249204,
   769.0822216581655
  ],
  [
   59.67571668896666,
   942.3169629193198
  ],
  [
   59.67571668896666,
   300.39627377738907
  ],
  [
   792.0139832001906,
   589.6397686235991
  ],
  [
   570.3750796850974,
   649.8715740350517
  ],
  [
   523.5521334656308,
   161.85272231042828
  ],
  [
   165.55717465497085,
   232.58651453070527
  ],
  [
   225.83221995411202,
   336.1617387676811
  ],
  [
   70.73982443665534,
   59.67571668896666
  ],
  [
   463.56635389020863,
   59.67571668896666
  ],
  [
   705.5453221392496,
   477.33264247145536
  ],
  [
   817.5178620006109,
   933.749062649151
  ],
  [
   69.93201975780855,
   548.2212158569733
  ],
  [
   592.0903031014876,
   343.5468714106409
  ],
  [
   142.6981602816261,
   857.3167412560772
  ],
  [
   942.3242826851283,
   942.235110868051
  ],
  [
   107.34879097410713,
   736.9282401258766
  ],
  [
   407.74813908186024,
   942.3242762359952
  ],
  [
   318.12157149987956,
   866.4820496529583
  ],
  [
   698.8099227845942,
   59.67571668896666
  ]
 ]
}