{
 "Object_Radius": 56.41895835477563,
 "Object_Shape": "disc",
 "Workspace_Density": 0.6,
 "Workspace_Height": 1000,
 "Workspace_Width": 1000,
 "number_of_objects": 60,
 "point_list": [
  [
   530.7789707681843,
   193.08918525318597
  ],
  [
   522.5665144769422,
   600.4266486416155
  ],
  [
   295.5577484394305,
   942.3242833023155
  ],
  [
   540.573931440418,
   942.3242832945228
  ],
  [
   177.87575349010788,
   942.3242715828786
  ],
  [
   403.27535154550736,
   206.87111462040883
  ],
  [
   226.0809330832446,
   361.91771875757894
  ],
  [
   710.7139296390225,
   728.5634481999082
  ],
  [
   59.67571668896666,
   341.01248958964135
  ],
  [
   477.74444706779616,
   836.7433394515915
  ],
  [
   312.5688920636595,
   487.75280723591317
  ],
  [
   942.3242832941393,
   754.014487418373
  ],
  [
   942.3242649234577,
   619.0753147674252
  ],
  [
   59.67571668896666,
   526.7357200378386
  ],
  [
   580.9997455386241,
   383.61269605585903
  ],
  [
   197.65305229929328,
   247.710222596692
  ],
  [
   477.3479982932562,
   324.91220189623533
  ],
  [
   733.7532921781358,
   396.2997750440458
  ],
  [
   663.5277451567136,
   295.57090590581106
  ],
  [
   645.1501438592326,
   610.6607201744952
  ],
  [
   941.5677592005927,
   233.79967632718302
  ],
  [
   593.4153154807049,
   809.112255500452
  ],
  [
   222.19747832111244,
   564.7389518806367
  ],
  [
   136.00286285588436,
   437.5980433502107
  ],
  [
   698.7063232797866,
   59.67571668896666
  ],
  [
   228.74643062965015,
   59.67571668896666
  ],
  [
   283.5086839964041,
   164.5919013731423
  ],
  [
   942.32424833677,
   492.1810674299504
  ],
  [
   797.2690688909386,
   942.3242832950639
  ],
  [
   726.6420403007522,
   845.3779669934266
  ],
  [
   412.9266329875837,
   942.3242833023155
  ],
  [
   249.54560758629873,
   711.5118871173404
  ],
  [
   336.5444115536759,
   632.7548533313862
  ],
  [
   346.1608312810893,
   59.67571668896666
  ],
  [
   657.5749930106081,
   176.0760354782028
  ],
  [
   59.67571668896666,
   644.1051797239278
  ],
  [
   311.64056387769836,
   280.35161987499174
  ],
  [
   857.8404681136058,
   360.31644629854935
  ],
  [
   371.0168190504074,
   383.69084208076566
  ],
  [
   841.072773519824,
   680.5240897487434
  ],
  [
   869.1178744453289,
   846.8941135908658
  ],
  [
   934.765758510027,
   59.67571668896666
  ],
  [
   942.3242832950639,
   942.3242832950639
  ],
  [
   488.89751512563276,
   717.9358506124327
  ],
  [
   134.47427201624785,
   734.5417690014233
  ],
  [
   473.71657180123884,
   444.64021106110414
  ],
  [
   59.67571668896666,
   223.14835560110848
  ],
  [
   337.97659419339976,
   797.4066699088139
  ],
  [
   817.2729379768468,
   59.67571668896666
  ],
  [
   59.67571668896666,
   59.67571668896666
  ],
  [
   659.3639158836866,
   942.3229136202121
  ],
  [
   624.6721864818765,
   494.74523095991043
  ],
  [
   463.5284593931018,
   59.67571668896666
  ],
  [
   144.56904799362744,
   141.81064359861924
  ],
  [
   59.67571668896666,
   942.3242833110334
  ],
  [
   580.9298887485378,
   59.67571668896666
  ],
  [
   417.1296225454898,
   547.4472193318132
  ],
  [
   836.8119745002432,
   176.82018726557342
  ],
  [
   59.67571668896666,
   824.9728513928778
  ],
  [
   211.22597041725825,
   825.1990773222949
  ]
 ]
}