{
 "Object_Length": 365.14837167011075,
 "Object_Shape": "cuboid",
 "Object_Width": 109.54451150103323,
 "Workspace_Density": 0.4,
 "Workspace_Height": 1000,
 "Workspace_Width": 1000,
 "number_of_objects": 10,
 "point_list": [
  [
   235.533522185,
   467.037321108,
   2.21923016493
  ],
  [
   802.823862423,
   330.285691571,
   1.56881007372
  ],
  [
   67.5312895295,
   306.205879401,
   1.58520935174
  ],
  [
   932.648214318,
   547.612337429,
   1.56853095118
  ],
  [
   259.195776253,
   805.90422988,
   -3.14157942589
  ],
  [
   672.037439182,
   935.257218055,
   3.14146404245
  ],
  [
   731.049867806,
   668.090267006,
   1.15793090329
  ],
  [
   455.687696653,
   140.065753571,
   2.70534297575
  ],
  [
   448.169252503,
   630.926010529,
   0.435558053455
  ],
  [
   547.568315823,
   382.571007728,
   1.76328020651
  ]
 ]
}