{
 "Object_Length": 365.14837167011075,
 "Object_Shape": "cuboid",
 "Object_Width": 109.54451150103323,
 "Workspace_Density": 0.4,
 "Workspace_Height": 1000,
 "Workspace_Width": 1000,
 "number_of_objects": 10,
 "point_list": [
  [
   645.411164423,
   445.682198845,
   2.30507842666
  ],
  [
   195.720767309,
   806.112715558,
   1.56351395608
  ],
  [
   64.7746592994,
   577.461952958,
   1.57078955855
  ],
  [
   423.374928459,
   805.20458111,
   0.957988021678
  ],
  [
   660.325298959,
   194.405058131,
   3.18806052495e-05
  ],
  [
   822.747211014,
   442.758422837,
   2.30556539927
  ],
  [
   205.512167014,
   206.335847129,
   2.0661152864
  ],
  [
   321.285322869,
   393.327565929,
   2.46495397938
  ],
  [
   782.043343098,
   785.658399396,
   0.111295804222
  ],
  [
   807.290743503,
   64.8552123211,
   -7.84044725042e-06
  ]
 ]
}