{
 "Object_Length": 365.14837167011075,
 "Object_Shape": "cuboid",
 "Object_Width": 109.54451150103323,
 "Workspace_Density": 0.4,
 "Workspace_Height": 1000,
 "Workspace_Width": 1000,
 "number_of_objects": 10,
 "point_list": [
  [
   932.827388044,
   794.35316713,
   1.57087256461
  ],
  [
   618.847147152,
   701.057405371,
   1.95220391344
  ],
  [
   324.035761709,
   145.414850985,
   -0.0341762931335
  ],
  [
   234.771668004,
   662.084958794,
   1.42383898199
  ],
  [
   932.807304862,
   279.315933774,
   1.5705357706
  ],
  [
   803.811123033,
   201.453939749,
   1.56879849518
  ],
  [
   592.758939395,
   201.131197149,
   2.04472196665
  ],
  [
   474.92312333,
   713.35438797,
   1.9494627029
  ],
  [
   738.661639262,
   750.33108306,
   1.95220298921
  ],
  [
   71.0151278598,
   259.002622038,
   1.53816438693
  ]
 ]
}