{
 "Object_Length": 365.14837167011075,
 "Object_Shape": "cuboid",
 "Object_Width": 109.54451150103323,
 "Workspace_Density": 0.4,
 "Workspace_Height": 1000,
 "Workspace_Width": 1000,
 "number_of_objects": 10,
 "point_list": [
  [
   64.4723731947,
   807.586348976,
   1.56949647175
  ],
  [
   803.469297495,
   302.290001653,
   -3.10118305313
  ],
  [
   192.567208159,
   194.310842982,
   1.56935172232
  ],
  [
   800.984757853,
   665.023166809,
   2.3077985525
  ],
  [
   441.465012336,
   213.974256765,
   2.38563458265
  ],
  [
   63.1644895711,
   292.862796968,
   1.56935350837
  ],
  [
   676.209794769,
   423.116501455,
   0.0491218429513
  ],
  [
   556.894962265,
   805.651310945,
   1.6152946169
  ],
  [
   194.682308467,
   599.349815865,
   1.57434711615
  ],
  [
   453.663866053,
   543.672389068,
   0.0398434885512
  ]
 ]
}