{
 "Object_Length": 365.14837167011075,
 "Object_Shape": "cuboid",
 "Object_Width": 109.54451150103323,
 "Workspace_Density": 0.4,
 "Workspace_Height": 1000,
 "Workspace_Width": 1000,
 "number_of_objects": 10,
 "point_list": [
  [
   202.495579839,
   596.914553853,
   2.74375381255
  ],
  [
   520.708004485,
   65.3933643774,
   3.13815439363
  ],
  [
   665.923636107,
   497.55240705,
   0.69558307341
  ],
  [
   450.655790414,
   935.888454022,
   0.000625434104565
  ],
  [
   251.354210981,
   745.640025177,
   2.60017316378
  ],
  [
   844.587864301,
   716.930518779,
   2.10239768603
  ],
  [
   194.503655465,
   196.224935588,
   -3.10946153389
  ],
  [
   464.735159006,
   556.602136246,
   1.15229271415
  ],
  [
   858.023773834,
   201.50731779,
   1.12573562111
  ],
  [
   771.078273223,
   320.128865029,
   1.12573099195
  ]
 ]
}