{
 "Object_Length": 365.14837167011075,
 "Object_Shape": "cuboid",
 "Object_Width": 109.54451150103323,
 "Workspace_Density": 0.4,
 "Workspace_Height": 1000,
 "Workspace_Width": 1000,
 "number_of_objects": 10,
 "point_list": [
  [
   662.808966009,
   493.269645381,
   1.5186027246
  ],
  [
   194.696165345,
   446.864159646,
   1.5726781799
  ],
  [
   356.267677946,
   455.80674501,
   1.74489113802
  ],
  [
   531.945263934,
   659.26144434,
   1.28520352072
  ],
  [
   532.631591455,
   255.87364009,
   1.79424209964
  ],
  [
   64.7827749763,
   668.156908222,
   1.57091870329
  ],
  [
   931.186877962,
   676.59245836,
   1.57729973415
  ],
  [
   801.675973308,
   654.432058169,
   1.57684855893
  ],
  [
   798.837490971,
   248.861468804,
   -2.92892642163
  ],
  [
   340.381776691,
   806.402661055,
   0.63952099105
  ]
 ]
}